Dataset,Sequence_Name,Tax_ID,Organism_Name,NCBI_Lineage_Tax_IDs
Placentalia_MACSE,Acinonyx_jubatus,32536,Acinonyx jubatus,1;131567;2759;33154;33208;6072;33213;33511;7711;89593;7742;7776;117570;117571;8287;1338369;32523;32524;40674;32525;9347;1437010;314145;33554;379583;9681;338152;32535
Placentalia_MACSE,Felis_catus,9685,Felis catus,1;131567;2759;33154;33208;6072;33213;33511;7711;89593;7742;7776;117570;117571;8287;1338369;32523;32524;40674;32525;9347;1437010;314145;33554;379583;9681;338152;9682
Placentalia_MACSE,Prionailurus_viverrinus,61388,Prionailurus viverrinus,1;131567;2759;33154;33208;6072;33213;33511;7711;89593;7742;7776;117570;117571;8287;1338369;32523;32524;40674;32525;9347;1437010;314145;33554;379583;9681;338152;37028
Placentalia_MACSE,Leopardus_geoffroyi,46844,Leopardus geoffroyi,1;131567;2759;33154;33208;6072;33213;33511;7711;89593;7742;7776;117570;117571;8287;1338369;32523;32524;40674;32525;9347;1437010;314145;33554;379583;9681;338152;46841
Placentalia_MACSE,Panthera_leo,9689,Panthera leo,1;131567;2759;33154;33208;6072;33213;33511;7711;89593;7742;7776;117570;117571;8287;1338369;32523;32524;40674;32525;9347;1437010;314145;33554;379583;9681;338153;9688
Placentalia_MACSE,Panthera_tigris,9694,Panthera tigris,1;131567;2759;33154;33208;6072;33213;33511;7711;89593;7742;7776;117570;117571;8287;1338369;32523;32524;40674;32525;9347;1437010;314145;33554;379583;9681;338153;9688
Placentalia_MACSE,Panthera_onca,9690,Panthera onca,1;131567;2759;33154;33208;6072;33213;33511;7711;89593;7742;7776;117570;117571;8287;1338369;32523;32524;40674;32525;9347;1437010;314145;33554;379583;9681;338153;9688
Placentalia_MACSE,Panthera_uncia,29064,Panthera uncia,1;131567;2759;33154;33208;6072;33213;33511;7711;89593;7742;7776;117570;117571;8287;1338369;32523;32524;40674;32525;9347;1437010;314145;33554;379583;9681;338153;9688
Placentalia_MACSE,Prionailurus_bengalensis,37029,Prionailurus bengalensis,1;131567;2759;33154;33208;6072;33213;33511;7711;89593;7742;7776;117570;117571;8287;1338369;32523;32524;40674;32525;9347;1437010;314145;33554;379583;9681;338152;37028
Placentalia_MACSE,Herpailurus_yagouaroundi,1608482,Herpailurus yagouaroundi,1;131567;2759;33154;33208;6072;33213;33511;7711;89593;7742;7776;117570;117571;8287;1338369;32523;32524;40674;32525;9347;1437010;314145;33554;379583;9681;338152;61401
Placentalia_MACSE,Neofelis_nebulosa,61452,Neofelis nebulosa,1;131567;2759;33154;33208;6072;33213;33511;7711;89593;7742;7776;117570;117571;8287;1338369;32523;32524;40674;32525;9347;1437010;314145;33554;379583;9681;338153;61451
Placentalia_MACSE,Lynx_canadensis,61383,Lynx canadensis,1;131567;2759;33154;33208;6072;33213;33511;7711;89593;7742;7776;117570;117571;8287;1338369;32523;32524;40674;32525;9347;1437010;314145;33554;379583;9681;338152;13124
Placentalia_MACSE,Lynx_rufus,61384,Lynx rufus,1;131567;2759;33154;33208;6072;33213;33511;7711;89593;7742;7776;117570;117571;8287;1338369;32523;32524;40674;32525;9347;1437010;314145;33554;379583;9681;338152;13124
Placentalia_MACSE,Suricata_suricatta,37032,Suricata suricatta,1;131567;2759;33154;33208;6072;33213;33511;7711;89593;7742;7776;117570;117571;8287;1338369;32523;32524;40674;32525;9347;1437010;314145;33554;379583;9697;37031
Placentalia_MACSE,Hyaena_hyaena,95912,Hyaena hyaena,1;131567;2759;33154;33208;6072;33213;33511;7711;89593;7742;7776;117570;117571;8287;1338369;32523;32524;40674;32525;9347;1437010;314145;33554;379583;9676;95911
Placentalia_MACSE,Ailuropoda_melanoleuca,9646,Ailuropoda melanoleuca,1;131567;2759;33154;33208;6072;33213;33511;7711;89593;7742;7776;117570;117571;8287;1338369;32523;32524;40674;32525;9347;1437010;314145;33554;379584;9632;9645
Placentalia_MACSE,Ursus_maritimus,29073,Ursus maritimus,1;131567;2759;33154;33208;6072;33213;33511;7711;89593;7742;7776;117570;117571;8287;1338369;32523;32524;40674;32525;9347;1437010;314145;33554;379584;9632;9639
Placentalia_MACSE,Ursus_arctos,9644,Ursus arctos,1;131567;2759;33154;33208;6072;33213;33511;7711;89593;7742;7776;117570;117571;8287;1338369;32523;32524;40674;32525;9347;1437010;314145;33554;379584;9632;9639
Placentalia_MACSE,Halichoerus_grypus,9711,Halichoerus grypus,1;131567;2759;33154;33208;6072;33213;33511;7711;89593;7742;7776;117570;117571;8287;1338369;32523;32524;40674;32525;9347;1437010;314145;33554;379584;3072905;9709;3410118;9710
Placentalia_MACSE,Mirounga_leonina,9715,Mirounga leonina,1;131567;2759;33154;33208;6072;33213;33511;7711;89593;7742;7776;117570;117571;8287;1338369;32523;32524;40674;32525;9347;1437010;314145;33554;379584;3072905;9709;3410119;3410122;9714
Placentalia_MACSE,Callorhinus_ursinus,34884,Callorhinus ursinus,1;131567;2759;33154;33208;6072;33213;33511;7711;89593;7742;7776;117570;117571;8287;1338369;32523;32524;40674;32525;9347;1437010;314145;33554;379584;3072905;9702;34883
Placentalia_MACSE,Zalophus_californianus,9704,Zalophus californianus,1;131567;2759;33154;33208;6072;33213;33511;7711;89593;7742;7776;117570;117571;8287;1338369;32523;32524;40674;32525;9347;1437010;314145;33554;379584;3072905;9702;9703
Placentalia_MACSE,Eumetopias_jubatus,34886,Eumetopias jubatus,1;131567;2759;33154;33208;6072;33213;33511;7711;89593;7742;7776;117570;117571;8287;1338369;32523;32524;40674;32525;9347;1437010;314145;33554;379584;3072905;9702;34885
Placentalia_MACSE,Odobenus_rosmarus_divergens,9708,Odobenus rosmarus divergens,1;131567;2759;33154;33208;6072;33213;33511;7711;89593;7742;7776;117570;117571;8287;1338369;32523;32524;40674;32525;9347;1437010;314145;33554;379584;3072905;9705;9706;9707
Placentalia_MACSE,Mirounga_angustirostris,9716,Mirounga angustirostris,1;131567;2759;33154;33208;6072;33213;33511;7711;89593;7742;7776;117570;117571;8287;1338369;32523;32524;40674;32525;9347;1437010;314145;33554;379584;3072905;9709;3410119;3410122;9714
Placentalia_MACSE,Phoca_vitulina,9720,Phoca vitulina,1;131567;2759;33154;33208;6072;33213;33511;7711;89593;7742;7776;117570;117571;8287;1338369;32523;32524;40674;32525;9347;1437010;314145;33554;379584;3072905;9709;3410118;9717
Placentalia_MACSE,Neomonachus_schauinslandi,29088,Neomonachus schauinslandi,1;131567;2759;33154;33208;6072;33213;33511;7711;89593;7742;7776;117570;117571;8287;1338369;32523;32524;40674;32525;9347;1437010;314145;33554;379584;3072905;9709;3410119;3410121;1907176
Placentalia_MACSE,Mustela_nivalis,36239,Mustela nivalis,1;131567;2759;33154;33208;6072;33213;33511;7711;89593;7742;7776;117570;117571;8287;1338369;32523;32524;40674;32525;9347;1437010;314145;33554;379584;3072906;9655;169418;9665
Placentalia_MACSE,Mustela_lutreola,9666,Mustela lutreola,1;131567;2759;33154;33208;6072;33213;33511;7711;89593;7742;7776;117570;117571;8287;1338369;32523;32524;40674;32525;9347;1437010;314145;33554;379584;3072906;9655;169418;9665
Placentalia_MACSE,Martes_martes,29065,Martes martes,1;131567;2759;33154;33208;6072;33213;33511;7711;89593;7742;7776;117570;117571;8287;1338369;32523;32524;40674;32525;9347;1437010;314145;33554;379584;3072906;9655;2892069;9658
Placentalia_MACSE,Enhydra_lutris_kenyoni,391180,Enhydra lutris kenyoni,1;131567;2759;33154;33208;6072;33213;33511;7711;89593;7742;7776;117570;117571;8287;1338369;32523;32524;40674;32525;9347;1437010;314145;33554;379584;3072906;9655;169417;34881;34882
Placentalia_MACSE,Canis_lupus_baileyi,143281,Canis lupus baileyi,1;131567;2759;33154;33208;6072;33213;33511;7711;89593;7742;7776;117570;117571;8287;1338369;32523;32524;40674;32525;9347;1437010;314145;33554;379584;9608;9611;9612
Placentalia_MACSE,Vulpes_vulpes,9627,Vulpes vulpes,1;131567;2759;33154;33208;6072;33213;33511;7711;89593;7742;7776;117570;117571;8287;1338369;32523;32524;40674;32525;9347;1437010;314145;33554;379584;9608;9625
Placentalia_MACSE,Vulpes_lagopus,494514,Vulpes lagopus,1;131567;2759;33154;33208;6072;33213;33511;7711;89593;7742;7776;117570;117571;8287;1338369;32523;32524;40674;32525;9347;1437010;314145;33554;379584;9608;9625
Placentalia_MACSE,Nyctereutes_procyonoides,34880,Nyctereutes procyonoides,1;131567;2759;33154;33208;6072;33213;33511;7711;89593;7742;7776;117570;117571;8287;1338369;32523;32524;40674;32525;9347;1437010;314145;33554;379584;9608;34879
Placentalia_MACSE,Aotus_nancymaae,37293,Aotus nancymaae,1;131567;2759;33154;33208;6072;33213;33511;7711;89593;7742;7776;117570;117571;8287;1338369;32523;32524;40674;32525;9347;1437010;314146;9443;376913;314293;9479;376918;9504
Placentalia_MACSE,Sapajus_apella,9515,Sapajus apella,1;131567;2759;33154;33208;6072;33213;33511;7711;89593;7742;7776;117570;117571;8287;1338369;32523;32524;40674;32525;9347;1437010;314146;9443;376913;314293;9479;9498;38070;1532884
Placentalia_MACSE,Cebus_imitator,2715852,Cebus imitator,1;131567;2759;33154;33208;6072;33213;33511;7711;89593;7742;7776;117570;117571;8287;1338369;32523;32524;40674;32525;9347;1437010;314146;9443;376913;314293;9479;9498;38070;9513
Placentalia_MACSE,Saimiri_boliviensis,27679,Saimiri boliviensis,1;131567;2759;33154;33208;6072;33213;33511;7711;89593;7742;7776;117570;117571;8287;1338369;32523;32524;40674;32525;9347;1437010;314146;9443;376913;314293;9479;9498;378850;9520
Placentalia_MACSE,Callithrix_jacchus,9483,Callithrix jacchus,1;131567;2759;33154;33208;6072;33213;33511;7711;89593;7742;7776;117570;117571;8287;1338369;32523;32524;40674;32525;9347;1437010;314146;9443;376913;314293;9479;9498;9480;9481;1965096
Placentalia_MACSE,Rhinopithecus_bieti,61621,Rhinopithecus bieti,1;131567;2759;33154;33208;6072;33213;33511;7711;89593;7742;7776;117570;117571;8287;1338369;32523;32524;40674;32525;9347;1437010;314146;9443;376913;314293;9526;314294;9527;9569;542827
Placentalia_MACSE,Rhinopithecus_roxellana,61622,Rhinopithecus roxellana,1;131567;2759;33154;33208;6072;33213;33511;7711;89593;7742;7776;117570;117571;8287;1338369;32523;32524;40674;32525;9347;1437010;314146;9443;376913;314293;9526;314294;9527;9569;542827
Placentalia_MACSE,Trachypithecus_francoisi,54180,Trachypithecus francoisi,1;131567;2759;33154;33208;6072;33213;33511;7711;89593;7742;7776;117570;117571;8287;1338369;32523;32524;40674;32525;9347;1437010;314146;9443;376913;314293;9526;314294;9527;9569;54136
Placentalia_MACSE,Mandrillus_leucophaeus,9568,Mandrillus leucophaeus,1;131567;2759;33154;33208;6072;33213;33511;7711;89593;7742;7776;117570;117571;8287;1338369;32523;32524;40674;32525;9347;1437010;314146;9443;376913;314293;9526;314294;9527;9528;9567
Placentalia_MACSE,Theropithecus_gelada,9565,Theropithecus gelada,1;131567;2759;33154;33208;6072;33213;33511;7711;89593;7742;7776;117570;117571;8287;1338369;32523;32524;40674;32525;9347;1437010;314146;9443;376913;314293;9526;314294;9527;9528;9564
Placentalia_MACSE,Papio_anubis,9555,Papio anubis,1;131567;2759;33154;33208;6072;33213;33511;7711;89593;7742;7776;117570;117571;8287;1338369;32523;32524;40674;32525;9347;1437010;314146;9443;376913;314293;9526;314294;9527;9528;9554
Placentalia_MACSE,Colobus_angolensis_palliatus,336983,Colobus angolensis palliatus,1;131567;2759;33154;33208;6072;33213;33511;7711;89593;7742;7776;117570;117571;8287;1338369;32523;32524;40674;32525;9347;1437010;314146;9443;376913;314293;9526;314294;9527;9569;9570;54131
Placentalia_MACSE,Chlorocebus_sabaeus,60711,Chlorocebus sabaeus,1;131567;2759;33154;33208;6072;33213;33511;7711;89593;7742;7776;117570;117571;8287;1338369;32523;32524;40674;32525;9347;1437010;314146;9443;376913;314293;9526;314294;9527;9528;392815
Placentalia_MACSE,Macaca_fascicularis,9541,Macaca fascicularis,1;131567;2759;33154;33208;6072;33213;33511;7711;89593;7742;7776;117570;117571;8287;1338369;32523;32524;40674;32525;9347;1437010;314146;9443;376913;314293;9526;314294;9527;9528;9539
Placentalia_MACSE,Macaca_nemestrina,9545,Macaca nemestrina,1;131567;2759;33154;33208;6072;33213;33511;7711;89593;7742;7776;117570;117571;8287;1338369;32523;32524;40674;32525;9347;1437010;314146;9443;376913;314293;9526;314294;9527;9528;9539
Placentalia_MACSE,Macaca_thibetana_thibetana,257877,Macaca thibetana thibetana,1;131567;2759;33154;33208;6072;33213;33511;7711;89593;7742;7776;117570;117571;8287;1338369;32523;32524;40674;32525;9347;1437010;314146;9443;376913;314293;9526;314294;9527;9528;9539;54602
Placentalia_MACSE,Piliocolobus_tephrosceles,591936,Piliocolobus tephrosceles,1;131567;2759;33154;33208;6072;33213;33511;7711;89593;7742;7776;117570;117571;8287;1338369;32523;32524;40674;32525;9347;1437010;314146;9443;376913;314293;9526;314294;9527;9569;591932
Placentalia_MACSE,Gorilla_gorilla_gorilla,9595,Gorilla gorilla gorilla,1;131567;2759;33154;33208;6072;33213;33511;7711;89593;7742;7776;117570;117571;8287;1338369;32523;32524;40674;32525;9347;1437010;314146;9443;376913;314293;9526;314295;9604;207598;9592;9593
Placentalia_MACSE,Homo_sapiens,9606,Homo sapiens,1;131567;2759;33154;33208;6072;33213;33511;7711;89593;7742;7776;117570;117571;8287;1338369;32523;32524;40674;32525;9347;1437010;314146;9443;376913;314293;9526;314295;9604;207598;9605
Placentalia_MACSE,Pan_paniscus,9597,Pan paniscus,1;131567;2759;33154;33208;6072;33213;33511;7711;89593;7742;7776;117570;117571;8287;1338369;32523;32524;40674;32525;9347;1437010;314146;9443;376913;314293;9526;314295;9604;207598;9596
Placentalia_MACSE,Pan_troglodytes,9598,Pan troglodytes,1;131567;2759;33154;33208;6072;33213;33511;7711;89593;7742;7776;117570;117571;8287;1338369;32523;32524;40674;32525;9347;1437010;314146;9443;376913;314293;9526;314295;9604;207598;9596
Placentalia_MACSE,Hylobates_moloch,81572,Hylobates moloch,1;131567;2759;33154;33208;6072;33213;33511;7711;89593;7742;7776;117570;117571;8287;1338369;32523;32524;40674;32525;9347;1437010;314146;9443;376913;314293;9526;314295;9577;9578
Placentalia_MACSE,Symphalangus_syndactylus,9590,Symphalangus syndactylus,1;131567;2759;33154;33208;6072;33213;33511;7711;89593;7742;7776;117570;117571;8287;1338369;32523;32524;40674;32525;9347;1437010;314146;9443;376913;314293;9526;314295;9577;325166
Placentalia_MACSE,Nomascus_leucogenys,61853,Nomascus leucogenys,1;131567;2759;33154;33208;6072;33213;33511;7711;89593;7742;7776;117570;117571;8287;1338369;32523;32524;40674;32525;9347;1437010;314146;9443;376913;314293;9526;314295;9577;325165
Placentalia_MACSE,Pongo_abelii,9601,Pongo abelii,1;131567;2759;33154;33208;6072;33213;33511;7711;89593;7742;7776;117570;117571;8287;1338369;32523;32524;40674;32525;9347;1437010;314146;9443;376913;314293;9526;314295;9604;607660;9599
Placentalia_MACSE,Macaca_mulatta,9544,Macaca mulatta,1;131567;2759;33154;33208;6072;33213;33511;7711;89593;7742;7776;117570;117571;8287;1338369;32523;32524;40674;32525;9347;1437010;314146;9443;376913;314293;9526;314294;9527;9528;9539
Placentalia_MACSE,Cercocebus_atys,9531,Cercocebus atys,1;131567;2759;33154;33208;6072;33213;33511;7711;89593;7742;7776;117570;117571;8287;1338369;32523;32524;40674;32525;9347;1437010;314146;9443;376913;314293;9526;314294;9527;9528;9529
Placentalia_MACSE,Nycticebus_coucang,9470,Nycticebus coucang,1;131567;2759;33154;33208;6072;33213;33511;7711;89593;7742;7776;117570;117571;8287;1338369;32523;32524;40674;32525;9347;1437010;314146;9443;376911;376917;9461;9469
Placentalia_MACSE,Otolemur_garnettii,30611,Otolemur garnettii,1;131567;2759;33154;33208;6072;33213;33511;7711;89593;7742;7776;117570;117571;8287;1338369;32523;32524;40674;32525;9347;1437010;314146;9443;376911;376917;40297;30610
Placentalia_MACSE,Lemur_catta,9447,Lemur catta,1;131567;2759;33154;33208;6072;33213;33511;7711;89593;7742;7776;117570;117571;8287;1338369;32523;32524;40674;32525;9347;1437010;314146;9443;376911;376915;9445;9446
Placentalia_MACSE,Eulemur_rufifrons,859984,Eulemur rufifrons,1;131567;2759;33154;33208;6072;33213;33511;7711;89593;7742;7776;117570;117571;8287;1338369;32523;32524;40674;32525;9347;1437010;314146;9443;376911;376915;9445;13513
Placentalia_MACSE,Microcebus_murinus,30608,Microcebus murinus,1;131567;2759;33154;33208;6072;33213;33511;7711;89593;7742;7776;117570;117571;8287;1338369;32523;32524;40674;32525;9347;1437010;314146;9443;376911;376915;30615;13149
Placentalia_MACSE,Propithecus_coquereli,379532,Propithecus coquereli,1;131567;2759;33154;33208;6072;33213;33511;7711;89593;7742;7776;117570;117571;8287;1338369;32523;32524;40674;32525;9347;1437010;314146;9443;376911;376915;30599;30600
Placentalia_MACSE,Balaenoptera_acutorostrata,9767,Balaenoptera acutorostrata,1;131567;2759;33154;33208;6072;33213;33511;7711;89593;7742;7776;117570;117571;8287;1338369;32523;32524;40674;32525;9347;1437010;314145;91561;2653789;9721;9761;9765;9766
Placentalia_MACSE,Balaenoptera_borealis,9768,Balaenoptera borealis,1;131567;2759;33154;33208;6072;33213;33511;7711;89593;7742;7776;117570;117571;8287;1338369;32523;32524;40674;32525;9347;1437010;314145;91561;2653789;9721;9761;9765;9766
Placentalia_MACSE,Balaenoptera_ricei,2746895,Balaenoptera ricei,1;131567;2759;33154;33208;6072;33213;33511;7711;89593;7742;7776;117570;117571;8287;1338369;32523;32524;40674;32525;9347;1437010;314145;91561;2653789;9721;9761;9765;9766
Placentalia_MACSE,Balaenoptera_musculus,9771,Balaenoptera musculus,1;131567;2759;33154;33208;6072;33213;33511;7711;89593;7742;7776;117570;117571;8287;1338369;32523;32524;40674;32525;9347;1437010;314145;91561;2653789;9721;9761;9765;9766
Placentalia_MACSE,Eubalaena_glacialis,27606,Eubalaena glacialis,1;131567;2759;33154;33208;6072;33213;33511;7711;89593;7742;7776;117570;117571;8287;1338369;32523;32524;40674;32525;9347;1437010;314145;91561;2653789;9721;9761;30558;27605
Placentalia_MACSE,Eschrichtius_robustus,9764,Eschrichtius robustus,1;131567;2759;33154;33208;6072;33213;33511;7711;89593;7742;7776;117570;117571;8287;1338369;32523;32524;40674;32525;9347;1437010;314145;91561;2653789;9721;9761;9762;9763
Placentalia_MACSE,Physeter_macrocephalus,9755,Physeter macrocephalus,1;131567;2759;33154;33208;6072;33213;33511;7711;89593;7742;7776;117570;117571;8287;1338369;32523;32524;40674;32525;9347;1437010;314145;91561;2653789;9721;9722;9750;9753
Placentalia_MACSE,Balaenoptera_physalus,9770,Balaenoptera physalus,1;131567;2759;33154;33208;6072;33213;33511;7711;89593;7742;7776;117570;117571;8287;1338369;32523;32524;40674;32525;9347;1437010;314145;91561;2653789;9721;9761;9765;9766
Placentalia_MACSE,Neophocaena_asiaeorientalis_asiaeorientalis,1706337,Neophocaena asiaeorientalis asiaeorientalis,1;131567;2759;33154;33208;6072;33213;33511;7711;89593;7742;7776;117570;117571;8287;1338369;32523;32524;40674;32525;9347;1437010;314145;91561;2653789;9721;9722;9740;34891;189058
Placentalia_MACSE,Phocoena_phocoena,9742,Phocoena phocoena,1;131567;2759;33154;33208;6072;33213;33511;7711;89593;7742;7776;117570;117571;8287;1338369;32523;32524;40674;32525;9347;1437010;314145;91561;2653789;9721;9722;9740;9741
Placentalia_MACSE,Phocoena_sinus,42100,Phocoena sinus,1;131567;2759;33154;33208;6072;33213;33511;7711;89593;7742;7776;117570;117571;8287;1338369;32523;32524;40674;32525;9347;1437010;314145;91561;2653789;9721;9722;9740;9741
Placentalia_MACSE,Monodon_monoceros,40151,Monodon monoceros,1;131567;2759;33154;33208;6072;33213;33511;7711;89593;7742;7776;117570;117571;8287;1338369;32523;32524;40674;32525;9347;1437010;314145;91561;2653789;9721;9722;9747;40150
Placentalia_MACSE,Delphinus_delphis,9728,Delphinus delphis,1;131567;2759;33154;33208;6072;33213;33511;7711;89593;7742;7776;117570;117571;8287;1338369;32523;32524;40674;32525;9347;1437010;314145;91561;2653789;9721;9722;9726;9727
Placentalia_MACSE,Lagenorhynchus_albirostris,27610,Lagenorhynchus albirostris,1;131567;2759;33154;33208;6072;33213;33511;7711;89593;7742;7776;117570;117571;8287;1338369;32523;32524;40674;32525;9347;1437010;314145;91561;2653789;9721;9722;9726;27609
Placentalia_MACSE,Globicephala_melas,9731,Globicephala melas,1;131567;2759;33154;33208;6072;33213;33511;7711;89593;7742;7776;117570;117571;8287;1338369;32523;32524;40674;32525;9347;1437010;314145;91561;2653789;9721;9722;9726;9729
Placentalia_MACSE,Grampus_griseus,83653,Grampus griseus,1;131567;2759;33154;33208;6072;33213;33511;7711;89593;7742;7776;117570;117571;8287;1338369;32523;32524;40674;32525;9347;1437010;314145;91561;2653789;9721;9722;9726;83652
Placentalia_MACSE,Leucopleurus_acutus,3371109,Leucopleurus acutus,1;131567;2759;33154;33208;6072;33213;33511;7711;89593;7742;7776;117570;117571;8287;1338369;32523;32524;40674;32525;9347;1437010;314145;91561;2653789;9721;9722;9726;3371041
Placentalia_MACSE,Stenella_coeruleoalba,9737,Stenella coeruleoalba,1;131567;2759;33154;33208;6072;33213;33511;7711;89593;7742;7776;117570;117571;8287;1338369;32523;32524;40674;32525;9347;1437010;314145;91561;2653789;9721;9722;9726;9734
Placentalia_MACSE,Tursiops_truncatus,9739,Tursiops truncatus,1;131567;2759;33154;33208;6072;33213;33511;7711;89593;7742;7776;117570;117571;8287;1338369;32523;32524;40674;32525;9347;1437010;314145;91561;2653789;9721;9722;9726;9738
Placentalia_MACSE,Orcinus_orca,9733,Orcinus orca,1;131567;2759;33154;33208;6072;33213;33511;7711;89593;7742;7776;117570;117571;8287;1338369;32523;32524;40674;32525;9347;1437010;314145;91561;2653789;9721;9722;9726;9732
Placentalia_MACSE,Sagmatias_obliquidens,3371155,Aethalodelphis obliquidens,1;131567;2759;33154;33208;6072;33213;33511;7711;89593;7742;7776;117570;117571;8287;1338369;32523;32524;40674;32525;9347;1437010;314145;91561;2653789;9721;9722;9726;3814641
Placentalia_MACSE,Lipotes_vexillifer,118797,Lipotes vexillifer,1;131567;2759;33154;33208;6072;33213;33511;7711;89593;7742;7776;117570;117571;8287;1338369;32523;32524;40674;32525;9347;1437010;314145;91561;2653789;9721;9722;119500;118796
Placentalia_MACSE,Mesoplodon_densirostris,48708,Mesoplodon densirostris,1;131567;2759;33154;33208;6072;33213;33511;7711;89593;7742;7776;117570;117571;8287;1338369;32523;32524;40674;32525;9347;1437010;314145;91561;2653789;9721;9722;9756;9757
Placentalia_MACSE,Mesoplodon_mirus,52113,Mesoplodon mirus,1;131567;2759;33154;33208;6072;33213;33511;7711;89593;7742;7776;117570;117571;8287;1338369;32523;32524;40674;32525;9347;1437010;314145;91561;2653789;9721;9722;9756;9757
Placentalia_MACSE,Mesoplodon_bidens,48745,Mesoplodon bidens,1;131567;2759;33154;33208;6072;33213;33511;7711;89593;7742;7776;117570;117571;8287;1338369;32523;32524;40674;32525;9347;1437010;314145;91561;2653789;9721;9722;9756;9757
Placentalia_MACSE,Hyperoodon_ampullatus,48744,Hyperoodon ampullatus,1;131567;2759;33154;33208;6072;33213;33511;7711;89593;7742;7776;117570;117571;8287;1338369;32523;32524;40674;32525;9347;1437010;314145;91561;2653789;9721;9722;9756;48743
Placentalia_MACSE,Bison_bison_bison,43346,Bison bison bison,1;131567;2759;33154;33208;6072;33213;33511;7711;89593;7742;7776;117570;117571;8287;1338369;32523;32524;40674;32525;9347;1437010;314145;91561;9845;35500;9895;27592;9900;9901
Placentalia_MACSE,Bos_javanicus,9906,Bos javanicus,1;131567;2759;33154;33208;6072;33213;33511;7711;89593;7742;7776;117570;117571;8287;1338369;32523;32524;40674;32525;9347;1437010;314145;91561;9845;35500;9895;27592;9903
Placentalia_MACSE,Bos_taurus,9913,Bos taurus,1;131567;2759;33154;33208;6072;33213;33511;7711;89593;7742;7776;117570;117571;8287;1338369;32523;32524;40674;32525;9347;1437010;314145;91561;9845;35500;9895;27592;9903
Placentalia_MACSE,Bubalus_bubalis,89462,Bubalus bubalis,1;131567;2759;33154;33208;6072;33213;33511;7711;89593;7742;7776;117570;117571;8287;1338369;32523;32524;40674;32525;9347;1437010;314145;91561;9845;35500;9895;27592;9918
Placentalia_MACSE,Bubalus_kerabau,3119969,Bubalus kerabau,1;131567;2759;33154;33208;6072;33213;33511;7711;89593;7742;7776;117570;117571;8287;1338369;32523;32524;40674;32525;9347;1437010;314145;91561;9845;35500;9895;27592;9918
Placentalia_MACSE,Bos_indicus,9915,Bos indicus,1;131567;2759;33154;33208;6072;33213;33511;7711;89593;7742;7776;117570;117571;8287;1338369;32523;32524;40674;32525;9347;1437010;314145;91561;9845;35500;9895;27592;9903
Placentalia_MACSE,Moschus_berezovskii,68408,Moschus berezovskii,1;131567;2759;33154;33208;6072;33213;33511;7711;89593;7742;7776;117570;117571;8287;1338369;32523;32524;40674;32525;9347;1437010;314145;91561;9845;35500;30533;68410
Placentalia_MACSE,Oryx_dammah,59534,Oryx dammah,1;131567;2759;33154;33208;6072;33213;33511;7711;89593;7742;7776;117570;117571;8287;1338369;32523;32524;40674;32525;9347;1437010;314145;91561;9845;35500;9895;9959;9957
Placentalia_MACSE,Bos_mutus,72004,Bos mutus,1;131567;2759;33154;33208;6072;33213;33511;7711;89593;7742;7776;117570;117571;8287;1338369;32523;32524;40674;32525;9347;1437010;314145;91561;9845;35500;9895;27592;9903
Placentalia_MACSE,Budorcas_taxicolor,37181,Budorcas taxicolor,1;131567;2759;33154;33208;6072;33213;33511;7711;89593;7742;7776;117570;117571;8287;1338369;32523;32524;40674;32525;9347;1437010;314145;91561;9845;35500;9895;9963;37180
Placentalia_MACSE,Capra_hircus,9925,Capra hircus,1;131567;2759;33154;33208;6072;33213;33511;7711;89593;7742;7776;117570;117571;8287;1338369;32523;32524;40674;32525;9347;1437010;314145;91561;9845;35500;9895;9963;9922
Placentalia_MACSE,Capricornis_sumatraensis,34865,Capricornis sumatraensis,1;131567;2759;33154;33208;6072;33213;33511;7711;89593;7742;7776;117570;117571;8287;1338369;32523;32524;40674;32525;9347;1437010;314145;91561;9845;35500;9895;9963;9965
Placentalia_MACSE,Ovis_aries,9940,Ovis aries,1;131567;2759;33154;33208;6072;33213;33511;7711;89593;7742;7776;117570;117571;8287;1338369;32523;32524;40674;32525;9347;1437010;314145;91561;9845;35500;9895;9963;9935
Placentalia_MACSE,Ovis_canadensis,37174,Ovis canadensis,1;131567;2759;33154;33208;6072;33213;33511;7711;89593;7742;7776;117570;117571;8287;1338369;32523;32524;40674;32525;9347;1437010;314145;91561;9845;35500;9895;9963;9935
Placentalia_MACSE,Cervus_canadensis,1574408,Cervus canadensis,1;131567;2759;33154;33208;6072;33213;33511;7711;89593;7742;7776;117570;117571;8287;1338369;32523;32524;40674;32525;9347;1437010;314145;91561;9845;35500;9850;34878;9859
Placentalia_MACSE,Cervus_elaphus,9860,Cervus elaphus,1;131567;2759;33154;33208;6072;33213;33511;7711;89593;7742;7776;117570;117571;8287;1338369;32523;32524;40674;32525;9347;1437010;314145;91561;9845;35500;9850;34878;9859
Placentalia_MACSE,Muntiacus_reevesi,9886,Muntiacus reevesi,1;131567;2759;33154;33208;6072;33213;33511;7711;89593;7742;7776;117570;117571;8287;1338369;32523;32524;40674;32525;9347;1437010;314145;91561;9845;35500;9850;34877;9885
Placentalia_MACSE,Dama_dama,30532,Dama dama,1;131567;2759;33154;33208;6072;33213;33511;7711;89593;7742;7776;117570;117571;8287;1338369;32523;32524;40674;32525;9347;1437010;314145;91561;9845;35500;9850;34878;9867
Placentalia_MACSE,Odocoileus_virginianus,9874,Odocoileus virginianus,1;131567;2759;33154;33208;6072;33213;33511;7711;89593;7742;7776;117570;117571;8287;1338369;32523;32524;40674;32525;9347;1437010;314145;91561;9845;35500;9850;9881;9871
Placentalia_MACSE,Giraffa_tippelskirchi,439328,Giraffa tippelskirchi,1;131567;2759;33154;33208;6072;33213;33511;7711;89593;7742;7776;117570;117571;8287;1338369;32523;32524;40674;32525;9347;1437010;314145;91561;9845;35500;9892;9893
Placentalia_MACSE,Camelus_bactrianus,9837,Camelus bactrianus,1;131567;2759;33154;33208;6072;33213;33511;7711;89593;7742;7776;117570;117571;8287;1338369;32523;32524;40674;32525;9347;1437010;314145;91561;9834;9835;9836
Placentalia_MACSE,Camelus_ferus,419612,Camelus ferus,1;131567;2759;33154;33208;6072;33213;33511;7711;89593;7742;7776;117570;117571;8287;1338369;32523;32524;40674;32525;9347;1437010;314145;91561;9834;9835;9836
Placentalia_MACSE,Vicugna_pacos,30538,Vicugna pacos,1;131567;2759;33154;33208;6072;33213;33511;7711;89593;7742;7776;117570;117571;8287;1338369;32523;32524;40674;32525;9347;1437010;314145;91561;9834;9835;30539
Placentalia_MACSE,Camelus_dromedarius,9838,Camelus dromedarius,1;131567;2759;33154;33208;6072;33213;33511;7711;89593;7742;7776;117570;117571;8287;1338369;32523;32524;40674;32525;9347;1437010;314145;91561;9834;9835;9836
Placentalia_MACSE,Hippopotamus_amphibius_kiboko,575201,Hippopotamus amphibius kiboko,1;131567;2759;33154;33208;6072;33213;33511;7711;89593;7742;7776;117570;117571;8287;1338369;32523;32524;40674;32525;9347;1437010;314145;91561;2653789;2653790;9831;9832;9833
Placentalia_MACSE,Tupaia_chinensis,246437,Tupaia belangeri chinensis,1;131567;2759;33154;33208;6072;33213;33511;7711;89593;7742;7776;117570;117571;8287;1338369;32523;32524;40674;32525;9347;1437010;314146;9392;9393;9394;37347
Placentalia_MACSE,Ceratotherium_simum_simum,73337,Ceratotherium simum simum,1;131567;2759;33154;33208;6072;33213;33511;7711;89593;7742;7776;117570;117571;8287;1338369;32523;32524;40674;32525;9347;1437010;314145;9787;9803;9806;9807
Placentalia_MACSE,Diceros_bicornis_minor,77932,Diceros bicornis minor,1;131567;2759;33154;33208;6072;33213;33511;7711;89593;7742;7776;117570;117571;8287;1338369;32523;32524;40674;32525;9347;1437010;314145;9787;9803;9804;9805
Placentalia_MACSE,Equus_asinus,9793,Equus asinus,1;131567;2759;33154;33208;6072;33213;33511;7711;89593;7742;7776;117570;117571;8287;1338369;32523;32524;40674;32525;9347;1437010;314145;9787;9788;9789
Placentalia_MACSE,Equus_caballus,9796,Equus caballus,1;131567;2759;33154;33208;6072;33213;33511;7711;89593;7742;7776;117570;117571;8287;1338369;32523;32524;40674;32525;9347;1437010;314145;9787;9788;9789
Placentalia_MACSE,Carlito_syrichta,1868482,Carlito syrichta,1;131567;2759;33154;33208;6072;33213;33511;7711;89593;7742;7776;117570;117571;8287;1338369;32523;32524;40674;32525;9347;1437010;314146;9443;376913;376912;9475;1868481
Placentalia_MACSE,Cynocephalus_volans,110931,Cynocephalus volans,1;131567;2759;33154;33208;6072;33213;33511;7711;89593;7742;7776;117570;117571;8287;1338369;32523;32524;40674;32525;9347;1437010;314146;30656;30657;9456
Placentalia_MACSE,Saccopteryx_leptura,249018,Saccopteryx leptura,1;131567;2759;33154;33208;6072;33213;33511;7711;89593;7742;7776;117570;117571;8287;1338369;32523;32524;40674;32525;9347;1437010;314145;9397;30560;30562;461394;59481
Placentalia_MACSE,Saccopteryx_bilineata,59482,Saccopteryx bilineata,1;131567;2759;33154;33208;6072;33213;33511;7711;89593;7742;7776;117570;117571;8287;1338369;32523;32524;40674;32525;9347;1437010;314145;9397;30560;30562;461394;59481
Placentalia_MACSE,Miniopterus_natalensis,291302,Miniopterus natalensis,1;131567;2759;33154;33208;6072;33213;33511;7711;89593;7742;7776;117570;117571;8287;1338369;32523;32524;40674;32525;9347;1437010;314145;9397;30560;981671;9432
Placentalia_MACSE,Miniopterus_schreibersii,9433,Miniopterus schreibersii,1;131567;2759;33154;33208;6072;33213;33511;7711;89593;7742;7776;117570;117571;8287;1338369;32523;32524;40674;32525;9347;1437010;314145;9397;30560;981671;9432
Placentalia_MACSE,Rhinolophus_hipposideros,77218,Rhinolophus hipposideros,1;131567;2759;33154;33208;6072;33213;33511;7711;89593;7742;7776;117570;117571;8287;1338369;32523;32524;40674;32525;9347;1437010;314145;9397;30559;3136022;58055;186995;49442
Placentalia_MACSE,Rhinolophus_sinicus,89399,Rhinolophus sinicus,1;131567;2759;33154;33208;6072;33213;33511;7711;89593;7742;7776;117570;117571;8287;1338369;32523;32524;40674;32525;9347;1437010;314145;9397;30559;3136022;58055;186995;49442
Placentalia_MACSE,Rhinolophus_ferrumequinum,59479,Rhinolophus ferrumequinum,1;131567;2759;33154;33208;6072;33213;33511;7711;89593;7742;7776;117570;117571;8287;1338369;32523;32524;40674;32525;9347;1437010;314145;9397;30559;3136022;58055;186995;49442
Placentalia_MACSE,Hipposideros_armiger,186990,Hipposideros armiger,1;131567;2759;33154;33208;6072;33213;33511;7711;89593;7742;7776;117570;117571;8287;1338369;32523;32524;40674;32525;9347;1437010;314145;9397;30559;3136022;186994;58068
Placentalia_MACSE,Rousettus_aegyptiacus,9407,Rousettus aegyptiacus,1;131567;2759;33154;33208;6072;33213;33511;7711;89593;7742;7776;117570;117571;8287;1338369;32523;32524;40674;32525;9347;1437010;314145;9397;30559;3136023;9398;3136029;9406
Placentalia_MACSE,Pteropus_medius,143291,Pteropus medius,1;131567;2759;33154;33208;6072;33213;33511;7711;89593;7742;7776;117570;117571;8287;1338369;32523;32524;40674;32525;9347;1437010;314145;9397;30559;3136023;9398;77225;9401
Placentalia_MACSE,Phacochoerus_africanus,41426,Phacochoerus africanus,1;131567;2759;33154;33208;6072;33213;33511;7711;89593;7742;7776;117570;117571;8287;1338369;32523;32524;40674;32525;9347;1437010;314145;91561;35497;9821;41425
Placentalia_MACSE,Sus_scrofa,9823,Sus scrofa,1;131567;2759;33154;33208;6072;33213;33511;7711;89593;7742;7776;117570;117571;8287;1338369;32523;32524;40674;32525;9347;1437010;314145;91561;35497;9821;9822
Placentalia_MACSE,Choloepus_didactylus,27675,Choloepus didactylus,1;131567;2759;33154;33208;6072;33213;33511;7711;89593;7742;7776;117570;117571;8287;1338369;32523;32524;40674;32525;9347;9348;948950;948953;227508;9357
Placentalia_MACSE,Dasypus_novemcinctus,9361,Dasypus novemcinctus,1;131567;2759;33154;33208;6072;33213;33511;7711;89593;7742;7776;117570;117571;8287;1338369;32523;32524;40674;32525;9347;9348;948951;9359;9360
Placentalia_MACSE,Elephantulus_edwardii,28737,Elephantulus edwardii,1;131567;2759;33154;33208;6072;33213;33511;7711;89593;7742;7776;117570;117571;8287;1338369;32523;32524;40674;32525;9347;311790;28734;28735;28736
Placentalia_MACSE,Trichechus_manatus_latirostris,127582,Trichechus manatus latirostris,1;131567;2759;33154;33208;6072;33213;33511;7711;89593;7742;7776;117570;117571;8287;1338369;32523;32524;40674;32525;9347;311790;9774;9775;9776;9778
Placentalia_MACSE,Elephas_maximus_indicus,99487,Elephas maximus indicus,1;131567;2759;33154;33208;6072;33213;33511;7711;89593;7742;7776;117570;117571;8287;1338369;32523;32524;40674;32525;9347;311790;9779;9780;9782;9783
Placentalia_MACSE,Loxodonta_africana,9785,Loxodonta africana,1;131567;2759;33154;33208;6072;33213;33511;7711;89593;7742;7776;117570;117571;8287;1338369;32523;32524;40674;32525;9347;311790;9779;9780;9784
Placentalia_MACSE,Orycteropus_afer_afer,1230840,Orycteropus afer afer,1;131567;2759;33154;33208;6072;33213;33511;7711;89593;7742;7776;117570;117571;8287;1338369;32523;32524;40674;32525;9347;311790;9815;9816;9817;9818
Placentalia_MACSE,Tenrec_ecaudatus,94439,Tenrec ecaudatus,1;131567;2759;33154;33208;6072;33213;33511;7711;89593;7742;7776;117570;117571;8287;1338369;32523;32524;40674;32525;9347;311790;3466516;9369;176113;94438
Placentalia_MACSE,Echinops_telfairi,9371,Echinops telfairi,1;131567;2759;33154;33208;6072;33213;33511;7711;89593;7742;7776;117570;117571;8287;1338369;32523;32524;40674;32525;9347;311790;3466516;9369;176113;9370
Placentalia_MACSE,Artibeus_jamaicensis,9417,Artibeus jamaicensis,1;131567;2759;33154;33208;6072;33213;33511;7711;89593;7742;7776;117570;117571;8287;1338369;32523;32524;40674;32525;9347;1437010;314145;9397;30560;9415;40234;9416
Placentalia_MACSE,Sturnira_hondurensis,192404,Sturnira hondurensis,1;131567;2759;33154;33208;6072;33213;33511;7711;89593;7742;7776;117570;117571;8287;1338369;32523;32524;40674;32525;9347;1437010;314145;9397;30560;9415;40234;27659
Placentalia_MACSE,Desmodus_rotundus,9430,Desmodus rotundus,1;131567;2759;33154;33208;6072;33213;33511;7711;89593;7742;7776;117570;117571;8287;1338369;32523;32524;40674;32525;9347;1437010;314145;9397;30560;9415;40237;9429
Placentalia_MACSE,Pteronotus_mesoamericanus,1884717,Pteronotus mesoamericanus,1;131567;2759;33154;33208;6072;33213;33511;7711;89593;7742;7776;117570;117571;8287;1338369;32523;32524;40674;32525;9347;1437010;314145;9397;30560;59445;59475
Placentalia_MACSE,Phyllostomus_hastatus,9423,Phyllostomus hastatus,1;131567;2759;33154;33208;6072;33213;33511;7711;89593;7742;7776;117570;117571;8287;1338369;32523;32524;40674;32525;9347;1437010;314145;9397;30560;9415;40238;9422
Placentalia_MACSE,Phyllostomus_discolor,89673,Phyllostomus discolor,1;131567;2759;33154;33208;6072;33213;33511;7711;89593;7742;7776;117570;117571;8287;1338369;32523;32524;40674;32525;9347;1437010;314145;9397;30560;9415;40238;9422
Placentalia_MACSE,Cnephaeus_nilssonii,3371016,Cnephaeus nilssonii,1;131567;2759;33154;33208;6072;33213;33511;7711;89593;7742;7776;117570;117571;8287;1338369;32523;32524;40674;32525;9347;1437010;314145;9397;30560;9431;29077
Placentalia_MACSE,Eptesicus_fuscus,29078,Eptesicus fuscus,1;131567;2759;33154;33208;6072;33213;33511;7711;89593;7742;7776;117570;117571;8287;1338369;32523;32524;40674;32525;9347;1437010;314145;9397;30560;9431;3371007
Placentalia_MACSE,Plecotus_auritus,61862,Plecotus auritus,1;131567;2759;33154;33208;6072;33213;33511;7711;89593;7742;7776;117570;117571;8287;1338369;32523;32524;40674;32525;9347;1437010;314145;9397;30560;9431;27673
Placentalia_MACSE,Myotis_nattereri,109481,Myotis nattereri,1;131567;2759;33154;33208;6072;33213;33511;7711;89593;7742;7776;117570;117571;8287;1338369;32523;32524;40674;32525;9347;1437010;314145;9397;30560;9431;9434
Placentalia_MACSE,Tamandua_tetradactyla,48850,Tamandua tetradactyla,1;131567;2759;33154;33208;6072;33213;33511;7711;89593;7742;7776;117570;117571;8287;1338369;32523;32524;40674;32525;9347;9348;948950;948952;9349;9350
Placentalia_MACSE,Muscardinus_avellanarius,39082,Muscardinus avellanarius,1;131567;2759;33154;33208;6072;33213;33511;7711;89593;7742;7776;117570;117571;8287;1338369;32523;32524;40674;32525;9347;1437010;314146;314147;9989;33553;30650;39081
Placentalia_MACSE,Callospermophilus_lateralis,76772,Callospermophilus lateralis,1;131567;2759;33154;33208;6072;33213;33511;7711;89593;7742;7776;117570;117571;8287;1338369;32523;32524;40674;32525;9347;1437010;314146;314147;9989;33553;55153;337726;337730;1141637
Placentalia_MACSE,Ictidomys_tridecemlineatus,43179,Ictidomys tridecemlineatus,1;131567;2759;33154;33208;6072;33213;33511;7711;89593;7742;7776;117570;117571;8287;1338369;32523;32524;40674;32525;9347;1437010;314146;314147;9989;33553;55153;337726;337730;1141640
Placentalia_MACSE,Marmota_flaviventris,93162,Marmota flaviventris,1;131567;2759;33154;33208;6072;33213;33511;7711;89593;7742;7776;117570;117571;8287;1338369;32523;32524;40674;32525;9347;1437010;314146;314147;9989;33553;55153;337726;337730;9992
Placentalia_MACSE,Marmota_monax,9995,Marmota monax,1;131567;2759;33154;33208;6072;33213;33511;7711;89593;7742;7776;117570;117571;8287;1338369;32523;32524;40674;32525;9347;1437010;314146;314147;9989;33553;55153;337726;337730;9992
Placentalia_MACSE,Spermophilus_citellus,9997,Spermophilus citellus,1;131567;2759;33154;33208;6072;33213;33511;7711;89593;7742;7776;117570;117571;8287;1338369;32523;32524;40674;32525;9347;1437010;314146;314147;9989;33553;55153;337726;337730;9996
Placentalia_MACSE,Octodon_degus,10160,Octodon degus,1;131567;2759;33154;33208;6072;33213;33511;7711;89593;7742;7776;117570;117571;8287;1338369;32523;32524;40674;32525;9347;1437010;314146;314147;9989;33550;10158;10159
Placentalia_MACSE,Cavia_porcellus,10141,Cavia porcellus,1;131567;2759;33154;33208;6072;33213;33511;7711;89593;7742;7776;117570;117571;8287;1338369;32523;32524;40674;32525;9347;1437010;314146;314147;9989;33550;10139;10140
Placentalia_MACSE,Fukomys_damarensis,885580,Fukomys damarensis,1;131567;2759;33154;33208;6072;33213;33511;7711;89593;7742;7776;117570;117571;8287;1338369;32523;32524;40674;32525;9347;1437010;314146;314147;9989;33550;10167;423606
Placentalia_MACSE,Chinchilla_lanigera,34839,Chinchilla lanigera,1;131567;2759;33154;33208;6072;33213;33511;7711;89593;7742;7776;117570;117571;8287;1338369;32523;32524;40674;32525;9347;1437010;314146;314147;9989;33550;10150;10151
Placentalia_MACSE,Heterocephalus_glaber,10181,Heterocephalus glaber,1;131567;2759;33154;33208;6072;33213;33511;7711;89593;7742;7776;117570;117571;8287;1338369;32523;32524;40674;32525;9347;1437010;314146;314147;9989;33550;10167;10180
Placentalia_MACSE,Lepus_europaeus,9983,Lepus europaeus,1;131567;2759;33154;33208;6072;33213;33511;7711;89593;7742;7776;117570;117571;8287;1338369;32523;32524;40674;32525;9347;1437010;314146;314147;9975;9979;9980
Placentalia_MACSE,Oryctolagus_cuniculus,9986,Oryctolagus cuniculus,1;131567;2759;33154;33208;6072;33213;33511;7711;89593;7742;7776;117570;117571;8287;1338369;32523;32524;40674;32525;9347;1437010;314146;314147;9975;9979;9984
Placentalia_MACSE,Talpa_occidentalis,50954,Talpa occidentalis,1;131567;2759;33154;33208;6072;33213;33511;7711;89593;7742;7776;117570;117571;8287;1338369;32523;32524;40674;32525;9347;1437010;314145;9362;9373;9374
Placentalia_MACSE,Acomys_russatus,60746,Acomys russatus,1;131567;2759;33154;33208;6072;33213;33511;7711;89593;7742;7776;117570;117571;8287;1338369;32523;32524;40674;32525;9347;1437010;314146;314147;9989;1963758;337687;10066;326408;10067
Placentalia_MACSE,Meriones_unguiculatus,10047,Meriones unguiculatus,1;131567;2759;33154;33208;6072;33213;33511;7711;89593;7742;7776;117570;117571;8287;1338369;32523;32524;40674;32525;9347;1437010;314146;314147;9989;1963758;337687;10066;10045;10046
Placentalia_MACSE,Psammomys_obesus,48139,Psammomys obesus,1;131567;2759;33154;33208;6072;33213;33511;7711;89593;7742;7776;117570;117571;8287;1338369;32523;32524;40674;32525;9347;1437010;314146;314147;9989;1963758;337687;10066;10045;48138
Placentalia_MACSE,Apodemus_sylvaticus,10129,Apodemus sylvaticus,1;131567;2759;33154;33208;6072;33213;33511;7711;89593;7742;7776;117570;117571;8287;1338369;32523;32524;40674;32525;9347;1437010;314146;314147;9989;1963758;337687;10066;39107;10128;400053
Placentalia_MACSE,Mastomys_coucha,35658,Mastomys coucha,1;131567;2759;33154;33208;6072;33213;33511;7711;89593;7742;7776;117570;117571;8287;1338369;32523;32524;40674;32525;9347;1437010;314146;314147;9989;1963758;337687;10066;39107;30639
Placentalia_MACSE,Arvicanthis_niloticus,61156,Arvicanthis niloticus,1;131567;2759;33154;33208;6072;33213;33511;7711;89593;7742;7776;117570;117571;8287;1338369;32523;32524;40674;32525;9347;1437010;314146;314147;9989;1963758;337687;10066;39107;61153
Placentalia_MACSE,Rattus_norvegicus,10116,Rattus norvegicus,1;131567;2759;33154;33208;6072;33213;33511;7711;89593;7742;7776;117570;117571;8287;1338369;32523;32524;40674;32525;9347;1437010;314146;314147;9989;1963758;337687;10066;39107;10114
Placentalia_MACSE,Rattus_rattus,10117,Rattus rattus,1;131567;2759;33154;33208;6072;33213;33511;7711;89593;7742;7776;117570;117571;8287;1338369;32523;32524;40674;32525;9347;1437010;314146;314147;9989;1963758;337687;10066;39107;10114
Placentalia_MACSE,Micromys_minutus,13151,Micromys minutus,1;131567;2759;33154;33208;6072;33213;33511;7711;89593;7742;7776;117570;117571;8287;1338369;32523;32524;40674;32525;9347;1437010;314146;314147;9989;1963758;337687;10066;39107;13150
Placentalia_MACSE,Mus_pahari,10093,Mus pahari,1;131567;2759;33154;33208;6072;33213;33511;7711;89593;7742;7776;117570;117571;8287;1338369;32523;32524;40674;32525;9347;1437010;314146;314147;9989;1963758;337687;10066;39107;10088;862508
Placentalia_MACSE,Mus_caroli,10089,Mus caroli,1;131567;2759;33154;33208;6072;33213;33511;7711;89593;7742;7776;117570;117571;8287;1338369;32523;32524;40674;32525;9347;1437010;314146;314147;9989;1963758;337687;10066;39107;10088;862507
Placentalia_MACSE,Mus_musculus,10090,Mus musculus,1;131567;2759;33154;33208;6072;33213;33511;7711;89593;7742;7776;117570;117571;8287;1338369;32523;32524;40674;32525;9347;1437010;314146;314147;9989;1963758;337687;10066;39107;10088;862507
Placentalia_MACSE,Arvicola_amphibius,1047088,Arvicola amphibius,1;131567;2759;33154;33208;6072;33213;33511;7711;89593;7742;7776;117570;117571;8287;1338369;32523;32524;40674;32525;9347;1437010;314146;314147;9989;1963758;337687;337677;39087;10049
Placentalia_MACSE,Myodes_glareolus,447135,Myodes glareolus,1;131567;2759;33154;33208;6072;33213;33511;7711;89593;7742;7776;117570;117571;8287;1338369;32523;32524;40674;32525;9347;1437010;314146;314147;9989;1963758;337687;337677;39087;447134
Placentalia_MACSE,Chionomys_nivalis,269649,Chionomys nivalis,1;131567;2759;33154;33208;6072;33213;33511;7711;89593;7742;7776;117570;117571;8287;1338369;32523;32524;40674;32525;9347;1437010;314146;314147;9989;1963758;337687;337677;39087;269648
Placentalia_MACSE,Microtus_ochrogaster,79684,Microtus ochrogaster,1;131567;2759;33154;33208;6072;33213;33511;7711;89593;7742;7776;117570;117571;8287;1338369;32523;32524;40674;32525;9347;1437010;314146;314147;9989;1963758;337687;337677;39087;10053
Placentalia_MACSE,Microtus_oregoni,111838,Microtus oregoni,1;131567;2759;33154;33208;6072;33213;33511;7711;89593;7742;7776;117570;117571;8287;1338369;32523;32524;40674;32525;9347;1437010;314146;314147;9989;1963758;337687;337677;39087;10053
Placentalia_MACSE,Microtus_pennsylvanicus,10058,Microtus pennsylvanicus,1;131567;2759;33154;33208;6072;33213;33511;7711;89593;7742;7776;117570;117571;8287;1338369;32523;32524;40674;32525;9347;1437010;314146;314147;9989;1963758;337687;337677;39087;10053
Placentalia_MACSE,Mesocricetus_auratus,10036,Mesocricetus auratus,1;131567;2759;33154;33208;6072;33213;33511;7711;89593;7742;7776;117570;117571;8287;1338369;32523;32524;40674;32525;9347;1437010;314146;314147;9989;1963758;337687;337677;10026;10035
Placentalia_MACSE,Cricetulus_griseus,10029,Cricetulus griseus,1;131567;2759;33154;33208;6072;33213;33511;7711;89593;7742;7776;117570;117571;8287;1338369;32523;32524;40674;32525;9347;1437010;314146;314147;9989;1963758;337687;337677;10026;10028
Placentalia_MACSE,Phodopus_roborovskii,109678,Phodopus roborovskii,1;131567;2759;33154;33208;6072;33213;33511;7711;89593;7742;7776;117570;117571;8287;1338369;32523;32524;40674;32525;9347;1437010;314146;314147;9989;1963758;337687;337677;10026;10043
Placentalia_MACSE,Peromyscus_californicus_insignis,564181,Peromyscus californicus insignis,1;131567;2759;33154;33208;6072;33213;33511;7711;89593;7742;7776;117570;117571;8287;1338369;32523;32524;40674;32525;9347;1437010;314146;314147;9989;1963758;337687;337677;337963;10040;42520
Placentalia_MACSE,Peromyscus_eremicus,42410,Peromyscus eremicus,1;131567;2759;33154;33208;6072;33213;33511;7711;89593;7742;7776;117570;117571;8287;1338369;32523;32524;40674;32525;9347;1437010;314146;314147;9989;1963758;337687;337677;337963;10040
Placentalia_MACSE,Peromyscus_leucopus,10041,Peromyscus leucopus,1;131567;2759;33154;33208;6072;33213;33511;7711;89593;7742;7776;117570;117571;8287;1338369;32523;32524;40674;32525;9347;1437010;314146;314147;9989;1963758;337687;337677;337963;10040
Placentalia_MACSE,Peromyscus_maniculatus_bairdii,230844,Peromyscus maniculatus bairdii,1;131567;2759;33154;33208;6072;33213;33511;7711;89593;7742;7776;117570;117571;8287;1338369;32523;32524;40674;32525;9347;1437010;314146;314147;9989;1963758;337687;337677;337963;10040;10042
Placentalia_MACSE,Onychomys_torridus,38674,Onychomys torridus,1;131567;2759;33154;33208;6072;33213;33511;7711;89593;7742;7776;117570;117571;8287;1338369;32523;32524;40674;32525;9347;1437010;314146;314147;9989;1963758;337687;337677;337963;38667
Placentalia_MACSE,Castor_canadensis,51338,Castor canadensis,1;131567;2759;33154;33208;6072;33213;33511;7711;89593;7742;7776;117570;117571;8287;1338369;32523;32524;40674;32525;9347;1437010;314146;314147;9989;1963757;29132;10184
Placentalia_MACSE,Nannospalax_galili,1026970,Nannospalax galili,1;131567;2759;33154;33208;6072;33213;33511;7711;89593;7742;7776;117570;117571;8287;1338369;32523;32524;40674;32525;9347;1437010;314146;314147;9989;1963758;337687;337664;10061;30636
Placentalia_MACSE,Jaculus_jaculus,51337,Jaculus jaculus,1;131567;2759;33154;33208;6072;33213;33511;7711;89593;7742;7776;117570;117571;8287;1338369;32523;32524;40674;32525;9347;1437010;314146;314147;9989;1963758;1963761;30648;35737;48867
Placentalia_MACSE,Ochotona_princeps,9978,Ochotona princeps,1;131567;2759;33154;33208;6072;33213;33511;7711;89593;7742;7776;117570;117571;8287;1338369;32523;32524;40674;32525;9347;1437010;314146;314147;9975;9976;9977
Placentalia_MACSE,Ochotona_curzoniae,130825,Ochotona curzoniae,1;131567;2759;33154;33208;6072;33213;33511;7711;89593;7742;7776;117570;117571;8287;1338369;32523;32524;40674;32525;9347;1437010;314146;314147;9975;9976;9977
Placentalia_MACSE,Dipodomys_merriami,94247,Dipodomys merriami,1;131567;2759;33154;33208;6072;33213;33511;7711;89593;7742;7776;117570;117571;8287;1338369;32523;32524;40674;32525;9347;1437010;314146;314147;9989;1963757;10015;38662;10016
Placentalia_MACSE,Dipodomys_spectabilis,105255,Dipodomys spectabilis,1;131567;2759;33154;33208;6072;33213;33511;7711;89593;7742;7776;117570;117571;8287;1338369;32523;32524;40674;32525;9347;1437010;314146;314147;9989;1963757;10015;38662;10016
Placentalia_MACSE,Dipodomys_ordii,10020,Dipodomys ordii,1;131567;2759;33154;33208;6072;33213;33511;7711;89593;7742;7776;117570;117571;8287;1338369;32523;32524;40674;32525;9347;1437010;314146;314147;9989;1963757;10015;38662;10016
Placentalia_MACSE,Sorex_fumeus,62283,Sorex fumeus,1;131567;2759;33154;33208;6072;33213;33511;7711;89593;7742;7776;117570;117571;8287;1338369;32523;32524;40674;32525;9347;1437010;314145;9362;9376;183663;9379
Placentalia_MACSE,Sorex_araneus,42254,Sorex araneus,1;131567;2759;33154;33208;6072;33213;33511;7711;89593;7742;7776;117570;117571;8287;1338369;32523;32524;40674;32525;9347;1437010;314145;9362;9376;183663;9379
Placentalia_MACSE,Erinaceus_europaeus,9365,Erinaceus europaeus,1;131567;2759;33154;33208;6072;33213;33511;7711;89593;7742;7776;117570;117571;8287;1338369;32523;32524;40674;32525;9347;1437010;314145;9362;9363;30577;9364
Placentalia_MACSE,Meles_meles,9662,Meles meles,1;131567;2759;33154;33208;6072;33213;33511;7711;89593;7742;7776;117570;117571;8287;1338369;32523;32524;40674;32525;9347;1437010;314145;33554;379584;3072906;9655;1008252;9661
Euarchontoglires_MACSE,Acomys_russatus,60746,Acomys russatus,1;131567;2759;33154;33208;6072;33213;33511;7711;89593;7742;7776;117570;117571;8287;1338369;32523;32524;40674;32525;9347;1437010;314146;314147;9989;1963758;337687;10066;326408;10067
Euarchontoglires_MACSE,Meriones_unguiculatus,10047,Meriones unguiculatus,1;131567;2759;33154;33208;6072;33213;33511;7711;89593;7742;7776;117570;117571;8287;1338369;32523;32524;40674;32525;9347;1437010;314146;314147;9989;1963758;337687;10066;10045;10046
Euarchontoglires_MACSE,Psammomys_obesus,48139,Psammomys obesus,1;131567;2759;33154;33208;6072;33213;33511;7711;89593;7742;7776;117570;117571;8287;1338369;32523;32524;40674;32525;9347;1437010;314146;314147;9989;1963758;337687;10066;10045;48138
Euarchontoglires_MACSE,Apodemus_sylvaticus,10129,Apodemus sylvaticus,1;131567;2759;33154;33208;6072;33213;33511;7711;89593;7742;7776;117570;117571;8287;1338369;32523;32524;40674;32525;9347;1437010;314146;314147;9989;1963758;337687;10066;39107;10128;400053
Euarchontoglires_MACSE,Mastomys_coucha,35658,Mastomys coucha,1;131567;2759;33154;33208;6072;33213;33511;7711;89593;7742;7776;117570;117571;8287;1338369;32523;32524;40674;32525;9347;1437010;314146;314147;9989;1963758;337687;10066;39107;30639
Euarchontoglires_MACSE,Arvicanthis_niloticus,61156,Arvicanthis niloticus,1;131567;2759;33154;33208;6072;33213;33511;7711;89593;7742;7776;117570;117571;8287;1338369;32523;32524;40674;32525;9347;1437010;314146;314147;9989;1963758;337687;10066;39107;61153
Euarchontoglires_MACSE,Rattus_norvegicus,10116,Rattus norvegicus,1;131567;2759;33154;33208;6072;33213;33511;7711;89593;7742;7776;117570;117571;8287;1338369;32523;32524;40674;32525;9347;1437010;314146;314147;9989;1963758;337687;10066;39107;10114
Euarchontoglires_MACSE,Rattus_rattus,10117,Rattus rattus,1;131567;2759;33154;33208;6072;33213;33511;7711;89593;7742;7776;117570;117571;8287;1338369;32523;32524;40674;32525;9347;1437010;314146;314147;9989;1963758;337687;10066;39107;10114
Euarchontoglires_MACSE,Micromys_minutus,13151,Micromys minutus,1;131567;2759;33154;33208;6072;33213;33511;7711;89593;7742;7776;117570;117571;8287;1338369;32523;32524;40674;32525;9347;1437010;314146;314147;9989;1963758;337687;10066;39107;13150
Euarchontoglires_MACSE,Mus_caroli,10089,Mus caroli,1;131567;2759;33154;33208;6072;33213;33511;7711;89593;7742;7776;117570;117571;8287;1338369;32523;32524;40674;32525;9347;1437010;314146;314147;9989;1963758;337687;10066;39107;10088;862507
Euarchontoglires_MACSE,Mus_musculus,10090,Mus musculus,1;131567;2759;33154;33208;6072;33213;33511;7711;89593;7742;7776;117570;117571;8287;1338369;32523;32524;40674;32525;9347;1437010;314146;314147;9989;1963758;337687;10066;39107;10088;862507
Euarchontoglires_MACSE,Mus_pahari,10093,Mus pahari,1;131567;2759;33154;33208;6072;33213;33511;7711;89593;7742;7776;117570;117571;8287;1338369;32523;32524;40674;32525;9347;1437010;314146;314147;9989;1963758;337687;10066;39107;10088;862508
Euarchontoglires_MACSE,Arvicola_amphibius,1047088,Arvicola amphibius,1;131567;2759;33154;33208;6072;33213;33511;7711;89593;7742;7776;117570;117571;8287;1338369;32523;32524;40674;32525;9347;1437010;314146;314147;9989;1963758;337687;337677;39087;10049
Euarchontoglires_MACSE,Myodes_glareolus,447135,Myodes glareolus,1;131567;2759;33154;33208;6072;33213;33511;7711;89593;7742;7776;117570;117571;8287;1338369;32523;32524;40674;32525;9347;1437010;314146;314147;9989;1963758;337687;337677;39087;447134
Euarchontoglires_MACSE,Chionomys_nivalis,269649,Chionomys nivalis,1;131567;2759;33154;33208;6072;33213;33511;7711;89593;7742;7776;117570;117571;8287;1338369;32523;32524;40674;32525;9347;1437010;314146;314147;9989;1963758;337687;337677;39087;269648
Euarchontoglires_MACSE,Microtus_ochrogaster,79684,Microtus ochrogaster,1;131567;2759;33154;33208;6072;33213;33511;7711;89593;7742;7776;117570;117571;8287;1338369;32523;32524;40674;32525;9347;1437010;314146;314147;9989;1963758;337687;337677;39087;10053
Euarchontoglires_MACSE,Microtus_oregoni,111838,Microtus oregoni,1;131567;2759;33154;33208;6072;33213;33511;7711;89593;7742;7776;117570;117571;8287;1338369;32523;32524;40674;32525;9347;1437010;314146;314147;9989;1963758;337687;337677;39087;10053
Euarchontoglires_MACSE,Microtus_pennsylvanicus,10058,Microtus pennsylvanicus,1;131567;2759;33154;33208;6072;33213;33511;7711;89593;7742;7776;117570;117571;8287;1338369;32523;32524;40674;32525;9347;1437010;314146;314147;9989;1963758;337687;337677;39087;10053
Euarchontoglires_MACSE,Phodopus_roborovskii,109678,Phodopus roborovskii,1;131567;2759;33154;33208;6072;33213;33511;7711;89593;7742;7776;117570;117571;8287;1338369;32523;32524;40674;32525;9347;1437010;314146;314147;9989;1963758;337687;337677;10026;10043
Euarchontoglires_MACSE,Cricetulus_griseus,10029,Cricetulus griseus,1;131567;2759;33154;33208;6072;33213;33511;7711;89593;7742;7776;117570;117571;8287;1338369;32523;32524;40674;32525;9347;1437010;314146;314147;9989;1963758;337687;337677;10026;10028
Euarchontoglires_MACSE,Mesocricetus_auratus,10036,Mesocricetus auratus,1;131567;2759;33154;33208;6072;33213;33511;7711;89593;7742;7776;117570;117571;8287;1338369;32523;32524;40674;32525;9347;1437010;314146;314147;9989;1963758;337687;337677;10026;10035
Euarchontoglires_MACSE,Peromyscus_californicus_insignis,564181,Peromyscus californicus insignis,1;131567;2759;33154;33208;6072;33213;33511;7711;89593;7742;7776;117570;117571;8287;1338369;32523;32524;40674;32525;9347;1437010;314146;314147;9989;1963758;337687;337677;337963;10040;42520
Euarchontoglires_MACSE,Peromyscus_eremicus,42410,Peromyscus eremicus,1;131567;2759;33154;33208;6072;33213;33511;7711;89593;7742;7776;117570;117571;8287;1338369;32523;32524;40674;32525;9347;1437010;314146;314147;9989;1963758;337687;337677;337963;10040
Euarchontoglires_MACSE,Peromyscus_leucopus,10041,Peromyscus leucopus,1;131567;2759;33154;33208;6072;33213;33511;7711;89593;7742;7776;117570;117571;8287;1338369;32523;32524;40674;32525;9347;1437010;314146;314147;9989;1963758;337687;337677;337963;10040
Euarchontoglires_MACSE,Peromyscus_maniculatus_bairdii,230844,Peromyscus maniculatus bairdii,1;131567;2759;33154;33208;6072;33213;33511;7711;89593;7742;7776;117570;117571;8287;1338369;32523;32524;40674;32525;9347;1437010;314146;314147;9989;1963758;337687;337677;337963;10040;10042
Euarchontoglires_MACSE,Onychomys_torridus,38674,Onychomys torridus,1;131567;2759;33154;33208;6072;33213;33511;7711;89593;7742;7776;117570;117571;8287;1338369;32523;32524;40674;32525;9347;1437010;314146;314147;9989;1963758;337687;337677;337963;38667
Euarchontoglires_MACSE,Nannospalax_galili,1026970,Nannospalax galili,1;131567;2759;33154;33208;6072;33213;33511;7711;89593;7742;7776;117570;117571;8287;1338369;32523;32524;40674;32525;9347;1437010;314146;314147;9989;1963758;337687;337664;10061;30636
Euarchontoglires_MACSE,Jaculus_jaculus,51337,Jaculus jaculus,1;131567;2759;33154;33208;6072;33213;33511;7711;89593;7742;7776;117570;117571;8287;1338369;32523;32524;40674;32525;9347;1437010;314146;314147;9989;1963758;1963761;30648;35737;48867
Euarchontoglires_MACSE,Aotus_nancymaae,37293,Aotus nancymaae,1;131567;2759;33154;33208;6072;33213;33511;7711;89593;7742;7776;117570;117571;8287;1338369;32523;32524;40674;32525;9347;1437010;314146;9443;376913;314293;9479;376918;9504
Euarchontoglires_MACSE,Callithrix_jacchus,9483,Callithrix jacchus,1;131567;2759;33154;33208;6072;33213;33511;7711;89593;7742;7776;117570;117571;8287;1338369;32523;32524;40674;32525;9347;1437010;314146;9443;376913;314293;9479;9498;9480;9481;1965096
Euarchontoglires_MACSE,Cebus_imitator,2715852,Cebus imitator,1;131567;2759;33154;33208;6072;33213;33511;7711;89593;7742;7776;117570;117571;8287;1338369;32523;32524;40674;32525;9347;1437010;314146;9443;376913;314293;9479;9498;38070;9513
Euarchontoglires_MACSE,Sapajus_apella,9515,Sapajus apella,1;131567;2759;33154;33208;6072;33213;33511;7711;89593;7742;7776;117570;117571;8287;1338369;32523;32524;40674;32525;9347;1437010;314146;9443;376913;314293;9479;9498;38070;1532884
Euarchontoglires_MACSE,Saimiri_boliviensis,27679,Saimiri boliviensis,1;131567;2759;33154;33208;6072;33213;33511;7711;89593;7742;7776;117570;117571;8287;1338369;32523;32524;40674;32525;9347;1437010;314146;9443;376913;314293;9479;9498;378850;9520
Euarchontoglires_MACSE,Cercocebus_atys,9531,Cercocebus atys,1;131567;2759;33154;33208;6072;33213;33511;7711;89593;7742;7776;117570;117571;8287;1338369;32523;32524;40674;32525;9347;1437010;314146;9443;376913;314293;9526;314294;9527;9528;9529
Euarchontoglires_MACSE,Chlorocebus_sabaeus,60711,Chlorocebus sabaeus,1;131567;2759;33154;33208;6072;33213;33511;7711;89593;7742;7776;117570;117571;8287;1338369;32523;32524;40674;32525;9347;1437010;314146;9443;376913;314293;9526;314294;9527;9528;392815
Euarchontoglires_MACSE,Colobus_angolensis_palliatus,336983,Colobus angolensis palliatus,1;131567;2759;33154;33208;6072;33213;33511;7711;89593;7742;7776;117570;117571;8287;1338369;32523;32524;40674;32525;9347;1437010;314146;9443;376913;314293;9526;314294;9527;9569;9570;54131
Euarchontoglires_MACSE,Mandrillus_leucophaeus,9568,Mandrillus leucophaeus,1;131567;2759;33154;33208;6072;33213;33511;7711;89593;7742;7776;117570;117571;8287;1338369;32523;32524;40674;32525;9347;1437010;314146;9443;376913;314293;9526;314294;9527;9528;9567
Euarchontoglires_MACSE,Theropithecus_gelada,9565,Theropithecus gelada,1;131567;2759;33154;33208;6072;33213;33511;7711;89593;7742;7776;117570;117571;8287;1338369;32523;32524;40674;32525;9347;1437010;314146;9443;376913;314293;9526;314294;9527;9528;9564
Euarchontoglires_MACSE,Papio_anubis,9555,Papio anubis,1;131567;2759;33154;33208;6072;33213;33511;7711;89593;7742;7776;117570;117571;8287;1338369;32523;32524;40674;32525;9347;1437010;314146;9443;376913;314293;9526;314294;9527;9528;9554
Euarchontoglires_MACSE,Rhinopithecus_roxellana,61622,Rhinopithecus roxellana,1;131567;2759;33154;33208;6072;33213;33511;7711;89593;7742;7776;117570;117571;8287;1338369;32523;32524;40674;32525;9347;1437010;314146;9443;376913;314293;9526;314294;9527;9569;542827
Euarchontoglires_MACSE,Rhinopithecus_bieti,61621,Rhinopithecus bieti,1;131567;2759;33154;33208;6072;33213;33511;7711;89593;7742;7776;117570;117571;8287;1338369;32523;32524;40674;32525;9347;1437010;314146;9443;376913;314293;9526;314294;9527;9569;542827
Euarchontoglires_MACSE,Trachypithecus_francoisi,54180,Trachypithecus francoisi,1;131567;2759;33154;33208;6072;33213;33511;7711;89593;7742;7776;117570;117571;8287;1338369;32523;32524;40674;32525;9347;1437010;314146;9443;376913;314293;9526;314294;9527;9569;54136
Euarchontoglires_MACSE,Macaca_fascicularis,9541,Macaca fascicularis,1;131567;2759;33154;33208;6072;33213;33511;7711;89593;7742;7776;117570;117571;8287;1338369;32523;32524;40674;32525;9347;1437010;314146;9443;376913;314293;9526;314294;9527;9528;9539
Euarchontoglires_MACSE,Macaca_nemestrina,9545,Macaca nemestrina,1;131567;2759;33154;33208;6072;33213;33511;7711;89593;7742;7776;117570;117571;8287;1338369;32523;32524;40674;32525;9347;1437010;314146;9443;376913;314293;9526;314294;9527;9528;9539
Euarchontoglires_MACSE,Macaca_thibetana_thibetana,257877,Macaca thibetana thibetana,1;131567;2759;33154;33208;6072;33213;33511;7711;89593;7742;7776;117570;117571;8287;1338369;32523;32524;40674;32525;9347;1437010;314146;9443;376913;314293;9526;314294;9527;9528;9539;54602
Euarchontoglires_MACSE,Piliocolobus_tephrosceles,591936,Piliocolobus tephrosceles,1;131567;2759;33154;33208;6072;33213;33511;7711;89593;7742;7776;117570;117571;8287;1338369;32523;32524;40674;32525;9347;1437010;314146;9443;376913;314293;9526;314294;9527;9569;591932
Euarchontoglires_MACSE,Gorilla_gorilla_gorilla,9595,Gorilla gorilla gorilla,1;131567;2759;33154;33208;6072;33213;33511;7711;89593;7742;7776;117570;117571;8287;1338369;32523;32524;40674;32525;9347;1437010;314146;9443;376913;314293;9526;314295;9604;207598;9592;9593
Euarchontoglires_MACSE,Homo_sapiens,9606,Homo sapiens,1;131567;2759;33154;33208;6072;33213;33511;7711;89593;7742;7776;117570;117571;8287;1338369;32523;32524;40674;32525;9347;1437010;314146;9443;376913;314293;9526;314295;9604;207598;9605
Euarchontoglires_MACSE,Pan_paniscus,9597,Pan paniscus,1;131567;2759;33154;33208;6072;33213;33511;7711;89593;7742;7776;117570;117571;8287;1338369;32523;32524;40674;32525;9347;1437010;314146;9443;376913;314293;9526;314295;9604;207598;9596
Euarchontoglires_MACSE,Pan_troglodytes,9598,Pan troglodytes,1;131567;2759;33154;33208;6072;33213;33511;7711;89593;7742;7776;117570;117571;8287;1338369;32523;32524;40674;32525;9347;1437010;314146;9443;376913;314293;9526;314295;9604;207598;9596
Euarchontoglires_MACSE,Hylobates_moloch,81572,Hylobates moloch,1;131567;2759;33154;33208;6072;33213;33511;7711;89593;7742;7776;117570;117571;8287;1338369;32523;32524;40674;32525;9347;1437010;314146;9443;376913;314293;9526;314295;9577;9578
Euarchontoglires_MACSE,Symphalangus_syndactylus,9590,Symphalangus syndactylus,1;131567;2759;33154;33208;6072;33213;33511;7711;89593;7742;7776;117570;117571;8287;1338369;32523;32524;40674;32525;9347;1437010;314146;9443;376913;314293;9526;314295;9577;325166
Euarchontoglires_MACSE,Nomascus_leucogenys,61853,Nomascus leucogenys,1;131567;2759;33154;33208;6072;33213;33511;7711;89593;7742;7776;117570;117571;8287;1338369;32523;32524;40674;32525;9347;1437010;314146;9443;376913;314293;9526;314295;9577;325165
Euarchontoglires_MACSE,Pongo_abelii,9601,Pongo abelii,1;131567;2759;33154;33208;6072;33213;33511;7711;89593;7742;7776;117570;117571;8287;1338369;32523;32524;40674;32525;9347;1437010;314146;9443;376913;314293;9526;314295;9604;607660;9599
Euarchontoglires_MACSE,Macaca_mulatta,9544,Macaca mulatta,1;131567;2759;33154;33208;6072;33213;33511;7711;89593;7742;7776;117570;117571;8287;1338369;32523;32524;40674;32525;9347;1437010;314146;9443;376913;314293;9526;314294;9527;9528;9539
Euarchontoglires_MACSE,Carlito_syrichta,1868482,Carlito syrichta,1;131567;2759;33154;33208;6072;33213;33511;7711;89593;7742;7776;117570;117571;8287;1338369;32523;32524;40674;32525;9347;1437010;314146;9443;376913;376912;9475;1868481
Euarchontoglires_MACSE,Tupaia_chinensis,246437,Tupaia belangeri chinensis,1;131567;2759;33154;33208;6072;33213;33511;7711;89593;7742;7776;117570;117571;8287;1338369;32523;32524;40674;32525;9347;1437010;314146;9392;9393;9394;37347
Euarchontoglires_MACSE,Microcebus_murinus,30608,Microcebus murinus,1;131567;2759;33154;33208;6072;33213;33511;7711;89593;7742;7776;117570;117571;8287;1338369;32523;32524;40674;32525;9347;1437010;314146;9443;376911;376915;30615;13149
Euarchontoglires_MACSE,Propithecus_coquereli,379532,Propithecus coquereli,1;131567;2759;33154;33208;6072;33213;33511;7711;89593;7742;7776;117570;117571;8287;1338369;32523;32524;40674;32525;9347;1437010;314146;9443;376911;376915;30599;30600
Euarchontoglires_MACSE,Lemur_catta,9447,Lemur catta,1;131567;2759;33154;33208;6072;33213;33511;7711;89593;7742;7776;117570;117571;8287;1338369;32523;32524;40674;32525;9347;1437010;314146;9443;376911;376915;9445;9446
Euarchontoglires_MACSE,Eulemur_rufifrons,859984,Eulemur rufifrons,1;131567;2759;33154;33208;6072;33213;33511;7711;89593;7742;7776;117570;117571;8287;1338369;32523;32524;40674;32525;9347;1437010;314146;9443;376911;376915;9445;13513
Euarchontoglires_MACSE,Otolemur_garnettii,30611,Otolemur garnettii,1;131567;2759;33154;33208;6072;33213;33511;7711;89593;7742;7776;117570;117571;8287;1338369;32523;32524;40674;32525;9347;1437010;314146;9443;376911;376917;40297;30610
Euarchontoglires_MACSE,Nycticebus_coucang,9470,Nycticebus coucang,1;131567;2759;33154;33208;6072;33213;33511;7711;89593;7742;7776;117570;117571;8287;1338369;32523;32524;40674;32525;9347;1437010;314146;9443;376911;376917;9461;9469
Euarchontoglires_MACSE,Cynocephalus_volans,110931,Cynocephalus volans,1;131567;2759;33154;33208;6072;33213;33511;7711;89593;7742;7776;117570;117571;8287;1338369;32523;32524;40674;32525;9347;1437010;314146;30656;30657;9456
Euarchontoglires_MACSE,Castor_canadensis,51338,Castor canadensis,1;131567;2759;33154;33208;6072;33213;33511;7711;89593;7742;7776;117570;117571;8287;1338369;32523;32524;40674;32525;9347;1437010;314146;314147;9989;1963757;29132;10184
Euarchontoglires_MACSE,Oryctolagus_cuniculus,9986,Oryctolagus cuniculus,1;131567;2759;33154;33208;6072;33213;33511;7711;89593;7742;7776;117570;117571;8287;1338369;32523;32524;40674;32525;9347;1437010;314146;314147;9975;9979;9984
Euarchontoglires_MACSE,Lepus_europaeus,9983,Lepus europaeus,1;131567;2759;33154;33208;6072;33213;33511;7711;89593;7742;7776;117570;117571;8287;1338369;32523;32524;40674;32525;9347;1437010;314146;314147;9975;9979;9980
Euarchontoglires_MACSE,Octodon_degus,10160,Octodon degus,1;131567;2759;33154;33208;6072;33213;33511;7711;89593;7742;7776;117570;117571;8287;1338369;32523;32524;40674;32525;9347;1437010;314146;314147;9989;33550;10158;10159
Euarchontoglires_MACSE,Cavia_porcellus,10141,Cavia porcellus,1;131567;2759;33154;33208;6072;33213;33511;7711;89593;7742;7776;117570;117571;8287;1338369;32523;32524;40674;32525;9347;1437010;314146;314147;9989;33550;10139;10140
Euarchontoglires_MACSE,Chinchilla_lanigera,34839,Chinchilla lanigera,1;131567;2759;33154;33208;6072;33213;33511;7711;89593;7742;7776;117570;117571;8287;1338369;32523;32524;40674;32525;9347;1437010;314146;314147;9989;33550;10150;10151
Euarchontoglires_MACSE,Fukomys_damarensis,885580,Fukomys damarensis,1;131567;2759;33154;33208;6072;33213;33511;7711;89593;7742;7776;117570;117571;8287;1338369;32523;32524;40674;32525;9347;1437010;314146;314147;9989;33550;10167;423606
Euarchontoglires_MACSE,Heterocephalus_glaber,10181,Heterocephalus glaber,1;131567;2759;33154;33208;6072;33213;33511;7711;89593;7742;7776;117570;117571;8287;1338369;32523;32524;40674;32525;9347;1437010;314146;314147;9989;33550;10167;10180
Euarchontoglires_MACSE,Muscardinus_avellanarius,39082,Muscardinus avellanarius,1;131567;2759;33154;33208;6072;33213;33511;7711;89593;7742;7776;117570;117571;8287;1338369;32523;32524;40674;32525;9347;1437010;314146;314147;9989;33553;30650;39081
Euarchontoglires_MACSE,Callospermophilus_lateralis,76772,Callospermophilus lateralis,1;131567;2759;33154;33208;6072;33213;33511;7711;89593;7742;7776;117570;117571;8287;1338369;32523;32524;40674;32525;9347;1437010;314146;314147;9989;33553;55153;337726;337730;1141637
Euarchontoglires_MACSE,Ictidomys_tridecemlineatus,43179,Ictidomys tridecemlineatus,1;131567;2759;33154;33208;6072;33213;33511;7711;89593;7742;7776;117570;117571;8287;1338369;32523;32524;40674;32525;9347;1437010;314146;314147;9989;33553;55153;337726;337730;1141640
Euarchontoglires_MACSE,Marmota_flaviventris,93162,Marmota flaviventris,1;131567;2759;33154;33208;6072;33213;33511;7711;89593;7742;7776;117570;117571;8287;1338369;32523;32524;40674;32525;9347;1437010;314146;314147;9989;33553;55153;337726;337730;9992
Euarchontoglires_MACSE,Marmota_monax,9995,Marmota monax,1;131567;2759;33154;33208;6072;33213;33511;7711;89593;7742;7776;117570;117571;8287;1338369;32523;32524;40674;32525;9347;1437010;314146;314147;9989;33553;55153;337726;337730;9992
Euarchontoglires_MACSE,Spermophilus_citellus,9997,Spermophilus citellus,1;131567;2759;33154;33208;6072;33213;33511;7711;89593;7742;7776;117570;117571;8287;1338369;32523;32524;40674;32525;9347;1437010;314146;314147;9989;33553;55153;337726;337730;9996
Euarchontoglires_MACSE,Ochotona_curzoniae,130825,Ochotona curzoniae,1;131567;2759;33154;33208;6072;33213;33511;7711;89593;7742;7776;117570;117571;8287;1338369;32523;32524;40674;32525;9347;1437010;314146;314147;9975;9976;9977
Euarchontoglires_MACSE,Ochotona_princeps,9978,Ochotona princeps,1;131567;2759;33154;33208;6072;33213;33511;7711;89593;7742;7776;117570;117571;8287;1338369;32523;32524;40674;32525;9347;1437010;314146;314147;9975;9976;9977
Euarchontoglires_MACSE,Dipodomys_merriami,94247,Dipodomys merriami,1;131567;2759;33154;33208;6072;33213;33511;7711;89593;7742;7776;117570;117571;8287;1338369;32523;32524;40674;32525;9347;1437010;314146;314147;9989;1963757;10015;38662;10016
Euarchontoglires_MACSE,Dipodomys_spectabilis,105255,Dipodomys spectabilis,1;131567;2759;33154;33208;6072;33213;33511;7711;89593;7742;7776;117570;117571;8287;1338369;32523;32524;40674;32525;9347;1437010;314146;314147;9989;1963757;10015;38662;10016
Euarchontoglires_MACSE,Dipodomys_ordii,10020,Dipodomys ordii,1;131567;2759;33154;33208;6072;33213;33511;7711;89593;7742;7776;117570;117571;8287;1338369;32523;32524;40674;32525;9347;1437010;314146;314147;9989;1963757;10015;38662;10016
Laurasiatheria_MACSE,Acinonyx_jubatus,32536,Acinonyx jubatus,1;131567;2759;33154;33208;6072;33213;33511;7711;89593;7742;7776;117570;117571;8287;1338369;32523;32524;40674;32525;9347;1437010;314145;33554;379583;9681;338152;32535
Laurasiatheria_MACSE,Felis_catus,9685,Felis catus,1;131567;2759;33154;33208;6072;33213;33511;7711;89593;7742;7776;117570;117571;8287;1338369;32523;32524;40674;32525;9347;1437010;314145;33554;379583;9681;338152;9682
Laurasiatheria_MACSE,Prionailurus_bengalensis,37029,Prionailurus bengalensis,1;131567;2759;33154;33208;6072;33213;33511;7711;89593;7742;7776;117570;117571;8287;1338369;32523;32524;40674;32525;9347;1437010;314145;33554;379583;9681;338152;37028
Laurasiatheria_MACSE,Prionailurus_viverrinus,61388,Prionailurus viverrinus,1;131567;2759;33154;33208;6072;33213;33511;7711;89593;7742;7776;117570;117571;8287;1338369;32523;32524;40674;32525;9347;1437010;314145;33554;379583;9681;338152;37028
Laurasiatheria_MACSE,Leopardus_geoffroyi,46844,Leopardus geoffroyi,1;131567;2759;33154;33208;6072;33213;33511;7711;89593;7742;7776;117570;117571;8287;1338369;32523;32524;40674;32525;9347;1437010;314145;33554;379583;9681;338152;46841
Laurasiatheria_MACSE,Panthera_leo,9689,Panthera leo,1;131567;2759;33154;33208;6072;33213;33511;7711;89593;7742;7776;117570;117571;8287;1338369;32523;32524;40674;32525;9347;1437010;314145;33554;379583;9681;338153;9688
Laurasiatheria_MACSE,Panthera_tigris,9694,Panthera tigris,1;131567;2759;33154;33208;6072;33213;33511;7711;89593;7742;7776;117570;117571;8287;1338369;32523;32524;40674;32525;9347;1437010;314145;33554;379583;9681;338153;9688
Laurasiatheria_MACSE,Panthera_onca,9690,Panthera onca,1;131567;2759;33154;33208;6072;33213;33511;7711;89593;7742;7776;117570;117571;8287;1338369;32523;32524;40674;32525;9347;1437010;314145;33554;379583;9681;338153;9688
Laurasiatheria_MACSE,Panthera_uncia,29064,Panthera uncia,1;131567;2759;33154;33208;6072;33213;33511;7711;89593;7742;7776;117570;117571;8287;1338369;32523;32524;40674;32525;9347;1437010;314145;33554;379583;9681;338153;9688
Laurasiatheria_MACSE,Herpailurus_yagouaroundi,1608482,Herpailurus yagouaroundi,1;131567;2759;33154;33208;6072;33213;33511;7711;89593;7742;7776;117570;117571;8287;1338369;32523;32524;40674;32525;9347;1437010;314145;33554;379583;9681;338152;61401
Laurasiatheria_MACSE,Neofelis_nebulosa,61452,Neofelis nebulosa,1;131567;2759;33154;33208;6072;33213;33511;7711;89593;7742;7776;117570;117571;8287;1338369;32523;32524;40674;32525;9347;1437010;314145;33554;379583;9681;338153;61451
Laurasiatheria_MACSE,Lynx_canadensis,61383,Lynx canadensis,1;131567;2759;33154;33208;6072;33213;33511;7711;89593;7742;7776;117570;117571;8287;1338369;32523;32524;40674;32525;9347;1437010;314145;33554;379583;9681;338152;13124
Laurasiatheria_MACSE,Lynx_rufus,61384,Lynx rufus,1;131567;2759;33154;33208;6072;33213;33511;7711;89593;7742;7776;117570;117571;8287;1338369;32523;32524;40674;32525;9347;1437010;314145;33554;379583;9681;338152;13124
Laurasiatheria_MACSE,Suricata_suricatta,37032,Suricata suricatta,1;131567;2759;33154;33208;6072;33213;33511;7711;89593;7742;7776;117570;117571;8287;1338369;32523;32524;40674;32525;9347;1437010;314145;33554;379583;9697;37031
Laurasiatheria_MACSE,Hyaena_hyaena,95912,Hyaena hyaena,1;131567;2759;33154;33208;6072;33213;33511;7711;89593;7742;7776;117570;117571;8287;1338369;32523;32524;40674;32525;9347;1437010;314145;33554;379583;9676;95911
Laurasiatheria_MACSE,Ailuropoda_melanoleuca,9646,Ailuropoda melanoleuca,1;131567;2759;33154;33208;6072;33213;33511;7711;89593;7742;7776;117570;117571;8287;1338369;32523;32524;40674;32525;9347;1437010;314145;33554;379584;9632;9645
Laurasiatheria_MACSE,Ursus_maritimus,29073,Ursus maritimus,1;131567;2759;33154;33208;6072;33213;33511;7711;89593;7742;7776;117570;117571;8287;1338369;32523;32524;40674;32525;9347;1437010;314145;33554;379584;9632;9639
Laurasiatheria_MACSE,Ursus_arctos,9644,Ursus arctos,1;131567;2759;33154;33208;6072;33213;33511;7711;89593;7742;7776;117570;117571;8287;1338369;32523;32524;40674;32525;9347;1437010;314145;33554;379584;9632;9639
Laurasiatheria_MACSE,Mirounga_leonina,9715,Mirounga leonina,1;131567;2759;33154;33208;6072;33213;33511;7711;89593;7742;7776;117570;117571;8287;1338369;32523;32524;40674;32525;9347;1437010;314145;33554;379584;3072905;9709;3410119;3410122;9714
Laurasiatheria_MACSE,Callorhinus_ursinus,34884,Callorhinus ursinus,1;131567;2759;33154;33208;6072;33213;33511;7711;89593;7742;7776;117570;117571;8287;1338369;32523;32524;40674;32525;9347;1437010;314145;33554;379584;3072905;9702;34883
Laurasiatheria_MACSE,Zalophus_californianus,9704,Zalophus californianus,1;131567;2759;33154;33208;6072;33213;33511;7711;89593;7742;7776;117570;117571;8287;1338369;32523;32524;40674;32525;9347;1437010;314145;33554;379584;3072905;9702;9703
Laurasiatheria_MACSE,Eumetopias_jubatus,34886,Eumetopias jubatus,1;131567;2759;33154;33208;6072;33213;33511;7711;89593;7742;7776;117570;117571;8287;1338369;32523;32524;40674;32525;9347;1437010;314145;33554;379584;3072905;9702;34885
Laurasiatheria_MACSE,Odobenus_rosmarus_divergens,9708,Odobenus rosmarus divergens,1;131567;2759;33154;33208;6072;33213;33511;7711;89593;7742;7776;117570;117571;8287;1338369;32523;32524;40674;32525;9347;1437010;314145;33554;379584;3072905;9705;9706;9707
Laurasiatheria_MACSE,Mirounga_angustirostris,9716,Mirounga angustirostris,1;131567;2759;33154;33208;6072;33213;33511;7711;89593;7742;7776;117570;117571;8287;1338369;32523;32524;40674;32525;9347;1437010;314145;33554;379584;3072905;9709;3410119;3410122;9714
Laurasiatheria_MACSE,Phoca_vitulina,9720,Phoca vitulina,1;131567;2759;33154;33208;6072;33213;33511;7711;89593;7742;7776;117570;117571;8287;1338369;32523;32524;40674;32525;9347;1437010;314145;33554;379584;3072905;9709;3410118;9717
Laurasiatheria_MACSE,Neomonachus_schauinslandi,29088,Neomonachus schauinslandi,1;131567;2759;33154;33208;6072;33213;33511;7711;89593;7742;7776;117570;117571;8287;1338369;32523;32524;40674;32525;9347;1437010;314145;33554;379584;3072905;9709;3410119;3410121;1907176
Laurasiatheria_MACSE,Halichoerus_grypus,9711,Halichoerus grypus,1;131567;2759;33154;33208;6072;33213;33511;7711;89593;7742;7776;117570;117571;8287;1338369;32523;32524;40674;32525;9347;1437010;314145;33554;379584;3072905;9709;3410118;9710
Laurasiatheria_MACSE,Mustela_nivalis,36239,Mustela nivalis,1;131567;2759;33154;33208;6072;33213;33511;7711;89593;7742;7776;117570;117571;8287;1338369;32523;32524;40674;32525;9347;1437010;314145;33554;379584;3072906;9655;169418;9665
Laurasiatheria_MACSE,Mustela_lutreola,9666,Mustela lutreola,1;131567;2759;33154;33208;6072;33213;33511;7711;89593;7742;7776;117570;117571;8287;1338369;32523;32524;40674;32525;9347;1437010;314145;33554;379584;3072906;9655;169418;9665
Laurasiatheria_MACSE,Martes_martes,29065,Martes martes,1;131567;2759;33154;33208;6072;33213;33511;7711;89593;7742;7776;117570;117571;8287;1338369;32523;32524;40674;32525;9347;1437010;314145;33554;379584;3072906;9655;2892069;9658
Laurasiatheria_MACSE,Enhydra_lutris_kenyoni,391180,Enhydra lutris kenyoni,1;131567;2759;33154;33208;6072;33213;33511;7711;89593;7742;7776;117570;117571;8287;1338369;32523;32524;40674;32525;9347;1437010;314145;33554;379584;3072906;9655;169417;34881;34882
Laurasiatheria_MACSE,Balaenoptera_acutorostrata,9767,Balaenoptera acutorostrata,1;131567;2759;33154;33208;6072;33213;33511;7711;89593;7742;7776;117570;117571;8287;1338369;32523;32524;40674;32525;9347;1437010;314145;91561;2653789;9721;9761;9765;9766
Laurasiatheria_MACSE,Balaenoptera_borealis,9768,Balaenoptera borealis,1;131567;2759;33154;33208;6072;33213;33511;7711;89593;7742;7776;117570;117571;8287;1338369;32523;32524;40674;32525;9347;1437010;314145;91561;2653789;9721;9761;9765;9766
Laurasiatheria_MACSE,Balaenoptera_ricei,2746895,Balaenoptera ricei,1;131567;2759;33154;33208;6072;33213;33511;7711;89593;7742;7776;117570;117571;8287;1338369;32523;32524;40674;32525;9347;1437010;314145;91561;2653789;9721;9761;9765;9766
Laurasiatheria_MACSE,Balaenoptera_musculus,9771,Balaenoptera musculus,1;131567;2759;33154;33208;6072;33213;33511;7711;89593;7742;7776;117570;117571;8287;1338369;32523;32524;40674;32525;9347;1437010;314145;91561;2653789;9721;9761;9765;9766
Laurasiatheria_MACSE,Eubalaena_glacialis,27606,Eubalaena glacialis,1;131567;2759;33154;33208;6072;33213;33511;7711;89593;7742;7776;117570;117571;8287;1338369;32523;32524;40674;32525;9347;1437010;314145;91561;2653789;9721;9761;30558;27605
Laurasiatheria_MACSE,Eschrichtius_robustus,9764,Eschrichtius robustus,1;131567;2759;33154;33208;6072;33213;33511;7711;89593;7742;7776;117570;117571;8287;1338369;32523;32524;40674;32525;9347;1437010;314145;91561;2653789;9721;9761;9762;9763
Laurasiatheria_MACSE,Physeter_macrocephalus,9755,Physeter macrocephalus,1;131567;2759;33154;33208;6072;33213;33511;7711;89593;7742;7776;117570;117571;8287;1338369;32523;32524;40674;32525;9347;1437010;314145;91561;2653789;9721;9722;9750;9753
Laurasiatheria_MACSE,Balaenoptera_physalus,9770,Balaenoptera physalus,1;131567;2759;33154;33208;6072;33213;33511;7711;89593;7742;7776;117570;117571;8287;1338369;32523;32524;40674;32525;9347;1437010;314145;91561;2653789;9721;9761;9765;9766
Laurasiatheria_MACSE,Monodon_monoceros,40151,Monodon monoceros,1;131567;2759;33154;33208;6072;33213;33511;7711;89593;7742;7776;117570;117571;8287;1338369;32523;32524;40674;32525;9347;1437010;314145;91561;2653789;9721;9722;9747;40150
Laurasiatheria_MACSE,Neophocaena_asiaeorientalis_asiaeorientalis,1706337,Neophocaena asiaeorientalis asiaeorientalis,1;131567;2759;33154;33208;6072;33213;33511;7711;89593;7742;7776;117570;117571;8287;1338369;32523;32524;40674;32525;9347;1437010;314145;91561;2653789;9721;9722;9740;34891;189058
Laurasiatheria_MACSE,Phocoena_phocoena,9742,Phocoena phocoena,1;131567;2759;33154;33208;6072;33213;33511;7711;89593;7742;7776;117570;117571;8287;1338369;32523;32524;40674;32525;9347;1437010;314145;91561;2653789;9721;9722;9740;9741
Laurasiatheria_MACSE,Phocoena_sinus,42100,Phocoena sinus,1;131567;2759;33154;33208;6072;33213;33511;7711;89593;7742;7776;117570;117571;8287;1338369;32523;32524;40674;32525;9347;1437010;314145;91561;2653789;9721;9722;9740;9741
Laurasiatheria_MACSE,Stenella_coeruleoalba,9737,Stenella coeruleoalba,1;131567;2759;33154;33208;6072;33213;33511;7711;89593;7742;7776;117570;117571;8287;1338369;32523;32524;40674;32525;9347;1437010;314145;91561;2653789;9721;9722;9726;9734
Laurasiatheria_MACSE,Tursiops_truncatus,9739,Tursiops truncatus,1;131567;2759;33154;33208;6072;33213;33511;7711;89593;7742;7776;117570;117571;8287;1338369;32523;32524;40674;32525;9347;1437010;314145;91561;2653789;9721;9722;9726;9738
Laurasiatheria_MACSE,Globicephala_melas,9731,Globicephala melas,1;131567;2759;33154;33208;6072;33213;33511;7711;89593;7742;7776;117570;117571;8287;1338369;32523;32524;40674;32525;9347;1437010;314145;91561;2653789;9721;9722;9726;9729
Laurasiatheria_MACSE,Grampus_griseus,83653,Grampus griseus,1;131567;2759;33154;33208;6072;33213;33511;7711;89593;7742;7776;117570;117571;8287;1338369;32523;32524;40674;32525;9347;1437010;314145;91561;2653789;9721;9722;9726;83652
Laurasiatheria_MACSE,Leucopleurus_acutus,3371109,Leucopleurus acutus,1;131567;2759;33154;33208;6072;33213;33511;7711;89593;7742;7776;117570;117571;8287;1338369;32523;32524;40674;32525;9347;1437010;314145;91561;2653789;9721;9722;9726;3371041
Laurasiatheria_MACSE,Orcinus_orca,9733,Orcinus orca,1;131567;2759;33154;33208;6072;33213;33511;7711;89593;7742;7776;117570;117571;8287;1338369;32523;32524;40674;32525;9347;1437010;314145;91561;2653789;9721;9722;9726;9732
Laurasiatheria_MACSE,Delphinus_delphis,9728,Delphinus delphis,1;131567;2759;33154;33208;6072;33213;33511;7711;89593;7742;7776;117570;117571;8287;1338369;32523;32524;40674;32525;9347;1437010;314145;91561;2653789;9721;9722;9726;9727
Laurasiatheria_MACSE,Lagenorhynchus_albirostris,27610,Lagenorhynchus albirostris,1;131567;2759;33154;33208;6072;33213;33511;7711;89593;7742;7776;117570;117571;8287;1338369;32523;32524;40674;32525;9347;1437010;314145;91561;2653789;9721;9722;9726;27609
Laurasiatheria_MACSE,Sagmatias_obliquidens,3371155,Aethalodelphis obliquidens,1;131567;2759;33154;33208;6072;33213;33511;7711;89593;7742;7776;117570;117571;8287;1338369;32523;32524;40674;32525;9347;1437010;314145;91561;2653789;9721;9722;9726;3814641
Laurasiatheria_MACSE,Lipotes_vexillifer,118797,Lipotes vexillifer,1;131567;2759;33154;33208;6072;33213;33511;7711;89593;7742;7776;117570;117571;8287;1338369;32523;32524;40674;32525;9347;1437010;314145;91561;2653789;9721;9722;119500;118796
Laurasiatheria_MACSE,Mesoplodon_densirostris,48708,Mesoplodon densirostris,1;131567;2759;33154;33208;6072;33213;33511;7711;89593;7742;7776;117570;117571;8287;1338369;32523;32524;40674;32525;9347;1437010;314145;91561;2653789;9721;9722;9756;9757
Laurasiatheria_MACSE,Hyperoodon_ampullatus,48744,Hyperoodon ampullatus,1;131567;2759;33154;33208;6072;33213;33511;7711;89593;7742;7776;117570;117571;8287;1338369;32523;32524;40674;32525;9347;1437010;314145;91561;2653789;9721;9722;9756;48743
Laurasiatheria_MACSE,Mesoplodon_bidens,48745,Mesoplodon bidens,1;131567;2759;33154;33208;6072;33213;33511;7711;89593;7742;7776;117570;117571;8287;1338369;32523;32524;40674;32525;9347;1437010;314145;91561;2653789;9721;9722;9756;9757
Laurasiatheria_MACSE,Mesoplodon_mirus,52113,Mesoplodon mirus,1;131567;2759;33154;33208;6072;33213;33511;7711;89593;7742;7776;117570;117571;8287;1338369;32523;32524;40674;32525;9347;1437010;314145;91561;2653789;9721;9722;9756;9757
Laurasiatheria_MACSE,Bison_bison_bison,43346,Bison bison bison,1;131567;2759;33154;33208;6072;33213;33511;7711;89593;7742;7776;117570;117571;8287;1338369;32523;32524;40674;32525;9347;1437010;314145;91561;9845;35500;9895;27592;9900;9901
Laurasiatheria_MACSE,Bos_javanicus,9906,Bos javanicus,1;131567;2759;33154;33208;6072;33213;33511;7711;89593;7742;7776;117570;117571;8287;1338369;32523;32524;40674;32525;9347;1437010;314145;91561;9845;35500;9895;27592;9903
Laurasiatheria_MACSE,Bos_taurus,9913,Bos taurus,1;131567;2759;33154;33208;6072;33213;33511;7711;89593;7742;7776;117570;117571;8287;1338369;32523;32524;40674;32525;9347;1437010;314145;91561;9845;35500;9895;27592;9903
Laurasiatheria_MACSE,Bubalus_bubalis,89462,Bubalus bubalis,1;131567;2759;33154;33208;6072;33213;33511;7711;89593;7742;7776;117570;117571;8287;1338369;32523;32524;40674;32525;9347;1437010;314145;91561;9845;35500;9895;27592;9918
Laurasiatheria_MACSE,Bubalus_kerabau,3119969,Bubalus kerabau,1;131567;2759;33154;33208;6072;33213;33511;7711;89593;7742;7776;117570;117571;8287;1338369;32523;32524;40674;32525;9347;1437010;314145;91561;9845;35500;9895;27592;9918
Laurasiatheria_MACSE,Bos_indicus,9915,Bos indicus,1;131567;2759;33154;33208;6072;33213;33511;7711;89593;7742;7776;117570;117571;8287;1338369;32523;32524;40674;32525;9347;1437010;314145;91561;9845;35500;9895;27592;9903
Laurasiatheria_MACSE,Moschus_berezovskii,68408,Moschus berezovskii,1;131567;2759;33154;33208;6072;33213;33511;7711;89593;7742;7776;117570;117571;8287;1338369;32523;32524;40674;32525;9347;1437010;314145;91561;9845;35500;30533;68410
Laurasiatheria_MACSE,Oryx_dammah,59534,Oryx dammah,1;131567;2759;33154;33208;6072;33213;33511;7711;89593;7742;7776;117570;117571;8287;1338369;32523;32524;40674;32525;9347;1437010;314145;91561;9845;35500;9895;9959;9957
Laurasiatheria_MACSE,Bos_mutus,72004,Bos mutus,1;131567;2759;33154;33208;6072;33213;33511;7711;89593;7742;7776;117570;117571;8287;1338369;32523;32524;40674;32525;9347;1437010;314145;91561;9845;35500;9895;27592;9903
Laurasiatheria_MACSE,Budorcas_taxicolor,37181,Budorcas taxicolor,1;131567;2759;33154;33208;6072;33213;33511;7711;89593;7742;7776;117570;117571;8287;1338369;32523;32524;40674;32525;9347;1437010;314145;91561;9845;35500;9895;9963;37180
Laurasiatheria_MACSE,Capra_hircus,9925,Capra hircus,1;131567;2759;33154;33208;6072;33213;33511;7711;89593;7742;7776;117570;117571;8287;1338369;32523;32524;40674;32525;9347;1437010;314145;91561;9845;35500;9895;9963;9922
Laurasiatheria_MACSE,Capricornis_sumatraensis,34865,Capricornis sumatraensis,1;131567;2759;33154;33208;6072;33213;33511;7711;89593;7742;7776;117570;117571;8287;1338369;32523;32524;40674;32525;9347;1437010;314145;91561;9845;35500;9895;9963;9965
Laurasiatheria_MACSE,Ovis_aries,9940,Ovis aries,1;131567;2759;33154;33208;6072;33213;33511;7711;89593;7742;7776;117570;117571;8287;1338369;32523;32524;40674;32525;9347;1437010;314145;91561;9845;35500;9895;9963;9935
Laurasiatheria_MACSE,Ovis_canadensis,37174,Ovis canadensis,1;131567;2759;33154;33208;6072;33213;33511;7711;89593;7742;7776;117570;117571;8287;1338369;32523;32524;40674;32525;9347;1437010;314145;91561;9845;35500;9895;9963;9935
Laurasiatheria_MACSE,Cervus_canadensis,1574408,Cervus canadensis,1;131567;2759;33154;33208;6072;33213;33511;7711;89593;7742;7776;117570;117571;8287;1338369;32523;32524;40674;32525;9347;1437010;314145;91561;9845;35500;9850;34878;9859
Laurasiatheria_MACSE,Cervus_elaphus,9860,Cervus elaphus,1;131567;2759;33154;33208;6072;33213;33511;7711;89593;7742;7776;117570;117571;8287;1338369;32523;32524;40674;32525;9347;1437010;314145;91561;9845;35500;9850;34878;9859
Laurasiatheria_MACSE,Muntiacus_reevesi,9886,Muntiacus reevesi,1;131567;2759;33154;33208;6072;33213;33511;7711;89593;7742;7776;117570;117571;8287;1338369;32523;32524;40674;32525;9347;1437010;314145;91561;9845;35500;9850;34877;9885
Laurasiatheria_MACSE,Dama_dama,30532,Dama dama,1;131567;2759;33154;33208;6072;33213;33511;7711;89593;7742;7776;117570;117571;8287;1338369;32523;32524;40674;32525;9347;1437010;314145;91561;9845;35500;9850;34878;9867
Laurasiatheria_MACSE,Odocoileus_virginianus,9874,Odocoileus virginianus,1;131567;2759;33154;33208;6072;33213;33511;7711;89593;7742;7776;117570;117571;8287;1338369;32523;32524;40674;32525;9347;1437010;314145;91561;9845;35500;9850;9881;9871
Laurasiatheria_MACSE,Giraffa_tippelskirchi,439328,Giraffa tippelskirchi,1;131567;2759;33154;33208;6072;33213;33511;7711;89593;7742;7776;117570;117571;8287;1338369;32523;32524;40674;32525;9347;1437010;314145;91561;9845;35500;9892;9893
Laurasiatheria_MACSE,Camelus_bactrianus,9837,Camelus bactrianus,1;131567;2759;33154;33208;6072;33213;33511;7711;89593;7742;7776;117570;117571;8287;1338369;32523;32524;40674;32525;9347;1437010;314145;91561;9834;9835;9836
Laurasiatheria_MACSE,Camelus_ferus,419612,Camelus ferus,1;131567;2759;33154;33208;6072;33213;33511;7711;89593;7742;7776;117570;117571;8287;1338369;32523;32524;40674;32525;9347;1437010;314145;91561;9834;9835;9836
Laurasiatheria_MACSE,Vicugna_pacos,30538,Vicugna pacos,1;131567;2759;33154;33208;6072;33213;33511;7711;89593;7742;7776;117570;117571;8287;1338369;32523;32524;40674;32525;9347;1437010;314145;91561;9834;9835;30539
Laurasiatheria_MACSE,Camelus_dromedarius,9838,Camelus dromedarius,1;131567;2759;33154;33208;6072;33213;33511;7711;89593;7742;7776;117570;117571;8287;1338369;32523;32524;40674;32525;9347;1437010;314145;91561;9834;9835;9836
Laurasiatheria_MACSE,Hippopotamus_amphibius_kiboko,575201,Hippopotamus amphibius kiboko,1;131567;2759;33154;33208;6072;33213;33511;7711;89593;7742;7776;117570;117571;8287;1338369;32523;32524;40674;32525;9347;1437010;314145;91561;2653789;2653790;9831;9832;9833
Laurasiatheria_MACSE,Ceratotherium_simum_simum,73337,Ceratotherium simum simum,1;131567;2759;33154;33208;6072;33213;33511;7711;89593;7742;7776;117570;117571;8287;1338369;32523;32524;40674;32525;9347;1437010;314145;9787;9803;9806;9807
Laurasiatheria_MACSE,Diceros_bicornis_minor,77932,Diceros bicornis minor,1;131567;2759;33154;33208;6072;33213;33511;7711;89593;7742;7776;117570;117571;8287;1338369;32523;32524;40674;32525;9347;1437010;314145;9787;9803;9804;9805
Laurasiatheria_MACSE,Equus_asinus,9793,Equus asinus,1;131567;2759;33154;33208;6072;33213;33511;7711;89593;7742;7776;117570;117571;8287;1338369;32523;32524;40674;32525;9347;1437010;314145;9787;9788;9789
Laurasiatheria_MACSE,Equus_caballus,9796,Equus caballus,1;131567;2759;33154;33208;6072;33213;33511;7711;89593;7742;7776;117570;117571;8287;1338369;32523;32524;40674;32525;9347;1437010;314145;9787;9788;9789
Laurasiatheria_MACSE,Saccopteryx_bilineata,59482,Saccopteryx bilineata,1;131567;2759;33154;33208;6072;33213;33511;7711;89593;7742;7776;117570;117571;8287;1338369;32523;32524;40674;32525;9347;1437010;314145;9397;30560;30562;461394;59481
Laurasiatheria_MACSE,Saccopteryx_leptura,249018,Saccopteryx leptura,1;131567;2759;33154;33208;6072;33213;33511;7711;89593;7742;7776;117570;117571;8287;1338369;32523;32524;40674;32525;9347;1437010;314145;9397;30560;30562;461394;59481
Laurasiatheria_MACSE,Miniopterus_natalensis,291302,Miniopterus natalensis,1;131567;2759;33154;33208;6072;33213;33511;7711;89593;7742;7776;117570;117571;8287;1338369;32523;32524;40674;32525;9347;1437010;314145;9397;30560;981671;9432
Laurasiatheria_MACSE,Miniopterus_schreibersii,9433,Miniopterus schreibersii,1;131567;2759;33154;33208;6072;33213;33511;7711;89593;7742;7776;117570;117571;8287;1338369;32523;32524;40674;32525;9347;1437010;314145;9397;30560;981671;9432
Laurasiatheria_MACSE,Nyctereutes_procyonoides,34880,Nyctereutes procyonoides,1;131567;2759;33154;33208;6072;33213;33511;7711;89593;7742;7776;117570;117571;8287;1338369;32523;32524;40674;32525;9347;1437010;314145;33554;379584;9608;34879
Laurasiatheria_MACSE,Vulpes_lagopus,494514,Vulpes lagopus,1;131567;2759;33154;33208;6072;33213;33511;7711;89593;7742;7776;117570;117571;8287;1338369;32523;32524;40674;32525;9347;1437010;314145;33554;379584;9608;9625
Laurasiatheria_MACSE,Vulpes_vulpes,9627,Vulpes vulpes,1;131567;2759;33154;33208;6072;33213;33511;7711;89593;7742;7776;117570;117571;8287;1338369;32523;32524;40674;32525;9347;1437010;314145;33554;379584;9608;9625
Laurasiatheria_MACSE,Canis_lupus_baileyi,143281,Canis lupus baileyi,1;131567;2759;33154;33208;6072;33213;33511;7711;89593;7742;7776;117570;117571;8287;1338369;32523;32524;40674;32525;9347;1437010;314145;33554;379584;9608;9611;9612
Laurasiatheria_MACSE,Rhinolophus_hipposideros,77218,Rhinolophus hipposideros,1;131567;2759;33154;33208;6072;33213;33511;7711;89593;7742;7776;117570;117571;8287;1338369;32523;32524;40674;32525;9347;1437010;314145;9397;30559;3136022;58055;186995;49442
Laurasiatheria_MACSE,Rhinolophus_sinicus,89399,Rhinolophus sinicus,1;131567;2759;33154;33208;6072;33213;33511;7711;89593;7742;7776;117570;117571;8287;1338369;32523;32524;40674;32525;9347;1437010;314145;9397;30559;3136022;58055;186995;49442
Laurasiatheria_MACSE,Rhinolophus_ferrumequinum,59479,Rhinolophus ferrumequinum,1;131567;2759;33154;33208;6072;33213;33511;7711;89593;7742;7776;117570;117571;8287;1338369;32523;32524;40674;32525;9347;1437010;314145;9397;30559;3136022;58055;186995;49442
Laurasiatheria_MACSE,Hipposideros_armiger,186990,Hipposideros armiger,1;131567;2759;33154;33208;6072;33213;33511;7711;89593;7742;7776;117570;117571;8287;1338369;32523;32524;40674;32525;9347;1437010;314145;9397;30559;3136022;186994;58068
Laurasiatheria_MACSE,Rousettus_aegyptiacus,9407,Rousettus aegyptiacus,1;131567;2759;33154;33208;6072;33213;33511;7711;89593;7742;7776;117570;117571;8287;1338369;32523;32524;40674;32525;9347;1437010;314145;9397;30559;3136023;9398;3136029;9406
Laurasiatheria_MACSE,Pteropus_medius,143291,Pteropus medius,1;131567;2759;33154;33208;6072;33213;33511;7711;89593;7742;7776;117570;117571;8287;1338369;32523;32524;40674;32525;9347;1437010;314145;9397;30559;3136023;9398;77225;9401
Laurasiatheria_MACSE,Sus_scrofa,9823,Sus scrofa,1;131567;2759;33154;33208;6072;33213;33511;7711;89593;7742;7776;117570;117571;8287;1338369;32523;32524;40674;32525;9347;1437010;314145;91561;35497;9821;9822
Laurasiatheria_MACSE,Phacochoerus_africanus,41426,Phacochoerus africanus,1;131567;2759;33154;33208;6072;33213;33511;7711;89593;7742;7776;117570;117571;8287;1338369;32523;32524;40674;32525;9347;1437010;314145;91561;35497;9821;41425
Laurasiatheria_MACSE,Cnephaeus_nilssonii,3371016,Cnephaeus nilssonii,1;131567;2759;33154;33208;6072;33213;33511;7711;89593;7742;7776;117570;117571;8287;1338369;32523;32524;40674;32525;9347;1437010;314145;9397;30560;9431;29077
Laurasiatheria_MACSE,Eptesicus_fuscus,29078,Eptesicus fuscus,1;131567;2759;33154;33208;6072;33213;33511;7711;89593;7742;7776;117570;117571;8287;1338369;32523;32524;40674;32525;9347;1437010;314145;9397;30560;9431;3371007
Laurasiatheria_MACSE,Plecotus_auritus,61862,Plecotus auritus,1;131567;2759;33154;33208;6072;33213;33511;7711;89593;7742;7776;117570;117571;8287;1338369;32523;32524;40674;32525;9347;1437010;314145;9397;30560;9431;27673
Laurasiatheria_MACSE,Myotis_nattereri,109481,Myotis nattereri,1;131567;2759;33154;33208;6072;33213;33511;7711;89593;7742;7776;117570;117571;8287;1338369;32523;32524;40674;32525;9347;1437010;314145;9397;30560;9431;9434
Laurasiatheria_MACSE,Artibeus_jamaicensis,9417,Artibeus jamaicensis,1;131567;2759;33154;33208;6072;33213;33511;7711;89593;7742;7776;117570;117571;8287;1338369;32523;32524;40674;32525;9347;1437010;314145;9397;30560;9415;40234;9416
Laurasiatheria_MACSE,Sturnira_hondurensis,192404,Sturnira hondurensis,1;131567;2759;33154;33208;6072;33213;33511;7711;89593;7742;7776;117570;117571;8287;1338369;32523;32524;40674;32525;9347;1437010;314145;9397;30560;9415;40234;27659
Laurasiatheria_MACSE,Desmodus_rotundus,9430,Desmodus rotundus,1;131567;2759;33154;33208;6072;33213;33511;7711;89593;7742;7776;117570;117571;8287;1338369;32523;32524;40674;32525;9347;1437010;314145;9397;30560;9415;40237;9429
Laurasiatheria_MACSE,Pteronotus_mesoamericanus,1884717,Pteronotus mesoamericanus,1;131567;2759;33154;33208;6072;33213;33511;7711;89593;7742;7776;117570;117571;8287;1338369;32523;32524;40674;32525;9347;1437010;314145;9397;30560;59445;59475
Laurasiatheria_MACSE,Phyllostomus_hastatus,9423,Phyllostomus hastatus,1;131567;2759;33154;33208;6072;33213;33511;7711;89593;7742;7776;117570;117571;8287;1338369;32523;32524;40674;32525;9347;1437010;314145;9397;30560;9415;40238;9422
Laurasiatheria_MACSE,Phyllostomus_discolor,89673,Phyllostomus discolor,1;131567;2759;33154;33208;6072;33213;33511;7711;89593;7742;7776;117570;117571;8287;1338369;32523;32524;40674;32525;9347;1437010;314145;9397;30560;9415;40238;9422
Laurasiatheria_MACSE,Talpa_occidentalis,50954,Talpa occidentalis,1;131567;2759;33154;33208;6072;33213;33511;7711;89593;7742;7776;117570;117571;8287;1338369;32523;32524;40674;32525;9347;1437010;314145;9362;9373;9374
Laurasiatheria_MACSE,Meles_meles,9662,Meles meles,1;131567;2759;33154;33208;6072;33213;33511;7711;89593;7742;7776;117570;117571;8287;1338369;32523;32524;40674;32525;9347;1437010;314145;33554;379584;3072906;9655;1008252;9661
Laurasiatheria_MACSE,Sorex_araneus,42254,Sorex araneus,1;131567;2759;33154;33208;6072;33213;33511;7711;89593;7742;7776;117570;117571;8287;1338369;32523;32524;40674;32525;9347;1437010;314145;9362;9376;183663;9379
Laurasiatheria_MACSE,Sorex_fumeus,62283,Sorex fumeus,1;131567;2759;33154;33208;6072;33213;33511;7711;89593;7742;7776;117570;117571;8287;1338369;32523;32524;40674;32525;9347;1437010;314145;9362;9376;183663;9379
Laurasiatheria_MACSE,Erinaceus_europaeus,9365,Erinaceus europaeus,1;131567;2759;33154;33208;6072;33213;33511;7711;89593;7742;7776;117570;117571;8287;1338369;32523;32524;40674;32525;9347;1437010;314145;9362;9363;30577;9364
Sauropsida_MACSE,Ahaetulla_prasina,499056,Ahaetulla prasina,1;131567;2759;33154;33208;6072;33213;33511;7711;89593;7742;7776;117570;117571;8287;1338369;32523;32524;8457;32561;8504;8509;1329961;1329950;1329912;1329911;8570;34989;8578;2597819;186572
Sauropsida_MACSE,Pituophis_catenifer_annectens,94852,Pituophis catenifer annectens,1;131567;2759;33154;33208;6072;33213;33511;7711;89593;7742;7776;117570;117571;8287;1338369;32523;32524;8457;32561;8504;8509;1329961;1329950;1329912;1329911;8570;34989;8578;169863;8594;94850
Sauropsida_MACSE,Natrix_helvetica,2025560,Natrix helvetica,1;131567;2759;33154;33208;6072;33213;33511;7711;89593;7742;7776;117570;117571;8287;1338369;32523;32524;8457;32561;8504;8509;1329961;1329950;1329912;1329911;8570;34989;169862;8583
Sauropsida_MACSE,Notechis_scutatus,8663,Notechis scutatus,1;131567;2759;33154;33208;6072;33213;33511;7711;89593;7742;7776;117570;117571;8287;1338369;32523;32524;8457;32561;8504;8509;1329961;1329950;1329912;1329911;8570;34989;8602;292440;8661
Sauropsida_MACSE,Pseudonaja_textilis,8673,Pseudonaja textilis,1;131567;2759;33154;33208;6072;33213;33511;7711;89593;7742;7776;117570;117571;8287;1338369;32523;32524;8457;32561;8504;8509;1329961;1329950;1329912;1329911;8570;34989;8602;292440;8672
Sauropsida_MACSE,Protobothrops_mucrosquamatus,103944,Protobothrops mucrosquamatus,1;131567;2759;33154;33208;6072;33213;33511;7711;89593;7742;7776;117570;117571;8287;1338369;32523;32524;8457;32561;8504;8509;1329961;1329950;1329912;1329911;8570;34989;8689;8710;103943
Sauropsida_MACSE,Crotalus_tigris,88082,Crotalus tigris,1;131567;2759;33154;33208;6072;33213;33511;7711;89593;7742;7776;117570;117571;8287;1338369;32523;32524;8457;32561;8504;8509;1329961;1329950;1329912;1329911;8570;34989;8689;8710;8728
Sauropsida_MACSE,Vipera_berus,31155,Vipera berus,1;131567;2759;33154;33208;6072;33213;33511;7711;89593;7742;7776;117570;117571;8287;1338369;32523;32524;8457;32561;8504;8509;1329961;1329950;1329912;1329911;8570;34989;8689;8690;8703
Sauropsida_MACSE,Erythrolamprus_reginae,121349,Erythrolamprus reginae,1;131567;2759;33154;33208;6072;33213;33511;7711;89593;7742;7776;117570;117571;8287;1338369;32523;32524;8457;32561;8504;8509;1329961;1329950;1329912;1329911;8570;34989;1390229;121327
Sauropsida_MACSE,Candoia_aspera,51853,Candoia aspera,1;131567;2759;33154;33208;6072;33213;33511;7711;89593;7742;7776;117570;117571;8287;1338369;32523;32524;8457;32561;8504;8509;1329961;1329950;1329912;1329911;8570;34989;3843544;51852
Sauropsida_MACSE,Pogona_vitticeps,103695,Pogona vitticeps,1;131567;2759;33154;33208;6072;33213;33511;7711;89593;7742;7776;117570;117571;8287;1338369;32523;32524;8457;32561;8504;8509;1329961;1329950;1329912;1329911;8511;83232;81953;145349;52201
Sauropsida_MACSE,Rhineura_floridana,261503,Rhineura floridana,1;131567;2759;33154;33208;6072;33213;33511;7711;89593;7742;7776;117570;117571;8287;1338369;32523;32524;8457;32561;8504;8509;1329961;1329950;1329912;1329976;1329975;52185;1329913;261502
Sauropsida_MACSE,Lacerta_agilis,80427,Lacerta agilis,1;131567;2759;33154;33208;6072;33213;33511;7711;89593;7742;7776;117570;117571;8287;1338369;32523;32524;8457;32561;8504;8509;1329961;1329950;1329912;1329976;1329975;8522;162266;8523
Sauropsida_MACSE,Zootoca_vivipara,8524,Zootoca vivipara,1;131567;2759;33154;33208;6072;33213;33511;7711;89593;7742;7776;117570;117571;8287;1338369;32523;32524;8457;32561;8504;8509;1329961;1329950;1329912;1329976;1329975;8522;162266;141678
Sauropsida_MACSE,Podarcis_bocagei,90520,Podarcis bocagei,1;131567;2759;33154;33208;6072;33213;33511;7711;89593;7742;7776;117570;117571;8287;1338369;32523;32524;8457;32561;8504;8509;1329961;1329950;1329912;1329976;1329975;8522;162266;42163
Sauropsida_MACSE,Podarcis_vaucheri,140051,Podarcis vaucheri,1;131567;2759;33154;33208;6072;33213;33511;7711;89593;7742;7776;117570;117571;8287;1338369;32523;32524;8457;32561;8504;8509;1329961;1329950;1329912;1329976;1329975;8522;162266;42163
Sauropsida_MACSE,Podarcis_cretensis,1330250,Podarcis cretensis,1;131567;2759;33154;33208;6072;33213;33511;7711;89593;7742;7776;117570;117571;8287;1338369;32523;32524;8457;32561;8504;8509;1329961;1329950;1329912;1329976;1329975;8522;162266;42163
Sauropsida_MACSE,Podarcis_erhardii,140042,Podarcis erhardii,1;131567;2759;33154;33208;6072;33213;33511;7711;89593;7742;7776;117570;117571;8287;1338369;32523;32524;8457;32561;8504;8509;1329961;1329950;1329912;1329976;1329975;8522;162266;42163
Sauropsida_MACSE,Podarcis_pityusensis,74359,Podarcis pityusensis,1;131567;2759;33154;33208;6072;33213;33511;7711;89593;7742;7776;117570;117571;8287;1338369;32523;32524;8457;32561;8504;8509;1329961;1329950;1329912;1329976;1329975;8522;162266;42163
Sauropsida_MACSE,Podarcis_muralis,64176,Podarcis muralis,1;131567;2759;33154;33208;6072;33213;33511;7711;89593;7742;7776;117570;117571;8287;1338369;32523;32524;8457;32561;8504;8509;1329961;1329950;1329912;1329976;1329975;8522;162266;42163
Sauropsida_MACSE,Podarcis_melisellensis,65482,Podarcis melisellensis,1;131567;2759;33154;33208;6072;33213;33511;7711;89593;7742;7776;117570;117571;8287;1338369;32523;32524;8457;32561;8504;8509;1329961;1329950;1329912;1329976;1329975;8522;162266;42163
Sauropsida_MACSE,Podarcis_raffonei,65483,Podarcis raffonei,1;131567;2759;33154;33208;6072;33213;33511;7711;89593;7742;7776;117570;117571;8287;1338369;32523;32524;8457;32561;8504;8509;1329961;1329950;1329912;1329976;1329975;8522;162266;42163
Sauropsida_MACSE,Eublepharis_macularius,481883,Eublepharis macularius,1;131567;2759;33154;33208;6072;33213;33511;7711;89593;7742;7776;117570;117571;8287;1338369;32523;32524;8457;32561;8504;8509;1329961;8560;1329930;385255;96736
Sauropsida_MACSE,Paroedura_picta,143630,Paroedura picta,1;131567;2759;33154;33208;6072;33213;33511;7711;89593;7742;7776;117570;117571;8287;1338369;32523;32524;8457;32561;8504;8509;1329961;8560;8561;385256;143629
Sauropsida_MACSE,Heteronotia_binoei,13085,Heteronotia binoei,1;131567;2759;33154;33208;6072;33213;33511;7711;89593;7742;7776;117570;117571;8287;1338369;32523;32524;8457;32561;8504;8509;1329961;8560;8561;385256;13084
Sauropsida_MACSE,Euleptes_europaea,460621,Euleptes europaea,1;131567;2759;33154;33208;6072;33213;33511;7711;89593;7742;7776;117570;117571;8287;1338369;32523;32524;8457;32561;8504;8509;1329961;8560;1329929;460620
Sauropsida_MACSE,Gekko_japonicus,146911,Gekko japonicus,1;131567;2759;33154;33208;6072;33213;33511;7711;89593;7742;7776;117570;117571;8287;1338369;32523;32524;8457;32561;8504;8509;1329961;8560;8561;385256;8565
Sauropsida_MACSE,Sphaerodactylus_townsendi,933632,Sphaerodactylus townsendi,1;131567;2759;33154;33208;6072;33213;33511;7711;89593;7742;7776;117570;117571;8287;1338369;32523;32524;8457;32561;8504;8509;1329961;8560;1329929;53271
Sauropsida_MACSE,Elgaria_multicarinata_webbii,159646,Elgaria multicarinata webbii,1;131567;2759;33154;33208;6072;33213;33511;7711;89593;7742;7776;117570;117571;8287;1338369;32523;32524;8457;32561;8504;8509;1329961;1329950;1329912;1329911;8548;1330543;1329922;51964;52221;71008
Sauropsida_MACSE,Hemicordylus_capensis,884348,Hemicordylus capensis,1;131567;2759;33154;33208;6072;33213;33511;7711;89593;7742;7776;117570;117571;8287;1338369;32523;32524;8457;32561;8504;8509;1329961;1329950;35033;1329972;52173;174275;885524
Sauropsida_MACSE,Sceloporus_undulatus,8520,Sceloporus undulatus,1;131567;2759;33154;33208;6072;33213;33511;7711;89593;7742;7776;117570;117571;8287;1338369;32523;32524;8457;32561;8504;8509;1329961;1329950;1329912;1329911;8511;2024743;42425;8518
Sauropsida_MACSE,Alligator_sinensis,38654,Alligator sinensis,1;131567;2759;33154;33208;6072;33213;33511;7711;89593;7742;7776;117570;117571;8287;1338369;32523;32524;8457;32561;1329799;8492;1294634;1294636;34915;8495
Sauropsida_MACSE,Crocodylus_porosus,8502,Crocodylus porosus,1;131567;2759;33154;33208;6072;33213;33511;7711;89593;7742;7776;117570;117571;8287;1338369;32523;32524;8457;32561;1329799;8492;1294634;1298654;8493;8500
Sauropsida_MACSE,Caretta_caretta,8467,Caretta caretta,1;131567;2759;33154;33208;6072;33213;33511;7711;89593;7742;7776;117570;117571;8287;1338369;32523;32524;8457;32561;1329799;2841271;8459;8464;1579337;1579336;27791;8465;8466
Sauropsida_MACSE,Eretmochelys_imbricata,27787,Eretmochelys imbricata,1;131567;2759;33154;33208;6072;33213;33511;7711;89593;7742;7776;117570;117571;8287;1338369;32523;32524;8457;32561;1329799;2841271;8459;8464;1579337;1579336;27791;8465;27786
Sauropsida_MACSE,Lepidochelys_kempii,8472,Lepidochelys kempii,1;131567;2759;33154;33208;6072;33213;33511;7711;89593;7742;7776;117570;117571;8287;1338369;32523;32524;8457;32561;1329799;2841271;8459;8464;1579337;1579336;27791;8465;8471
Sauropsida_MACSE,Chelonia_mydas,8469,Chelonia mydas,1;131567;2759;33154;33208;6072;33213;33511;7711;89593;7742;7776;117570;117571;8287;1338369;32523;32524;8457;32561;1329799;2841271;8459;8464;1579337;1579336;27791;8465;8468
Sauropsida_MACSE,Natator_depressus,27790,Natator depressus,1;131567;2759;33154;33208;6072;33213;33511;7711;89593;7742;7776;117570;117571;8287;1338369;32523;32524;8457;32561;1329799;2841271;8459;8464;1579337;1579336;27791;8465;27789
Sauropsida_MACSE,Mauremys_mutica,74926,Mauremys mutica,1;131567;2759;33154;33208;6072;33213;33511;7711;89593;7742;7776;117570;117571;8287;1338369;32523;32524;8457;32561;1329799;2841271;8459;8464;1579337;8486;328320;328321;74925
Sauropsida_MACSE,Malaclemys_terrapin_pileata,2991368,Malaclemys terrapin pileata,1;131567;2759;33154;33208;6072;33213;33511;7711;89593;7742;7776;117570;117571;8287;1338369;32523;32524;8457;32561;1329799;2841271;8459;8464;1579337;8486;8476;8484;8485
Sauropsida_MACSE,Trachemys_scripta_elegans,31138,Trachemys scripta elegans,1;131567;2759;33154;33208;6072;33213;33511;7711;89593;7742;7776;117570;117571;8287;1338369;32523;32524;8457;32561;1329799;2841271;8459;8464;1579337;8486;8476;34902;34903
Sauropsida_MACSE,Emydura_macquarii_macquarii,1129001,Emydura macquarii macquarii,1;131567;2759;33154;33208;6072;33213;33511;7711;89593;7742;7776;117570;117571;8287;1338369;32523;32524;8457;32561;1329799;2841271;8459;8460;8461;44499;90392
