Scope,Human_Position,Domain,Structural_Region,Aligners_Retaining_Site,Median_AA_Entropy,Minimum_Major_AA_Frequency,Maximum_AA_State_Count,Minimum_Occupancy,All_Three_Resolved_N,All_Three_Resolved_Fraction,All_Three_Exact_Among_Resolved,Alignment_Stable,Invariant_Across_Each_Aligner
Euarchontoglires,1,N_terminal,other,3,0.9386808697586008,0.6447368421052632,5,0.9047619047619048,74,0.8809523809523809,0.6216216216216216,False,False
Euarchontoglires,2,N_terminal,other,2,1.2417743851013963,0.620253164556962,6,0.9404761904761904,33,0.3928571428571428,0.9696969696969696,False,False
Euarchontoglires,3,N_terminal,other,2,2.419317700203711,0.4605263157894737,10,0.9047619047619048,33,0.3928571428571428,0.8787878787878788,False,False
Euarchontoglires,4,N_terminal,other,2,3.141348167987349,0.2560975609756097,16,0.9047619047619048,65,0.7738095238095238,0.5230769230769231,False,False
Euarchontoglires,5,N_terminal,other,2,1.9123392342884649,0.5555555555555556,9,0.9642857142857144,66,0.7857142857142857,0.5606060606060606,False,False
Euarchontoglires,6,N_terminal,other,3,2.318750927554801,0.3855421686746988,9,0.8690476190476191,73,0.8690476190476191,0.6164383561643836,False,False
Euarchontoglires,7,N_terminal,other,3,1.13871297267047,0.654320987654321,6,0.9047619047619048,76,0.9047619047619048,0.631578947368421,False,False
Euarchontoglires,8,N_terminal,other,3,1.5113071360803452,0.6666666666666666,8,0.9285714285714286,78,0.9285714285714286,0.6410256410256411,False,False
Euarchontoglires,9,N_terminal,other,3,1.1883171931331633,0.6282051282051282,4,0.9285714285714286,78,0.9285714285714286,0.9871794871794872,True,False
Euarchontoglires,10,N_terminal,other,3,1.546388985281155,0.6282051282051282,5,0.9285714285714286,78,0.9285714285714286,0.6538461538461539,False,False
Euarchontoglires,11,N_terminal,other,3,1.5233086127198694,0.5975609756097561,7,0.9285714285714286,76,0.9047619047619048,0.6578947368421053,False,False
Euarchontoglires,12,N_terminal,other,3,0.1686609314966702,0.975,3,0.9047619047619048,76,0.9047619047619048,1.0,True,False
Euarchontoglires,13,N_terminal,other,3,2.422528119277528,0.3780487804878049,10,0.9285714285714286,78,0.9285714285714286,1.0,True,False
Euarchontoglires,14,N_terminal,other,3,0.8861111136971671,0.8414634146341463,6,0.9285714285714286,78,0.9285714285714286,1.0,True,False
Euarchontoglires,15,N_terminal,other,3,1.5572164026380242,0.654320987654321,9,0.9642857142857144,80,0.9523809523809524,0.975,True,False
Euarchontoglires,16,N_terminal,other,3,0.623875087658821,0.8902439024390244,6,0.9523809523809524,79,0.9404761904761904,1.0,True,False
Euarchontoglires,17,N_terminal,other,3,1.0901824404861782,0.8048780487804879,7,0.9523809523809524,79,0.9404761904761904,1.0,True,False
Euarchontoglires,18,N_terminal,other,3,1.1911535278793055,0.6463414634146342,4,0.9523809523809524,79,0.9404761904761904,1.0,True,False
Euarchontoglires,19,N_terminal,other,3,0.1686609314966702,0.9634146341463414,3,0.9523809523809524,79,0.9404761904761904,1.0,True,False
Euarchontoglires,20,N_terminal,other,3,1.3639968950418122,0.6097560975609756,7,0.9523809523809524,80,0.9523809523809524,1.0,True,False
Euarchontoglires,21,N_terminal,other,3,1.04324840570675,0.5975609756097561,4,0.9642857142857144,81,0.9642857142857144,0.9876543209876544,True,False
Euarchontoglires,22,N_terminal,other,3,0.677972468311727,0.9,6,0.9523809523809524,79,0.9404761904761904,0.9873417721518988,True,False
Euarchontoglires,23,N_terminal,other,3,1.9605128555999565,0.5569620253164557,8,0.9404761904761904,76,0.9047619047619048,1.0,True,False
Euarchontoglires,24,N_terminal,other,3,0.9556769579219926,0.8227848101265823,5,0.9166666666666666,76,0.9047619047619048,1.0,True,False
Euarchontoglires,25,N_terminal,other,3,1.599544159315025,0.675,8,0.9285714285714286,78,0.9285714285714286,1.0,True,False
Euarchontoglires,26,N_terminal,other,3,1.84931898503156,0.5125,8,0.9285714285714286,78,0.9285714285714286,0.9871794871794872,True,False
Euarchontoglires,27,N_terminal,other,3,1.203360961378432,0.7901234567901234,8,0.9404761904761904,78,0.9285714285714286,0.9871794871794872,True,False
Euarchontoglires,28,N_terminal,other,3,1.448881764983402,0.5925925925925926,4,0.9523809523809524,80,0.9523809523809524,0.9875,True,False
Euarchontoglires,29,N_terminal,other,3,2.3459248007456397,0.3253012048192771,8,0.9523809523809524,80,0.9523809523809524,1.0,True,False
Euarchontoglires,30,N_terminal,other,3,1.0030522806537476,0.7951807228915663,6,0.9523809523809524,80,0.9523809523809524,0.9875,True,False
Euarchontoglires,31,N_terminal,other,3,1.380547821328469,0.7530864197530864,7,0.9523809523809524,79,0.9404761904761904,0.9873417721518988,True,False
Euarchontoglires,32,N_terminal,other,3,2.171552083373262,0.3974358974358974,7,0.9285714285714286,78,0.9285714285714286,1.0,True,False
Euarchontoglires,33,N_terminal,other,3,2.8159303765811687,0.2682926829268293,10,0.9404761904761904,79,0.9404761904761904,1.0,True,False
Euarchontoglires,34,N_terminal,other,3,0.0959704029958718,0.975609756097561,3,0.9642857142857144,81,0.9642857142857144,1.0,True,False
Euarchontoglires,35,N_terminal,other,3,0.0950172456710763,0.9878048780487804,2,0.9642857142857144,81,0.9642857142857144,1.0,True,False
Euarchontoglires,36,N_terminal,other,3,0.993123177019224,0.5421686746987951,3,0.9761904761904762,82,0.9761904761904762,1.0,True,False
Euarchontoglires,37,N_terminal,other,3,1.7762243231082886,0.573170731707317,7,0.9761904761904762,82,0.9761904761904762,1.0,True,False
Euarchontoglires,38,N_terminal,other,3,0.2600071374718504,0.9518072289156626,4,0.9761904761904762,82,0.9761904761904762,1.0,True,False
Euarchontoglires,39,N_terminal,other,3,1.4632496575710838,0.6144578313253012,9,0.9761904761904762,82,0.9761904761904762,1.0,True,False
Euarchontoglires,40,N_terminal,other,3,0.4713181413068885,0.9036144578313252,4,0.9761904761904762,82,0.9761904761904762,1.0,True,False
Euarchontoglires,41,ADD,other,3,0.0,0.9879518072289156,2,0.9761904761904762,82,0.9761904761904762,1.0,True,False
Euarchontoglires,42,ADD,other,3,0.2264109484210764,0.9518072289156626,3,0.9761904761904762,82,0.9761904761904762,1.0,True,False
Euarchontoglires,43,ADD,other,3,1.9009221030261352,0.5060240963855421,9,0.9761904761904762,82,0.9761904761904762,1.0,True,False
Euarchontoglires,44,ADD,other,3,0.7201240517519706,0.8536585365853658,4,0.9761904761904762,82,0.9761904761904762,1.0,True,False
Euarchontoglires,45,ADD,other,3,0.1898172778987058,0.975609756097561,3,0.9761904761904762,82,0.9761904761904762,1.0,True,False
Euarchontoglires,46,ADD,other,3,0.9726785389755992,0.7926829268292683,5,0.9761904761904762,82,0.9761904761904762,1.0,True,False
Euarchontoglires,47,ADD,other,3,0.0,1.0,1,0.9761904761904762,82,0.9761904761904762,1.0,True,True
Euarchontoglires,48,ADD,other,3,1.0380621796003504,0.7951807228915663,5,0.9761904761904762,82,0.9761904761904762,1.0,True,False
Euarchontoglires,49,ADD,other,3,0.2816147615759731,0.963855421686747,4,0.988095238095238,83,0.988095238095238,1.0,True,False
Euarchontoglires,50,ADD,other,3,0.0940844388326734,0.9879518072289156,2,0.988095238095238,83,0.988095238095238,1.0,True,False
Euarchontoglires,51,ADD,other,3,0.7377723179291843,0.8554216867469879,3,0.988095238095238,83,0.988095238095238,1.0,True,False
Euarchontoglires,52,ADD,other,3,0.7034593628603965,0.8809523809523809,4,1.0,84,1.0,1.0,True,False
Euarchontoglires,53,ADD,other,3,0.0,1.0,1,1.0,84,1.0,1.0,True,True
Euarchontoglires,54,ADD,other,3,0.4912373418243331,0.8928571428571429,2,1.0,84,1.0,1.0,True,False
Euarchontoglires,55,ADD,other,3,0.4631229151854943,0.9166666666666666,3,1.0,84,1.0,1.0,True,False
Euarchontoglires,56,ADD,other,3,0.0,1.0,1,1.0,84,1.0,1.0,True,True
Euarchontoglires,57,ADD,other,3,0.0931713179954893,0.988095238095238,2,1.0,84,1.0,1.0,True,False
Euarchontoglires,58,ADD,other,3,0.5451578776931523,0.8928571428571429,3,1.0,84,1.0,1.0,True,False
Euarchontoglires,59,ADD,other,3,1.1390847644589384,0.6785714285714286,4,1.0,84,1.0,1.0,True,False
Euarchontoglires,60,ADD,other,3,0.5095530881603768,0.9166666666666666,4,1.0,84,1.0,1.0,True,False
Euarchontoglires,61,ADD,other,3,0.1623261801753929,0.9761904761904762,2,1.0,84,1.0,1.0,True,False
Euarchontoglires,62,ADD,other,3,0.9654209649005782,0.6904761904761905,3,1.0,84,1.0,1.0,True,False
Euarchontoglires,63,ADD,other,3,0.7362556426480568,0.8809523809523809,5,1.0,84,1.0,1.0,True,False
Euarchontoglires,64,ADD,other,3,0.5974240625212854,0.8928571428571429,3,1.0,84,1.0,1.0,True,False
Euarchontoglires,65,ADD,other,3,0.0,1.0,1,1.0,84,1.0,1.0,True,True
Euarchontoglires,66,ADD,other,3,0.0,1.0,1,1.0,84,1.0,1.0,True,True
Euarchontoglires,67,ADD,other,3,0.0,1.0,1,1.0,84,1.0,1.0,True,True
Euarchontoglires,68,ADD,other,3,0.0,1.0,1,1.0,84,1.0,1.0,True,True
Euarchontoglires,69,ADD,other,3,0.5673477664017261,0.9166666666666666,5,1.0,84,1.0,1.0,True,False
Euarchontoglires,70,ADD,other,3,0.0,1.0,1,1.0,84,1.0,1.0,True,True
Euarchontoglires,71,ADD,other,3,0.0,1.0,1,1.0,84,1.0,1.0,True,True
Euarchontoglires,72,ADD,other,3,1.2887638176968608,0.5238095238095238,3,1.0,84,1.0,1.0,True,False
Euarchontoglires,73,ADD,other,3,0.0,1.0,1,1.0,84,1.0,1.0,True,True
Euarchontoglires,74,ADD,other,3,0.8967560774798164,0.8214285714285714,4,1.0,84,1.0,1.0,True,False
Euarchontoglires,75,ADD,other,3,0.8077512443125945,0.8333333333333334,4,1.0,84,1.0,1.0,True,False
Euarchontoglires,76,ADD,other,3,0.0,1.0,1,1.0,84,1.0,1.0,True,True
Euarchontoglires,77,ADD,other,3,0.0,1.0,1,1.0,84,1.0,1.0,True,True
Euarchontoglires,78,ADD,other,3,0.0931713179954893,0.988095238095238,2,1.0,84,1.0,1.0,True,False
Euarchontoglires,79,ADD,other,3,1.4809259318636363,0.6904761904761905,5,1.0,84,1.0,1.0,True,False
Euarchontoglires,80,ADD,other,3,0.3476239990765105,0.9523809523809524,4,1.0,84,1.0,1.0,True,False
Euarchontoglires,81,ADD,other,3,0.0,1.0,1,1.0,84,1.0,1.0,True,True
Euarchontoglires,82,ADD,other,3,1.42074744868092,0.5,5,1.0,84,1.0,1.0,True,False
Euarchontoglires,83,ADD,other,3,1.2887638176968608,0.5238095238095238,3,1.0,84,1.0,1.0,True,False
Euarchontoglires,84,ADD,other,3,0.8077512443125945,0.8333333333333334,4,1.0,84,1.0,1.0,True,False
Euarchontoglires,85,ADD,other,3,0.0,1.0,1,1.0,84,1.0,1.0,True,True
Euarchontoglires,86,ADD,other,3,0.6363704102008759,0.8809523809523809,4,1.0,84,1.0,1.0,True,False
Euarchontoglires,87,ADD,other,3,0.0,1.0,1,1.0,84,1.0,1.0,True,True
Euarchontoglires,88,ADD,other,3,0.0,1.0,1,1.0,84,1.0,1.0,True,True
Euarchontoglires,89,ADD,other,3,1.347291602523624,0.5595238095238095,4,1.0,84,1.0,1.0,True,False
Euarchontoglires,90,ADD,other,3,0.0,1.0,1,1.0,84,1.0,1.0,True,True
Euarchontoglires,91,ADD,other,3,0.0,1.0,1,1.0,84,1.0,1.0,True,True
Euarchontoglires,92,ADD,other,3,0.8926230133850986,0.6904761904761905,2,1.0,84,1.0,1.0,True,False
Euarchontoglires,93,ADD,other,3,0.1623261801753929,0.9761904761904762,2,1.0,84,1.0,1.0,True,False
Euarchontoglires,94,ADD,other,3,0.4754571778571074,0.9285714285714286,4,1.0,84,1.0,1.0,True,False
Euarchontoglires,95,ADD,other,3,0.8964650954753519,0.8452380952380952,5,1.0,84,1.0,1.0,True,False
Euarchontoglires,96,ADD,other,3,0.0,1.0,1,1.0,84,1.0,1.0,True,True
Euarchontoglires,97,ADD,other,3,0.6216297820565386,0.8452380952380952,2,1.0,84,1.0,1.0,True,False
Euarchontoglires,98,ADD,other,3,0.0931713179954893,0.988095238095238,2,1.0,84,1.0,1.0,True,False
Euarchontoglires,99,ADD,other,3,0.0,1.0,1,1.0,84,1.0,1.0,True,True
Euarchontoglires,100,ADD,other,3,1.3395477010386965,0.7023809523809523,4,1.0,84,1.0,1.0,True,False
Euarchontoglires,101,ADD,other,3,0.8578328038344408,0.8452380952380952,4,1.0,84,1.0,1.0,True,False
Euarchontoglires,102,ADD,other,3,0.0,1.0,1,1.0,84,1.0,1.0,True,True
Euarchontoglires,103,ADD,other,3,2.161392871228855,0.4642857142857143,7,1.0,84,1.0,1.0,True,False
Euarchontoglires,104,ADD,other,3,0.3833463917293008,0.9404761904761904,3,1.0,84,1.0,1.0,True,False
Euarchontoglires,105,ADD,other,3,0.0,1.0,1,1.0,84,1.0,1.0,True,True
Euarchontoglires,106,ADD,other,3,0.9059282160429992,0.6785714285714286,2,1.0,84,1.0,1.0,True,False
Euarchontoglires,107,ADD,other,3,0.2550811104733483,0.9642857142857144,3,1.0,84,1.0,1.0,True,False
Euarchontoglires,108,ADD,other,3,0.0,1.0,1,1.0,84,1.0,1.0,True,True
Euarchontoglires,109,ADD,other,3,0.8468781063424822,0.7261904761904762,2,1.0,84,1.0,1.0,True,False
Euarchontoglires,110,ADD,other,3,1.1518275414627384,0.5476190476190477,4,1.0,84,1.0,1.0,True,False
Euarchontoglires,111,ADD,other,3,0.1861357039849167,0.9761904761904762,3,1.0,84,1.0,1.0,True,False
Euarchontoglires,112,ADD,other,3,0.3685236238979135,0.9404761904761904,3,1.0,84,1.0,1.0,True,False
Euarchontoglires,113,ADD,other,3,0.0,1.0,1,1.0,84,1.0,1.0,True,True
Euarchontoglires,114,ADD,other,3,0.0931713179954893,0.988095238095238,2,1.0,84,1.0,1.0,True,False
Euarchontoglires,115,ADD,other,3,0.0,1.0,1,1.0,84,1.0,1.0,True,True
Euarchontoglires,116,ADD,other,3,0.2761954276479391,0.9523809523809524,2,1.0,84,1.0,1.0,True,False
Euarchontoglires,117,ADD,other,3,0.0,1.0,1,1.0,84,1.0,1.0,True,True
Euarchontoglires,118,ADD,other,3,0.0,1.0,1,1.0,84,1.0,1.0,True,True
Euarchontoglires,119,ADD,other,3,0.5896261811873141,0.8928571428571429,3,1.0,84,1.0,1.0,True,False
Euarchontoglires,120,ADD,other,3,0.3238144752669867,0.9523809523809524,3,1.0,84,1.0,1.0,True,False
Euarchontoglires,121,ADD,other,3,0.0,1.0,1,1.0,84,1.0,1.0,True,True
Euarchontoglires,122,ADD,other,3,0.528715474760815,0.9166666666666666,4,1.0,84,1.0,1.0,True,False
Euarchontoglires,123,ADD,other,3,0.0,1.0,1,1.0,84,1.0,1.0,True,True
Euarchontoglires,124,ADD,other,3,2.156012638323149,0.3928571428571428,7,1.0,84,1.0,1.0,True,False
Euarchontoglires,125,ADD,other,3,0.0,1.0,1,1.0,84,1.0,1.0,True,True
Euarchontoglires,126,ADD,other,3,0.1861357039849167,0.9761904761904762,3,1.0,84,1.0,1.0,True,False
Euarchontoglires,127,ADD,other,3,0.8019138054748571,0.8214285714285714,4,1.0,84,1.0,1.0,True,False
Euarchontoglires,128,ADD,other,3,0.0931713179954893,0.988095238095238,2,1.0,84,1.0,1.0,True,False
Euarchontoglires,129,ADD,other,3,0.0,1.0,1,1.0,84,1.0,1.0,True,True
Euarchontoglires,130,ADD,other,3,0.3685236238979135,0.9404761904761904,3,1.0,84,1.0,1.0,True,False
Euarchontoglires,131,ADD,other,3,0.4537163391869448,0.9047619047619048,2,1.0,84,1.0,1.0,True,False
Euarchontoglires,132,ADD,other,3,1.3787855974443248,0.4761904761904761,4,1.0,84,1.0,1.0,True,False
Euarchontoglires,133,ADD,other,3,1.162326180175393,0.4880952380952381,4,1.0,84,1.0,1.0,True,False
Euarchontoglires,134,ADD,other,3,1.1953744945234692,0.5714285714285714,4,1.0,84,1.0,1.0,True,False
Euarchontoglires,135,ADD,other,3,1.7416787195907677,0.5595238095238095,5,1.0,84,1.0,1.0,True,False
Euarchontoglires,136,ADD,other,3,0.8281872681716663,0.8452380952380952,4,1.0,84,1.0,1.0,True,False
Euarchontoglires,137,ADD,other,3,0.4399521953264849,0.9404761904761904,5,1.0,84,1.0,1.0,True,False
Euarchontoglires,138,ADD,other,3,1.5674930364035125,0.6190476190476191,7,1.0,84,1.0,1.0,True,False
Euarchontoglires,139,ADD,other,3,1.9158788886313212,0.4642857142857143,8,1.0,84,1.0,1.0,True,False
Euarchontoglires,140,ADD,other,3,0.0,1.0,1,1.0,84,1.0,1.0,True,True
Euarchontoglires,141,ADD,other,3,0.3238144752669867,0.9523809523809524,3,1.0,84,1.0,1.0,True,False
Euarchontoglires,142,ADD,other,3,0.0,1.0,1,1.0,84,1.0,1.0,True,True
Euarchontoglires,143,ADD,other,3,0.6898254696731743,0.8809523809523809,4,1.0,84,1.0,1.0,True,False
Euarchontoglires,144,ADD,other,3,0.0,1.0,1,1.0,84,1.0,1.0,True,True
Euarchontoglires,145,ADD,other,3,0.0,1.0,1,1.0,84,1.0,1.0,True,True
Euarchontoglires,146,ADD,other,3,0.2550811104733483,0.9642857142857144,3,1.0,84,1.0,1.0,True,False
Euarchontoglires,147,ADD,other,3,0.0,1.0,1,1.0,84,1.0,1.0,True,True
Euarchontoglires,148,ADD,other,3,0.8222449875615018,0.8571428571428571,5,1.0,84,1.0,1.0,True,False
Euarchontoglires,149,ADD,other,3,1.2806350103116273,0.7142857142857143,5,1.0,84,1.0,1.0,True,False
Euarchontoglires,150,ADD,other,3,0.9609531358282069,0.8571428571428571,8,1.0,84,1.0,1.0,True,False
Euarchontoglires,151,ADD,other,3,0.6403959729312475,0.8928571428571429,4,1.0,84,1.0,1.0,True,False
Euarchontoglires,152,ADD,other,3,0.0,1.0,1,1.0,84,1.0,1.0,True,True
Euarchontoglires,153,ADD,other,3,0.0,1.0,1,1.0,84,1.0,1.0,True,True
Euarchontoglires,154,ADD,other,3,0.0,1.0,1,1.0,84,1.0,1.0,True,True
Euarchontoglires,155,ADD,other,3,0.7486345514120754,0.8333333333333334,3,1.0,84,1.0,1.0,True,False
Euarchontoglires,156,ADD,other,3,0.0,1.0,1,1.0,84,1.0,1.0,True,True
Euarchontoglires,157,ADD,other,3,0.0,1.0,1,1.0,84,1.0,1.0,True,True
Euarchontoglires,158,ADD,other,3,0.987393095758641,0.7261904761904762,4,1.0,84,1.0,1.0,True,False
Euarchontoglires,159,ADD,other,3,0.8060026357093609,0.8095238095238095,3,1.0,84,1.0,1.0,True,False
Euarchontoglires,160,ADD,other,3,0.0,1.0,1,1.0,84,1.0,1.0,True,True
Euarchontoglires,161,ADD,other,3,0.0931713179954893,0.988095238095238,2,1.0,84,1.0,1.0,True,False
Euarchontoglires,162,ADD,other,3,2.529696439528413,0.3214285714285714,8,1.0,84,1.0,1.0,True,False
Euarchontoglires,163,ADD,other,3,1.163771879164648,0.75,4,1.0,84,1.0,1.0,True,False
Euarchontoglires,164,ADD,other,3,0.0,1.0,1,1.0,84,1.0,1.0,True,True
Euarchontoglires,165,ADD,other,3,0.0,1.0,1,1.0,84,1.0,1.0,True,True
Euarchontoglires,166,ADD,other,3,0.4071559155388246,0.9404761904761904,4,1.0,84,1.0,1.0,True,False
Euarchontoglires,167,ADD,other,3,0.0,1.0,1,1.0,84,1.0,1.0,True,True
Euarchontoglires,168,ADD,other,3,1.8061066484068329,0.4642857142857143,5,1.0,84,1.0,1.0,True,False
Euarchontoglires,169,ADD,other,3,0.416142671516961,0.9404761904761904,4,1.0,84,1.0,1.0,True,False
Euarchontoglires,170,ADD,other,3,1.5753831576811776,0.5714285714285714,5,1.0,84,1.0,1.0,True,False
Euarchontoglires,171,ADD,other,3,0.5082534576447677,0.9285714285714286,5,1.0,84,1.0,1.0,True,False
Euarchontoglires,172,ADD,other,3,1.7770886721372965,0.4285714285714285,5,1.0,84,1.0,1.0,True,False
Euarchontoglires,173,ADD,other,3,2.2039481952504136,0.4166666666666667,9,1.0,84,1.0,1.0,True,False
Euarchontoglires,174,linker,other,3,1.2506471366148688,0.7142857142857143,6,1.0,84,1.0,1.0,True,False
Euarchontoglires,175,linker,other,3,0.5054843813964303,0.9047619047619048,3,1.0,84,1.0,1.0,True,False
Euarchontoglires,176,linker,other,3,1.3751940195551513,0.7261904761904762,6,1.0,84,1.0,1.0,True,False
Euarchontoglires,177,linker,other,3,0.7035413180377929,0.8690476190476191,4,1.0,84,1.0,1.0,True,False
Euarchontoglires,178,C_terminal_MTase_like,other,3,1.100822180555377,0.7261904761904762,5,1.0,84,1.0,1.0,True,False
Euarchontoglires,179,C_terminal_MTase_like,other,3,0.9297432191769046,0.6547619047619048,2,1.0,84,1.0,1.0,True,False
Euarchontoglires,180,C_terminal_MTase_like,other,3,1.2009102795095283,0.5714285714285714,3,1.0,84,1.0,1.0,True,False
Euarchontoglires,181,C_terminal_MTase_like,other,3,0.6902149432906054,0.8690476190476191,3,1.0,84,1.0,1.0,True,False
Euarchontoglires,182,C_terminal_MTase_like,other,3,0.3712323266408756,0.9285714285714286,2,1.0,84,1.0,1.0,True,False
Euarchontoglires,183,C_terminal_MTase_like,other,3,0.979386905170919,0.6785714285714286,3,1.0,84,1.0,1.0,True,False
Euarchontoglires,184,C_terminal_MTase_like,other,3,1.1281173098176147,0.5952380952380952,4,1.0,84,1.0,1.0,True,False
Euarchontoglires,185,C_terminal_MTase_like,other,3,0.2550811104733483,0.9642857142857144,3,1.0,84,1.0,1.0,True,False
Euarchontoglires,186,C_terminal_MTase_like,other,3,0.9587118829771318,0.6190476190476191,2,1.0,84,1.0,1.0,True,False
Euarchontoglires,187,C_terminal_MTase_like,other,3,0.1623261801753929,0.9761904761904762,2,1.0,84,1.0,1.0,True,False
Euarchontoglires,188,C_terminal_MTase_like,other,3,1.409795759166521,0.4880952380952381,4,1.0,84,1.0,1.0,True,False
Euarchontoglires,189,C_terminal_MTase_like,other,3,0.1861357039849167,0.9761904761904762,3,1.0,84,1.0,1.0,True,False
Euarchontoglires,190,C_terminal_MTase_like,other,3,1.1158974114826457,0.7619047619047619,4,1.0,84,1.0,1.0,True,False
Euarchontoglires,191,C_terminal_MTase_like,other,3,0.3712323266408756,0.9285714285714286,2,1.0,84,1.0,1.0,True,False
Euarchontoglires,192,C_terminal_MTase_like,other,3,0.0,1.0,1,1.0,84,1.0,1.0,True,True
Euarchontoglires,193,C_terminal_MTase_like,other,3,0.0,1.0,1,1.0,84,1.0,1.0,True,True
Euarchontoglires,194,C_terminal_MTase_like,other,3,0.9379218672441006,0.8333333333333334,5,1.0,84,1.0,1.0,True,False
Euarchontoglires,195,C_terminal_MTase_like,other,3,0.0,1.0,1,1.0,84,1.0,1.0,True,True
Euarchontoglires,196,C_terminal_MTase_like,other,3,0.0,1.0,1,1.0,84,1.0,1.0,True,True
Euarchontoglires,197,C_terminal_MTase_like,other,3,1.114837894450261,0.6666666666666666,4,1.0,84,1.0,1.0,True,False
Euarchontoglires,198,C_terminal_MTase_like,other,3,1.4325938121629815,0.5476190476190477,4,1.0,84,1.0,1.0,True,False
Euarchontoglires,199,C_terminal_MTase_like,other,3,0.0,1.0,1,1.0,84,1.0,1.0,True,True
Euarchontoglires,200,C_terminal_MTase_like,other,3,1.9739543274860911,0.5476190476190477,8,1.0,84,1.0,1.0,True,False
Euarchontoglires,201,C_terminal_MTase_like,other,3,0.8273902673892352,0.8571428571428571,5,1.0,84,1.0,1.0,True,False
Euarchontoglires,202,C_terminal_MTase_like,other,3,0.222284830685688,0.9642857142857144,2,1.0,84,1.0,1.0,True,False
Euarchontoglires,203,C_terminal_MTase_like,other,3,0.0,1.0,1,1.0,84,1.0,1.0,True,True
Euarchontoglires,204,C_terminal_MTase_like,other,3,1.959572218109743,0.5476190476190477,7,1.0,84,1.0,1.0,True,False
Euarchontoglires,205,C_terminal_MTase_like,other,3,0.1623261801753929,0.9761904761904762,2,1.0,84,1.0,1.0,True,False
Euarchontoglires,206,C_terminal_MTase_like,other,3,0.0,1.0,1,1.0,84,1.0,1.0,True,True
Euarchontoglires,207,C_terminal_MTase_like,other,3,0.0,1.0,1,1.0,84,1.0,1.0,True,True
Euarchontoglires,208,C_terminal_MTase_like,other,3,0.0,1.0,1,1.0,84,1.0,1.0,True,True
Euarchontoglires,209,C_terminal_MTase_like,other,3,0.222284830685688,0.9642857142857144,2,1.0,84,1.0,1.0,True,False
Euarchontoglires,210,C_terminal_MTase_like,other,3,0.4537163391869448,0.9047619047619048,2,1.0,84,1.0,1.0,True,False
Euarchontoglires,211,C_terminal_MTase_like,other,3,2.0081348421204135,0.6144578313253012,10,0.988095238095238,83,0.988095238095238,1.0,True,False
Euarchontoglires,212,C_terminal_MTase_like,other,3,0.3868917135948905,0.9390243902439024,3,0.9761904761904762,82,0.9761904761904762,1.0,True,False
Euarchontoglires,213,C_terminal_MTase_like,other,3,0.3578430444462617,0.9047619047619048,6,0.9642857142857144,81,0.9642857142857144,0.925925925925926,True,False
Euarchontoglires,214,C_terminal_MTase_like,other,3,2.084941892025826,0.3928571428571428,7,0.988095238095238,83,0.988095238095238,0.963855421686747,True,False
Euarchontoglires,215,C_terminal_MTase_like,other,3,2.4880906120018333,0.3452380952380952,9,1.0,84,1.0,0.9523809523809524,True,False
Euarchontoglires,216,C_terminal_MTase_like,other,3,0.4368248862161963,0.9285714285714286,3,1.0,84,1.0,1.0,True,False
Euarchontoglires,217,C_terminal_MTase_like,other,3,1.6947346397019185,0.5238095238095238,7,1.0,84,1.0,1.0,True,False
Euarchontoglires,218,C_terminal_MTase_like,other,3,0.3685236238979135,0.9404761904761904,3,1.0,84,1.0,1.0,True,False
Euarchontoglires,219,C_terminal_MTase_like,other,3,0.9193299862373648,0.7976190476190477,5,1.0,84,1.0,1.0,True,False
Euarchontoglires,220,C_terminal_MTase_like,other,3,1.078546627513642,0.6547619047619048,4,1.0,84,1.0,1.0,True,False
Euarchontoglires,221,C_terminal_MTase_like,other,3,0.8296071030882031,0.7380952380952381,2,1.0,84,1.0,1.0,True,False
Euarchontoglires,222,C_terminal_MTase_like,other,3,1.388765407226966,0.4761904761904761,5,1.0,84,1.0,1.0,True,False
Euarchontoglires,223,C_terminal_MTase_like,other,3,0.0931713179954893,0.988095238095238,2,1.0,84,1.0,1.0,True,False
Euarchontoglires,224,C_terminal_MTase_like,other,3,0.0931713179954893,0.988095238095238,2,1.0,84,1.0,1.0,True,False
Euarchontoglires,225,C_terminal_MTase_like,other,3,0.1861357039849167,0.9761904761904762,3,1.0,84,1.0,1.0,True,False
Euarchontoglires,226,C_terminal_MTase_like,other,3,0.9897525351939972,0.5595238095238095,2,1.0,84,1.0,1.0,True,False
Euarchontoglires,227,C_terminal_MTase_like,other,3,1.2922669208691815,0.5952380952380952,3,1.0,84,1.0,1.0,True,False
Euarchontoglires,228,C_terminal_MTase_like,other,3,0.0,1.0,1,1.0,84,1.0,1.0,True,True
Euarchontoglires,229,C_terminal_MTase_like,other,3,0.0,1.0,1,1.0,84,1.0,1.0,True,True
Euarchontoglires,230,C_terminal_MTase_like,other,3,0.9182958340544896,0.6666666666666666,2,1.0,84,1.0,1.0,True,False
Euarchontoglires,231,C_terminal_MTase_like,other,3,0.4176624996157581,0.9285714285714286,3,1.0,84,1.0,1.0,True,False
Euarchontoglires,232,C_terminal_MTase_like,other,3,0.0931713179954893,0.988095238095238,2,1.0,84,1.0,1.0,True,False
Euarchontoglires,233,C_terminal_MTase_like,other,3,0.1861357039849167,0.9761904761904762,3,1.0,84,1.0,1.0,True,False
Euarchontoglires,234,C_terminal_MTase_like,other,3,1.9819083599991223,0.5595238095238095,9,1.0,84,1.0,1.0,True,False
Euarchontoglires,235,C_terminal_MTase_like,other,3,0.0,1.0,1,1.0,84,1.0,1.0,True,True
Euarchontoglires,236,C_terminal_MTase_like,other,3,0.0,1.0,1,1.0,84,1.0,1.0,True,True
Euarchontoglires,237,C_terminal_MTase_like,other,3,0.0,1.0,1,1.0,84,1.0,1.0,True,True
Euarchontoglires,238,C_terminal_MTase_like,other,3,0.1623261801753929,0.9761904761904762,2,1.0,84,1.0,1.0,True,False
Euarchontoglires,239,C_terminal_MTase_like,other,3,0.1861357039849167,0.9761904761904762,3,1.0,84,1.0,1.0,True,False
Euarchontoglires,240,C_terminal_MTase_like,other,3,0.0931713179954893,0.988095238095238,2,1.0,84,1.0,1.0,True,False
Euarchontoglires,241,C_terminal_MTase_like,other,3,1.0664857211782817,0.6428571428571429,3,1.0,84,1.0,1.0,True,False
Euarchontoglires,242,C_terminal_MTase_like,other,3,0.222284830685688,0.9642857142857144,2,1.0,84,1.0,1.0,True,False
Euarchontoglires,243,C_terminal_MTase_like,other,3,0.0,1.0,1,1.0,84,1.0,1.0,True,True
Euarchontoglires,244,C_terminal_MTase_like,other,3,0.9666186325481028,0.6071428571428571,2,1.0,84,1.0,1.0,True,False
Euarchontoglires,245,C_terminal_MTase_like,other,3,0.0,1.0,1,1.0,84,1.0,1.0,True,True
Euarchontoglires,246,C_terminal_MTase_like,other,3,1.2009937443475174,0.6547619047619048,5,1.0,84,1.0,1.0,True,False
Euarchontoglires,247,C_terminal_MTase_like,other,3,1.138710650054874,0.7619047619047619,6,1.0,84,1.0,1.0,True,False
Euarchontoglires,248,C_terminal_MTase_like,other,3,1.0776986637231558,0.7976190476190477,5,1.0,84,1.0,1.0,True,False
Euarchontoglires,249,C_terminal_MTase_like,other,3,0.3148277192888502,0.9523809523809524,3,1.0,84,1.0,1.0,True,False
Euarchontoglires,250,C_terminal_MTase_like,other,3,1.8622602959841457,0.6144578313253012,8,0.9523809523809524,80,0.9523809523809524,1.0,True,False
Euarchontoglires,251,C_terminal_MTase_like,other,3,1.8141019366758688,0.3975903614457831,5,0.9523809523809524,80,0.9523809523809524,1.0,True,False
Euarchontoglires,252,C_terminal_MTase_like,other,3,0.9455280219924208,0.8313253012048193,5,0.988095238095238,83,0.988095238095238,0.963855421686747,True,False
Euarchontoglires,253,C_terminal_MTase_like,other,3,1.660883281243654,0.7023809523809523,9,1.0,84,1.0,0.9642857142857144,True,False
Euarchontoglires,254,C_terminal_MTase_like,other,3,1.1619072376334934,0.5,4,1.0,84,1.0,1.0,True,False
Euarchontoglires,255,C_terminal_MTase_like,other,3,1.5087044149871367,0.4642857142857143,3,1.0,84,1.0,1.0,True,False
Euarchontoglires,256,C_terminal_MTase_like,other,3,0.0,1.0,1,1.0,84,1.0,1.0,True,True
Euarchontoglires,257,C_terminal_MTase_like,other,3,1.389628835162558,0.5714285714285714,3,1.0,84,1.0,1.0,True,False
Euarchontoglires,258,C_terminal_MTase_like,other,3,0.0,1.0,1,1.0,84,1.0,1.0,True,True
Euarchontoglires,259,C_terminal_MTase_like,other,3,0.4631229151854943,0.9166666666666666,3,1.0,84,1.0,1.0,True,False
Euarchontoglires,260,C_terminal_MTase_like,other,3,1.004451683951746,0.6547619047619048,3,1.0,84,1.0,1.0,True,False
Euarchontoglires,261,C_terminal_MTase_like,other,3,0.1861357039849167,0.9761904761904762,3,1.0,84,1.0,1.0,True,False
Euarchontoglires,262,C_terminal_MTase_like,other,3,0.0931713179954893,0.988095238095238,2,1.0,84,1.0,1.0,True,False
Euarchontoglires,263,C_terminal_MTase_like,other,3,0.0,1.0,1,1.0,84,1.0,1.0,True,True
Euarchontoglires,264,C_terminal_MTase_like,other,3,0.2761954276479391,0.9523809523809524,2,1.0,84,1.0,1.0,True,False
Euarchontoglires,265,C_terminal_MTase_like,other,3,0.0,1.0,1,1.0,84,1.0,1.0,True,True
Euarchontoglires,266,C_terminal_MTase_like,other,3,1.341602986893306,0.6071428571428571,4,1.0,84,1.0,1.0,True,False
Euarchontoglires,267,C_terminal_MTase_like,other,3,0.0931713179954893,0.988095238095238,2,1.0,84,1.0,1.0,True,False
Euarchontoglires,268,C_terminal_MTase_like,other,3,0.1861357039849167,0.9761904761904762,3,1.0,84,1.0,1.0,True,False
Euarchontoglires,269,C_terminal_MTase_like,other,3,0.0,1.0,1,1.0,84,1.0,1.0,True,True
Euarchontoglires,270,C_terminal_MTase_like,other,3,0.4071559155388246,0.9404761904761904,4,1.0,84,1.0,1.0,True,False
Euarchontoglires,271,C_terminal_MTase_like,other,3,0.9217544759335056,0.8214285714285714,4,1.0,84,1.0,1.0,True,False
Euarchontoglires,272,C_terminal_MTase_like,other,3,0.1861357039849167,0.9761904761904762,3,1.0,84,1.0,1.0,True,False
Euarchontoglires,273,C_terminal_MTase_like,other,3,2.729789470887734,0.25,10,1.0,84,1.0,1.0,True,False
Euarchontoglires,274,C_terminal_MTase_like,other,3,1.8130619093578173,0.5822784810126582,6,0.9404761904761904,79,0.9404761904761904,1.0,True,False
Euarchontoglires,275,C_terminal_MTase_like,other,3,1.0384851523520886,0.8095238095238095,5,1.0,84,1.0,1.0,True,False
Euarchontoglires,276,C_terminal_MTase_like,other,3,0.6352057736849988,0.9047619047619048,5,1.0,84,1.0,1.0,True,False
Euarchontoglires,277,C_terminal_MTase_like,other,3,1.3407995628989893,0.5833333333333334,6,1.0,84,1.0,1.0,True,False
Euarchontoglires,278,C_terminal_MTase_like,other,3,1.3290278925606032,0.5783132530120482,3,0.988095238095238,83,0.988095238095238,1.0,True,False
Euarchontoglires,279,C_terminal_MTase_like,other,3,0.3685236238979135,0.9404761904761904,3,1.0,84,1.0,1.0,True,False
Euarchontoglires,280,C_terminal_MTase_like,other,3,0.0,1.0,1,1.0,84,1.0,1.0,True,True
Euarchontoglires,281,C_terminal_MTase_like,other,3,0.0,1.0,1,1.0,84,1.0,1.0,True,True
Euarchontoglires,282,C_terminal_MTase_like,other,3,0.0,1.0,1,1.0,84,1.0,1.0,True,True
Euarchontoglires,283,C_terminal_MTase_like,other,3,1.2432587162724311,0.7142857142857143,4,1.0,84,1.0,1.0,True,False
Euarchontoglires,284,C_terminal_MTase_like,other,3,0.0,1.0,1,1.0,84,1.0,1.0,True,True
Euarchontoglires,285,C_terminal_MTase_like,other,3,0.7614901893738799,0.8571428571428571,4,1.0,84,1.0,1.0,True,False
Euarchontoglires,286,C_terminal_MTase_like,other,3,0.0,1.0,1,1.0,84,1.0,1.0,True,True
Euarchontoglires,287,C_terminal_MTase_like,other,3,1.026928871979223,0.7976190476190477,4,1.0,84,1.0,1.0,True,False
Euarchontoglires,288,C_terminal_MTase_like,other,3,0.0931713179954893,0.988095238095238,2,1.0,84,1.0,1.0,True,False
Euarchontoglires,289,C_terminal_MTase_like,other,3,1.5467061184605049,0.5238095238095238,5,1.0,84,1.0,1.0,True,False
Euarchontoglires,290,C_terminal_MTase_like,other,3,0.2761954276479391,0.9523809523809524,2,1.0,84,1.0,1.0,True,False
Euarchontoglires,291,C_terminal_MTase_like,other,3,1.507302276937823,0.5476190476190477,5,1.0,84,1.0,1.0,True,False
Euarchontoglires,292,C_terminal_MTase_like,other,3,2.429561891093443,0.3452380952380952,9,1.0,84,1.0,1.0,True,False
Euarchontoglires,293,C_terminal_MTase_like,other,3,1.2667792534081344,0.4880952380952381,4,1.0,84,1.0,1.0,True,False
Euarchontoglires,294,C_terminal_MTase_like,other,3,0.3255517134879514,0.9404761904761904,2,1.0,84,1.0,1.0,True,False
Euarchontoglires,295,C_terminal_MTase_like,other,3,1.004131672820934,0.8214285714285714,5,1.0,84,1.0,1.0,True,False
Euarchontoglires,296,C_terminal_MTase_like,other,3,1.9937641926108287,0.3809523809523809,7,1.0,84,1.0,1.0,True,False
Euarchontoglires,297,C_terminal_MTase_like,other,3,1.940641810804026,0.4523809523809524,5,1.0,84,1.0,1.0,True,False
Euarchontoglires,298,C_terminal_MTase_like,other,3,0.9593826938490838,0.7738095238095238,3,1.0,84,1.0,1.0,True,False
Euarchontoglires,299,C_terminal_MTase_like,other,3,2.5421659569351376,0.2976190476190476,9,1.0,84,1.0,1.0,True,False
Euarchontoglires,300,C_terminal_MTase_like,other,3,0.0,1.0,1,1.0,84,1.0,1.0,True,True
Euarchontoglires,301,C_terminal_MTase_like,other,3,0.0,1.0,1,1.0,84,1.0,1.0,True,True
Euarchontoglires,302,C_terminal_MTase_like,other,3,0.5916727785823275,0.8571428571428571,2,1.0,84,1.0,1.0,True,False
Euarchontoglires,303,C_terminal_MTase_like,other,3,0.8926230133850986,0.6904761904761905,2,1.0,84,1.0,1.0,True,False
Euarchontoglires,304,C_terminal_MTase_like,other,3,1.7394754088988376,0.4761904761904761,6,1.0,84,1.0,0.988095238095238,True,False
Euarchontoglires,305,C_terminal_MTase_like,other,3,0.416142671516961,0.9404761904761904,4,1.0,84,1.0,0.988095238095238,True,False
Euarchontoglires,306,C_terminal_MTase_like,other,3,1.2670444087362085,0.6785714285714286,5,1.0,84,1.0,1.0,True,False
Euarchontoglires,307,C_terminal_MTase_like,other,3,1.4224007515074597,0.6428571428571429,5,0.988095238095238,83,0.988095238095238,1.0,True,False
Euarchontoglires,308,C_terminal_MTase_like,other,3,0.3712323266408756,0.927710843373494,2,0.988095238095238,83,0.988095238095238,1.0,True,False
Euarchontoglires,309,C_terminal_MTase_like,other,3,1.1416991294796288,0.5714285714285714,4,0.988095238095238,83,0.988095238095238,1.0,True,False
Euarchontoglires,310,C_terminal_MTase_like,other,3,1.2145789846667443,0.6071428571428571,4,0.988095238095238,83,0.988095238095238,1.0,True,False
Euarchontoglires,311,C_terminal_MTase_like,other,3,0.6462319847844983,0.8928571428571429,5,0.988095238095238,83,0.988095238095238,1.0,True,False
Euarchontoglires,312,C_terminal_MTase_like,other,3,0.6175974972178688,0.8674698795180723,3,0.988095238095238,83,0.988095238095238,1.0,True,False
Euarchontoglires,313,C_terminal_MTase_like,other,3,1.1985809056369956,0.7469879518072289,5,0.988095238095238,83,0.988095238095238,1.0,True,False
Euarchontoglires,314,C_terminal_MTase_like,other,3,0.6125608863913521,0.8795180722891566,3,0.988095238095238,83,0.988095238095238,1.0,True,False
Euarchontoglires,315,C_terminal_MTase_like,other,3,1.636829707834225,0.5238095238095238,6,0.988095238095238,83,0.988095238095238,1.0,True,False
Euarchontoglires,316,C_terminal_MTase_like,other,3,1.831301062830508,0.4880952380952381,6,0.988095238095238,83,0.988095238095238,1.0,True,False
Euarchontoglires,317,C_terminal_MTase_like,other,3,0.6880150205502951,0.8928571428571429,5,0.988095238095238,83,0.988095238095238,1.0,True,False
Euarchontoglires,318,C_terminal_MTase_like,other,3,0.5969259199026377,0.8928571428571429,4,0.988095238095238,83,0.988095238095238,1.0,True,False
Euarchontoglires,319,C_terminal_MTase_like,other,3,1.413092779876268,0.6867469879518072,5,0.988095238095238,83,0.988095238095238,1.0,True,False
Euarchontoglires,320,C_terminal_MTase_like,other,3,0.0940844388326734,0.9879518072289156,2,0.988095238095238,83,0.988095238095238,1.0,True,False
Euarchontoglires,321,C_terminal_MTase_like,other,3,0.6417372984174964,0.891566265060241,4,0.988095238095238,83,0.988095238095238,1.0,True,False
Euarchontoglires,322,C_terminal_MTase_like,other,3,0.4213984179981992,0.927710843373494,3,0.988095238095238,83,0.988095238095238,1.0,True,False
Euarchontoglires,323,C_terminal_MTase_like,other,3,0.0940844388326734,0.9879518072289156,2,0.988095238095238,83,0.988095238095238,1.0,True,False
Euarchontoglires,324,C_terminal_MTase_like,other,3,0.0,1.0,1,0.988095238095238,83,0.988095238095238,1.0,True,True
Euarchontoglires,325,C_terminal_MTase_like,other,3,0.4176624996157581,0.9285714285714286,3,0.988095238095238,83,0.988095238095238,1.0,True,False
Euarchontoglires,326,C_terminal_MTase_like,other,3,0.0931713179954893,0.988095238095238,2,0.988095238095238,83,0.988095238095238,1.0,True,False
Euarchontoglires,327,C_terminal_MTase_like,other,3,0.3255517134879514,0.9404761904761904,2,0.988095238095238,83,0.988095238095238,1.0,True,False
Euarchontoglires,328,C_terminal_MTase_like,other,3,0.0,0.988095238095238,2,0.988095238095238,83,0.988095238095238,1.0,True,False
Euarchontoglires,329,C_terminal_MTase_like,other,3,0.9182958340544896,0.6666666666666666,3,0.988095238095238,83,0.988095238095238,1.0,True,False
Euarchontoglires,330,C_terminal_MTase_like,other,3,1.6492095349725528,0.3809523809523809,4,0.988095238095238,83,0.988095238095238,1.0,True,False
Euarchontoglires,331,C_terminal_MTase_like,other,3,1.3558269999176331,0.5,6,0.988095238095238,83,0.988095238095238,1.0,True,False
Euarchontoglires,332,C_terminal_MTase_like,other,1,0.1861357039849167,0.9761904761904762,3,1.0,25,0.2976190476190476,1.0,False,False
Euarchontoglires,333,C_terminal_MTase_like,other,2,0.2706193338549633,0.9523809523809524,3,0.9761904761904762,27,0.3214285714285714,1.0,False,False
Euarchontoglires,334,C_terminal_MTase_like,other,3,0.9995708393473224,0.5119047619047619,3,0.9761904761904762,82,0.9761904761904762,1.0,True,False
Euarchontoglires,335,C_terminal_MTase_like,other,3,0.6821793811896376,0.8333333333333334,4,0.9761904761904762,82,0.9761904761904762,1.0,True,False
Euarchontoglires,336,C_terminal_MTase_like,other,3,2.8099070104769126,0.3571428571428571,11,0.9761904761904762,82,0.9761904761904762,1.0,True,False
Euarchontoglires,337,C_terminal_MTase_like,other,3,1.145166416707479,0.7976190476190477,7,0.9642857142857144,81,0.9642857142857144,1.0,True,False
Euarchontoglires,338,C_terminal_MTase_like,other,3,0.3788315952091619,0.927710843373494,4,0.9642857142857144,81,0.9642857142857144,1.0,True,False
Euarchontoglires,339,C_terminal_MTase_like,other,3,2.352577759253018,0.3373493975903614,10,0.9761904761904762,81,0.9642857142857144,1.0,True,False
Euarchontoglires,340,C_terminal_MTase_like,other,3,1.2807426228333187,0.4761904761904761,4,0.9761904761904762,82,0.9761904761904762,1.0,True,False
Euarchontoglires,341,C_terminal_MTase_like,switching_helix,3,1.3183220916570106,0.6309523809523809,6,0.9761904761904762,82,0.9761904761904762,1.0,True,False
Euarchontoglires,342,C_terminal_MTase_like,switching_helix,3,0.3207683390885857,0.9404761904761904,4,0.9761904761904762,82,0.9761904761904762,1.0,True,False
Euarchontoglires,343,C_terminal_MTase_like,switching_helix,3,0.6821016023376459,0.8452380952380952,4,0.9761904761904762,82,0.9761904761904762,1.0,True,False
Euarchontoglires,344,C_terminal_MTase_like,switching_helix,3,1.794785022213006,0.5595238095238095,8,0.9761904761904762,82,0.9761904761904762,1.0,True,False
Euarchontoglires,345,C_terminal_MTase_like,switching_helix,3,1.2233753179394988,0.7738095238095238,8,0.9761904761904762,82,0.9761904761904762,1.0,True,False
Euarchontoglires,346,C_terminal_MTase_like,switching_helix,3,0.4161426715169611,0.9285714285714286,4,0.9761904761904762,82,0.9761904761904762,1.0,True,False
Euarchontoglires,347,C_terminal_MTase_like,switching_helix,3,1.3724286091173048,0.6547619047619048,6,0.9761904761904762,82,0.9761904761904762,1.0,True,False
Euarchontoglires,348,C_terminal_MTase_like,switching_helix,3,1.8409912803453177,0.5238095238095238,9,0.9761904761904762,82,0.9761904761904762,1.0,True,False
Euarchontoglires,349,C_terminal_MTase_like,switching_helix,3,0.8308725359000313,0.8452380952380952,6,0.9761904761904762,82,0.9761904761904762,1.0,True,False
Euarchontoglires,350,C_terminal_MTase_like,switching_helix,3,2.592787993662428,0.3253012048192771,9,0.9642857142857144,81,0.9642857142857144,0.9629629629629628,True,False
Euarchontoglires,351,C_terminal_MTase_like,switching_helix,3,1.8527625081589856,0.6385542168674698,10,0.9642857142857144,81,0.9642857142857144,0.9629629629629628,True,False
Euarchontoglires,352,C_terminal_MTase_like,switching_helix,3,1.7305279062180827,0.5357142857142857,7,0.9761904761904762,82,0.9761904761904762,1.0,True,False
Euarchontoglires,353,C_terminal_MTase_like,switching_helix,3,1.7520791561151956,0.5301204819277109,8,0.9761904761904762,82,0.9761904761904762,0.951219512195122,True,False
Euarchontoglires,354,C_terminal_MTase_like,switching_helix,3,2.0845552193516133,0.4047619047619047,8,0.9523809523809524,80,0.9523809523809524,0.95,True,False
Euarchontoglires,355,C_terminal_MTase_like,switching_helix,3,1.6397590251624954,0.7023809523809523,10,0.9523809523809524,79,0.9404761904761904,0.9620253164556962,True,False
Euarchontoglires,356,C_terminal_MTase_like,switching_helix_adjacent_loop,3,1.2888937683194823,0.6829268292682927,7,0.9523809523809524,79,0.9404761904761904,0.9620253164556962,True,False
Euarchontoglires,357,C_terminal_MTase_like,switching_helix_adjacent_loop,3,2.0764379945697,0.5,10,0.9523809523809524,79,0.9404761904761904,0.9620253164556962,True,False
Euarchontoglires,358,C_terminal_MTase_like,switching_helix_adjacent_loop,3,1.6140729204949984,0.6547619047619048,8,0.9404761904761904,79,0.9404761904761904,0.9620253164556962,True,False
Euarchontoglires,359,C_terminal_MTase_like,switching_helix_adjacent_loop,3,2.095063601936874,0.4642857142857143,9,0.9166666666666666,77,0.9166666666666666,1.0,True,False
Euarchontoglires,360,C_terminal_MTase_like,switching_helix_adjacent_loop,3,2.7266244411404754,0.3095238095238095,12,0.9761904761904762,82,0.9761904761904762,0.975609756097561,True,False
Euarchontoglires,361,C_terminal_MTase_like,other,3,1.7364893383004687,0.6219512195121951,9,0.9761904761904762,82,0.9761904761904762,1.0,True,False
Euarchontoglires,362,C_terminal_MTase_like,other,3,2.096767899494731,0.3333333333333333,9,0.9761904761904762,82,0.9761904761904762,1.0,True,False
Euarchontoglires,363,C_terminal_MTase_like,other,3,2.76641101782144,0.3333333333333333,10,0.9761904761904762,82,0.9761904761904762,1.0,True,False
Euarchontoglires,364,C_terminal_MTase_like,other,3,0.0931713179954893,0.9761904761904762,3,0.9761904761904762,82,0.9761904761904762,1.0,True,False
Euarchontoglires,365,C_terminal_MTase_like,other,3,0.7035413180377929,0.8690476190476191,4,0.9761904761904762,82,0.9761904761904762,1.0,True,False
Euarchontoglires,366,C_terminal_MTase_like,other,3,0.2816147615759731,0.9523809523809524,5,0.9761904761904762,82,0.9761904761904762,1.0,True,False
Euarchontoglires,367,C_terminal_MTase_like,other,3,1.375729060871118,0.7142857142857143,7,0.9761904761904762,82,0.9761904761904762,1.0,True,False
Euarchontoglires,368,C_terminal_MTase_like,other,3,0.0,1.0,1,0.9761904761904762,82,0.9761904761904762,1.0,True,True
Euarchontoglires,369,C_terminal_MTase_like,other,3,1.0658494667443053,0.6666666666666666,4,0.9761904761904762,82,0.9761904761904762,1.0,True,False
Euarchontoglires,370,C_terminal_MTase_like,other,3,0.2600071374718504,0.9523809523809524,4,0.9761904761904762,82,0.9761904761904762,1.0,True,False
Euarchontoglires,371,C_terminal_MTase_like,other,3,0.0931713179954893,0.9761904761904762,2,0.9761904761904762,82,0.9761904761904762,1.0,True,False
Euarchontoglires,372,C_terminal_MTase_like,other,3,0.0,0.988095238095238,2,0.9761904761904762,82,0.9761904761904762,1.0,True,False
Euarchontoglires,373,C_terminal_MTase_like,other,3,0.2811937964320427,0.9404761904761904,3,0.9761904761904762,82,0.9761904761904762,1.0,True,False
Euarchontoglires,374,C_terminal_MTase_like,other,3,0.1861357039849167,0.9761904761904762,3,0.9761904761904762,82,0.9761904761904762,1.0,True,False
Euarchontoglires,375,C_terminal_MTase_like,other,3,0.1623261801753929,0.9761904761904762,3,0.9761904761904762,82,0.9761904761904762,1.0,True,False
Euarchontoglires,376,C_terminal_MTase_like,other,3,0.1861357039849167,0.9761904761904762,3,0.9761904761904762,82,0.9761904761904762,1.0,True,False
Euarchontoglires,377,C_terminal_MTase_like,other,3,0.5095530881603768,0.9166666666666666,5,0.9642857142857144,81,0.9642857142857144,1.0,True,False
Euarchontoglires,378,C_terminal_MTase_like,other,3,0.5130808333528596,0.927710843373494,5,0.9761904761904762,81,0.9642857142857144,1.0,True,False
Euarchontoglires,379,C_terminal_MTase_like,other,3,0.3714335228860343,0.9523809523809524,5,0.9285714285714286,78,0.9285714285714286,1.0,True,False
Euarchontoglires,380,C_terminal_MTase_like,other,3,0.3255517134879514,0.9404761904761904,3,0.9285714285714286,78,0.9285714285714286,1.0,True,False
Euarchontoglires,381,C_terminal_tail,other,3,1.778597720136869,0.4457831325301205,7,0.9523809523809524,80,0.9523809523809524,0.4375,False,False
Euarchontoglires,382,C_terminal_tail,other,3,1.6289410629644163,0.4216867469879518,7,0.8333333333333334,70,0.8333333333333334,0.5,False,False
Euarchontoglires,383,C_terminal_tail,other,2,1.290247176343376,0.4337349397590361,6,0.988095238095238,35,0.4166666666666667,1.0,False,False
Euarchontoglires,384,C_terminal_tail,other,2,1.5173173200050987,0.4819277108433735,6,0.988095238095238,35,0.4166666666666667,1.0,False,False
Euarchontoglires,385,C_terminal_tail,other,2,1.3067773042509176,0.5060240963855421,5,0.988095238095238,35,0.4166666666666667,1.0,False,False
Euarchontoglires,386,C_terminal_tail,other,2,1.7204196096596125,0.4794520547945205,10,0.8690476190476191,35,0.4166666666666667,1.0,False,False
Euarchontoglires,387,C_terminal_tail,other,2,2.096719626713414,0.4246575342465753,9,0.8690476190476191,36,0.4285714285714285,0.9722222222222222,False,False
Laurasiatheria,5,N_terminal,other,1,2.3557026481997876,0.4545454545454545,9,0.8319327731092437,40,0.3361344537815126,0.625,False,False
Laurasiatheria,6,N_terminal,other,2,2.1490543563426456,0.3904761904761905,9,0.865546218487395,89,0.7478991596638656,0.6966292134831461,False,False
Laurasiatheria,7,N_terminal,other,2,1.1300557251860017,0.77,5,0.8403361344537815,86,0.7226890756302521,0.9883720930232558,False,False
Laurasiatheria,8,N_terminal,other,3,1.0215666677881343,0.6571428571428571,5,0.8403361344537815,100,0.8403361344537815,0.99,True,False
Laurasiatheria,9,N_terminal,other,3,1.024108316784583,0.8095238095238095,7,0.8487394957983193,101,0.8487394957983193,1.0,True,False
Laurasiatheria,10,N_terminal,other,3,0.94504060231366,0.7669902912621359,5,0.8487394957983193,101,0.8487394957983193,0.9801980198019802,True,False
Laurasiatheria,11,N_terminal,other,3,1.4040044227488635,0.7238095238095238,6,0.865546218487395,103,0.865546218487395,0.9611650485436892,True,False
Laurasiatheria,12,N_terminal,other,3,0.1381572285625264,0.9801980198019802,2,0.8487394957983193,101,0.8487394957983193,1.0,True,False
Laurasiatheria,13,N_terminal,other,3,1.5940925455053423,0.6504854368932039,7,0.8487394957983193,101,0.8487394957983193,1.0,True,False
Laurasiatheria,14,N_terminal,other,3,0.910734062061482,0.8252427184466019,6,0.865546218487395,103,0.865546218487395,1.0,True,False
Laurasiatheria,15,N_terminal,other,3,2.0028371455496905,0.4563106796116505,7,0.865546218487395,103,0.865546218487395,1.0,True,False
Laurasiatheria,16,N_terminal,other,3,0.1551069052863942,0.9809523809523808,3,0.8823529411764706,105,0.8823529411764706,1.0,True,False
Laurasiatheria,17,N_terminal,other,3,1.1715989563571676,0.5523809523809524,4,0.8823529411764706,105,0.8823529411764706,1.0,True,False
Laurasiatheria,18,N_terminal,other,3,0.5069498934407151,0.897196261682243,5,0.8823529411764706,105,0.8823529411764706,1.0,True,False
Laurasiatheria,19,N_terminal,other,3,0.855528616504884,0.822429906542056,5,0.8319327731092437,98,0.8235294117647058,1.0,True,False
Laurasiatheria,20,N_terminal,other,3,0.6882759652992883,0.7924528301886793,4,0.8235294117647058,98,0.8235294117647058,1.0,True,False
Laurasiatheria,21,N_terminal,other,3,0.8432359859405798,0.8476190476190476,5,0.8823529411764706,105,0.8823529411764706,1.0,True,False
Laurasiatheria,22,N_terminal,other,3,0.1539041273304295,0.97196261682243,3,0.8823529411764706,105,0.8823529411764706,1.0,True,False
Laurasiatheria,23,N_terminal,other,3,0.0776195111263741,0.9813084112149532,3,0.8823529411764706,105,0.8823529411764706,1.0,True,False
Laurasiatheria,24,N_terminal,other,3,0.5378311838007608,0.9065420560747663,6,0.8739495798319328,104,0.8739495798319328,1.0,True,False
Laurasiatheria,25,N_terminal,other,3,1.498735155492909,0.625,5,0.8487394957983193,101,0.8487394957983193,1.0,True,False
Laurasiatheria,26,N_terminal,other,3,0.4138898511546672,0.9326923076923076,4,0.8739495798319328,103,0.865546218487395,1.0,True,False
Laurasiatheria,27,N_terminal,other,3,1.2379133439920869,0.7115384615384616,6,0.865546218487395,102,0.8571428571428571,0.9803921568627452,True,False
Laurasiatheria,28,N_terminal,other,3,0.5764334014563769,0.875,3,0.8739495798319328,103,0.865546218487395,0.9805825242718448,True,False
Laurasiatheria,29,N_terminal,other,3,1.2211606060409084,0.6346153846153846,5,0.865546218487395,103,0.865546218487395,0.970873786407767,True,False
Laurasiatheria,30,N_terminal,other,3,0.7530144495464243,0.8653846153846154,6,0.865546218487395,103,0.865546218487395,0.970873786407767,True,False
Laurasiatheria,31,N_terminal,other,3,0.3513406278730023,0.941747572815534,5,0.865546218487395,103,0.865546218487395,0.970873786407767,True,False
Laurasiatheria,32,N_terminal,other,3,1.6873087556488062,0.4757281553398058,6,0.865546218487395,102,0.8571428571428571,0.9901960784313726,True,False
Laurasiatheria,33,N_terminal,other,3,1.280761787850319,0.6153846153846154,5,0.865546218487395,103,0.865546218487395,0.970873786407767,True,False
Laurasiatheria,34,N_terminal,other,3,1.953226207847818,0.5288461538461539,8,0.865546218487395,103,0.865546218487395,0.970873786407767,True,False
Laurasiatheria,35,N_terminal,other,3,0.0782324652577123,0.9903846153846154,2,0.865546218487395,103,0.865546218487395,1.0,True,False
Laurasiatheria,36,N_terminal,other,3,1.0387772410550284,0.7596153846153846,5,0.8487394957983193,100,0.8403361344537815,1.0,True,False
Laurasiatheria,37,N_terminal,other,3,1.294972361297154,0.75,8,0.8487394957983193,101,0.8487394957983193,1.0,True,False
Laurasiatheria,38,N_terminal,other,3,0.996118213778296,0.7843137254901961,6,0.8319327731092437,99,0.8319327731092437,1.0,True,False
Laurasiatheria,39,N_terminal,other,3,0.4355978903123682,0.9230769230769232,6,0.8487394957983193,101,0.8487394957983193,1.0,True,False
Laurasiatheria,40,N_terminal,other,3,0.4798652727359578,0.912621359223301,5,0.8487394957983193,101,0.8487394957983193,1.0,True,False
Laurasiatheria,41,ADD,other,3,0.3540581512289426,0.9509803921568628,4,0.8487394957983193,101,0.8487394957983193,1.0,True,False
Laurasiatheria,42,ADD,other,3,0.218441955815796,0.9611650485436892,4,0.8487394957983193,101,0.8487394957983193,1.0,True,False
Laurasiatheria,43,ADD,other,3,0.8994485810688899,0.8058252427184466,5,0.8487394957983193,101,0.8487394957983193,1.0,True,False
Laurasiatheria,44,ADD,other,3,0.4979816764082589,0.9029126213592232,3,0.8487394957983193,101,0.8487394957983193,1.0,True,False
Laurasiatheria,45,ADD,other,3,0.5928973518237538,0.912621359223301,5,0.8487394957983193,101,0.8487394957983193,1.0,True,False
Laurasiatheria,46,ADD,other,3,1.198968231702975,0.7572815533980582,7,0.8487394957983193,101,0.8487394957983193,1.0,True,False
Laurasiatheria,47,ADD,other,3,0.1575747042906817,0.9805825242718448,3,0.8487394957983193,101,0.8487394957983193,1.0,True,False
Laurasiatheria,48,ADD,other,3,1.3149871481261124,0.7087378640776699,6,0.8487394957983193,101,0.8487394957983193,1.0,True,False
Laurasiatheria,49,ADD,other,3,0.2167372361397963,0.970873786407767,3,0.8487394957983193,101,0.8487394957983193,1.0,True,False
Laurasiatheria,50,ADD,other,3,0.2134132807033364,0.971153846153846,3,0.8571428571428571,102,0.8571428571428571,0.9901960784313726,True,False
Laurasiatheria,51,ADD,other,3,0.4190412107570381,0.923809523809524,3,0.8823529411764706,103,0.865546218487395,1.0,True,False
Laurasiatheria,52,ADD,other,3,1.867600691938036,0.4090909090909091,5,0.907563025210084,108,0.907563025210084,1.0,True,False
Laurasiatheria,53,ADD,other,3,0.0,0.990909090909091,2,0.907563025210084,108,0.907563025210084,1.0,True,False
Laurasiatheria,54,ADD,other,3,0.2567103169135654,0.963302752293578,3,0.907563025210084,108,0.907563025210084,1.0,True,False
Laurasiatheria,55,ADD,other,3,0.0752682675874345,0.9908256880733946,2,0.907563025210084,108,0.907563025210084,1.0,True,False
Laurasiatheria,56,ADD,other,3,0.0752682675874345,0.9818181818181818,3,0.907563025210084,108,0.907563025210084,1.0,True,False
Laurasiatheria,57,ADD,other,3,0.0,1.0,1,0.907563025210084,108,0.907563025210084,1.0,True,True
Laurasiatheria,58,ADD,other,3,0.150413980328094,0.9727272727272728,4,0.907563025210084,108,0.907563025210084,1.0,True,False
Laurasiatheria,59,ADD,other,3,1.022031007245688,0.7,5,0.907563025210084,108,0.907563025210084,1.0,True,False
Laurasiatheria,60,ADD,other,3,0.5813214987637028,0.8454545454545455,3,0.907563025210084,108,0.907563025210084,1.0,True,False
Laurasiatheria,61,ADD,other,3,0.4177528994968404,0.9272727272727272,4,0.907563025210084,108,0.907563025210084,1.0,True,False
Laurasiatheria,62,ADD,other,3,0.4563574003525392,0.926605504587156,4,0.907563025210084,108,0.907563025210084,1.0,True,False
Laurasiatheria,63,ADD,other,3,0.5480443298052815,0.9174311926605504,5,0.907563025210084,108,0.907563025210084,1.0,True,False
Laurasiatheria,64,ADD,other,3,0.4852886330258973,0.908256880733945,3,0.907563025210084,108,0.907563025210084,1.0,True,False
Laurasiatheria,65,ADD,other,3,0.0752682675874345,0.9908256880733946,2,0.907563025210084,108,0.907563025210084,1.0,True,False
Laurasiatheria,66,ADD,other,3,0.0752682675874345,0.9818181818181818,3,0.907563025210084,108,0.907563025210084,1.0,True,False
Laurasiatheria,67,ADD,other,3,0.0752682675874345,0.9818181818181818,3,0.907563025210084,108,0.907563025210084,1.0,True,False
Laurasiatheria,68,ADD,other,3,0.0752682675874345,0.9818181818181818,3,0.907563025210084,108,0.907563025210084,1.0,True,False
Laurasiatheria,69,ADD,other,3,0.5051268137294553,0.9090909090909092,4,0.907563025210084,108,0.907563025210084,1.0,True,False
Laurasiatheria,70,ADD,other,3,0.0,0.990909090909091,2,0.9159663865546218,109,0.9159663865546218,0.9908256880733946,True,False
Laurasiatheria,71,ADD,other,3,0.0,1.0,1,0.9159663865546218,108,0.907563025210084,1.0,True,True
Laurasiatheria,72,ADD,other,3,0.2097270453684614,0.9663865546218487,5,0.9831932773109244,117,0.9831932773109244,0.9914529914529916,True,False
Laurasiatheria,73,ADD,other,3,0.0700120504953613,0.9915966386554622,2,0.9831932773109244,117,0.9831932773109244,1.0,True,False
Laurasiatheria,74,ADD,other,3,1.1316042306891934,0.6890756302521008,6,0.9831932773109244,117,0.9831932773109244,0.9914529914529916,True,False
Laurasiatheria,75,ADD,other,3,0.5986676254507006,0.907563025210084,7,0.9831932773109244,117,0.9831932773109244,1.0,True,False
Laurasiatheria,76,ADD,other,3,0.1399213583393861,0.9747899159663864,4,0.9831932773109244,117,0.9831932773109244,0.9914529914529916,True,False
Laurasiatheria,77,ADD,other,2,0.03500602524768065,0.9915966386554622,2,1.0,62,0.5210084033613446,0.9838709677419356,False,False
Laurasiatheria,78,ADD,other,3,0.3575612399904763,0.9411764705882352,3,1.0,119,1.0,1.0,True,False
Laurasiatheria,79,ADD,other,3,0.3807115551347071,0.9411764705882352,3,1.0,119,1.0,1.0,True,False
Laurasiatheria,80,ADD,other,3,0.2122013275213624,0.9663865546218487,2,1.0,119,1.0,1.0,True,False
Laurasiatheria,81,ADD,other,3,0.2122013275213624,0.9663865546218487,2,1.0,119,1.0,1.0,True,False
Laurasiatheria,82,ADD,other,3,1.6030880108925234,0.4453781512605042,5,1.0,119,1.0,1.0,True,False
Laurasiatheria,83,ADD,other,3,1.13180222597093,0.7899159663865546,7,1.0,119,1.0,1.0,True,False
Laurasiatheria,84,ADD,other,3,0.4162348023872831,0.9159663865546218,2,1.0,119,1.0,1.0,True,False
Laurasiatheria,85,ADD,other,3,0.0700120504953613,0.9915966386554622,2,1.0,119,1.0,1.0,True,False
Laurasiatheria,86,ADD,other,3,0.0700120504953613,0.9915966386554622,2,1.0,119,1.0,1.0,True,False
Laurasiatheria,87,ADD,other,3,0.0,1.0,1,1.0,119,1.0,1.0,True,True
Laurasiatheria,88,ADD,other,3,0.0,1.0,1,1.0,119,1.0,1.0,True,True
Laurasiatheria,89,ADD,other,3,0.9060886128509652,0.7226890756302521,3,1.0,119,1.0,1.0,True,False
Laurasiatheria,90,ADD,other,3,0.0,1.0,1,1.0,119,1.0,1.0,True,True
Laurasiatheria,91,ADD,other,3,0.0700120504953613,0.9915966386554622,2,1.0,119,1.0,1.0,True,False
Laurasiatheria,92,ADD,other,3,0.4888169526834658,0.9243697478991596,4,1.0,119,1.0,1.0,True,False
Laurasiatheria,93,ADD,other,3,0.5225593745369408,0.8823529411764706,2,1.0,119,1.0,1.0,True,False
Laurasiatheria,94,ADD,other,3,0.0,1.0,1,1.0,119,1.0,1.0,True,True
Laurasiatheria,95,ADD,other,3,0.3090669303924475,0.957983193277311,4,1.0,119,1.0,1.0,True,False
Laurasiatheria,96,ADD,other,3,0.0,1.0,1,1.0,119,1.0,1.0,True,True
Laurasiatheria,97,ADD,other,3,0.0700120504953613,0.9915966386554622,2,1.0,119,1.0,1.0,True,False
Laurasiatheria,98,ADD,other,3,0.5465060858222177,0.8739495798319328,2,1.0,119,1.0,1.0,True,False
Laurasiatheria,99,ADD,other,3,0.0,1.0,1,1.0,119,1.0,1.0,True,True
Laurasiatheria,100,ADD,other,3,0.2817970774694514,0.957983193277311,3,1.0,119,1.0,1.0,True,False
Laurasiatheria,101,ADD,other,3,0.9397490373006444,0.6974789915966386,3,1.0,119,1.0,1.0,True,False
Laurasiatheria,102,ADD,other,3,0.1231146356503105,0.9831932773109244,2,1.0,119,1.0,1.0,True,False
Laurasiatheria,103,ADD,other,3,1.0203575432311205,0.7563025210084033,5,1.0,119,1.0,1.0,True,False
Laurasiatheria,104,ADD,other,3,0.1231146356503105,0.9831932773109244,2,1.0,119,1.0,1.0,True,False
Laurasiatheria,105,ADD,other,3,0.0,1.0,1,1.0,119,1.0,1.0,True,True
Laurasiatheria,106,ADD,other,3,0.0,1.0,1,1.0,119,1.0,1.0,True,True
Laurasiatheria,107,ADD,other,3,0.2922602077033719,0.957983193277311,3,1.0,119,1.0,1.0,True,False
Laurasiatheria,108,ADD,other,3,0.0,1.0,1,0.9915966386554622,118,0.9915966386554622,1.0,True,True
Laurasiatheria,109,ADD,other,3,0.1239498677110075,0.9830508474576272,2,0.9915966386554622,118,0.9915966386554622,1.0,True,False
Laurasiatheria,110,ADD,other,3,0.5725804656237687,0.864406779661017,2,0.9915966386554622,118,0.9915966386554622,1.0,True,False
Laurasiatheria,111,ADD,other,3,0.0,1.0,1,0.9915966386554622,118,0.9915966386554622,1.0,True,True
Laurasiatheria,112,ADD,other,3,0.0,1.0,1,0.9915966386554622,118,0.9915966386554622,1.0,True,True
Laurasiatheria,113,ADD,other,3,0.0,1.0,1,0.9915966386554622,118,0.9915966386554622,1.0,True,True
Laurasiatheria,114,ADD,other,3,0.0,1.0,1,1.0,119,1.0,1.0,True,True
Laurasiatheria,115,ADD,other,3,0.0,1.0,1,0.9915966386554622,118,0.9915966386554622,1.0,True,True
Laurasiatheria,116,ADD,other,3,0.0,1.0,1,0.9915966386554622,118,0.9915966386554622,1.0,True,True
Laurasiatheria,117,ADD,other,3,0.2135798153382773,0.9661016949152542,2,0.9915966386554622,118,0.9915966386554622,1.0,True,False
Laurasiatheria,118,ADD,other,3,0.0,1.0,1,0.9915966386554622,118,0.9915966386554622,1.0,True,True
Laurasiatheria,119,ADD,other,3,0.0,1.0,1,0.9915966386554622,118,0.9915966386554622,1.0,True,True
Laurasiatheria,120,ADD,other,3,0.5751622210921966,0.9152542372881356,5,0.9915966386554622,118,0.9915966386554622,1.0,True,False
Laurasiatheria,121,ADD,other,3,0.0,1.0,1,0.9915966386554622,118,0.9915966386554622,1.0,True,True
Laurasiatheria,122,ADD,other,3,1.0660772117210655,0.788135593220339,5,0.9915966386554622,118,0.9915966386554622,1.0,True,False
Laurasiatheria,123,ADD,other,3,0.0,1.0,1,0.9915966386554622,118,0.9915966386554622,1.0,True,True
Laurasiatheria,124,ADD,other,3,1.4035399420198251,0.652542372881356,5,0.9915966386554622,118,0.9915966386554622,1.0,True,False
Laurasiatheria,125,ADD,other,3,0.0,1.0,1,0.9915966386554622,118,0.9915966386554622,1.0,True,True
Laurasiatheria,126,ADD,other,3,0.2530679372656292,0.9576271186440678,2,0.9915966386554622,118,0.9915966386554622,1.0,True,False
Laurasiatheria,127,ADD,other,3,0.5677314545847301,0.8983050847457628,3,0.9915966386554622,118,0.9915966386554622,1.0,True,False
Laurasiatheria,128,ADD,other,3,0.0,1.0,1,0.9915966386554622,118,0.9915966386554622,1.0,True,True
Laurasiatheria,129,ADD,other,3,0.3154105228476027,0.957983193277311,4,0.9915966386554622,118,0.9915966386554622,1.0,True,False
Laurasiatheria,130,ADD,other,3,0.4246533222347287,0.9243697478991596,3,0.9915966386554622,118,0.9915966386554622,1.0,True,False
Laurasiatheria,131,ADD,other,3,0.2817970774694514,0.957983193277311,3,0.9915966386554622,118,0.9915966386554622,1.0,True,False
Laurasiatheria,132,ADD,other,3,0.8846072583063248,0.8067226890756303,4,0.9915966386554622,118,0.9915966386554622,1.0,True,False
Laurasiatheria,133,ADD,other,3,1.1406350433529264,0.6779661016949152,5,0.9915966386554622,118,0.9915966386554622,1.0,True,False
Laurasiatheria,134,ADD,other,3,0.3617496099039127,0.9495798319327732,4,0.9915966386554622,118,0.9915966386554622,1.0,True,False
Laurasiatheria,135,ADD,other,3,0.9178157842278292,0.7142857142857143,3,0.9915966386554622,118,0.9915966386554622,1.0,True,False
Laurasiatheria,136,ADD,other,3,0.1929203226793858,0.9747899159663864,3,0.9915966386554622,118,0.9915966386554622,1.0,True,False
Laurasiatheria,137,ADD,other,3,1.1160154527064972,0.773109243697479,5,0.9915966386554622,118,0.9915966386554622,1.0,True,False
Laurasiatheria,138,ADD,other,3,0.1399213583393861,0.9831932773109244,3,0.9915966386554622,118,0.9915966386554622,1.0,True,False
Laurasiatheria,139,ADD,other,3,0.9629236962339988,0.8403361344537815,6,0.9915966386554622,118,0.9915966386554622,1.0,True,False
Laurasiatheria,140,ADD,other,3,0.0,0.9915966386554622,2,0.9915966386554622,118,0.9915966386554622,1.0,True,False
Laurasiatheria,141,ADD,other,3,0.2410807687097733,0.957983193277311,3,0.9915966386554622,118,0.9915966386554622,1.0,True,False
Laurasiatheria,142,ADD,other,3,0.0,1.0,1,0.9915966386554622,118,0.9915966386554622,1.0,True,True
Laurasiatheria,143,ADD,other,3,0.0,0.9915966386554622,2,0.9915966386554622,118,0.9915966386554622,1.0,True,False
Laurasiatheria,144,ADD,other,3,0.0700120504953613,0.9915966386554622,2,0.9915966386554622,118,0.9915966386554622,1.0,True,False
Laurasiatheria,145,ADD,other,3,0.0,1.0,1,0.9915966386554622,118,0.9915966386554622,1.0,True,True
Laurasiatheria,146,ADD,other,3,0.1708952242705987,0.9745762711864406,2,0.9915966386554622,118,0.9915966386554622,1.0,True,False
Laurasiatheria,147,ADD,other,3,0.1408990202533804,0.9747899159663864,4,0.9915966386554622,118,0.9915966386554622,1.0,True,False
Laurasiatheria,148,ADD,other,3,0.5821008222263521,0.8898305084745762,4,0.9915966386554622,118,0.9915966386554622,1.0,True,False
Laurasiatheria,149,ADD,other,3,0.5534633090216661,0.8983050847457628,3,0.9915966386554622,118,0.9915966386554622,1.0,True,False
Laurasiatheria,150,ADD,other,3,0.9717598831858296,0.8487394957983193,7,0.9915966386554622,118,0.9915966386554622,1.0,True,False
Laurasiatheria,151,ADD,other,3,0.8278372655876785,0.865546218487395,6,0.9915966386554622,118,0.9915966386554622,1.0,True,False
Laurasiatheria,152,ADD,other,3,0.0,1.0,1,0.9915966386554622,118,0.9915966386554622,1.0,True,True
Laurasiatheria,153,ADD,other,3,0.1231146356503105,0.9830508474576272,2,0.9915966386554622,118,0.9915966386554622,1.0,True,False
Laurasiatheria,154,ADD,other,3,0.0,1.0,1,0.9915966386554622,118,0.9915966386554622,1.0,True,True
Laurasiatheria,155,ADD,other,3,1.2277764657899226,0.6864406779661016,4,0.9915966386554622,118,0.9915966386554622,1.0,True,False
Laurasiatheria,156,ADD,other,3,0.2817970774694514,0.957983193277311,3,0.9915966386554622,118,0.9915966386554622,1.0,True,False
Laurasiatheria,157,ADD,other,3,0.0700120504953613,0.9915966386554622,2,0.9915966386554622,118,0.9915966386554622,1.0,True,False
Laurasiatheria,158,ADD,other,3,1.6671168831031695,0.5378151260504201,8,0.9915966386554622,118,0.9915966386554622,1.0,True,False
Laurasiatheria,159,ADD,other,3,0.3322172455366783,0.957983193277311,5,0.9915966386554622,118,0.9915966386554622,1.0,True,False
Laurasiatheria,160,ADD,other,3,0.0,1.0,1,0.9915966386554622,118,0.9915966386554622,1.0,True,True
Laurasiatheria,161,ADD,other,3,0.2626214955885892,0.9663865546218487,4,0.9915966386554622,118,0.9915966386554622,1.0,True,False
Laurasiatheria,162,ADD,other,3,1.6402291292127928,0.6722689075630253,8,0.9915966386554622,118,0.9915966386554622,1.0,True,False
Laurasiatheria,163,ADD,other,3,1.358491181689718,0.6722689075630253,6,0.9915966386554622,118,0.9915966386554622,1.0,True,False
Laurasiatheria,164,ADD,other,3,0.0700120504953613,0.9915966386554622,2,0.9915966386554622,118,0.9915966386554622,1.0,True,False
Laurasiatheria,165,ADD,other,3,0.0700120504953613,0.9915966386554622,2,0.9915966386554622,118,0.9915966386554622,1.0,True,False
Laurasiatheria,166,ADD,other,3,0.1399213583393861,0.9831932773109244,3,0.9915966386554622,118,0.9915966386554622,1.0,True,False
Laurasiatheria,167,ADD,other,3,0.25146396423889,0.957983193277311,2,0.9915966386554622,118,0.9915966386554622,1.0,True,False
Laurasiatheria,168,ADD,other,3,1.1658281680542264,0.5126050420168067,4,0.9915966386554622,118,0.9915966386554622,1.0,True,False
Laurasiatheria,169,ADD,other,3,0.0700120504953613,0.9915966386554622,2,0.9915966386554622,118,0.9915966386554622,1.0,True,False
Laurasiatheria,170,ADD,other,3,1.300906069536514,0.680672268907563,5,1.0,119,1.0,0.9915966386554622,True,False
Laurasiatheria,171,ADD,other,3,0.4428026234819051,0.9327731092436976,4,1.0,119,1.0,1.0,True,False
Laurasiatheria,172,ADD,other,3,1.3512328352187324,0.4789915966386555,7,1.0,119,1.0,0.9915966386554622,True,False
Laurasiatheria,173,ADD,other,3,1.1050274241259792,0.7796610169491526,7,0.9495798319327732,113,0.9495798319327732,1.0,True,False
Laurasiatheria,174,linker,other,3,1.4411675563153583,0.5966386554621849,7,1.0,119,1.0,0.957983193277311,True,False
Laurasiatheria,175,linker,other,3,0.9071841080449374,0.8151260504201681,5,0.957983193277311,114,0.957983193277311,1.0,True,False
Laurasiatheria,176,linker,other,3,0.3090669303924475,0.957983193277311,4,1.0,119,1.0,1.0,True,False
Laurasiatheria,177,linker,other,3,0.3209533664394308,0.9495798319327732,3,1.0,119,1.0,1.0,True,False
Laurasiatheria,178,C_terminal_MTase_like,other,3,0.9499726840591528,0.6890756302521008,3,1.0,119,1.0,1.0,True,False
Laurasiatheria,179,C_terminal_MTase_like,other,3,0.2922602077033719,0.957983193277311,3,1.0,119,1.0,1.0,True,False
Laurasiatheria,180,C_terminal_MTase_like,other,3,0.4978272893162468,0.9159663865546218,3,1.0,119,1.0,1.0,True,False
Laurasiatheria,181,C_terminal_MTase_like,other,3,0.25146396423889,0.957983193277311,2,1.0,119,1.0,1.0,True,False
Laurasiatheria,182,C_terminal_MTase_like,other,3,0.0,1.0,1,1.0,119,1.0,1.0,True,True
Laurasiatheria,183,C_terminal_MTase_like,other,3,0.1231146356503105,0.9831932773109244,2,1.0,119,1.0,1.0,True,False
Laurasiatheria,184,C_terminal_MTase_like,other,3,0.6007971582715909,0.8991596638655462,4,1.0,119,1.0,1.0,True,False
Laurasiatheria,185,C_terminal_MTase_like,other,3,0.1231146356503105,0.9831932773109244,2,1.0,119,1.0,1.0,True,False
Laurasiatheria,186,C_terminal_MTase_like,other,3,0.1231146356503105,0.9831932773109244,2,1.0,119,1.0,1.0,True,False
Laurasiatheria,187,C_terminal_MTase_like,other,3,0.0,1.0,1,1.0,119,1.0,1.0,True,True
Laurasiatheria,188,C_terminal_MTase_like,other,3,0.3848999250481435,0.9495798319327732,5,1.0,119,1.0,1.0,True,False
Laurasiatheria,189,C_terminal_MTase_like,other,3,0.0,1.0,1,1.0,119,1.0,1.0,True,True
Laurasiatheria,190,C_terminal_MTase_like,other,3,0.9553368425373164,0.7142857142857143,3,1.0,119,1.0,1.0,True,False
Laurasiatheria,191,C_terminal_MTase_like,other,3,0.0,1.0,1,1.0,119,1.0,1.0,True,True
Laurasiatheria,192,C_terminal_MTase_like,other,3,0.1231146356503105,0.9831932773109244,2,1.0,119,1.0,1.0,True,False
Laurasiatheria,193,C_terminal_MTase_like,other,3,0.0,1.0,1,1.0,119,1.0,1.0,True,True
Laurasiatheria,194,C_terminal_MTase_like,other,3,0.3154105228476027,0.957983193277311,4,1.0,119,1.0,1.0,True,False
Laurasiatheria,195,C_terminal_MTase_like,other,3,0.0700120504953613,0.9915966386554622,2,1.0,119,1.0,1.0,True,False
Laurasiatheria,196,C_terminal_MTase_like,other,3,0.0,1.0,1,1.0,119,1.0,1.0,True,True
Laurasiatheria,197,C_terminal_MTase_like,other,3,0.0700120504953613,0.9915966386554622,2,1.0,119,1.0,1.0,True,False
Laurasiatheria,198,C_terminal_MTase_like,other,3,0.930397254537626,0.8067226890756303,4,1.0,119,1.0,1.0,True,False
Laurasiatheria,199,C_terminal_MTase_like,other,3,0.0,1.0,1,1.0,119,1.0,1.0,True,True
Laurasiatheria,200,C_terminal_MTase_like,other,3,1.384641992551639,0.5042016806722689,4,1.0,119,1.0,1.0,True,False
Laurasiatheria,201,C_terminal_MTase_like,other,3,1.7354293587795488,0.5966386554621849,7,1.0,119,1.0,1.0,True,False
Laurasiatheria,202,C_terminal_MTase_like,other,3,0.0,1.0,1,1.0,119,1.0,1.0,True,True
Laurasiatheria,203,C_terminal_MTase_like,other,3,0.0,1.0,1,1.0,119,1.0,1.0,True,True
Laurasiatheria,204,C_terminal_MTase_like,other,3,1.947582241968277,0.4621848739495798,8,1.0,119,1.0,1.0,True,False
Laurasiatheria,205,C_terminal_MTase_like,other,3,0.1231146356503105,0.9831932773109244,2,1.0,119,1.0,1.0,True,False
Laurasiatheria,206,C_terminal_MTase_like,other,3,0.0,1.0,1,1.0,119,1.0,1.0,True,True
Laurasiatheria,207,C_terminal_MTase_like,other,3,0.0,1.0,1,1.0,119,1.0,1.0,True,True
Laurasiatheria,208,C_terminal_MTase_like,other,3,0.0700120504953613,0.9915966386554622,2,1.0,119,1.0,1.0,True,False
Laurasiatheria,209,C_terminal_MTase_like,other,3,0.0,1.0,1,1.0,119,1.0,1.0,True,True
Laurasiatheria,210,C_terminal_MTase_like,other,3,0.1942417285262214,0.9745762711864406,3,0.9915966386554622,118,0.9915966386554622,0.9830508474576272,True,False
Laurasiatheria,211,C_terminal_MTase_like,other,3,2.9933949505205177,0.2068965517241379,10,0.9747899159663864,116,0.9747899159663864,1.0,True,False
Laurasiatheria,212,C_terminal_MTase_like,other,3,0.6799779301964661,0.8907563025210085,5,1.0,119,1.0,1.0,True,False
Laurasiatheria,213,C_terminal_MTase_like,other,3,0.495160545138621,0.9243697478991596,4,1.0,119,1.0,1.0,True,False
Laurasiatheria,214,C_terminal_MTase_like,other,3,2.541698309292236,0.2605042016806723,7,1.0,119,1.0,1.0,True,False
Laurasiatheria,215,C_terminal_MTase_like,other,3,1.372773514881136,0.7310924369747899,6,1.0,119,1.0,1.0,True,False
Laurasiatheria,216,C_terminal_MTase_like,other,3,0.4038618702789379,0.9411764705882352,4,1.0,119,1.0,1.0,True,False
Laurasiatheria,217,C_terminal_MTase_like,other,3,1.8776894993729136,0.5210084033613446,7,1.0,119,1.0,1.0,True,False
Laurasiatheria,218,C_terminal_MTase_like,other,3,0.1929203226793858,0.9747899159663864,3,1.0,119,1.0,1.0,True,False
Laurasiatheria,219,C_terminal_MTase_like,other,3,0.612985748317247,0.8487394957983193,2,1.0,119,1.0,1.0,True,False
Laurasiatheria,220,C_terminal_MTase_like,other,3,0.355488677888937,0.9327731092436976,2,1.0,119,1.0,1.0,True,False
Laurasiatheria,221,C_terminal_MTase_like,other,3,0.1231146356503105,0.9831932773109244,2,1.0,119,1.0,1.0,True,False
Laurasiatheria,222,C_terminal_MTase_like,other,3,0.8835381634486494,0.8571428571428571,6,1.0,119,1.0,1.0,True,False
Laurasiatheria,223,C_terminal_MTase_like,other,3,0.0700120504953613,0.9915966386554622,2,1.0,119,1.0,1.0,True,False
Laurasiatheria,224,C_terminal_MTase_like,other,3,0.5662337659064555,0.8823529411764706,3,1.0,119,1.0,1.0,True,False
Laurasiatheria,225,C_terminal_MTase_like,other,3,0.0,1.0,1,1.0,119,1.0,1.0,True,True
Laurasiatheria,226,C_terminal_MTase_like,other,3,1.048417190188473,0.5630252100840336,3,1.0,119,1.0,1.0,True,False
Laurasiatheria,227,C_terminal_MTase_like,other,3,0.8796254563866476,0.8067226890756303,3,1.0,119,1.0,1.0,True,False
Laurasiatheria,228,C_terminal_MTase_like,other,3,0.1399213583393861,0.9831932773109244,3,1.0,119,1.0,1.0,True,False
Laurasiatheria,229,C_terminal_MTase_like,other,3,0.0,1.0,1,1.0,119,1.0,1.0,True,True
Laurasiatheria,230,C_terminal_MTase_like,other,3,0.5916727785823275,0.8571428571428571,2,1.0,119,1.0,1.0,True,False
Laurasiatheria,231,C_terminal_MTase_like,other,3,0.6665860978987073,0.8907563025210085,5,1.0,119,1.0,1.0,True,False
Laurasiatheria,232,C_terminal_MTase_like,other,3,0.5225593745369408,0.8823529411764706,2,1.0,119,1.0,1.0,True,False
Laurasiatheria,233,C_terminal_MTase_like,other,3,0.874860211460935,0.7983193277310925,5,1.0,119,1.0,1.0,True,False
Laurasiatheria,234,C_terminal_MTase_like,other,3,2.114822377055809,0.3529411764705882,9,1.0,119,1.0,1.0,True,False
Laurasiatheria,235,C_terminal_MTase_like,other,3,0.0,1.0,1,1.0,119,1.0,1.0,True,True
Laurasiatheria,236,C_terminal_MTase_like,other,3,0.0700120504953613,0.9915966386554622,2,1.0,119,1.0,1.0,True,False
Laurasiatheria,237,C_terminal_MTase_like,other,3,0.1231146356503105,0.9831932773109244,2,1.0,119,1.0,1.0,True,False
Laurasiatheria,238,C_terminal_MTase_like,other,3,0.0,1.0,1,1.0,119,1.0,1.0,True,True
Laurasiatheria,239,C_terminal_MTase_like,other,3,0.25146396423889,0.957983193277311,2,1.0,119,1.0,1.0,True,False
Laurasiatheria,240,C_terminal_MTase_like,other,3,0.0,1.0,1,1.0,119,1.0,1.0,True,True
Laurasiatheria,241,C_terminal_MTase_like,other,3,1.636797254603526,0.5462184873949579,6,1.0,119,1.0,1.0,True,False
Laurasiatheria,242,C_terminal_MTase_like,other,3,0.1231146356503105,0.9831932773109244,2,1.0,119,1.0,1.0,True,False
Laurasiatheria,243,C_terminal_MTase_like,other,3,0.0700120504953613,0.9915966386554622,2,1.0,119,1.0,1.0,True,False
Laurasiatheria,244,C_terminal_MTase_like,other,3,0.8164492305639499,0.8319327731092437,3,1.0,119,1.0,1.0,True,False
Laurasiatheria,245,C_terminal_MTase_like,other,3,0.1231146356503105,0.9831932773109244,2,1.0,119,1.0,1.0,True,False
Laurasiatheria,246,C_terminal_MTase_like,other,3,0.1399213583393861,0.9831932773109244,3,1.0,119,1.0,1.0,True,False
Laurasiatheria,247,C_terminal_MTase_like,other,3,1.5987500826153278,0.6050420168067226,6,1.0,119,1.0,1.0,True,False
Laurasiatheria,248,C_terminal_MTase_like,other,3,1.4468324409652238,0.7226890756302521,8,1.0,119,1.0,1.0,True,False
Laurasiatheria,249,C_terminal_MTase_like,other,3,0.3344797569809166,0.9495798319327732,3,1.0,119,1.0,1.0,True,False
Laurasiatheria,250,C_terminal_MTase_like,other,3,0.9174107776038952,0.7394957983193278,3,1.0,119,1.0,1.0,True,False
Laurasiatheria,251,C_terminal_MTase_like,other,3,0.9536135634965772,0.7647058823529411,4,1.0,119,1.0,1.0,True,False
Laurasiatheria,252,C_terminal_MTase_like,other,3,0.6050112179058559,0.9159663865546218,6,1.0,119,1.0,1.0,True,False
Laurasiatheria,253,C_terminal_MTase_like,other,3,1.2218739873374524,0.773109243697479,7,1.0,119,1.0,1.0,True,False
Laurasiatheria,254,C_terminal_MTase_like,other,3,1.2401670721805118,0.6722689075630253,3,1.0,119,1.0,1.0,True,False
Laurasiatheria,255,C_terminal_MTase_like,other,3,0.169770007535155,0.9747899159663864,2,1.0,119,1.0,1.0,True,False
Laurasiatheria,256,C_terminal_MTase_like,other,3,0.0,1.0,1,1.0,119,1.0,1.0,True,True
Laurasiatheria,257,C_terminal_MTase_like,other,3,1.5696955860617543,0.4453781512605042,4,1.0,119,1.0,0.9915966386554622,True,False
Laurasiatheria,258,C_terminal_MTase_like,other,3,0.0700120504953613,0.9915966386554622,2,1.0,119,1.0,1.0,True,False
Laurasiatheria,259,C_terminal_MTase_like,other,3,0.6107470518615855,0.8823529411764706,3,1.0,119,1.0,1.0,True,False
Laurasiatheria,260,C_terminal_MTase_like,other,3,0.7252767313016595,0.7983193277310925,2,1.0,119,1.0,1.0,True,False
Laurasiatheria,261,C_terminal_MTase_like,other,3,1.4629553632609655,0.4957983193277311,3,1.0,119,1.0,1.0,True,False
Laurasiatheria,262,C_terminal_MTase_like,other,3,0.0705017596054147,0.9915254237288136,2,0.9915966386554622,118,0.9915966386554622,1.0,True,False
Laurasiatheria,263,C_terminal_MTase_like,other,3,0.2122013275213624,0.9663865546218487,2,1.0,119,1.0,1.0,True,False
Laurasiatheria,264,C_terminal_MTase_like,other,3,0.1231146356503105,0.9831932773109244,2,1.0,119,1.0,1.0,True,False
Laurasiatheria,265,C_terminal_MTase_like,other,3,0.0,1.0,1,1.0,119,1.0,1.0,True,True
Laurasiatheria,266,C_terminal_MTase_like,other,3,1.232515671883848,0.5714285714285714,3,1.0,119,1.0,1.0,True,False
Laurasiatheria,267,C_terminal_MTase_like,other,3,0.0,1.0,1,1.0,119,1.0,1.0,True,True
Laurasiatheria,268,C_terminal_MTase_like,other,3,0.612985748317247,0.8487394957983193,2,1.0,119,1.0,1.0,True,False
Laurasiatheria,269,C_terminal_MTase_like,other,3,0.0700120504953613,0.9915966386554622,2,1.0,119,1.0,1.0,True,False
Laurasiatheria,270,C_terminal_MTase_like,other,3,0.4100283837349292,0.9327731092436976,3,1.0,119,1.0,1.0,True,False
Laurasiatheria,271,C_terminal_MTase_like,other,3,0.4428026234819051,0.9316239316239316,4,0.9831932773109244,117,0.9831932773109244,1.0,True,False
Laurasiatheria,272,C_terminal_MTase_like,other,3,0.0,1.0,1,0.9831932773109244,117,0.9831932773109244,1.0,True,True
Laurasiatheria,273,C_terminal_MTase_like,other,3,1.6899218730496794,0.6752136752136753,9,0.9831932773109244,117,0.9831932773109244,1.0,True,False
Laurasiatheria,274,C_terminal_MTase_like,other,3,0.8372906146804343,0.8717948717948718,7,0.9831932773109244,117,0.9831932773109244,1.0,True,False
Laurasiatheria,275,C_terminal_MTase_like,other,3,1.0950891922386563,0.773109243697479,5,1.0,119,1.0,1.0,True,False
Laurasiatheria,276,C_terminal_MTase_like,other,3,1.1771561656243272,0.7394957983193278,4,1.0,119,1.0,1.0,True,False
Laurasiatheria,277,C_terminal_MTase_like,other,3,1.4802192643186027,0.6218487394957983,7,0.9915966386554622,118,0.9915966386554622,1.0,True,False
Laurasiatheria,278,C_terminal_MTase_like,other,3,0.7108652104516495,0.8571428571428571,4,0.9915966386554622,118,0.9915966386554622,1.0,True,False
Laurasiatheria,279,C_terminal_MTase_like,other,3,0.169770007535155,0.9747899159663864,2,1.0,119,1.0,1.0,True,False
Laurasiatheria,280,C_terminal_MTase_like,other,3,0.0700120504953613,0.9915966386554622,2,1.0,119,1.0,1.0,True,False
Laurasiatheria,281,C_terminal_MTase_like,other,3,0.0,1.0,1,1.0,119,1.0,1.0,True,True
Laurasiatheria,282,C_terminal_MTase_like,other,3,0.0,1.0,1,1.0,119,1.0,1.0,True,True
Laurasiatheria,283,C_terminal_MTase_like,other,3,0.2394711804443585,0.9663865546218487,3,1.0,119,1.0,1.0,True,False
Laurasiatheria,284,C_terminal_MTase_like,other,3,0.0,1.0,1,1.0,119,1.0,1.0,True,True
Laurasiatheria,285,C_terminal_MTase_like,other,3,0.2922602077033719,0.957983193277311,3,1.0,119,1.0,1.0,True,False
Laurasiatheria,286,C_terminal_MTase_like,other,3,0.0,1.0,1,1.0,119,1.0,1.0,True,True
Laurasiatheria,287,C_terminal_MTase_like,other,3,0.2922602077033719,0.957983193277311,3,1.0,119,1.0,1.0,True,False
Laurasiatheria,288,C_terminal_MTase_like,other,3,0.0,1.0,1,1.0,119,1.0,1.0,True,True
Laurasiatheria,289,C_terminal_MTase_like,other,3,0.6338973670058163,0.8823529411764706,4,1.0,119,1.0,1.0,True,False
Laurasiatheria,290,C_terminal_MTase_like,other,3,0.1929203226793858,0.9747899159663864,3,1.0,119,1.0,1.0,True,False
Laurasiatheria,291,C_terminal_MTase_like,other,3,1.0094128606689616,0.7563025210084033,6,1.0,119,1.0,1.0,True,False
Laurasiatheria,292,C_terminal_MTase_like,other,3,1.8477565721093028,0.3865546218487395,6,1.0,119,1.0,1.0,True,False
Laurasiatheria,293,C_terminal_MTase_like,other,3,0.9567258440526692,0.6218487394957983,2,1.0,119,1.0,1.0,True,False
Laurasiatheria,294,C_terminal_MTase_like,other,3,0.4731357367124664,0.9327731092436976,5,1.0,119,1.0,1.0,True,False
Laurasiatheria,295,C_terminal_MTase_like,other,3,1.7844264635874396,0.5546218487394958,6,1.0,119,1.0,1.0,True,False
Laurasiatheria,296,C_terminal_MTase_like,other,3,2.536287892711981,0.2941176470588235,8,1.0,119,1.0,1.0,True,False
Laurasiatheria,297,C_terminal_MTase_like,other,3,0.7016690559626393,0.8739495798319328,4,1.0,119,1.0,1.0,True,False
Laurasiatheria,298,C_terminal_MTase_like,other,3,0.0,1.0,1,1.0,119,1.0,1.0,True,True
Laurasiatheria,299,C_terminal_MTase_like,other,3,0.1231146356503105,0.9831932773109244,2,1.0,119,1.0,1.0,True,False
Laurasiatheria,300,C_terminal_MTase_like,other,3,0.0,1.0,1,1.0,119,1.0,1.0,True,True
Laurasiatheria,301,C_terminal_MTase_like,other,3,0.0,1.0,1,1.0,119,1.0,1.0,True,True
Laurasiatheria,302,C_terminal_MTase_like,other,3,0.0,1.0,1,1.0,119,1.0,1.0,True,True
Laurasiatheria,303,C_terminal_MTase_like,other,3,0.0,1.0,1,1.0,119,1.0,1.0,True,True
Laurasiatheria,304,C_terminal_MTase_like,other,3,1.590015536340959,0.5294117647058824,8,0.9663865546218487,113,0.9495798319327732,1.0,True,False
Laurasiatheria,305,C_terminal_MTase_like,other,3,0.8703668026187911,0.8235294117647058,6,0.9663865546218487,115,0.9663865546218487,1.0,True,False
Laurasiatheria,306,C_terminal_MTase_like,other,3,0.1929203226793858,0.9745762711864406,3,0.9663865546218487,115,0.9663865546218487,1.0,True,False
Laurasiatheria,307,C_terminal_MTase_like,other,3,0.2626214955885892,0.9661016949152542,4,0.9663865546218487,115,0.9663865546218487,1.0,True,False
Laurasiatheria,308,C_terminal_MTase_like,other,3,0.1942417285262214,0.9745762711864406,4,0.9663865546218487,115,0.9663865546218487,1.0,True,False
Laurasiatheria,309,C_terminal_MTase_like,other,3,0.3848999250481434,0.9491525423728814,5,0.9663865546218487,115,0.9663865546218487,1.0,True,False
Laurasiatheria,310,C_terminal_MTase_like,other,3,0.5995447321475115,0.907563025210084,5,0.9747899159663864,116,0.9747899159663864,0.9913793103448276,True,False
Laurasiatheria,311,C_terminal_MTase_like,other,3,0.8413636561291643,0.853448275862069,7,0.9747899159663864,113,0.9495798319327732,0.991150442477876,True,False
Laurasiatheria,312,C_terminal_MTase_like,other,3,1.2546871896376373,0.7327586206896551,6,0.9495798319327732,113,0.9495798319327732,0.991150442477876,True,False
Laurasiatheria,313,C_terminal_MTase_like,other,3,1.7727649777088934,0.504424778761062,6,0.9495798319327732,113,0.9495798319327732,0.991150442477876,True,False
Laurasiatheria,314,C_terminal_MTase_like,other,3,0.3219451230166949,0.9565217391304348,4,0.9495798319327732,113,0.9495798319327732,0.991150442477876,True,False
Laurasiatheria,315,C_terminal_MTase_like,other,3,1.5296637631424883,0.6756756756756757,7,0.9327731092436976,111,0.9327731092436976,1.0,True,False
Laurasiatheria,316,C_terminal_MTase_like,other,3,1.2515118165048842,0.6608695652173913,7,0.9327731092436976,111,0.9327731092436976,1.0,True,False
Laurasiatheria,317,C_terminal_MTase_like,other,3,1.6072133290654096,0.5391304347826087,7,0.9327731092436976,111,0.9327731092436976,1.0,True,False
Laurasiatheria,318,C_terminal_MTase_like,other,3,1.2662312797766082,0.5775862068965517,7,0.9411764705882352,111,0.9327731092436976,1.0,True,False
Laurasiatheria,319,C_terminal_MTase_like,other,3,0.8376357089819546,0.8235294117647058,7,0.9411764705882352,112,0.9411764705882352,0.9910714285714286,True,False
Laurasiatheria,320,C_terminal_MTase_like,other,3,0.1399213583393861,0.957983193277311,4,0.9663865546218487,115,0.9663865546218487,1.0,True,False
Laurasiatheria,321,C_terminal_MTase_like,other,3,0.2626214955885892,0.957983193277311,4,0.9663865546218487,115,0.9663865546218487,1.0,True,False
Laurasiatheria,322,C_terminal_MTase_like,other,3,0.8029382274455164,0.8305084745762712,5,0.9663865546218487,115,0.9663865546218487,1.0,True,False
Laurasiatheria,323,C_terminal_MTase_like,other,3,0.2626214955885892,0.957983193277311,4,0.9663865546218487,115,0.9663865546218487,0.982608695652174,True,False
Laurasiatheria,324,C_terminal_MTase_like,other,3,0.1399213583393861,0.9831932773109244,3,0.9663865546218487,115,0.9663865546218487,0.991304347826087,True,False
Laurasiatheria,325,C_terminal_MTase_like,other,3,0.2626214955885892,0.9663865546218487,5,0.9747899159663864,116,0.9747899159663864,0.9741379310344828,True,False
Laurasiatheria,326,C_terminal_MTase_like,other,3,0.2681210703822991,0.9655172413793104,5,0.9747899159663864,116,0.9747899159663864,0.9741379310344828,True,False
Laurasiatheria,327,C_terminal_MTase_like,other,3,0.6862860772936099,0.865546218487395,5,0.957983193277311,114,0.957983193277311,0.9912280701754386,True,False
Laurasiatheria,328,C_terminal_MTase_like,other,3,0.0,0.9915966386554622,2,0.957983193277311,114,0.957983193277311,1.0,True,False
Laurasiatheria,329,C_terminal_MTase_like,other,3,0.1399213583393861,0.9747899159663864,4,0.957983193277311,114,0.957983193277311,0.9912280701754386,True,False
Laurasiatheria,330,C_terminal_MTase_like,other,3,0.3368283839385185,0.9322033898305084,6,0.9495798319327732,112,0.9411764705882352,0.9910714285714286,True,False
Laurasiatheria,331,C_terminal_MTase_like,other,3,1.1852886803145997,0.5,6,0.957983193277311,113,0.9495798319327732,1.0,True,False
Laurasiatheria,332,C_terminal_MTase_like,other,1,0.5222343742710244,0.9224137931034484,5,0.9747899159663864,1,0.0084033613445378,1.0,False,False
Laurasiatheria,333,C_terminal_MTase_like,other,2,0.5073243321134492,0.9224137931034484,5,0.9495798319327732,9,0.0756302521008403,0.3333333333333333,False,False
Laurasiatheria,334,C_terminal_MTase_like,other,3,0.6534839016376406,0.8803418803418803,5,0.957983193277311,113,0.9495798319327732,0.9734513274336284,True,False
Laurasiatheria,335,C_terminal_MTase_like,other,3,0.3345055684049242,0.9396551724137931,7,0.9411764705882352,110,0.9243697478991596,1.0,True,False
Laurasiatheria,336,C_terminal_MTase_like,other,3,0.74755645103652,0.8888888888888888,10,0.9411764705882352,111,0.9327731092436976,0.990990990990991,True,False
Laurasiatheria,337,C_terminal_MTase_like,other,3,0.6025273901396206,0.8991596638655462,6,0.9327731092436976,110,0.9243697478991596,1.0,True,False
Laurasiatheria,338,C_terminal_MTase_like,other,3,0.8777108180480547,0.8487394957983193,6,0.9327731092436976,110,0.9243697478991596,1.0,True,False
Laurasiatheria,339,C_terminal_MTase_like,other,3,2.26201524076047,0.4285714285714285,12,0.9327731092436976,110,0.9243697478991596,1.0,True,False
Laurasiatheria,340,C_terminal_MTase_like,other,3,1.1384215649925946,0.652542372881356,5,0.9327731092436976,110,0.9243697478991596,1.0,True,False
Laurasiatheria,341,C_terminal_MTase_like,switching_helix,3,1.5892817722163075,0.6722689075630253,9,0.9327731092436976,110,0.9243697478991596,1.0,True,False
Laurasiatheria,342,C_terminal_MTase_like,switching_helix,3,1.0776304229956608,0.7966101694915254,10,0.9243697478991596,110,0.9243697478991596,1.0,True,False
Laurasiatheria,343,C_terminal_MTase_like,switching_helix,3,0.8118610985798302,0.8319327731092437,5,0.9243697478991596,110,0.9243697478991596,1.0,True,False
Laurasiatheria,344,C_terminal_MTase_like,switching_helix,3,1.1867866854070712,0.7692307692307693,10,0.9243697478991596,110,0.9243697478991596,1.0,True,False
Laurasiatheria,345,C_terminal_MTase_like,switching_helix,3,1.451058229663421,0.7226890756302521,9,0.9243697478991596,110,0.9243697478991596,1.0,True,False
Laurasiatheria,346,C_terminal_MTase_like,switching_helix,3,0.683130840490966,0.8151260504201681,8,0.9243697478991596,110,0.9243697478991596,1.0,True,False
Laurasiatheria,347,C_terminal_MTase_like,switching_helix,3,0.8392811011069822,0.8403361344537815,8,0.9327731092436976,111,0.9327731092436976,0.990990990990991,True,False
Laurasiatheria,348,C_terminal_MTase_like,switching_helix,3,0.3345055684049242,0.9159663865546218,6,0.9495798319327732,112,0.9411764705882352,0.9821428571428572,True,False
Laurasiatheria,349,C_terminal_MTase_like,switching_helix,3,1.3843709842546248,0.7394957983193278,9,0.9495798319327732,112,0.9411764705882352,0.9732142857142856,True,False
Laurasiatheria,350,C_terminal_MTase_like,switching_helix,3,0.8076792299832517,0.8403361344537815,9,0.9495798319327732,112,0.9411764705882352,0.9821428571428572,True,False
Laurasiatheria,351,C_terminal_MTase_like,switching_helix,3,0.4340409420141698,0.9159663865546218,6,0.9411764705882352,111,0.9327731092436976,0.981981981981982,True,False
Laurasiatheria,352,C_terminal_MTase_like,switching_helix,3,0.9124838830556836,0.7899159663865546,8,0.9411764705882352,111,0.9327731092436976,0.981981981981982,True,False
Laurasiatheria,353,C_terminal_MTase_like,switching_helix,3,0.5759138264364093,0.8991596638655462,7,0.9411764705882352,112,0.9411764705882352,0.9732142857142856,True,False
Laurasiatheria,354,C_terminal_MTase_like,switching_helix,3,1.880814523454614,0.5042016806722689,8,0.9495798319327732,113,0.9495798319327732,0.9734513274336284,True,False
Laurasiatheria,355,C_terminal_MTase_like,switching_helix,3,0.8226742667216791,0.847457627118644,7,0.9495798319327732,112,0.9411764705882352,0.9732142857142856,True,False
Laurasiatheria,356,C_terminal_MTase_like,switching_helix_adjacent_loop,3,1.4623278345015185,0.6949152542372882,8,0.9495798319327732,112,0.9411764705882352,0.9821428571428572,True,False
Laurasiatheria,357,C_terminal_MTase_like,switching_helix_adjacent_loop,3,0.7781889639484105,0.8487394957983193,5,0.9327731092436976,111,0.9327731092436976,1.0,True,False
Laurasiatheria,358,C_terminal_MTase_like,switching_helix_adjacent_loop,3,2.0826131837895625,0.4621848739495798,11,0.9243697478991596,110,0.9243697478991596,0.990909090909091,True,False
Laurasiatheria,359,C_terminal_MTase_like,switching_helix_adjacent_loop,3,1.2395851361930132,0.7413793103448276,6,0.9243697478991596,110,0.9243697478991596,0.990909090909091,True,False
Laurasiatheria,360,C_terminal_MTase_like,switching_helix_adjacent_loop,3,0.7702664234174915,0.8823529411764706,7,0.9243697478991596,110,0.9243697478991596,1.0,True,False
Laurasiatheria,361,C_terminal_MTase_like,other,3,0.2122013275213624,0.9411764705882352,3,0.9243697478991596,110,0.9243697478991596,0.990909090909091,True,False
Laurasiatheria,362,C_terminal_MTase_like,other,3,0.7824223372604275,0.8632478632478633,7,0.9243697478991596,110,0.9243697478991596,0.990909090909091,True,False
Laurasiatheria,363,C_terminal_MTase_like,other,3,2.558533070988676,0.3333333333333333,14,0.9327731092436976,111,0.9327731092436976,0.981981981981982,True,False
Laurasiatheria,364,C_terminal_MTase_like,other,3,0.2111908810685943,0.9487179487179488,5,0.9327731092436976,111,0.9327731092436976,0.990990990990991,True,False
Laurasiatheria,365,C_terminal_MTase_like,other,3,0.3641800089159503,0.9230769230769232,5,0.9327731092436976,111,0.9327731092436976,0.990990990990991,True,False
Laurasiatheria,366,C_terminal_MTase_like,other,3,0.4854277517374084,0.8974358974358975,6,0.9243697478991596,110,0.9243697478991596,1.0,True,False
Laurasiatheria,367,C_terminal_MTase_like,other,3,0.9148716480437958,0.8319327731092437,9,0.9243697478991596,110,0.9243697478991596,1.0,True,False
Laurasiatheria,368,C_terminal_MTase_like,other,3,0.0747043371547961,0.9495798319327732,3,0.9243697478991596,110,0.9243697478991596,1.0,True,False
Laurasiatheria,369,C_terminal_MTase_like,other,3,0.264427272965396,0.9495798319327732,5,0.9243697478991596,110,0.9243697478991596,1.0,True,False
Laurasiatheria,370,C_terminal_MTase_like,other,3,0.0705017596054147,0.9243697478991596,5,0.9243697478991596,110,0.9243697478991596,1.0,True,False
Laurasiatheria,371,C_terminal_MTase_like,other,3,0.1239498677110075,0.9830508474576272,3,0.9243697478991596,110,0.9243697478991596,1.0,True,False
Laurasiatheria,372,C_terminal_MTase_like,other,3,0.1942417285262214,0.957983193277311,4,0.9243697478991596,110,0.9243697478991596,1.0,True,False
Laurasiatheria,373,C_terminal_MTase_like,other,3,0.3054005708792003,0.9067796610169492,5,0.9243697478991596,110,0.9243697478991596,1.0,True,False
Laurasiatheria,374,C_terminal_MTase_like,other,3,0.3641800089159503,0.923728813559322,6,0.9243697478991596,110,0.9243697478991596,1.0,True,False
Laurasiatheria,375,C_terminal_MTase_like,other,3,0.2836581107778056,0.9327731092436976,4,0.9243697478991596,110,0.9243697478991596,1.0,True,False
Laurasiatheria,376,C_terminal_MTase_like,other,3,0.0709989466364099,0.9663865546218487,2,0.9243697478991596,110,0.9243697478991596,1.0,True,False
Laurasiatheria,377,C_terminal_MTase_like,other,3,0.3901924019350135,0.907563025210084,5,0.9243697478991596,110,0.9243697478991596,1.0,True,False
Laurasiatheria,378,C_terminal_MTase_like,other,3,1.0140243552716726,0.7563025210084033,9,0.9243697478991596,109,0.9159663865546218,1.0,True,False
Laurasiatheria,379,C_terminal_MTase_like,other,3,0.2840936995090835,0.9469026548672568,4,0.8739495798319328,101,0.8487394957983193,1.0,True,False
Laurasiatheria,380,C_terminal_MTase_like,other,3,0.6154578778901921,0.9051724137931034,7,0.8823529411764706,105,0.8823529411764706,0.961904761904762,True,False
Laurasiatheria,381,C_terminal_tail,other,3,1.1317439586848017,0.8220338983050848,9,0.8403361344537815,100,0.8403361344537815,0.99,True,False
Laurasiatheria,382,C_terminal_tail,other,3,1.376611205841168,0.7033898305084746,9,0.8403361344537815,99,0.8319327731092437,1.0,True,False
Laurasiatheria,383,C_terminal_tail,other,3,0.839902030598094,0.8275862068965517,9,0.8403361344537815,99,0.8319327731092437,1.0,True,False
Laurasiatheria,384,C_terminal_tail,other,3,0.7034220705694245,0.8793103448275862,7,0.8571428571428571,101,0.8487394957983193,1.0,True,False
Laurasiatheria,385,C_terminal_tail,other,3,0.3691494779734684,0.913793103448276,6,0.8823529411764706,103,0.865546218487395,0.9805825242718448,True,False
Laurasiatheria,386,C_terminal_tail,other,3,0.6838606171957443,0.8521739130434782,6,0.8907563025210085,103,0.865546218487395,0.9902912621359224,True,False
Laurasiatheria,387,C_terminal_tail,other,3,0.5719192522603,0.9203539823008848,7,0.907563025210084,104,0.8739495798319328,0.9615384615384616,True,False
Placentalia,1,N_terminal,other,2,0.3554149427461029,0.9243243243243244,8,0.8169014084507042,142,0.6666666666666666,0.7746478873239436,False,False
Placentalia,2,N_terminal,other,2,1.2386379171581563,0.7569060773480663,10,0.8028169014084507,141,0.6619718309859155,0.7943262411347518,False,False
Placentalia,6,N_terminal,other,2,2.7058396270142295,0.2512820512820513,12,0.892018779342723,21,0.0985915492957746,0.9523809523809524,False,False
Placentalia,7,N_terminal,other,2,1.1746648949406346,0.6632653061224489,8,0.9061032863849764,151,0.7089201877934272,0.9006622516556292,False,False
Placentalia,8,N_terminal,other,3,1.4732429978396555,0.6391752577319587,7,0.8826291079812206,187,0.8779342723004695,0.8716577540106952,False,False
Placentalia,9,N_terminal,other,3,1.502709230946392,0.5647668393782384,9,0.8826291079812206,186,0.8732394366197183,0.8602150537634409,False,False
Placentalia,10,N_terminal,other,3,1.3665039574878264,0.7098445595854922,7,0.8873239436619719,188,0.8826291079812206,0.851063829787234,False,False
Placentalia,11,N_terminal,other,2,1.7643349895451848,0.6410256410256411,10,0.8779342723004695,161,0.755868544600939,0.9813664596273292,False,False
Placentalia,12,N_terminal,other,3,0.2737826153882201,0.96,4,0.8215962441314554,171,0.8028169014084507,0.9941520467836256,True,False
Placentalia,13,N_terminal,other,3,2.4636564339835996,0.4591836734693877,12,0.8967136150234741,191,0.8967136150234741,0.9947643979057592,True,False
Placentalia,14,N_terminal,other,3,1.035402391802207,0.8307692307692308,8,0.8967136150234741,191,0.8967136150234741,0.9895287958115184,True,False
Placentalia,15,N_terminal,other,3,2.02558268188269,0.5618556701030928,11,0.9107981220657276,193,0.9061032863849764,0.9896373056994818,True,False
Placentalia,16,N_terminal,other,3,0.4268764502384497,0.9390862944162436,8,0.9154929577464788,195,0.9154929577464788,1.0,True,False
Placentalia,17,N_terminal,other,3,1.4578216695546962,0.6091370558375635,9,0.9154929577464788,195,0.9154929577464788,1.0,True,False
Placentalia,18,N_terminal,other,3,0.9140544041760132,0.8020304568527918,6,0.92018779342723,195,0.9154929577464788,1.0,True,False
Placentalia,19,N_terminal,other,3,0.6930438453506458,0.883248730964467,6,0.92018779342723,195,0.9154929577464788,1.0,True,False
Placentalia,20,N_terminal,other,3,1.171019116108928,0.7236180904522613,9,0.8873239436619719,189,0.8873239436619719,1.0,True,False
Placentalia,21,N_terminal,other,3,1.042646997318231,0.7397959183673469,5,0.9014084507042254,189,0.8873239436619719,0.9947089947089948,True,False
Placentalia,22,N_terminal,other,3,0.435531195329783,0.9441624365482234,7,0.92018779342723,196,0.92018779342723,0.9948979591836736,True,False
Placentalia,23,N_terminal,other,3,1.1608814432731671,0.8092783505154639,9,0.9107981220657276,191,0.8967136150234741,1.0,True,False
Placentalia,24,N_terminal,other,3,0.8240929013280938,0.8622448979591837,7,0.8826291079812206,187,0.8779342723004695,1.0,True,False
Placentalia,25,N_terminal,other,3,1.63552098957048,0.65625,9,0.8826291079812206,188,0.8826291079812206,0.9946808510638298,True,False
Placentalia,26,N_terminal,other,3,1.1882436331002224,0.7525773195876289,8,0.8826291079812206,187,0.8779342723004695,1.0,True,False
Placentalia,27,N_terminal,other,3,1.5121801304601252,0.7055837563451777,9,0.8685446009389671,184,0.863849765258216,0.9891304347826086,True,False
Placentalia,28,N_terminal,other,3,1.119230376582972,0.7563451776649747,6,0.8873239436619719,189,0.8873239436619719,0.9894179894179894,True,False
Placentalia,29,N_terminal,other,3,2.276935797810975,0.4322916666666667,10,0.9014084507042254,188,0.8826291079812206,0.9893617021276596,True,False
Placentalia,30,N_terminal,other,3,0.8454417778512465,0.8527918781725888,7,0.9061032863849764,190,0.892018779342723,0.9947368421052633,True,False
Placentalia,31,N_terminal,other,3,0.87045290391282,0.8601036269430051,10,0.9061032863849764,191,0.8967136150234741,0.9738219895287958,True,False
Placentalia,32,N_terminal,other,3,2.344181257487504,0.3724489795918367,9,0.9061032863849764,189,0.8873239436619719,0.9947089947089948,True,False
Placentalia,33,N_terminal,other,3,2.3242979961352424,0.4591836734693877,11,0.92018779342723,195,0.9154929577464788,0.9846153846153848,True,False
Placentalia,34,N_terminal,other,3,2.165780156945193,0.4213197969543147,9,0.92018779342723,195,0.9154929577464788,0.9794871794871794,True,False
Placentalia,35,N_terminal,other,3,0.091953285541787,0.9847715736040608,3,0.92018779342723,195,0.9154929577464788,0.9897435897435898,True,False
Placentalia,36,N_terminal,other,3,1.071664256342324,0.6717948717948717,4,0.9154929577464788,193,0.9061032863849764,0.9896373056994818,True,False
Placentalia,37,N_terminal,other,3,1.7963243860656566,0.676923076923077,12,0.9154929577464788,194,0.9107981220657276,0.9845360824742267,True,False
Placentalia,38,N_terminal,other,3,0.7697382182081014,0.8756476683937824,7,0.8967136150234741,191,0.8967136150234741,1.0,True,False
Placentalia,39,N_terminal,other,3,1.10064142863361,0.8051282051282052,11,0.9061032863849764,193,0.9061032863849764,1.0,True,False
Placentalia,40,N_terminal,other,3,0.5305142658247972,0.9072164948453608,5,0.9061032863849764,193,0.9061032863849764,1.0,True,False
Placentalia,41,ADD,other,3,0.2222642948789693,0.9742268041237112,5,0.9107981220657276,193,0.9061032863849764,1.0,True,False
Placentalia,42,ADD,other,3,0.2191275607962378,0.9690721649484536,3,0.9107981220657276,193,0.9061032863849764,1.0,True,False
Placentalia,43,ADD,other,3,1.7516890231102544,0.6494845360824743,10,0.9107981220657276,193,0.9061032863849764,1.0,True,False
Placentalia,44,ADD,other,3,0.6015749469169774,0.8917525773195877,5,0.9061032863849764,193,0.9061032863849764,1.0,True,False
Placentalia,45,ADD,other,3,0.5660220294455592,0.9076923076923076,6,0.9107981220657276,193,0.9061032863849764,1.0,True,False
Placentalia,46,ADD,other,3,1.1666627111068482,0.7743589743589744,7,0.9107981220657276,193,0.9061032863849764,1.0,True,False
Placentalia,47,ADD,other,3,0.175827452584653,0.9743589743589745,4,0.9107981220657276,193,0.9061032863849764,1.0,True,False
Placentalia,48,ADD,other,3,1.8592700182837552,0.413265306122449,9,0.9107981220657276,193,0.9061032863849764,1.0,True,False
Placentalia,49,ADD,other,3,0.2315735671707384,0.9693877551020408,6,0.9107981220657276,193,0.9061032863849764,1.0,True,False
Placentalia,50,ADD,other,3,0.0465921813998105,0.9797979797979798,4,0.9107981220657276,193,0.9061032863849764,1.0,True,False
Placentalia,51,ADD,other,3,0.59336056785857,0.8944723618090452,5,0.92018779342723,195,0.9154929577464788,1.0,True,False
Placentalia,52,ADD,other,3,1.829729852413082,0.4852941176470588,6,0.9483568075117372,202,0.9483568075117372,1.0,True,False
Placentalia,53,ADD,other,3,0.0,0.9950980392156864,2,0.9483568075117372,202,0.9483568075117372,1.0,True,False
Placentalia,54,ADD,other,3,1.0055922557924784,0.6059113300492611,3,0.9483568075117372,202,0.9483568075117372,1.0,True,False
Placentalia,55,ADD,other,3,0.2813990394240874,0.9605911330049262,4,0.9483568075117372,202,0.9483568075117372,1.0,True,False
Placentalia,56,ADD,other,3,0.0892943639525615,0.9901960784313726,3,0.9483568075117372,202,0.9483568075117372,1.0,True,False
Placentalia,57,ADD,other,3,0.0446646008509525,0.995049504950495,2,0.9483568075117372,202,0.9483568075117372,1.0,True,False
Placentalia,58,ADD,other,3,0.3633024189661518,0.9411764705882352,5,0.9483568075117372,202,0.9483568075117372,1.0,True,False
Placentalia,59,ADD,other,3,1.2756114407985617,0.5343137254901961,8,0.9483568075117372,202,0.9483568075117372,1.0,True,False
Placentalia,60,ADD,other,3,0.6284443653191001,0.8823529411764706,6,0.9483568075117372,202,0.9483568075117372,1.0,True,False
Placentalia,61,ADD,other,3,0.325470243004193,0.9509803921568628,5,0.9483568075117372,202,0.9483568075117372,1.0,True,False
Placentalia,62,ADD,other,3,1.0130210099190935,0.7832512315270936,7,0.9483568075117372,202,0.9483568075117372,1.0,True,False
Placentalia,63,ADD,other,3,0.6005957955077511,0.9064039408866996,7,0.9483568075117372,202,0.9483568075117372,1.0,True,False
Placentalia,64,ADD,other,3,0.7140499197423876,0.8719211822660099,5,0.9483568075117372,202,0.9483568075117372,1.0,True,False
Placentalia,65,ADD,other,3,0.0,0.9950738916256158,2,0.9483568075117372,202,0.9483568075117372,1.0,True,False
Placentalia,66,ADD,other,3,0.0,0.9950738916256158,2,0.9483568075117372,202,0.9483568075117372,1.0,True,False
Placentalia,67,ADD,other,3,0.0,0.9950738916256158,2,0.9483568075117372,202,0.9483568075117372,1.0,True,False
Placentalia,68,ADD,other,3,0.0,0.9950738916256158,2,0.9483568075117372,202,0.9483568075117372,1.0,True,False
Placentalia,69,ADD,other,3,0.554106679734618,0.9215686274509804,7,0.9483568075117372,202,0.9483568075117372,1.0,True,False
Placentalia,70,ADD,other,3,0.0,1.0,1,0.9530516431924884,203,0.9530516431924884,1.0,True,True
Placentalia,71,ADD,other,3,0.0,0.9950980392156864,2,0.9530516431924884,202,0.9483568075117372,1.0,True,False
Placentalia,72,ADD,other,3,0.984839022112958,0.7464788732394366,6,0.9906103286384976,210,0.9859154929577464,1.0,True,False
Placentalia,73,ADD,other,3,0.0430704823507291,0.9952830188679244,2,0.9906103286384976,210,0.9859154929577464,1.0,True,False
Placentalia,74,ADD,other,3,1.1899023977751528,0.7417840375586855,8,0.9906103286384976,211,0.9906103286384976,0.995260663507109,True,False
Placentalia,75,ADD,other,3,0.7596314587865977,0.8732394366197183,6,0.9906103286384976,211,0.9906103286384976,0.995260663507109,True,False
Placentalia,76,ADD,other,3,0.1291154478789567,0.9859154929577464,4,0.9906103286384976,211,0.9906103286384976,0.995260663507109,True,False
Placentalia,77,ADD,other,3,0.0430704823507291,0.9953051643192488,2,0.976525821596244,208,0.976525821596244,0.9951923076923076,True,False
Placentalia,78,ADD,other,3,0.4129907213661743,0.9389671361502347,4,1.0,213,1.0,1.0,True,False
Placentalia,79,ADD,other,3,0.9039223714620996,0.8450704225352113,5,1.0,213,1.0,1.0,True,False
Placentalia,80,ADD,other,3,0.2797656724650248,0.9624413145539906,4,1.0,213,1.0,1.0,True,False
Placentalia,81,ADD,other,3,0.134530941329573,0.9812206572769951,2,1.0,213,1.0,1.0,True,False
Placentalia,82,ADD,other,3,1.616323654217026,0.460093896713615,8,1.0,213,1.0,1.0,True,False
Placentalia,83,ADD,other,3,2.236963387408604,0.4413145539906103,9,1.0,213,1.0,1.0,True,False
Placentalia,84,ADD,other,3,0.6767941182114723,0.8826291079812206,4,1.0,213,1.0,1.0,True,False
Placentalia,85,ADD,other,3,0.0430704823507291,0.9953051643192488,2,1.0,213,1.0,1.0,True,False
Placentalia,86,ADD,other,3,0.3499268994940891,0.9483568075117372,4,1.0,213,1.0,1.0,True,False
Placentalia,87,ADD,other,3,0.0,1.0,1,1.0,213,1.0,1.0,True,True
Placentalia,88,ADD,other,3,0.0,1.0,1,1.0,213,1.0,1.0,True,True
Placentalia,89,ADD,other,3,1.1986625190187163,0.6572769953051644,6,1.0,213,1.0,1.0,True,False
Placentalia,90,ADD,other,3,0.0,1.0,1,1.0,213,1.0,1.0,True,True
Placentalia,91,ADD,other,3,0.0430704823507291,0.9953051643192488,2,1.0,213,1.0,1.0,True,False
Placentalia,92,ADD,other,3,0.7714624838636072,0.8356807511737089,4,1.0,213,1.0,1.0,True,False
Placentalia,93,ADD,other,3,0.384736810681678,0.9248826291079812,2,1.0,213,1.0,1.0,True,False
Placentalia,94,ADD,other,3,0.2262275183266655,0.971830985915493,4,1.0,213,1.0,1.0,True,False
Placentalia,95,ADD,other,3,0.6102847053757606,0.9107981220657276,5,1.0,213,1.0,1.0,True,False
Placentalia,96,ADD,other,3,0.0,1.0,1,1.0,213,1.0,1.0,True,True
Placentalia,97,ADD,other,3,0.3741743346670573,0.9342723004694836,3,1.0,213,1.0,1.0,True,False
Placentalia,98,ADD,other,3,0.384736810681678,0.9248826291079812,2,1.0,213,1.0,1.0,True,False
Placentalia,99,ADD,other,3,0.0,1.0,1,1.0,213,1.0,1.0,True,True
Placentalia,100,ADD,other,3,0.7974893676694497,0.8591549295774648,4,1.0,213,1.0,1.0,True,False
Placentalia,101,ADD,other,3,1.273082662103171,0.5446009389671361,5,1.0,213,1.0,1.0,True,False
Placentalia,102,ADD,other,3,0.1067920323758418,0.9859154929577464,2,1.0,213,1.0,1.0,True,False
Placentalia,103,ADD,other,3,1.741662559572108,0.6384976525821596,9,1.0,213,1.0,1.0,True,False
Placentalia,104,ADD,other,3,0.3301332363658144,0.9577464788732394,5,1.0,213,1.0,1.0,True,False
Placentalia,105,ADD,other,3,0.0,1.0,1,1.0,213,1.0,1.0,True,True
Placentalia,106,ADD,other,3,0.548486608843174,0.8732394366197183,2,1.0,213,1.0,1.0,True,False
Placentalia,107,ADD,other,3,0.2668319283234123,0.9624413145539906,3,1.0,213,1.0,1.0,True,False
Placentalia,108,ADD,other,3,0.0,1.0,1,0.9953051643192488,212,0.9953051643192488,1.0,True,True
Placentalia,109,ADD,other,3,0.5707922046183909,0.8820754716981132,3,0.9953051643192488,212,0.9953051643192488,1.0,True,False
Placentalia,110,ADD,other,3,0.9010965335285857,0.7358490566037735,4,0.9953051643192488,212,0.9953051643192488,1.0,True,False
Placentalia,111,ADD,other,3,0.0864508380071343,0.9905660377358492,3,0.9953051643192488,212,0.9953051643192488,1.0,True,False
Placentalia,112,ADD,other,3,0.1781478120992354,0.9764150943396226,3,0.9953051643192488,212,0.9953051643192488,1.0,True,False
Placentalia,113,ADD,other,3,0.0,1.0,1,0.9953051643192488,212,0.9953051643192488,1.0,True,True
Placentalia,114,ADD,other,3,0.0430704823507291,0.9953051643192488,2,1.0,213,1.0,1.0,True,False
Placentalia,115,ADD,other,3,0.0,1.0,1,1.0,213,1.0,1.0,True,True
Placentalia,116,ADD,other,3,0.1350362028021276,0.976525821596244,3,0.9953051643192488,212,0.9953051643192488,1.0,True,False
Placentalia,117,ADD,other,3,0.1350362028021276,0.976525821596244,2,0.9953051643192488,212,0.9953051643192488,1.0,True,False
Placentalia,118,ADD,other,3,0.0,1.0,1,0.9953051643192488,212,0.9953051643192488,1.0,True,True
Placentalia,119,ADD,other,3,0.3353573318162513,0.9483568075117372,5,0.9953051643192488,212,0.9953051643192488,1.0,True,False
Placentalia,120,ADD,other,3,0.5413911695023212,0.929245283018868,7,0.9953051643192488,212,0.9953051643192488,1.0,True,False
Placentalia,121,ADD,other,3,0.0,1.0,1,0.9953051643192488,212,0.9953051643192488,1.0,True,True
Placentalia,122,ADD,other,3,0.9024470084127232,0.8443396226415094,5,0.9953051643192488,212,0.9953051643192488,1.0,True,False
Placentalia,123,ADD,other,3,0.0,1.0,1,0.9953051643192488,212,0.9953051643192488,1.0,True,True
Placentalia,124,ADD,other,3,2.0105210604484127,0.4575471698113207,7,0.9953051643192488,212,0.9953051643192488,1.0,True,False
Placentalia,125,ADD,other,3,0.0,1.0,1,0.9953051643192488,212,0.9953051643192488,1.0,True,True
Placentalia,126,ADD,other,3,0.228848778134221,0.9669811320754716,3,0.9953051643192488,212,0.9953051643192488,1.0,True,False
Placentalia,127,ADD,other,3,0.761429280015706,0.839622641509434,4,0.9953051643192488,212,0.9953051643192488,1.0,True,False
Placentalia,128,ADD,other,3,0.0432415450480291,0.9952830188679244,2,0.9953051643192488,212,0.9953051643192488,1.0,True,False
Placentalia,129,ADD,other,3,0.1539041273304295,0.976525821596244,4,0.9953051643192488,212,0.9953051643192488,1.0,True,False
Placentalia,130,ADD,other,3,0.3872712823878835,0.9342723004694836,4,0.9953051643192488,212,0.9953051643192488,1.0,True,False
Placentalia,131,ADD,other,3,0.3138129641688651,0.9389671361502347,3,0.9953051643192488,212,0.9953051643192488,1.0,True,False
Placentalia,132,ADD,other,3,1.179762002188177,0.6619718309859155,5,0.9953051643192488,212,0.9953051643192488,1.0,True,False
Placentalia,133,ADD,other,3,1.2126743664692683,0.589622641509434,7,0.9953051643192488,212,0.9953051643192488,1.0,True,False
Placentalia,134,ADD,other,3,0.937604900370956,0.7934272300469484,5,1.0,213,1.0,0.9953051643192488,True,False
Placentalia,135,ADD,other,3,1.5818577220833077,0.4788732394366197,6,0.9953051643192488,212,0.9953051643192488,1.0,True,False
Placentalia,136,ADD,other,3,0.5152747204331176,0.9154929577464788,5,0.9953051643192488,212,0.9953051643192488,1.0,True,False
Placentalia,137,ADD,other,3,0.8992793692094234,0.8450704225352113,8,0.9953051643192488,212,0.9953051643192488,1.0,True,False
Placentalia,138,ADD,other,3,0.9572437895677368,0.8309859154929577,9,0.9953051643192488,212,0.9953051643192488,1.0,True,False
Placentalia,139,ADD,other,3,1.623634938550391,0.6948356807511737,10,0.9953051643192488,212,0.9953051643192488,1.0,True,False
Placentalia,140,ADD,other,3,0.0,1.0,1,0.9953051643192488,212,0.9953051643192488,1.0,True,True
Placentalia,141,ADD,other,3,0.2955014372847673,0.9575471698113208,3,0.9953051643192488,212,0.9953051643192488,1.0,True,False
Placentalia,142,ADD,other,3,0.0,1.0,1,0.9953051643192488,212,0.9953051643192488,1.0,True,True
Placentalia,143,ADD,other,3,0.3389181219207959,0.9528301886792452,4,0.9953051643192488,212,0.9953051643192488,1.0,True,False
Placentalia,144,ADD,other,3,0.0,0.9953051643192488,2,0.9953051643192488,212,0.9953051643192488,1.0,True,False
Placentalia,145,ADD,other,3,0.0,1.0,1,1.0,213,1.0,1.0,True,True
Placentalia,146,ADD,other,3,0.2262275183266654,0.971830985915493,4,1.0,213,1.0,1.0,True,False
Placentalia,147,ADD,other,3,0.1291154478789567,0.9859154929577464,4,1.0,213,1.0,1.0,True,False
Placentalia,148,ADD,other,3,0.7577280409102565,0.8732394366197183,7,1.0,213,1.0,1.0,True,False
Placentalia,149,ADD,other,3,1.451158497518528,0.5727699530516432,5,1.0,213,1.0,1.0,True,False
Placentalia,150,ADD,other,3,1.1724597837387989,0.8169014084507042,10,1.0,213,1.0,1.0,True,False
Placentalia,151,ADD,other,3,0.9788395466726904,0.8356807511737089,8,1.0,213,1.0,1.0,True,False
Placentalia,152,ADD,other,3,0.0,1.0,1,1.0,213,1.0,1.0,True,True
Placentalia,153,ADD,other,3,0.1197257765174543,0.9859154929577464,3,1.0,213,1.0,0.9953051643192488,True,False
Placentalia,154,ADD,other,3,0.0,1.0,1,1.0,213,1.0,1.0,True,True
Placentalia,155,ADD,other,3,1.1356303678581487,0.7417840375586855,7,1.0,213,1.0,0.9953051643192488,True,False
Placentalia,156,ADD,other,3,0.1774727123697482,0.976525821596244,3,0.9953051643192488,212,0.9953051643192488,1.0,True,False
Placentalia,157,ADD,other,3,0.0430704823507291,0.9953051643192488,2,0.9953051643192488,212,0.9953051643192488,1.0,True,False
Placentalia,158,ADD,other,3,1.4480106123207357,0.6009389671361502,9,0.9953051643192488,212,0.9953051643192488,1.0,True,False
Placentalia,159,ADD,other,3,0.5913731791073067,0.8967136150234741,5,0.9953051643192488,212,0.9953051643192488,1.0,True,False
Placentalia,160,ADD,other,3,0.0,1.0,1,0.9953051643192488,212,0.9953051643192488,1.0,True,True
Placentalia,161,ADD,other,3,0.1962520550927529,0.976525821596244,5,0.9953051643192488,212,0.9953051643192488,1.0,True,False
Placentalia,162,ADD,other,3,2.4470588191732823,0.460093896713615,10,0.9953051643192488,212,0.9953051643192488,1.0,True,False
Placentalia,163,ADD,other,3,1.997849595591516,0.3755868544600939,7,0.9953051643192488,212,0.9953051643192488,1.0,True,False
Placentalia,164,ADD,other,3,0.0432415450480291,0.9906103286384976,2,0.9953051643192488,212,0.9953051643192488,1.0,True,False
Placentalia,165,ADD,other,3,0.086109015450176,0.9906103286384976,3,0.9953051643192488,212,0.9953051643192488,1.0,True,False
Placentalia,166,ADD,other,3,0.26910400472393,0.9671361502347418,5,0.9953051643192488,212,0.9953051643192488,1.0,True,False
Placentalia,167,ADD,other,3,0.2085566011922879,0.9671361502347418,2,0.9953051643192488,212,0.9953051643192488,1.0,True,False
Placentalia,168,ADD,other,3,1.8153382358806456,0.4507042253521127,6,0.9953051643192488,212,0.9953051643192488,1.0,True,False
Placentalia,169,ADD,other,3,0.2400944706021473,0.9671361502347418,6,0.9953051643192488,212,0.9953051643192488,1.0,True,False
Placentalia,170,ADD,other,3,1.5732435317757556,0.6338028169014085,7,0.9953051643192488,212,0.9953051643192488,1.0,True,False
Placentalia,171,ADD,other,3,0.4985690570210356,0.9342723004694836,7,0.9953051643192488,212,0.9953051643192488,1.0,True,False
Placentalia,172,ADD,other,3,1.8137374182045485,0.4366197183098591,10,0.9953051643192488,212,0.9953051643192488,1.0,True,False
Placentalia,173,ADD,other,3,1.7914748536062968,0.6415094339622641,11,0.971830985915493,207,0.971830985915493,1.0,True,False
Placentalia,174,linker,other,3,1.4217916627982037,0.6572769953051644,11,1.0,213,1.0,0.976525821596244,True,False
Placentalia,175,linker,other,3,0.7765261653016893,0.8591549295774648,5,0.976525821596244,208,0.976525821596244,1.0,True,False
Placentalia,176,linker,other,3,1.0364265285965937,0.8356807511737089,8,1.0,213,1.0,1.0,True,False
Placentalia,177,linker,other,3,0.5417858177797462,0.92018779342723,5,1.0,213,1.0,1.0,True,False
Placentalia,178,C_terminal_MTase_like,other,3,1.2850008284011274,0.6948356807511737,5,1.0,213,1.0,1.0,True,False
Placentalia,179,C_terminal_MTase_like,other,3,0.6964675702218581,0.8356807511737089,3,1.0,213,1.0,1.0,True,False
Placentalia,180,C_terminal_MTase_like,other,3,0.9614434610736462,0.784037558685446,4,1.0,213,1.0,1.0,True,False
Placentalia,181,C_terminal_MTase_like,other,3,0.4520448469284053,0.9248826291079812,3,1.0,213,1.0,1.0,True,False
Placentalia,182,C_terminal_MTase_like,other,3,0.1851247601005459,0.971830985915493,2,1.0,213,1.0,1.0,True,False
Placentalia,183,C_terminal_MTase_like,other,3,0.6035296308732406,0.863849765258216,3,1.0,213,1.0,1.0,True,False
Placentalia,184,C_terminal_MTase_like,other,3,1.02871788342945,0.7370892018779343,6,1.0,213,1.0,1.0,True,False
Placentalia,185,C_terminal_MTase_like,other,3,0.1774727123697482,0.976525821596244,3,1.0,213,1.0,1.0,True,False
Placentalia,186,C_terminal_MTase_like,other,3,0.6334102740623948,0.8403755868544601,2,1.0,213,1.0,1.0,True,False
Placentalia,187,C_terminal_MTase_like,other,3,0.0767193440886736,0.9906103286384976,2,1.0,213,1.0,1.0,True,False
Placentalia,188,C_terminal_MTase_like,other,3,1.1169095959504256,0.7417840375586855,6,1.0,213,1.0,1.0,True,False
Placentalia,189,C_terminal_MTase_like,other,3,0.086109015450176,0.9906103286384976,3,1.0,213,1.0,1.0,True,False
Placentalia,190,C_terminal_MTase_like,other,3,1.1621235840624422,0.7417840375586855,4,1.0,213,1.0,1.0,True,False
Placentalia,191,C_terminal_MTase_like,other,3,0.1851247601005459,0.971830985915493,2,1.0,213,1.0,1.0,True,False
Placentalia,192,C_terminal_MTase_like,other,3,0.0767193440886736,0.9906103286384976,2,1.0,213,1.0,1.0,True,False
Placentalia,193,C_terminal_MTase_like,other,3,0.0,1.0,1,1.0,213,1.0,1.0,True,True
Placentalia,194,C_terminal_MTase_like,other,3,0.6072094845679973,0.9107981220657276,5,1.0,213,1.0,1.0,True,False
Placentalia,195,C_terminal_MTase_like,other,3,0.0430704823507291,0.9953051643192488,2,1.0,213,1.0,1.0,True,False
Placentalia,196,C_terminal_MTase_like,other,3,0.0,1.0,1,1.0,213,1.0,1.0,True,True
Placentalia,197,C_terminal_MTase_like,other,3,0.6681054316764393,0.863849765258216,4,1.0,213,1.0,1.0,True,False
Placentalia,198,C_terminal_MTase_like,other,3,1.2532747890501466,0.704225352112676,6,1.0,213,1.0,1.0,True,False
Placentalia,199,C_terminal_MTase_like,other,3,0.0,1.0,1,1.0,213,1.0,1.0,True,True
Placentalia,200,C_terminal_MTase_like,other,3,2.021327212934864,0.5070422535211268,8,1.0,213,1.0,1.0,True,False
Placentalia,201,C_terminal_MTase_like,other,3,1.6615343407883385,0.676056338028169,9,1.0,213,1.0,0.9906103286384976,True,False
Placentalia,202,C_terminal_MTase_like,other,3,0.1067920323758418,0.9859154929577464,2,1.0,213,1.0,1.0,True,False
Placentalia,203,C_terminal_MTase_like,other,3,0.0,1.0,1,1.0,213,1.0,1.0,True,True
Placentalia,204,C_terminal_MTase_like,other,3,2.258961064542781,0.4835680751173709,9,1.0,213,1.0,1.0,True,False
Placentalia,205,C_terminal_MTase_like,other,3,0.1533102840525778,0.9812206572769951,3,1.0,213,1.0,1.0,True,False
Placentalia,206,C_terminal_MTase_like,other,3,0.0,1.0,1,1.0,213,1.0,1.0,True,True
Placentalia,207,C_terminal_MTase_like,other,3,0.0,1.0,1,1.0,213,1.0,1.0,True,True
Placentalia,208,C_terminal_MTase_like,other,3,0.0430704823507291,0.9953051643192488,2,1.0,213,1.0,1.0,True,False
Placentalia,209,C_terminal_MTase_like,other,3,0.1067920323758418,0.9859154929577464,2,1.0,213,1.0,1.0,True,False
Placentalia,210,C_terminal_MTase_like,other,3,0.3512157850963848,0.9481132075471698,4,0.9953051643192488,212,0.9953051643192488,0.9905660377358492,True,False
Placentalia,211,C_terminal_MTase_like,other,3,2.986788503921331,0.3443396226415094,13,0.9859154929577464,209,0.9812206572769951,1.0,True,False
Placentalia,212,C_terminal_MTase_like,other,3,0.5979942713413456,0.9150943396226416,6,0.9953051643192488,211,0.9906103286384976,1.0,True,False
Placentalia,213,C_terminal_MTase_like,other,3,0.4514088848694114,0.92018779342723,8,0.9859154929577464,210,0.9859154929577464,0.9714285714285714,True,False
Placentalia,214,C_terminal_MTase_like,other,3,2.553157830426497,0.3051643192488263,10,0.976525821596244,208,0.976525821596244,1.0,True,False
Placentalia,215,C_terminal_MTase_like,other,3,2.4056373974852185,0.5446009389671361,11,0.9953051643192488,212,0.9953051643192488,1.0,True,False
Placentalia,216,C_terminal_MTase_like,other,3,0.5662143084739721,0.92018779342723,6,1.0,213,1.0,1.0,True,False
Placentalia,217,C_terminal_MTase_like,other,3,2.1539066085669782,0.5070422535211268,11,1.0,213,1.0,1.0,True,False
Placentalia,218,C_terminal_MTase_like,other,3,0.2967123413590944,0.9624413145539906,5,1.0,213,1.0,1.0,True,False
Placentalia,219,C_terminal_MTase_like,other,3,0.7807684543591622,0.8169014084507042,5,1.0,213,1.0,1.0,True,False
Placentalia,220,C_terminal_MTase_like,other,3,0.760005728714056,0.812206572769953,4,1.0,213,1.0,1.0,True,False
Placentalia,221,C_terminal_MTase_like,other,3,0.5079353563991224,0.8873239436619719,2,1.0,213,1.0,1.0,True,False
Placentalia,222,C_terminal_MTase_like,other,3,1.3067504552689426,0.6901408450704225,8,1.0,213,1.0,1.0,True,False
Placentalia,223,C_terminal_MTase_like,other,3,0.086109015450176,0.9906103286384976,3,1.0,213,1.0,1.0,True,False
Placentalia,224,C_terminal_MTase_like,other,3,0.4073935305000312,0.9295774647887324,3,1.0,213,1.0,1.0,True,False
Placentalia,225,C_terminal_MTase_like,other,3,0.1197257765174543,0.9859154929577464,3,1.0,213,1.0,1.0,True,False
Placentalia,226,C_terminal_MTase_like,other,3,1.037353031639899,0.5164319248826291,3,1.0,213,1.0,1.0,True,False
Placentalia,227,C_terminal_MTase_like,other,3,1.1373983130464094,0.7183098591549296,3,1.0,213,1.0,1.0,True,False
Placentalia,228,C_terminal_MTase_like,other,3,0.086109015450176,0.9906103286384976,3,1.0,213,1.0,1.0,True,False
Placentalia,229,C_terminal_MTase_like,other,3,0.0,1.0,1,1.0,213,1.0,1.0,True,True
Placentalia,230,C_terminal_MTase_like,other,3,0.7698205808588191,0.7746478873239436,2,1.0,213,1.0,1.0,True,False
Placentalia,231,C_terminal_MTase_like,other,3,0.5771326209221442,0.9107981220657276,5,1.0,213,1.0,1.0,True,False
Placentalia,232,C_terminal_MTase_like,other,3,0.3923829550400676,0.9295774647887324,3,1.0,213,1.0,1.0,True,False
Placentalia,233,C_terminal_MTase_like,other,3,0.6484337535168776,0.8779342723004695,6,1.0,213,1.0,1.0,True,False
Placentalia,234,C_terminal_MTase_like,other,3,2.368547019168887,0.4553990610328638,10,1.0,213,1.0,1.0,True,False
Placentalia,235,C_terminal_MTase_like,other,3,0.0,1.0,1,1.0,213,1.0,1.0,True,True
Placentalia,236,C_terminal_MTase_like,other,3,0.0430704823507291,0.9953051643192488,2,1.0,213,1.0,1.0,True,False
Placentalia,237,C_terminal_MTase_like,other,3,0.0767193440886736,0.9906103286384976,2,1.0,213,1.0,1.0,True,False
Placentalia,238,C_terminal_MTase_like,other,3,0.0767193440886736,0.9906103286384976,2,1.0,213,1.0,1.0,True,False
Placentalia,239,C_terminal_MTase_like,other,3,0.3165725723920787,0.9530516431924884,4,1.0,213,1.0,1.0,True,False
Placentalia,240,C_terminal_MTase_like,other,3,0.086109015450176,0.9906103286384976,3,1.0,213,1.0,1.0,True,False
Placentalia,241,C_terminal_MTase_like,other,3,1.810763667776785,0.5727699530516432,6,1.0,213,1.0,1.0,True,False
Placentalia,242,C_terminal_MTase_like,other,3,0.1605260434756787,0.976525821596244,2,1.0,213,1.0,1.0,True,False
Placentalia,243,C_terminal_MTase_like,other,3,0.0430704823507291,0.9953051643192488,2,1.0,213,1.0,1.0,True,False
Placentalia,244,C_terminal_MTase_like,other,3,1.0281838042414233,0.7370892018779343,3,1.0,213,1.0,1.0,True,False
Placentalia,245,C_terminal_MTase_like,other,3,0.0767193440886736,0.9906103286384976,2,1.0,213,1.0,1.0,True,False
Placentalia,246,C_terminal_MTase_like,other,3,0.7651554922421253,0.8544600938967136,7,1.0,213,1.0,1.0,True,False
Placentalia,247,C_terminal_MTase_like,other,3,1.4489838729020743,0.6807511737089202,7,1.0,213,1.0,1.0,True,False
Placentalia,248,C_terminal_MTase_like,other,3,1.4658462597317825,0.7464788732394366,8,1.0,213,1.0,1.0,True,False
Placentalia,249,C_terminal_MTase_like,other,3,0.3599768564194803,0.9530516431924884,5,1.0,213,1.0,1.0,True,False
Placentalia,250,C_terminal_MTase_like,other,3,1.5430689926109014,0.6886792452830188,8,0.9812206572769951,209,0.9812206572769951,1.0,True,False
Placentalia,251,C_terminal_MTase_like,other,3,1.658718668542907,0.5330188679245284,6,0.9812206572769951,209,0.9812206572769951,1.0,True,False
Placentalia,252,C_terminal_MTase_like,other,3,1.0314444402733678,0.8537735849056604,11,0.9953051643192488,212,0.9953051643192488,0.9858490566037736,True,False
Placentalia,253,C_terminal_MTase_like,other,3,1.716907372019351,0.7089201877934272,12,1.0,213,1.0,0.9859154929577464,True,False
Placentalia,254,C_terminal_MTase_like,other,3,1.3597723709354168,0.5868544600938967,5,1.0,213,1.0,1.0,True,False
Placentalia,255,C_terminal_MTase_like,other,3,0.9906360753154168,0.7746478873239436,3,1.0,213,1.0,1.0,True,False
Placentalia,256,C_terminal_MTase_like,other,3,0.0,1.0,1,1.0,213,1.0,1.0,True,True
Placentalia,257,C_terminal_MTase_like,other,3,1.7175686351432968,0.5211267605633803,5,1.0,213,1.0,0.9953051643192488,True,False
Placentalia,258,C_terminal_MTase_like,other,3,0.0430704823507291,0.9953051643192488,2,1.0,213,1.0,1.0,True,False
Placentalia,259,C_terminal_MTase_like,other,3,0.5337722097107314,0.9014084507042254,3,1.0,213,1.0,1.0,True,False
Placentalia,260,C_terminal_MTase_like,other,3,1.0700816372235198,0.7464788732394366,3,1.0,213,1.0,1.0,True,False
Placentalia,261,C_terminal_MTase_like,other,3,1.15212778279042,0.704225352112676,3,1.0,213,1.0,1.0,True,False
Placentalia,262,C_terminal_MTase_like,other,3,0.0770168757429833,0.9905660377358492,2,0.9953051643192488,212,0.9953051643192488,1.0,True,False
Placentalia,263,C_terminal_MTase_like,other,3,0.134530941329573,0.9812206572769951,2,1.0,213,1.0,1.0,True,False
Placentalia,264,C_terminal_MTase_like,other,3,0.2109922483837709,0.971830985915493,3,1.0,213,1.0,1.0,True,False
Placentalia,265,C_terminal_MTase_like,other,3,0.0,1.0,1,1.0,213,1.0,1.0,True,True
Placentalia,266,C_terminal_MTase_like,other,3,1.6638375347079024,0.4413145539906103,4,1.0,213,1.0,1.0,True,False
Placentalia,267,C_terminal_MTase_like,other,3,0.0767193440886736,0.9906103286384976,2,1.0,213,1.0,1.0,True,False
Placentalia,268,C_terminal_MTase_like,other,3,0.5027713187295887,0.9061032863849764,4,1.0,213,1.0,1.0,True,False
Placentalia,269,C_terminal_MTase_like,other,3,0.0430704823507291,0.9953051643192488,2,1.0,213,1.0,1.0,True,False
Placentalia,270,C_terminal_MTase_like,other,3,0.4106140198324814,0.9389671361502347,4,1.0,213,1.0,1.0,True,False
Placentalia,271,C_terminal_MTase_like,other,3,0.8190835892004427,0.8672985781990521,7,0.9906103286384976,211,0.9906103286384976,1.0,True,False
Placentalia,272,C_terminal_MTase_like,other,3,0.1626999554140801,0.981042654028436,4,0.9906103286384976,211,0.9906103286384976,1.0,True,False
Placentalia,273,C_terminal_MTase_like,other,3,2.4758331526197384,0.4976303317535545,12,0.976525821596244,206,0.9671361502347418,1.0,True,False
Placentalia,274,C_terminal_MTase_like,other,3,1.3823873059459055,0.7370892018779343,7,0.9624413145539906,205,0.9624413145539906,1.0,True,False
Placentalia,275,C_terminal_MTase_like,other,3,1.2437400382496917,0.784037558685446,9,0.9953051643192488,212,0.9953051643192488,1.0,True,False
Placentalia,276,C_terminal_MTase_like,other,3,1.1586182664472182,0.8028169014084507,9,1.0,213,1.0,1.0,True,False
Placentalia,277,C_terminal_MTase_like,other,3,1.691391866963892,0.5821596244131455,10,0.9953051643192488,212,0.9953051643192488,1.0,True,False
Placentalia,278,C_terminal_MTase_like,other,3,1.2037967406060304,0.6415094339622641,4,0.9906103286384976,211,0.9906103286384976,1.0,True,False
Placentalia,279,C_terminal_MTase_like,other,3,0.2514002077703468,0.9624413145539906,3,1.0,213,1.0,1.0,True,False
Placentalia,280,C_terminal_MTase_like,other,3,0.0430704823507291,0.9953051643192488,2,1.0,213,1.0,1.0,True,False
Placentalia,281,C_terminal_MTase_like,other,3,0.0,1.0,1,1.0,213,1.0,1.0,True,True
Placentalia,282,C_terminal_MTase_like,other,3,0.0,1.0,1,1.0,213,1.0,1.0,True,True
Placentalia,283,C_terminal_MTase_like,other,3,0.7550744704167563,0.8685446009389671,5,1.0,213,1.0,1.0,True,False
Placentalia,284,C_terminal_MTase_like,other,3,0.0,1.0,1,1.0,213,1.0,1.0,True,True
Placentalia,285,C_terminal_MTase_like,other,3,0.5317140968063649,0.9154929577464788,4,1.0,213,1.0,1.0,True,False
Placentalia,286,C_terminal_MTase_like,other,3,0.0,1.0,1,1.0,213,1.0,1.0,True,True
Placentalia,287,C_terminal_MTase_like,other,3,0.6473362591787273,0.892018779342723,4,1.0,213,1.0,1.0,True,False
Placentalia,288,C_terminal_MTase_like,other,3,0.0430704823507291,0.9953051643192488,2,1.0,213,1.0,1.0,True,False
Placentalia,289,C_terminal_MTase_like,other,3,1.230800886435594,0.676056338028169,6,1.0,213,1.0,1.0,True,False
Placentalia,290,C_terminal_MTase_like,other,3,0.2369220658869659,0.9671361502347418,3,1.0,213,1.0,1.0,True,False
Placentalia,291,C_terminal_MTase_like,other,3,1.4026760314322768,0.6807511737089202,7,1.0,213,1.0,1.0,True,False
Placentalia,292,C_terminal_MTase_like,other,3,2.475522614945525,0.3333333333333333,12,1.0,213,1.0,1.0,True,False
Placentalia,293,C_terminal_MTase_like,other,3,1.115357346370462,0.5633802816901409,4,1.0,213,1.0,1.0,True,False
Placentalia,294,C_terminal_MTase_like,other,3,0.4140497001886281,0.9389671361502347,5,1.0,213,1.0,1.0,True,False
Placentalia,295,C_terminal_MTase_like,other,3,1.9372305606118232,0.4225352112676056,8,1.0,213,1.0,1.0,True,False
Placentalia,296,C_terminal_MTase_like,other,3,2.670935165541479,0.2629107981220657,12,1.0,213,1.0,1.0,True,False
Placentalia,297,C_terminal_MTase_like,other,3,1.5260388464721584,0.647887323943662,5,1.0,213,1.0,1.0,True,False
Placentalia,298,C_terminal_MTase_like,other,3,0.5079692410354812,0.9107981220657276,3,1.0,213,1.0,1.0,True,False
Placentalia,299,C_terminal_MTase_like,other,3,1.643494366230495,0.676056338028169,9,1.0,213,1.0,1.0,True,False
Placentalia,300,C_terminal_MTase_like,other,3,0.0,1.0,1,1.0,213,1.0,1.0,True,True
Placentalia,301,C_terminal_MTase_like,other,3,0.0,1.0,1,1.0,213,1.0,1.0,True,True
Placentalia,302,C_terminal_MTase_like,other,3,0.3127333763966433,0.943661971830986,2,1.0,213,1.0,1.0,True,False
Placentalia,303,C_terminal_MTase_like,other,3,0.5352697297532727,0.8779342723004695,2,1.0,213,1.0,1.0,True,False
Placentalia,304,C_terminal_MTase_like,other,3,1.990505764732393,0.4694835680751174,9,0.9906103286384976,210,0.9859154929577464,0.9904761904761904,True,False
Placentalia,305,C_terminal_MTase_like,other,3,1.3807105387449683,0.488262910798122,8,0.9953051643192488,212,0.9953051643192488,0.9858490566037736,True,False
Placentalia,306,C_terminal_MTase_like,other,3,0.7859313597268488,0.8544600938967136,6,0.9906103286384976,211,0.9906103286384976,1.0,True,False
Placentalia,307,C_terminal_MTase_like,other,3,0.8952272634250988,0.8403755868544601,7,0.9812206572769951,209,0.9812206572769951,1.0,True,False
Placentalia,308,C_terminal_MTase_like,other,3,0.3136554194440916,0.9530516431924884,5,0.9812206572769951,209,0.9812206572769951,1.0,True,False
Placentalia,309,C_terminal_MTase_like,other,3,1.014295220860948,0.7323943661971831,6,0.976525821596244,208,0.976525821596244,1.0,True,False
Placentalia,310,C_terminal_MTase_like,other,3,1.0712349681201476,0.7887323943661971,8,0.976525821596244,208,0.976525821596244,1.0,True,False
Placentalia,311,C_terminal_MTase_like,other,3,0.7891814667117042,0.8685446009389671,8,0.976525821596244,205,0.9624413145539906,1.0,True,False
Placentalia,312,C_terminal_MTase_like,other,3,1.0659279179692336,0.7857142857142857,8,0.9624413145539906,205,0.9624413145539906,1.0,True,False
Placentalia,313,C_terminal_MTase_like,other,3,1.7588019936091026,0.4809523809523809,9,0.9624413145539906,205,0.9624413145539906,1.0,True,False
Placentalia,314,C_terminal_MTase_like,other,3,0.4970913636986159,0.9227053140096618,5,0.971830985915493,207,0.971830985915493,0.9951690821256038,True,False
Placentalia,315,C_terminal_MTase_like,other,3,1.801807622318724,0.6172248803827751,8,0.9671361502347418,206,0.9671361502347418,0.9951456310679612,True,False
Placentalia,316,C_terminal_MTase_like,other,3,2.102240302449696,0.3732057416267942,9,0.9624413145539906,205,0.9624413145539906,0.9951219512195122,True,False
Placentalia,317,C_terminal_MTase_like,other,3,2.068377395596592,0.3684210526315789,10,0.9671361502347418,206,0.9671361502347418,0.9902912621359224,True,False
Placentalia,318,C_terminal_MTase_like,other,3,1.2200961608607273,0.7047619047619048,10,0.971830985915493,206,0.9671361502347418,0.9902912621359224,True,False
Placentalia,319,C_terminal_MTase_like,other,3,1.1629060417297217,0.7605633802816901,8,0.9624413145539906,205,0.9624413145539906,1.0,True,False
Placentalia,320,C_terminal_MTase_like,other,3,0.1296277252947818,0.971830985915493,7,0.976525821596244,208,0.976525821596244,1.0,True,False
Placentalia,321,C_terminal_MTase_like,other,3,0.4500545091053703,0.9342723004694836,6,0.976525821596244,208,0.976525821596244,1.0,True,False
Placentalia,322,C_terminal_MTase_like,other,3,1.3131824277300883,0.5070422535211268,7,0.976525821596244,208,0.976525821596244,1.0,True,False
Placentalia,323,C_terminal_MTase_like,other,3,0.1934549465229926,0.971830985915493,4,0.976525821596244,208,0.976525821596244,1.0,True,False
Placentalia,324,C_terminal_MTase_like,other,3,0.086109015450176,0.9859154929577464,3,0.976525821596244,208,0.976525821596244,1.0,True,False
Placentalia,325,C_terminal_MTase_like,other,3,0.2942107741385691,0.9530516431924884,6,0.9812206572769951,209,0.9812206572769951,0.9952153110047848,True,False
Placentalia,326,C_terminal_MTase_like,other,3,0.1720896267755824,0.971830985915493,5,0.9812206572769951,209,0.9812206572769951,0.9952153110047848,True,False
Placentalia,327,C_terminal_MTase_like,other,3,0.6268483951872896,0.8826291079812206,7,0.9812206572769951,209,0.9812206572769951,0.9952153110047848,True,False
Placentalia,328,C_terminal_MTase_like,other,3,0.0,0.9953051643192488,2,0.9859154929577464,210,0.9859154929577464,1.0,True,False
Placentalia,329,C_terminal_MTase_like,other,3,0.6161438020818036,0.8537735849056604,5,0.9859154929577464,209,0.9812206572769951,0.9904306220095692,True,False
Placentalia,330,C_terminal_MTase_like,other,3,1.2297317835076738,0.7251184834123223,7,0.971830985915493,207,0.971830985915493,0.9951690821256038,True,False
Placentalia,331,C_terminal_MTase_like,other,3,1.2890990177377304,0.4830917874396135,8,0.971830985915493,207,0.971830985915493,0.9951690821256038,True,False
Placentalia,332,C_terminal_MTase_like,other,1,0.4033029464155372,0.9476190476190476,6,0.9859154929577464,25,0.1173708920187793,1.0,False,False
Placentalia,333,C_terminal_MTase_like,other,2,0.38732303391164036,0.9428571428571428,6,0.9530516431924884,36,0.1690140845070422,0.8333333333333334,False,False
Placentalia,334,C_terminal_MTase_like,other,3,0.9652989685864402,0.7014218009478673,6,0.9671361502347418,206,0.9671361502347418,0.9805825242718448,True,False
Placentalia,335,C_terminal_MTase_like,other,3,0.7878115447766533,0.8714285714285714,8,0.9577464788732394,204,0.9577464788732394,0.9901960784313726,True,False
Placentalia,336,C_terminal_MTase_like,other,3,1.8841447883709548,0.6729857819905213,13,0.9577464788732394,204,0.9577464788732394,0.9901960784313726,True,False
Placentalia,337,C_terminal_MTase_like,other,3,0.8672278618544825,0.8544600938967136,8,0.943661971830986,201,0.943661971830986,1.0,True,False
Placentalia,338,C_terminal_MTase_like,other,3,0.693648813691182,0.8867924528301887,7,0.943661971830986,201,0.943661971830986,1.0,True,False
Placentalia,339,C_terminal_MTase_like,other,3,2.6535922492223976,0.3554502369668246,14,0.9483568075117372,201,0.943661971830986,1.0,True,False
Placentalia,340,C_terminal_MTase_like,other,3,1.373398849156063,0.5402843601895735,6,0.9483568075117372,202,0.9483568075117372,1.0,True,False
Placentalia,341,C_terminal_MTase_like,switching_helix,3,2.271102454570315,0.3896713615023474,11,0.9483568075117372,202,0.9483568075117372,1.0,True,False
Placentalia,342,C_terminal_MTase_like,switching_helix,3,0.991119409215024,0.8436018957345972,10,0.9483568075117372,202,0.9483568075117372,1.0,True,False
Placentalia,343,C_terminal_MTase_like,switching_helix,3,0.9216362799560908,0.8356807511737089,7,0.9483568075117372,202,0.9483568075117372,1.0,True,False
Placentalia,344,C_terminal_MTase_like,switching_helix,3,1.594314869665154,0.7014218009478673,12,0.9483568075117372,202,0.9483568075117372,1.0,True,False
Placentalia,345,C_terminal_MTase_like,switching_helix,3,1.4196746330977583,0.7511737089201878,10,0.9483568075117372,202,0.9483568075117372,1.0,True,False
Placentalia,346,C_terminal_MTase_like,switching_helix,3,0.6754100332813718,0.8820754716981132,11,0.9483568075117372,202,0.9483568075117372,1.0,True,False
Placentalia,347,C_terminal_MTase_like,switching_helix,3,1.2335020030607962,0.7688679245283019,12,0.9483568075117372,202,0.9483568075117372,1.0,True,False
Placentalia,348,C_terminal_MTase_like,switching_helix,3,1.3179269753491387,0.75,11,0.9342723004694836,199,0.9342723004694836,1.0,True,False
Placentalia,349,C_terminal_MTase_like,switching_helix,3,1.2216211655357971,0.7924528301886793,10,0.9342723004694836,199,0.9342723004694836,0.9949748743718592,True,False
Placentalia,350,C_terminal_MTase_like,switching_helix,3,2.039811510594891,0.5734597156398105,11,0.9295774647887324,198,0.9295774647887324,0.9949494949494948,True,False
Placentalia,351,C_terminal_MTase_like,switching_helix,3,1.1570037635343162,0.8104265402843602,10,0.9295774647887324,198,0.9295774647887324,0.9949494949494948,True,False
Placentalia,352,C_terminal_MTase_like,switching_helix,3,1.584117281380723,0.6650943396226415,9,0.9342723004694836,199,0.9342723004694836,0.9949748743718592,True,False
Placentalia,353,C_terminal_MTase_like,switching_helix,3,1.2676009532441366,0.7699530516431925,12,0.9342723004694836,199,0.9342723004694836,0.9949748743718592,True,False
Placentalia,354,C_terminal_MTase_like,switching_helix,3,2.3287005993678833,0.431924882629108,10,0.943661971830986,201,0.943661971830986,0.9751243781094528,True,False
Placentalia,355,C_terminal_MTase_like,switching_helix,3,1.331299757355357,0.7605633802816901,11,0.9342723004694836,199,0.9342723004694836,0.9798994974874372,True,False
Placentalia,356,C_terminal_MTase_like,switching_helix_adjacent_loop,3,2.1420588618206344,0.3896713615023474,12,0.9295774647887324,198,0.9295774647887324,0.9848484848484848,True,False
Placentalia,357,C_terminal_MTase_like,switching_helix_adjacent_loop,3,1.662345292165577,0.6320754716981132,12,0.9342723004694836,197,0.9248826291079812,1.0,True,False
Placentalia,358,C_terminal_MTase_like,switching_helix_adjacent_loop,3,1.9778213895690255,0.5446009389671361,11,0.9530516431924884,201,0.943661971830986,0.9701492537313432,True,False
Placentalia,359,C_terminal_MTase_like,switching_helix_adjacent_loop,3,1.9742808675830943,0.5801886792452831,11,0.9577464788732394,200,0.9389671361502347,0.98,True,False
Placentalia,360,C_terminal_MTase_like,switching_helix_adjacent_loop,3,2.1781707424399848,0.5915492957746479,15,0.9577464788732394,203,0.9530516431924884,0.9950738916256158,True,False
Placentalia,361,C_terminal_MTase_like,other,3,1.0480336682108986,0.8262910798122066,9,0.976525821596244,208,0.976525821596244,0.9807692307692308,True,False
Placentalia,362,C_terminal_MTase_like,other,3,1.6635715058428475,0.6197183098591549,14,0.971830985915493,207,0.971830985915493,0.9710144927536232,True,False
Placentalia,363,C_terminal_MTase_like,other,3,2.8780727238958796,0.320754716981132,13,0.9624413145539906,204,0.9577464788732394,0.9852941176470588,True,False
Placentalia,364,C_terminal_MTase_like,other,3,0.2064496988916883,0.9528301886792452,6,0.9624413145539906,204,0.9577464788732394,0.9901960784313726,True,False
Placentalia,365,C_terminal_MTase_like,other,3,0.5322451763264805,0.914691943127962,6,0.9624413145539906,204,0.9577464788732394,0.9901960784313726,True,False
Placentalia,366,C_terminal_MTase_like,other,3,0.448053640006888,0.9285714285714286,9,0.9624413145539906,203,0.9530516431924884,0.9950738916256158,True,False
Placentalia,367,C_terminal_MTase_like,other,3,1.1964505966601913,0.7952380952380952,12,0.9624413145539906,204,0.9577464788732394,0.9901960784313726,True,False
Placentalia,368,C_terminal_MTase_like,other,3,0.123583906745141,0.971563981042654,4,0.9624413145539906,204,0.9577464788732394,0.9901960784313726,True,False
Placentalia,369,C_terminal_MTase_like,other,3,0.7424698890077506,0.8483412322274881,7,0.9577464788732394,204,0.9577464788732394,0.9950980392156864,True,False
Placentalia,370,C_terminal_MTase_like,other,3,0.2689984011133113,0.943127962085308,7,0.9577464788732394,204,0.9577464788732394,0.9901960784313726,True,False
Placentalia,371,C_terminal_MTase_like,other,3,0.086109015450176,0.981132075471698,3,0.9577464788732394,204,0.9577464788732394,1.0,True,False
Placentalia,372,C_terminal_MTase_like,other,3,0.1633380895945804,0.971830985915493,4,0.9577464788732394,204,0.9577464788732394,0.9901960784313726,True,False
Placentalia,373,C_terminal_MTase_like,other,3,0.3587440292594613,0.9411764705882352,4,0.9577464788732394,204,0.9577464788732394,0.9901960784313726,True,False
Placentalia,374,C_terminal_MTase_like,other,3,0.2978507858736468,0.943661971830986,9,0.9577464788732394,204,0.9577464788732394,0.9901960784313726,True,False
Placentalia,375,C_terminal_MTase_like,other,3,0.228848778134221,0.9669811320754716,5,0.9577464788732394,204,0.9577464788732394,0.9901960784313726,True,False
Placentalia,376,C_terminal_MTase_like,other,3,0.130144395468573,0.971563981042654,6,0.9577464788732394,204,0.9577464788732394,0.9950980392156864,True,False
Placentalia,377,C_terminal_MTase_like,other,3,0.4878183770948651,0.9245283018867924,8,0.9624413145539906,204,0.9577464788732394,0.9852941176470588,True,False
Placentalia,378,C_terminal_MTase_like,other,3,0.8682157972544561,0.8388625592417062,10,0.9671361502347418,204,0.9577464788732394,0.9852941176470588,True,False
Placentalia,379,C_terminal_MTase_like,other,3,0.4054011478972133,0.941747572815534,8,0.92018779342723,190,0.892018779342723,0.9894736842105264,True,False
Placentalia,380,C_terminal_MTase_like,other,2,0.7012042575669335,0.8523809523809524,9,0.9859154929577464,155,0.7276995305164319,0.9548387096774194,False,False
Placentalia,381,C_terminal_tail,other,2,1.7385826333324577,0.6346153846153846,12,0.976525821596244,148,0.6948356807511737,0.972972972972973,False,False
Placentalia,382,C_terminal_tail,other,2,1.756274587747591,0.6057692307692307,11,0.976525821596244,147,0.6901408450704225,0.979591836734694,False,False
Placentalia,383,C_terminal_tail,other,1,0.679408751848122,0.9082125603864736,9,0.971830985915493,145,0.6807511737089202,0.993103448275862,False,False
Placentalia,384,C_terminal_tail,other,2,1.4949076525767568,0.69377990430622,12,0.9295774647887324,149,0.6995305164319249,0.9865771812080536,False,False
Placentalia,385,C_terminal_tail,other,2,1.1363385516272202,0.7320574162679426,11,0.9295774647887324,155,0.7276995305164319,0.9612903225806452,False,False
Placentalia,386,C_terminal_tail,other,2,1.0209881617473386,0.7067307692307693,10,0.943661971830986,155,0.7276995305164319,0.967741935483871,False,False
Placentalia,387,C_terminal_tail,other,2,1.0875322678526396,0.7035175879396985,9,0.9342723004694836,154,0.7230046948356808,0.961038961038961,False,False
Sauropsida,1,N_terminal,other,2,0.9692004199490092,0.5,6,0.8095238095238095,30,0.7142857142857143,0.4,False,False
Sauropsida,2,N_terminal,other,1,1.724394445405986,0.6666666666666666,7,0.8571428571428571,32,0.7619047619047619,0.6875,False,False
Sauropsida,3,N_terminal,other,1,1.7075978722471443,0.6285714285714286,7,0.8333333333333334,21,0.5,0.0,False,False
Sauropsida,4,N_terminal,other,1,1.3895165834832215,0.5588235294117647,4,0.8095238095238095,24,0.5714285714285714,0.0833333333333333,False,False
Sauropsida,5,N_terminal,other,2,1.4432220647989054,0.5294117647058824,4,0.8095238095238095,23,0.5476190476190477,0.0869565217391304,False,False
Sauropsida,6,N_terminal,other,3,1.1965094976219794,0.5588235294117647,5,0.8095238095238095,33,0.7857142857142857,0.0,False,False
Sauropsida,7,N_terminal,other,2,2.0617408892862112,0.2972972972972973,7,0.8571428571428571,32,0.7619047619047619,0.0,False,False
Sauropsida,8,N_terminal,other,2,1.4514606768902107,0.3421052631578947,9,0.8571428571428571,32,0.7619047619047619,0.0,False,False
Sauropsida,9,N_terminal,other,2,1.7346899558510973,0.5277777777777778,8,0.8571428571428571,31,0.7380952380952381,0.0,False,False
Sauropsida,10,N_terminal,other,2,1.6998570712508347,0.4444444444444444,7,0.8571428571428571,22,0.5238095238095238,0.5454545454545454,False,False
Sauropsida,11,N_terminal,other,2,2.3562615463986916,0.25,11,0.8571428571428571,30,0.7142857142857143,0.0,False,False
Sauropsida,12,N_terminal,other,2,2.052768047316107,0.3235294117647059,7,0.8095238095238095,8,0.1904761904761904,0.0,False,False
Sauropsida,13,N_terminal,other,2,2.0701851598062118,0.4864864864864865,9,0.8809523809523809,31,0.7380952380952381,0.0,False,False
Sauropsida,14,N_terminal,other,2,1.9710958405379473,0.4210526315789473,10,0.8571428571428571,30,0.7142857142857143,0.2333333333333333,False,False
Sauropsida,15,N_terminal,other,2,2.0924234312391494,0.4473684210526316,8,0.8333333333333334,29,0.6904761904761905,0.0,False,False
Sauropsida,16,N_terminal,other,2,1.9020377403248747,0.2777777777777778,7,0.8571428571428571,29,0.6904761904761905,0.0,False,False
Sauropsida,17,N_terminal,other,2,1.8851724548191882,0.4864864864864865,8,0.8571428571428571,29,0.6904761904761905,0.0,False,False
Sauropsida,18,N_terminal,other,2,1.523005030130847,0.3055555555555556,8,0.8571428571428571,29,0.6904761904761905,0.1724137931034483,False,False
Sauropsida,19,N_terminal,other,1,1.0340185187874256,0.7837837837837838,4,0.8809523809523809,28,0.6666666666666666,0.3928571428571428,False,False
Sauropsida,20,N_terminal,other,3,2.125400062416079,0.2647058823529412,9,0.8095238095238095,32,0.7619047619047619,0.0,False,False
Sauropsida,21,N_terminal,other,3,1.6614086821144871,0.5294117647058824,6,0.8095238095238095,33,0.7857142857142857,0.0606060606060606,False,False
Sauropsida,22,N_terminal,other,3,0.6563450970119508,0.2702702702702703,8,0.8571428571428571,34,0.8095238095238095,0.0294117647058823,False,False
Sauropsida,23,N_terminal,other,3,0.7103991510660048,0.6470588235294118,7,0.8095238095238095,34,0.8095238095238095,0.5882352941176471,False,False
Sauropsida,24,N_terminal,other,3,1.651379298284502,0.5294117647058824,6,0.8095238095238095,34,0.8095238095238095,0.0,False,False
Sauropsida,25,N_terminal,other,2,1.9663424977977944,0.4324324324324324,6,0.8095238095238095,25,0.5952380952380952,0.0,False,False
Sauropsida,26,N_terminal,other,3,2.038895224179134,0.4,7,0.8095238095238095,30,0.7142857142857143,0.1,False,False
Sauropsida,27,N_terminal,other,2,1.3224622417023817,0.5428571428571428,6,0.8095238095238095,29,0.6904761904761905,0.0,False,False
Sauropsida,28,N_terminal,other,2,1.5611204801989786,0.4705882352941176,7,0.8095238095238095,29,0.6904761904761905,0.0,False,False
Sauropsida,30,N_terminal,other,1,0.9516950657435456,0.8,4,0.8333333333333334,0,0.0,,False,False
Sauropsida,31,N_terminal,other,1,2.251850603220256,0.2571428571428571,6,0.8333333333333334,0,0.0,,False,False
Sauropsida,32,N_terminal,other,1,1.5979029049291436,0.6176470588235294,5,0.8095238095238095,0,0.0,,False,False
Sauropsida,34,N_terminal,other,3,1.6976152505580997,0.3684210526315789,5,0.8333333333333334,34,0.8095238095238095,1.0,True,False
Sauropsida,35,N_terminal,other,3,1.6264466088102445,0.5675675675675675,7,0.8571428571428571,33,0.7857142857142857,0.9696969696969696,False,False
Sauropsida,36,N_terminal,other,2,1.5880474730094973,0.6153846153846154,6,0.8809523809523809,27,0.6428571428571429,1.0,False,False
Sauropsida,37,N_terminal,other,2,1.4948435037292587,0.6666666666666666,6,0.8809523809523809,27,0.6428571428571429,0.9629629629629628,False,False
Sauropsida,38,N_terminal,other,2,0.6822178212240776,0.8461538461538461,3,0.9285714285714286,29,0.6904761904761905,0.9655172413793104,False,False
Sauropsida,39,N_terminal,other,2,0.7732551264901575,0.8717948717948718,5,0.9285714285714286,29,0.6904761904761905,0.9655172413793104,False,False
Sauropsida,40,N_terminal,other,2,1.2873142650416582,0.5128205128205128,4,0.9285714285714286,29,0.6904761904761905,0.9655172413793104,False,False
Sauropsida,41,ADD,other,2,0.5131637559924215,0.9230769230769232,4,0.9285714285714286,29,0.6904761904761905,1.0,False,False
Sauropsida,42,ADD,other,2,0.5509368868456683,0.8974358974358975,4,0.9047619047619048,28,0.6666666666666666,1.0,False,False
Sauropsida,43,ADD,other,2,2.091573561327971,0.4871794871794871,8,0.9047619047619048,28,0.6666666666666666,1.0,False,False
Sauropsida,44,ADD,other,2,2.417928732823022,0.2564102564102564,8,0.9047619047619048,28,0.6666666666666666,1.0,False,False
Sauropsida,45,ADD,other,2,1.4987067338808597,0.5128205128205128,6,0.9047619047619048,28,0.6666666666666666,1.0,False,False
Sauropsida,46,ADD,other,2,1.9727842557681643,0.4358974358974359,6,0.9285714285714286,30,0.7142857142857143,0.9666666666666668,False,False
Sauropsida,47,ADD,other,2,0.5404386491498258,0.9,4,0.9285714285714286,30,0.7142857142857143,0.9666666666666668,False,False
Sauropsida,48,ADD,other,2,2.175550615909831,0.4102564102564102,7,0.9285714285714286,30,0.7142857142857143,0.9666666666666668,False,False
Sauropsida,49,ADD,other,2,0.4231420197807604,0.925,4,0.9285714285714286,30,0.7142857142857143,0.9666666666666668,False,False
Sauropsida,50,ADD,other,2,0.46922894337768734,0.926829268292683,4,0.9761904761904762,30,0.7142857142857143,1.0,False,False
Sauropsida,51,ADD,other,3,0.7918583525674836,0.7619047619047619,2,1.0,42,1.0,1.0,True,False
Sauropsida,52,ADD,other,3,0.1623261801753929,0.9761904761904762,2,1.0,42,1.0,1.0,True,False
Sauropsida,53,ADD,other,3,0.0,1.0,1,1.0,42,1.0,1.0,True,True
Sauropsida,54,ADD,other,3,0.1623261801753929,0.9761904761904762,2,1.0,42,1.0,1.0,True,False
Sauropsida,55,ADD,other,3,0.0,1.0,1,1.0,42,1.0,1.0,True,True
Sauropsida,56,ADD,other,3,0.0,1.0,1,1.0,42,1.0,1.0,True,True
Sauropsida,57,ADD,other,3,0.0,1.0,1,1.0,42,1.0,1.0,True,True
Sauropsida,58,ADD,other,3,1.281372527002018,0.6666666666666666,5,1.0,42,1.0,1.0,True,False
Sauropsida,59,ADD,other,3,1.2761954276479393,0.4761904761904761,4,1.0,42,1.0,1.0,True,False
Sauropsida,60,ADD,other,3,1.0087600267079522,0.7380952380952381,3,1.0,42,1.0,1.0,True,False
Sauropsida,61,ADD,other,3,0.2761954276479391,0.9523809523809524,2,1.0,42,1.0,1.0,True,False
Sauropsida,62,ADD,other,3,0.806002635709361,0.8095238095238095,3,1.0,42,1.0,1.0,True,False
Sauropsida,63,ADD,other,3,0.6125608863913521,0.8809523809523809,3,1.0,42,1.0,1.0,True,False
Sauropsida,64,ADD,other,3,0.1623261801753929,0.9761904761904762,2,1.0,42,1.0,1.0,True,False
Sauropsida,65,ADD,other,3,0.0,1.0,1,1.0,42,1.0,1.0,True,True
Sauropsida,66,ADD,other,3,0.0,1.0,1,1.0,42,1.0,1.0,True,True
Sauropsida,67,ADD,other,3,0.0,1.0,1,1.0,42,1.0,1.0,True,True
Sauropsida,68,ADD,other,3,0.0,1.0,1,1.0,42,1.0,1.0,True,True
Sauropsida,69,ADD,other,3,0.8296071030882031,0.7380952380952381,2,1.0,42,1.0,1.0,True,False
Sauropsida,70,ADD,other,3,0.0,1.0,1,1.0,42,1.0,1.0,True,True
Sauropsida,71,ADD,other,3,0.0,1.0,1,1.0,42,1.0,1.0,True,True
Sauropsida,72,ADD,other,3,0.998363672593813,0.5238095238095238,2,1.0,42,1.0,1.0,True,False
Sauropsida,73,ADD,other,3,0.0,1.0,1,1.0,42,1.0,1.0,True,True
Sauropsida,74,ADD,other,3,0.9637459942073318,0.7619047619047619,3,1.0,42,1.0,1.0,True,False
Sauropsida,75,ADD,other,3,0.4368248862161963,0.9285714285714286,3,1.0,42,1.0,1.0,True,False
Sauropsida,76,ADD,other,3,0.0,1.0,1,1.0,42,1.0,1.0,True,True
Sauropsida,77,ADD,other,3,0.7918583525674836,0.7619047619047619,2,1.0,42,1.0,1.0,True,False
Sauropsida,78,ADD,other,3,0.0,1.0,1,1.0,42,1.0,1.0,True,True
Sauropsida,79,ADD,other,3,2.0583194166823944,0.3809523809523809,6,1.0,42,1.0,1.0,True,False
Sauropsida,80,ADD,other,3,0.863120568566631,0.7142857142857143,2,1.0,42,1.0,1.0,True,False
Sauropsida,81,ADD,other,3,0.0,1.0,1,1.0,42,1.0,1.0,True,True
Sauropsida,82,ADD,other,3,0.0,1.0,1,1.0,42,1.0,1.0,True,True
Sauropsida,83,ADD,other,3,0.9813539543676691,0.7142857142857143,3,1.0,42,1.0,1.0,True,False
Sauropsida,84,ADD,other,3,0.0,1.0,1,1.0,42,1.0,1.0,True,True
Sauropsida,85,ADD,other,3,0.0,1.0,1,1.0,42,1.0,1.0,True,True
Sauropsida,86,ADD,other,3,0.0,1.0,1,1.0,42,1.0,1.0,True,True
Sauropsida,87,ADD,other,3,0.8296071030882031,0.7380952380952381,2,1.0,42,1.0,1.0,True,False
Sauropsida,88,ADD,other,3,0.0,1.0,1,1.0,42,1.0,1.0,True,True
Sauropsida,89,ADD,other,3,1.5215733751051386,0.5476190476190477,4,1.0,42,1.0,1.0,True,False
Sauropsida,90,ADD,other,3,0.0,1.0,1,1.0,42,1.0,1.0,True,True
Sauropsida,91,ADD,other,3,0.0,1.0,1,1.0,42,1.0,1.0,True,True
Sauropsida,92,ADD,other,3,1.501109955622998,0.6190476190476191,5,1.0,42,1.0,1.0,True,False
Sauropsida,93,ADD,other,3,1.3964788807195572,0.6666666666666666,6,1.0,42,1.0,1.0,True,False
Sauropsida,94,ADD,other,3,1.3541925773671586,0.6428571428571429,4,1.0,42,1.0,1.0,True,False
Sauropsida,95,ADD,other,3,1.1430830704669603,0.7142857142857143,3,1.0,42,1.0,1.0,True,False
Sauropsida,96,ADD,other,3,0.0,1.0,1,1.0,42,1.0,1.0,True,True
Sauropsida,97,ADD,other,3,0.97366806454962,0.5952380952380952,2,1.0,42,1.0,1.0,True,False
Sauropsida,98,ADD,other,3,0.2761954276479391,0.9523809523809524,2,1.0,42,1.0,1.0,True,False
Sauropsida,99,ADD,other,3,0.0,1.0,1,1.0,42,1.0,1.0,True,True
Sauropsida,100,ADD,other,3,0.0,1.0,1,1.0,42,1.0,1.0,True,True
Sauropsida,101,ADD,other,3,1.337147208314413,0.6190476190476191,5,1.0,42,1.0,1.0,True,False
Sauropsida,102,ADD,other,3,0.9447134568057424,0.7380952380952381,3,1.0,42,1.0,1.0,True,False
Sauropsida,103,ADD,other,3,1.1758921697711395,0.7380952380952381,4,1.0,42,1.0,1.0,True,False
Sauropsida,104,ADD,other,3,1.1994429035508267,0.6904761904761905,4,1.0,42,1.0,1.0,True,False
Sauropsida,105,ADD,other,3,0.0,1.0,1,1.0,42,1.0,1.0,True,True
Sauropsida,106,ADD,other,3,1.4970168792872136,0.5714285714285714,4,1.0,42,1.0,1.0,True,False
Sauropsida,107,ADD,other,3,0.4368248862161963,0.9285714285714286,3,1.0,42,1.0,1.0,True,False
Sauropsida,108,ADD,other,3,0.0,1.0,1,1.0,42,1.0,1.0,True,True
Sauropsida,109,ADD,other,3,0.0,1.0,1,1.0,42,1.0,1.0,True,True
Sauropsida,110,ADD,other,3,1.311108521072084,0.6904761904761905,5,1.0,42,1.0,1.0,True,False
Sauropsida,111,ADD,other,3,1.3964788807195574,0.6666666666666666,6,1.0,42,1.0,1.0,True,False
Sauropsida,112,ADD,other,3,1.624730139960809,0.5,6,1.0,42,1.0,1.0,True,False
Sauropsida,113,ADD,other,3,0.0,1.0,1,1.0,42,1.0,1.0,True,True
Sauropsida,114,ADD,other,3,1.4180260055608094,0.5238095238095238,3,1.0,42,1.0,1.0,True,False
Sauropsida,115,ADD,other,3,0.74959525725948,0.7857142857142857,2,1.0,42,1.0,1.0,True,False
Sauropsida,116,ADD,other,3,0.8798196705627167,0.8333333333333334,4,1.0,42,1.0,1.0,True,False
Sauropsida,117,ADD,other,3,1.1631391412009795,0.6666666666666666,4,1.0,42,1.0,1.0,True,False
Sauropsida,118,ADD,other,3,0.0,1.0,1,1.0,42,1.0,1.0,True,True
Sauropsida,119,ADD,other,3,1.911820030475691,0.5476190476190477,7,1.0,42,1.0,1.0,True,False
Sauropsida,120,ADD,other,3,1.2135132560090711,0.7619047619047619,6,1.0,42,1.0,1.0,True,False
Sauropsida,121,ADD,other,3,0.0,1.0,1,1.0,42,1.0,1.0,True,True
Sauropsida,122,ADD,other,3,1.668897248715202,0.4285714285714285,4,1.0,42,1.0,1.0,True,False
Sauropsida,123,ADD,other,3,0.1623261801753929,0.9761904761904762,2,1.0,42,1.0,1.0,True,False
Sauropsida,124,ADD,other,3,1.927679695223924,0.4047619047619047,5,1.0,42,1.0,1.0,True,False
Sauropsida,125,ADD,other,3,0.0,1.0,1,1.0,42,1.0,1.0,True,True
Sauropsida,126,ADD,other,3,0.1623261801753929,0.9761904761904762,2,1.0,42,1.0,1.0,True,False
Sauropsida,127,ADD,other,3,2.4692660901476104,0.2857142857142857,7,1.0,42,1.0,1.0,True,False
Sauropsida,128,ADD,other,3,1.6763513943167316,0.5952380952380952,6,1.0,42,1.0,1.0,True,False
Sauropsida,129,ADD,other,3,0.1623261801753929,0.9761904761904762,2,1.0,42,1.0,1.0,True,False
Sauropsida,130,ADD,other,3,2.62627612963392,0.3333333333333333,10,1.0,42,1.0,1.0,True,False
Sauropsida,131,ADD,other,3,1.0664857211782817,0.6428571428571429,3,1.0,42,1.0,1.0,True,False
Sauropsida,132,ADD,other,3,1.2060026902433665,0.6666666666666666,3,1.0,42,1.0,1.0,True,False
Sauropsida,133,ADD,other,3,1.5771110923417613,0.5,5,1.0,42,1.0,1.0,True,False
Sauropsida,134,ADD,other,3,1.4106273589615634,0.6190476190476191,5,1.0,42,1.0,1.0,True,False
Sauropsida,135,ADD,other,3,0.530980922468767,0.9047619047619048,3,1.0,42,1.0,1.0,True,False
Sauropsida,136,ADD,other,3,1.9455835400413264,0.3571428571428571,6,1.0,42,1.0,1.0,True,False
Sauropsida,137,ADD,other,3,1.8976207959838884,0.4761904761904761,5,1.0,42,1.0,1.0,True,False
Sauropsida,138,ADD,other,3,1.8205768658937296,0.4285714285714285,5,1.0,42,1.0,1.0,True,False
Sauropsida,139,ADD,other,3,1.41257493103649,0.4761904761904761,5,1.0,42,1.0,1.0,True,False
Sauropsida,140,ADD,other,3,0.0,1.0,1,1.0,42,1.0,1.0,True,True
Sauropsida,141,ADD,other,3,1.4106273589615634,0.6190476190476191,5,1.0,42,1.0,1.0,True,False
Sauropsida,142,ADD,other,3,0.0,1.0,1,1.0,42,1.0,1.0,True,True
Sauropsida,143,ADD,other,3,0.1623261801753929,0.9761904761904762,2,1.0,42,1.0,1.0,True,False
Sauropsida,144,ADD,other,3,1.2958363892911635,0.5,3,1.0,42,1.0,1.0,True,False
Sauropsida,145,ADD,other,3,0.0,1.0,1,1.0,42,1.0,1.0,True,True
Sauropsida,146,ADD,other,3,1.5845690847072602,0.4761904761904761,5,1.0,42,1.0,1.0,True,False
Sauropsida,147,ADD,other,3,0.3238144752669867,0.9523809523809524,3,1.0,42,1.0,1.0,True,False
Sauropsida,148,ADD,other,3,1.8257267481587964,0.4761904761904761,7,1.0,42,1.0,1.0,True,False
Sauropsida,149,ADD,other,3,2.4359630955534035,0.3571428571428571,8,1.0,42,1.0,1.0,True,False
Sauropsida,150,ADD,other,3,2.071704516914194,0.3571428571428571,6,1.0,42,1.0,1.0,True,False
Sauropsida,151,ADD,other,3,1.575114591410657,0.3809523809523809,3,1.0,42,1.0,1.0,True,False
Sauropsida,152,ADD,other,3,0.0,1.0,1,1.0,42,1.0,1.0,True,True
Sauropsida,153,ADD,other,3,0.8060026357093609,0.8095238095238095,3,1.0,42,1.0,1.0,True,False
Sauropsida,154,ADD,other,3,0.0,1.0,1,1.0,42,1.0,1.0,True,True
Sauropsida,155,ADD,other,3,0.2761954276479391,0.9523809523809524,2,1.0,42,1.0,1.0,True,False
Sauropsida,156,ADD,other,3,0.74959525725948,0.7857142857142857,2,1.0,42,1.0,1.0,True,False
Sauropsida,157,ADD,other,3,0.8926230133850986,0.6904761904761905,2,1.0,42,1.0,1.0,True,False
Sauropsida,158,ADD,other,3,2.3854530161738894,0.2619047619047619,7,1.0,42,1.0,1.0,True,False
Sauropsida,159,ADD,other,3,1.2606794872890683,0.5476190476190477,4,1.0,42,1.0,1.0,True,False
Sauropsida,160,ADD,other,3,0.0,1.0,1,1.0,42,1.0,1.0,True,True
Sauropsida,161,ADD,other,3,0.5489544344250401,0.9047619047619048,3,1.0,42,1.0,1.0,True,False
Sauropsida,162,ADD,other,3,1.4994274695126315,0.6428571428571429,4,1.0,42,1.0,1.0,True,False
Sauropsida,163,ADD,other,3,2.0764249627535776,0.4761904761904761,7,1.0,42,1.0,1.0,True,False
Sauropsida,164,ADD,other,3,0.0,1.0,1,1.0,42,1.0,1.0,True,True
Sauropsida,165,ADD,other,3,0.0,1.0,1,1.0,42,1.0,1.0,True,True
Sauropsida,166,ADD,other,3,2.274029340683089,0.3095238095238095,7,1.0,42,1.0,1.0,True,False
Sauropsida,167,ADD,other,3,0.1623261801753929,0.9761904761904762,2,1.0,42,1.0,1.0,True,False
Sauropsida,168,ADD,other,3,0.3238144752669867,0.9523809523809524,3,1.0,42,1.0,1.0,True,False
Sauropsida,169,ADD,other,3,0.0,1.0,1,1.0,42,1.0,1.0,True,True
Sauropsida,170,ADD,other,3,0.4844439338352438,0.9285714285714286,4,1.0,42,1.0,1.0,True,False
Sauropsida,171,ADD,other,3,0.1623261801753929,0.9761904761904762,2,1.0,42,1.0,1.0,True,False
Sauropsida,172,ADD,other,3,0.0,1.0,1,1.0,42,1.0,1.0,True,True
Sauropsida,174,linker,other,3,0.6898254696731744,0.6585365853658537,5,0.9761904761904762,41,0.9761904761904762,0.7560975609756098,False,False
Sauropsida,175,linker,other,3,1.4559361241193336,0.5897435897435898,6,0.8809523809523809,37,0.8809523809523809,0.7297297297297297,False,False
Sauropsida,176,linker,other,3,1.724854398664073,0.6428571428571429,7,1.0,42,1.0,0.7619047619047619,False,False
Sauropsida,177,linker,other,3,1.5431227781702384,0.6428571428571429,6,1.0,42,1.0,1.0,True,False
Sauropsida,178,C_terminal_MTase_like,other,3,0.1623261801753929,0.9761904761904762,2,1.0,42,1.0,1.0,True,False
Sauropsida,179,C_terminal_MTase_like,other,3,0.1623261801753929,0.9761904761904762,2,1.0,42,1.0,1.0,True,False
Sauropsida,180,C_terminal_MTase_like,other,3,0.9570842538445388,0.8333333333333334,5,1.0,42,1.0,1.0,True,False
Sauropsida,181,C_terminal_MTase_like,other,3,0.9813539543676691,0.7142857142857143,3,1.0,42,1.0,1.0,True,False
Sauropsida,182,C_terminal_MTase_like,other,3,0.2761954276479391,0.9523809523809524,2,1.0,42,1.0,1.0,True,False
Sauropsida,183,C_terminal_MTase_like,other,3,1.7556327160013985,0.6190476190476191,8,1.0,42,1.0,1.0,True,False
Sauropsida,184,C_terminal_MTase_like,other,3,1.7523859038384153,0.4761904761904761,5,1.0,42,1.0,1.0,True,False
Sauropsida,185,C_terminal_MTase_like,other,3,0.4368248862161963,0.9285714285714286,3,1.0,42,1.0,1.0,True,False
Sauropsida,186,C_terminal_MTase_like,other,3,0.8296071030882031,0.7380952380952381,2,1.0,42,1.0,1.0,True,False
Sauropsida,187,C_terminal_MTase_like,other,3,0.9813539543676691,0.7142857142857143,3,1.0,42,1.0,1.0,True,False
Sauropsida,188,C_terminal_MTase_like,other,3,0.1623261801753929,0.9761904761904762,2,1.0,42,1.0,1.0,True,False
Sauropsida,189,C_terminal_MTase_like,other,3,1.0137222116512967,0.6904761904761905,3,1.0,42,1.0,1.0,True,False
Sauropsida,190,C_terminal_MTase_like,other,3,0.6500224216483541,0.8333333333333334,2,1.0,42,1.0,1.0,True,False
Sauropsida,191,C_terminal_MTase_like,other,3,1.8893267372595255,0.3571428571428571,5,1.0,42,1.0,1.0,True,False
Sauropsida,192,C_terminal_MTase_like,other,3,0.3712323266408756,0.9285714285714286,2,1.0,42,1.0,1.0,True,False
Sauropsida,193,C_terminal_MTase_like,other,3,0.1623261801753929,0.9761904761904762,2,1.0,42,1.0,1.0,True,False
Sauropsida,194,C_terminal_MTase_like,other,3,0.1623261801753929,0.9761904761904762,2,1.0,42,1.0,1.0,True,False
Sauropsida,195,C_terminal_MTase_like,other,3,0.1623261801753929,0.9761904761904762,2,1.0,42,1.0,1.0,True,False
Sauropsida,196,C_terminal_MTase_like,other,3,0.0,1.0,1,1.0,42,1.0,1.0,True,True
Sauropsida,197,C_terminal_MTase_like,other,3,0.1623261801753929,0.9761904761904762,2,1.0,42,1.0,1.0,True,False
Sauropsida,198,C_terminal_MTase_like,other,3,0.2761954276479391,0.9523809523809524,2,1.0,42,1.0,1.0,True,False
Sauropsida,199,C_terminal_MTase_like,other,3,0.0,1.0,1,1.0,42,1.0,1.0,True,True
Sauropsida,200,C_terminal_MTase_like,other,3,0.4844439338352438,0.9285714285714286,4,1.0,42,1.0,1.0,True,False
Sauropsida,201,C_terminal_MTase_like,other,3,1.9770986029319648,0.4285714285714285,5,1.0,42,1.0,1.0,True,False
Sauropsida,202,C_terminal_MTase_like,other,3,0.0,1.0,1,1.0,42,1.0,1.0,True,True
Sauropsida,203,C_terminal_MTase_like,other,3,0.8296071030882031,0.7380952380952381,2,1.0,42,1.0,1.0,True,False
Sauropsida,204,C_terminal_MTase_like,other,3,0.5965734820440877,0.9047619047619048,4,1.0,42,1.0,1.0,True,False
Sauropsida,205,C_terminal_MTase_like,other,3,1.65282575549396,0.5714285714285714,6,1.0,42,1.0,1.0,True,False
Sauropsida,206,C_terminal_MTase_like,other,3,1.1545446232892405,0.7380952380952381,4,1.0,42,1.0,1.0,True,False
Sauropsida,207,C_terminal_MTase_like,other,3,0.0,1.0,1,1.0,42,1.0,1.0,True,True
Sauropsida,208,C_terminal_MTase_like,other,3,0.0,1.0,1,1.0,42,1.0,1.0,True,True
Sauropsida,209,C_terminal_MTase_like,other,3,0.0,1.0,1,1.0,42,1.0,1.0,True,True
Sauropsida,210,C_terminal_MTase_like,other,3,0.5489544344250401,0.9047619047619048,3,1.0,42,1.0,1.0,True,False
Sauropsida,211,C_terminal_MTase_like,other,3,1.4456556841164936,0.5952380952380952,4,1.0,42,1.0,1.0,True,False
Sauropsida,212,C_terminal_MTase_like,other,3,1.3298626672865297,0.6829268292682927,5,0.9761904761904762,41,0.9761904761904762,1.0,True,False
Sauropsida,213,C_terminal_MTase_like,other,3,2.227511058768193,0.2682926829268293,6,0.9761904761904762,41,0.9761904761904762,1.0,True,False
Sauropsida,214,C_terminal_MTase_like,other,3,0.3299742842369207,0.951219512195122,3,0.9761904761904762,41,0.9761904761904762,1.0,True,False
Sauropsida,215,C_terminal_MTase_like,other,3,1.0225265684903675,0.7317073170731707,3,0.9761904761904762,41,0.9761904761904762,1.0,True,False
Sauropsida,216,C_terminal_MTase_like,other,3,0.0,1.0,1,0.9761904761904762,41,0.9761904761904762,1.0,True,True
Sauropsida,217,C_terminal_MTase_like,other,3,1.786175831654294,0.5,5,1.0,42,1.0,1.0,True,False
Sauropsida,218,C_terminal_MTase_like,other,3,0.2761954276479391,0.9523809523809524,2,1.0,42,1.0,1.0,True,False
Sauropsida,219,C_terminal_MTase_like,other,3,0.8842635042284789,0.8095238095238095,3,1.0,42,1.0,1.0,True,False
Sauropsida,220,C_terminal_MTase_like,other,3,0.1623261801753929,0.9761904761904762,2,1.0,42,1.0,1.0,True,False
Sauropsida,221,C_terminal_MTase_like,other,3,1.011365041826379,0.7619047619047619,4,1.0,42,1.0,1.0,True,False
Sauropsida,222,C_terminal_MTase_like,other,3,0.9046147654730822,0.8095238095238095,4,1.0,42,1.0,1.0,True,False
Sauropsida,223,C_terminal_MTase_like,other,3,0.0,1.0,1,1.0,42,1.0,1.0,True,True
Sauropsida,224,C_terminal_MTase_like,other,3,0.1623261801753929,0.9761904761904762,2,1.0,42,1.0,1.0,True,False
Sauropsida,225,C_terminal_MTase_like,other,3,0.0,1.0,1,1.0,42,1.0,1.0,True,True
Sauropsida,226,C_terminal_MTase_like,other,3,0.863120568566631,0.7142857142857143,2,1.0,42,1.0,1.0,True,False
Sauropsida,227,C_terminal_MTase_like,other,3,0.8657150405901116,0.8571428571428571,5,1.0,42,1.0,1.0,True,False
Sauropsida,228,C_terminal_MTase_like,other,3,2.16130579666555,0.2857142857142857,6,1.0,42,1.0,1.0,True,False
Sauropsida,229,C_terminal_MTase_like,other,3,0.0,1.0,1,1.0,42,1.0,1.0,True,True
Sauropsida,230,C_terminal_MTase_like,other,3,1.5562232619925225,0.5952380952380952,6,1.0,42,1.0,1.0,True,False
Sauropsida,231,C_terminal_MTase_like,other,3,1.610847453818164,0.5,4,1.0,42,1.0,1.0,True,False
Sauropsida,232,C_terminal_MTase_like,other,3,0.863120568566631,0.7142857142857143,2,1.0,42,1.0,1.0,True,False
Sauropsida,233,C_terminal_MTase_like,other,3,1.3450347993862426,0.6190476190476191,4,1.0,42,1.0,1.0,True,False
Sauropsida,234,C_terminal_MTase_like,other,3,0.5965734820440877,0.9047619047619048,4,1.0,42,1.0,1.0,True,False
Sauropsida,235,C_terminal_MTase_like,other,3,0.2761954276479391,0.9523809523809524,2,1.0,42,1.0,1.0,True,False
Sauropsida,236,C_terminal_MTase_like,other,3,0.0,1.0,1,1.0,42,1.0,1.0,True,True
Sauropsida,237,C_terminal_MTase_like,other,3,0.3238144752669867,0.9523809523809524,3,1.0,42,1.0,1.0,True,False
Sauropsida,238,C_terminal_MTase_like,other,3,0.2761954276479391,0.9523809523809524,2,1.0,42,1.0,1.0,True,False
Sauropsida,239,C_terminal_MTase_like,other,3,0.0,1.0,1,1.0,42,1.0,1.0,True,True
Sauropsida,240,C_terminal_MTase_like,other,3,0.8842635042284789,0.8095238095238095,3,1.0,42,1.0,1.0,True,False
Sauropsida,241,C_terminal_MTase_like,other,3,0.530980922468767,0.9047619047619048,3,1.0,42,1.0,1.0,True,False
Sauropsida,242,C_terminal_MTase_like,other,3,0.0,1.0,1,1.0,42,1.0,1.0,True,True
Sauropsida,243,C_terminal_MTase_like,other,3,0.0,1.0,1,1.0,42,1.0,1.0,True,True
Sauropsida,244,C_terminal_MTase_like,other,3,0.0,1.0,1,1.0,42,1.0,1.0,True,True
Sauropsida,245,C_terminal_MTase_like,other,3,0.0,1.0,1,1.0,42,1.0,1.0,True,True
Sauropsida,246,C_terminal_MTase_like,other,3,0.0,1.0,1,1.0,42,1.0,1.0,True,True
Sauropsida,247,C_terminal_MTase_like,other,3,0.5916727785823275,0.8571428571428571,2,1.0,42,1.0,1.0,True,False
Sauropsida,248,C_terminal_MTase_like,other,3,1.3527953381667288,0.5952380952380952,3,1.0,42,1.0,1.0,True,False
Sauropsida,249,C_terminal_MTase_like,other,3,0.9852281360342516,0.5714285714285714,2,1.0,42,1.0,1.0,True,False
Sauropsida,250,C_terminal_MTase_like,other,3,1.0420399429347815,0.6666666666666666,3,1.0,42,1.0,1.0,True,False
Sauropsida,251,C_terminal_MTase_like,other,3,1.164220146064638,0.7380952380952381,5,1.0,42,1.0,1.0,True,False
Sauropsida,252,C_terminal_MTase_like,other,3,0.1623261801753929,0.9761904761904762,2,1.0,42,1.0,1.0,True,False
Sauropsida,253,C_terminal_MTase_like,other,3,2.086550996786968,0.3571428571428571,6,1.0,42,1.0,1.0,True,False
Sauropsida,254,C_terminal_MTase_like,other,3,0.8574363289971182,0.7857142857142857,3,1.0,42,1.0,1.0,True,False
Sauropsida,255,C_terminal_MTase_like,other,3,0.2761954276479391,0.9523809523809524,2,1.0,42,1.0,1.0,True,False
Sauropsida,256,C_terminal_MTase_like,other,3,1.0664857211782817,0.6428571428571429,3,1.0,42,1.0,1.0,True,False
Sauropsida,257,C_terminal_MTase_like,other,3,0.1623261801753929,0.9761904761904762,2,1.0,42,1.0,1.0,True,False
Sauropsida,258,C_terminal_MTase_like,other,3,0.1623261801753929,0.9761904761904762,2,1.0,42,1.0,1.0,True,False
Sauropsida,259,C_terminal_MTase_like,other,3,0.0,1.0,1,1.0,42,1.0,1.0,True,True
Sauropsida,260,C_terminal_MTase_like,other,3,0.7704769453520164,0.8571428571428571,4,1.0,42,1.0,1.0,True,False
Sauropsida,261,C_terminal_MTase_like,other,3,0.0,1.0,1,1.0,42,1.0,1.0,True,True
Sauropsida,262,C_terminal_MTase_like,other,3,0.0,1.0,1,1.0,42,1.0,1.0,True,True
Sauropsida,263,C_terminal_MTase_like,other,3,0.2761954276479391,0.9523809523809524,2,1.0,42,1.0,1.0,True,False
Sauropsida,264,C_terminal_MTase_like,other,3,1.9923933158388851,0.5476190476190477,7,1.0,42,1.0,1.0,True,False
Sauropsida,265,C_terminal_MTase_like,other,3,0.1623261801753929,0.9761904761904762,2,1.0,42,1.0,1.0,True,False
Sauropsida,266,C_terminal_MTase_like,other,3,0.1623261801753929,0.9761904761904762,2,1.0,42,1.0,1.0,True,False
Sauropsida,267,C_terminal_MTase_like,other,3,0.0,1.0,1,1.0,42,1.0,1.0,True,True
Sauropsida,268,C_terminal_MTase_like,other,3,0.3238144752669867,0.9523809523809524,3,1.0,42,1.0,1.0,True,False
Sauropsida,269,C_terminal_MTase_like,other,3,0.0,1.0,1,1.0,42,1.0,1.0,True,True
Sauropsida,270,C_terminal_MTase_like,other,3,1.7237888505260104,0.5714285714285714,6,1.0,42,1.0,1.0,True,False
Sauropsida,271,C_terminal_MTase_like,other,3,2.211302593572928,0.2857142857142857,6,1.0,42,1.0,1.0,True,False
Sauropsida,272,C_terminal_MTase_like,other,3,0.1623261801753929,0.9761904761904762,2,1.0,42,1.0,1.0,True,False
Sauropsida,273,C_terminal_MTase_like,other,3,1.9151959937952423,0.5714285714285714,7,1.0,42,1.0,1.0,True,False
Sauropsida,274,C_terminal_MTase_like,other,3,0.1623261801753929,0.9761904761904762,2,1.0,42,1.0,1.0,True,False
Sauropsida,275,C_terminal_MTase_like,other,1,2.0376178570101997,0.4390243902439024,6,0.9761904761904762,31,0.7380952380952381,1.0,False,False
Sauropsida,276,C_terminal_MTase_like,other,1,1.4449238287033856,0.5476190476190477,3,1.0,32,0.7619047619047619,1.0,False,False
Sauropsida,278,C_terminal_MTase_like,other,2,1.104307786008091,0.5952380952380952,3,1.0,32,0.7619047619047619,1.0,False,False
Sauropsida,279,C_terminal_MTase_like,other,2,0.8296071030882031,0.7380952380952381,2,1.0,32,0.7619047619047619,1.0,False,False
Sauropsida,280,C_terminal_MTase_like,other,3,0.0,1.0,1,1.0,42,1.0,1.0,True,True
Sauropsida,281,C_terminal_MTase_like,other,3,0.0,1.0,1,1.0,42,1.0,1.0,True,True
Sauropsida,282,C_terminal_MTase_like,other,3,0.0,1.0,1,1.0,42,1.0,1.0,True,True
Sauropsida,283,C_terminal_MTase_like,other,3,1.2457873952707117,0.5952380952380952,3,1.0,42,1.0,1.0,True,False
Sauropsida,284,C_terminal_MTase_like,other,3,0.0,1.0,1,1.0,42,1.0,1.0,True,True
Sauropsida,285,C_terminal_MTase_like,other,3,0.8569957178540346,0.8095238095238095,3,1.0,42,1.0,1.0,True,False
Sauropsida,286,C_terminal_MTase_like,other,3,0.0,1.0,1,1.0,42,1.0,1.0,True,True
Sauropsida,287,C_terminal_MTase_like,other,3,0.0,1.0,1,1.0,42,1.0,1.0,True,True
Sauropsida,288,C_terminal_MTase_like,other,3,0.8296071030882031,0.7380952380952381,2,1.0,42,1.0,1.0,True,False
Sauropsida,289,C_terminal_MTase_like,other,3,0.0,1.0,1,1.0,42,1.0,1.0,True,True
Sauropsida,290,C_terminal_MTase_like,other,3,0.0,1.0,1,1.0,42,1.0,1.0,True,True
Sauropsida,291,C_terminal_MTase_like,other,3,1.142610782439526,0.6428571428571429,3,1.0,42,1.0,1.0,True,False
Sauropsida,292,C_terminal_MTase_like,other,3,0.7918583525674836,0.7619047619047619,2,1.0,42,1.0,1.0,True,False
Sauropsida,293,C_terminal_MTase_like,other,3,0.1623261801753929,0.9761904761904762,2,1.0,42,1.0,1.0,True,False
Sauropsida,294,C_terminal_MTase_like,other,3,1.3984047495234926,0.5714285714285714,3,1.0,42,1.0,1.0,True,False
Sauropsida,295,C_terminal_MTase_like,other,3,0.0,1.0,1,1.0,42,1.0,1.0,True,True
Sauropsida,296,C_terminal_MTase_like,other,3,1.0563790743269996,0.7380952380952381,4,1.0,42,1.0,1.0,True,False
Sauropsida,297,C_terminal_MTase_like,other,3,0.9587118829771318,0.6190476190476191,2,1.0,42,1.0,1.0,True,False
Sauropsida,298,C_terminal_MTase_like,other,3,0.0,1.0,1,1.0,42,1.0,1.0,True,True
Sauropsida,299,C_terminal_MTase_like,other,3,0.5916727785823275,0.8571428571428571,2,1.0,42,1.0,1.0,True,False
Sauropsida,300,C_terminal_MTase_like,other,3,0.0,1.0,1,1.0,42,1.0,1.0,True,True
Sauropsida,301,C_terminal_MTase_like,other,3,0.0,1.0,1,1.0,42,1.0,1.0,True,True
Sauropsida,302,C_terminal_MTase_like,other,3,0.6845331245320924,0.8571428571428571,3,1.0,42,1.0,1.0,True,False
Sauropsida,303,C_terminal_MTase_like,other,3,1.0664857211782817,0.6428571428571429,3,1.0,42,1.0,1.0,True,False
Sauropsida,304,C_terminal_MTase_like,other,3,1.1770794764918746,0.5952380952380952,4,0.9761904761904762,41,0.9761904761904762,1.0,True,False
Sauropsida,305,C_terminal_MTase_like,other,3,0.1654270339962668,0.9523809523809524,3,0.9761904761904762,41,0.9761904761904762,1.0,True,False
Sauropsida,306,C_terminal_MTase_like,other,3,0.1654270339962668,0.9523809523809524,3,0.9761904761904762,41,0.9761904761904762,1.0,True,False
Sauropsida,307,C_terminal_MTase_like,other,3,0.3299742842369207,0.9285714285714286,4,0.9761904761904762,41,0.9761904761904762,1.0,True,False
Sauropsida,308,C_terminal_MTase_like,other,3,1.8268941458559391,0.4761904761904761,5,0.9761904761904762,41,0.9761904761904762,1.0,True,False
Sauropsida,309,C_terminal_MTase_like,other,3,1.5177785016780343,0.6341463414634146,6,0.9761904761904762,41,0.9761904761904762,1.0,True,False
Sauropsida,310,C_terminal_MTase_like,other,3,1.481819320434136,0.5952380952380952,6,0.9761904761904762,41,0.9761904761904762,1.0,True,False
Sauropsida,311,C_terminal_MTase_like,other,3,0.9932789152593068,0.6904761904761905,4,0.9761904761904762,41,0.9761904761904762,1.0,True,False
Sauropsida,312,C_terminal_MTase_like,other,3,2.0024793856787912,0.4878048780487805,6,0.9761904761904762,41,0.9761904761904762,1.0,True,False
Sauropsida,313,C_terminal_MTase_like,other,3,1.4623693632338195,0.5714285714285714,4,0.9761904761904762,41,0.9761904761904762,1.0,True,False
Sauropsida,314,C_terminal_MTase_like,other,3,1.8626397776016612,0.5238095238095238,5,0.9761904761904762,41,0.9761904761904762,1.0,True,False
Sauropsida,315,C_terminal_MTase_like,other,3,2.240399794026289,0.3809523809523809,7,0.9761904761904762,41,0.9761904761904762,1.0,True,False
Sauropsida,316,C_terminal_MTase_like,other,3,1.6127755731442552,0.6190476190476191,7,0.9761904761904762,41,0.9761904761904762,1.0,True,False
Sauropsida,317,C_terminal_MTase_like,other,3,0.9995708393473224,0.5,3,0.9761904761904762,41,0.9761904761904762,1.0,True,False
Sauropsida,318,C_terminal_MTase_like,other,3,0.3299742842369207,0.9285714285714286,4,0.9761904761904762,41,0.9761904761904762,1.0,True,False
Sauropsida,319,C_terminal_MTase_like,other,3,0.1623261801753929,0.9761904761904762,2,0.9761904761904762,41,0.9761904761904762,1.0,True,False
Sauropsida,320,C_terminal_MTase_like,other,3,0.5349436990971066,0.8571428571428571,3,0.9761904761904762,41,0.9761904761904762,1.0,True,False
Sauropsida,321,C_terminal_MTase_like,other,3,0.3299742842369207,0.9285714285714286,4,0.9761904761904762,41,0.9761904761904762,1.0,True,False
Sauropsida,322,C_terminal_MTase_like,other,3,0.8390040613676977,0.7142857142857143,3,0.9761904761904762,41,0.9761904761904762,1.0,True,False
Sauropsida,323,C_terminal_MTase_like,other,3,1.0225265684903675,0.7317073170731707,3,0.9761904761904762,41,0.9761904761904762,1.0,True,False
Sauropsida,324,C_terminal_MTase_like,other,3,0.0,0.9761904761904762,2,0.9761904761904762,41,0.9761904761904762,1.0,True,False
Sauropsida,325,C_terminal_MTase_like,other,3,0.0,1.0,1,0.9761904761904762,41,0.9761904761904762,1.0,True,True
Sauropsida,326,C_terminal_MTase_like,other,3,0.0,1.0,1,0.9761904761904762,41,0.9761904761904762,1.0,True,True
Sauropsida,327,C_terminal_MTase_like,other,3,0.0,0.9761904761904762,2,0.9761904761904762,41,0.9761904761904762,1.0,True,False
Sauropsida,328,C_terminal_MTase_like,other,3,0.0,1.0,1,0.9761904761904762,41,0.9761904761904762,1.0,True,True
Sauropsida,329,C_terminal_MTase_like,other,3,0.1623261801753929,0.9761904761904762,2,0.9761904761904762,41,0.9761904761904762,1.0,True,False
Sauropsida,330,C_terminal_MTase_like,other,3,0.1623261801753929,0.9761904761904762,2,0.9761904761904762,41,0.9761904761904762,1.0,True,False
Sauropsida,331,C_terminal_MTase_like,other,2,1.0597300958951599,0.6428571428571429,3,0.9761904761904762,0,0.0,,False,False
Sauropsida,332,C_terminal_MTase_like,other,3,0.0,0.6666666666666666,3,0.9761904761904762,41,0.9761904761904762,0.0,False,False
Sauropsida,333,C_terminal_MTase_like,other,2,0.08116309008769645,0.9761904761904762,2,0.9761904761904762,0,0.0,,False,False
Sauropsida,334,C_terminal_MTase_like,other,3,0.3238144752669867,0.875,3,0.9523809523809524,40,0.9523809523809524,0.0,False,False
Sauropsida,335,C_terminal_MTase_like,other,3,0.3238144752669867,0.45,5,0.9523809523809524,40,0.9523809523809524,0.0,False,False
Sauropsida,336,C_terminal_MTase_like,other,3,0.3238144752669867,0.9,4,0.9523809523809524,40,0.9523809523809524,0.05,False,False
Sauropsida,337,C_terminal_MTase_like,other,3,1.61724889839732,0.5,6,0.9523809523809524,40,0.9523809523809524,0.0,False,False
Sauropsida,338,C_terminal_MTase_like,other,3,0.7704769453520164,0.45,4,0.9523809523809524,40,0.9523809523809524,0.025,False,False
Sauropsida,339,C_terminal_MTase_like,other,2,2.093684244651959,0.4285714285714285,7,1.0,0,0.0,,False,False
Sauropsida,340,C_terminal_MTase_like,other,2,0.8015797789411667,0.8571428571428571,5,1.0,0,0.0,,False,False
Sauropsida,341,C_terminal_MTase_like,switching_helix,2,1.7489451676421337,0.4761904761904761,5,1.0,0,0.0,,False,False
Sauropsida,342,C_terminal_MTase_like,switching_helix,2,1.9016620645026576,0.4285714285714285,6,1.0,0,0.0,,False,False
Sauropsida,343,C_terminal_MTase_like,switching_helix,3,0.1654270339962668,0.9523809523809524,3,0.9523809523809524,40,0.9523809523809524,1.0,True,False
Sauropsida,344,C_terminal_MTase_like,switching_helix,3,0.3238144752669867,0.9285714285714286,4,0.9523809523809524,40,0.9523809523809524,1.0,True,False
Sauropsida,345,C_terminal_MTase_like,switching_helix,3,1.9268007562635645,0.5238095238095238,7,0.9523809523809524,40,0.9523809523809524,1.0,True,False
Sauropsida,346,C_terminal_MTase_like,switching_helix,3,1.034183719779189,0.7619047619047619,5,0.9523809523809524,40,0.9523809523809524,1.0,True,False
Sauropsida,347,C_terminal_MTase_like,switching_helix,3,0.4936191872801264,0.9047619047619048,5,0.9523809523809524,40,0.9523809523809524,1.0,True,False
Sauropsida,348,C_terminal_MTase_like,switching_helix,3,0.1623261801753929,0.975609756097561,2,0.9761904761904762,41,0.9761904761904762,0.975609756097561,True,False
Sauropsida,349,C_terminal_MTase_like,switching_helix,3,1.3276390210506055,0.7142857142857143,5,0.9761904761904762,41,0.9761904761904762,0.975609756097561,True,False
Sauropsida,350,C_terminal_MTase_like,switching_helix,3,1.60384230961157,0.5952380952380952,7,0.9761904761904762,41,0.9761904761904762,1.0,True,False
Sauropsida,351,C_terminal_MTase_like,switching_helix,3,0.1623261801753929,0.9523809523809524,2,0.9761904761904762,41,0.9761904761904762,0.975609756097561,True,False
Sauropsida,352,C_terminal_MTase_like,switching_helix,2,1.9309187301664252,0.4761904761904761,8,1.0,32,0.7619047619047619,0.9375,False,False
Sauropsida,353,C_terminal_MTase_like,switching_helix,3,1.694060838043185,0.4878048780487805,5,0.9761904761904762,41,0.9761904761904762,0.951219512195122,True,False
Sauropsida,354,C_terminal_MTase_like,switching_helix,3,1.6758210460569027,0.5714285714285714,6,1.0,42,1.0,0.9285714285714286,True,False
Sauropsida,355,C_terminal_MTase_like,switching_helix,3,0.3238144752669867,0.9523809523809524,3,0.9761904761904762,41,0.9761904761904762,0.951219512195122,True,False
Sauropsida,356,C_terminal_MTase_like,switching_helix_adjacent_loop,3,0.9035239700887412,0.7380952380952381,4,0.9523809523809524,40,0.9523809523809524,0.975,True,False
Sauropsida,357,C_terminal_MTase_like,switching_helix_adjacent_loop,3,0.960972413416089,0.7857142857142857,5,0.9523809523809524,40,0.9523809523809524,0.975,True,False
Sauropsida,358,C_terminal_MTase_like,switching_helix_adjacent_loop,3,0.1686609314966702,0.9523809523809524,3,0.9523809523809524,40,0.9523809523809524,0.975,True,False
Sauropsida,359,C_terminal_MTase_like,switching_helix_adjacent_loop,3,1.0119654955607629,0.7619047619047619,5,0.9523809523809524,40,0.9523809523809524,0.975,True,False
Sauropsida,360,C_terminal_MTase_like,switching_helix_adjacent_loop,3,0.8477415286338386,0.8333333333333334,5,0.9523809523809524,40,0.9523809523809524,0.975,True,False
Sauropsida,361,C_terminal_MTase_like,other,3,0.0,0.9761904761904762,2,0.9523809523809524,40,0.9523809523809524,1.0,True,False
Sauropsida,362,C_terminal_MTase_like,other,3,0.4844439338352438,0.9047619047619048,5,0.9285714285714286,39,0.9285714285714286,1.0,True,False
Sauropsida,363,C_terminal_MTase_like,other,3,0.3712323266408756,0.9285714285714286,4,0.9285714285714286,39,0.9285714285714286,1.0,True,False
Sauropsida,364,C_terminal_MTase_like,other,3,0.4844439338352438,0.926829268292683,4,0.9285714285714286,39,0.9285714285714286,1.0,True,False
Sauropsida,365,C_terminal_MTase_like,other,3,1.0713070562952454,0.7142857142857143,5,0.9285714285714286,39,0.9285714285714286,1.0,True,False
Sauropsida,366,C_terminal_MTase_like,other,3,1.418595616234941,0.4634146341463415,5,0.9047619047619048,38,0.9047619047619048,1.0,True,False
Sauropsida,367,C_terminal_MTase_like,other,3,1.7650228442907858,0.4390243902439024,5,0.9047619047619048,38,0.9047619047619048,1.0,True,False
Sauropsida,368,C_terminal_MTase_like,other,3,0.3299742842369207,0.926829268292683,4,0.9047619047619048,38,0.9047619047619048,1.0,True,False
Sauropsida,369,C_terminal_MTase_like,other,3,0.4448386994752483,0.902439024390244,5,0.9047619047619048,38,0.9047619047619048,1.0,True,False
Sauropsida,370,C_terminal_MTase_like,other,3,1.0866587480953522,0.6829268292682927,5,0.9047619047619048,38,0.9047619047619048,1.0,True,False
Sauropsida,371,C_terminal_MTase_like,other,3,0.1654270339962668,0.95,3,0.9047619047619048,38,0.9047619047619048,1.0,True,False
Sauropsida,372,C_terminal_MTase_like,other,3,0.1686609314966702,0.95,3,0.9047619047619048,38,0.9047619047619048,1.0,True,False
Sauropsida,373,C_terminal_MTase_like,other,3,0.915859062301646,0.75,4,0.9047619047619048,38,0.9047619047619048,1.0,True,False
Sauropsida,374,C_terminal_MTase_like,other,3,1.0368902807106744,0.6341463414634146,5,0.9285714285714286,38,0.9047619047619048,1.0,True,False
Sauropsida,375,C_terminal_MTase_like,other,3,0.3238144752669867,0.926829268292683,4,0.9523809523809524,39,0.9285714285714286,0.9743589743589745,True,False
Sauropsida,376,C_terminal_MTase_like,other,3,0.3299742842369207,0.9285714285714286,4,0.9761904761904762,40,0.9523809523809524,0.95,True,False
Sauropsida,377,C_terminal_MTase_like,other,3,0.8014698931335287,0.7560975609756098,3,0.9523809523809524,40,0.9523809523809524,1.0,True,False
Sauropsida,378,C_terminal_MTase_like,other,3,1.7817587107742714,0.4390243902439024,6,0.9523809523809524,40,0.9523809523809524,0.95,True,False
Sauropsida,379,C_terminal_MTase_like,other,3,0.3238144752669867,0.951219512195122,3,0.9761904761904762,41,0.9761904761904762,0.951219512195122,True,False
Sauropsida,380,C_terminal_MTase_like,other,3,1.7366882385273954,0.5405405405405406,7,0.8809523809523809,37,0.8809523809523809,0.918918918918919,True,False
