Scope,Human_Position,Domain,Structural_Region,Species_N,Any_Aligner_Resolved_N,All_Three_Resolved_N,All_Three_Resolved_Fraction,All_Three_Exact_AA_N,All_Three_Exact_Among_Resolved,All_Three_Exact_Among_All_Taxa,Alignment_Stable_Coverage80_Concordance90,MACSE_MAFFT_Exact_Among_Resolved,MACSE_PRANK_Exact_Among_Resolved,MAFFT_PRANK_Exact_Among_Resolved
Placentalia,1,N_terminal,other,213,195,142,0.6666666666666666,110,0.7746478873239436,0.5164319248826291,False,0.9649122807017544,0.7746478873239436,0.7847222222222222
Placentalia,2,N_terminal,other,213,192,141,0.6619718309859155,112,0.7943262411347518,0.5258215962441315,False,0.8203592814371258,0.7943262411347518,0.8055555555555556
Placentalia,3,N_terminal,other,213,180,20,0.09389671361502347,20,1.0,0.09389671361502347,False,0.2912621359223301,1.0,1.0
Placentalia,4,N_terminal,other,213,179,20,0.09389671361502347,20,1.0,0.09389671361502347,False,0.33980582524271846,1.0,1.0
Placentalia,5,N_terminal,other,213,183,20,0.09389671361502347,20,1.0,0.09389671361502347,False,0.42990654205607476,1.0,1.0
Placentalia,6,N_terminal,other,213,195,21,0.09859154929577464,20,0.9523809523809523,0.09389671361502347,False,0.7578947368421053,0.9523809523809523,0.9523809523809523
Placentalia,7,N_terminal,other,213,197,151,0.7089201877934272,136,0.9006622516556292,0.6384976525821596,False,0.78125,0.9006622516556292,0.9868421052631579
Placentalia,8,N_terminal,other,213,198,187,0.8779342723004695,163,0.8716577540106952,0.7652582159624414,False,0.8549222797927462,0.9946524064171123,0.8776595744680851
Placentalia,9,N_terminal,other,213,196,186,0.8732394366197183,160,0.8602150537634409,0.7511737089201878,False,0.8655913978494624,0.9946808510638298,0.8602150537634409
Placentalia,10,N_terminal,other,213,197,188,0.8826291079812206,160,0.851063829787234,0.7511737089201878,False,0.8563829787234043,0.9893617021276596,0.8563829787234043
Placentalia,11,N_terminal,other,213,195,161,0.755868544600939,158,0.9813664596273292,0.7417840375586855,False,0.9820359281437125,0.9893048128342246,0.9875776397515528
Placentalia,12,N_terminal,other,213,194,171,0.8028169014084507,170,0.9941520467836257,0.7981220657276995,True,0.9885714285714285,1.0,0.9941520467836257
Placentalia,13,N_terminal,other,213,196,191,0.8967136150234741,190,0.9947643979057592,0.892018779342723,True,0.9897435897435898,1.0,0.9947643979057592
Placentalia,14,N_terminal,other,213,195,191,0.8967136150234741,189,0.9895287958115183,0.8873239436619719,True,0.9897435897435898,0.9947643979057592,0.9895287958115183
Placentalia,15,N_terminal,other,213,197,193,0.9061032863849765,191,0.9896373056994818,0.8967136150234741,True,0.9896907216494846,0.9948717948717949,0.9896373056994818
Placentalia,16,N_terminal,other,213,197,195,0.9154929577464789,195,1.0,0.9154929577464789,True,1.0,1.0,1.0
Placentalia,17,N_terminal,other,213,197,195,0.9154929577464789,195,1.0,0.9154929577464789,True,1.0,1.0,1.0
Placentalia,18,N_terminal,other,213,200,195,0.9154929577464789,195,1.0,0.9154929577464789,True,1.0,1.0,1.0
Placentalia,19,N_terminal,other,213,200,195,0.9154929577464789,195,1.0,0.9154929577464789,True,1.0,1.0,1.0
Placentalia,20,N_terminal,other,213,200,189,0.8873239436619719,189,1.0,0.8873239436619719,True,1.0,1.0,1.0
Placentalia,21,N_terminal,other,213,200,189,0.8873239436619719,188,0.9947089947089947,0.8826291079812206,True,0.9947368421052631,0.9948979591836735,1.0
Placentalia,22,N_terminal,other,213,200,196,0.92018779342723,195,0.9948979591836735,0.9154929577464789,True,0.9948979591836735,0.9948979591836735,1.0
Placentalia,23,N_terminal,other,213,199,191,0.8967136150234741,191,1.0,0.8967136150234741,True,0.9948453608247423,1.0,1.0
Placentalia,24,N_terminal,other,213,197,187,0.8779342723004695,187,1.0,0.8779342723004695,True,0.9948186528497409,1.0,1.0
Placentalia,25,N_terminal,other,213,192,188,0.8826291079812206,187,0.9946808510638298,0.8779342723004695,True,0.9894736842105263,1.0,0.9946808510638298
Placentalia,26,N_terminal,other,213,194,187,0.8779342723004695,187,1.0,0.8779342723004695,True,0.9947089947089947,1.0,1.0
Placentalia,27,N_terminal,other,213,197,184,0.863849765258216,182,0.9891304347826086,0.8544600938967136,True,0.9842931937172775,0.9945652173913043,0.9945945945945946
Placentalia,28,N_terminal,other,213,197,189,0.8873239436619719,187,0.9894179894179894,0.8779342723004695,True,0.9845360824742269,0.9894179894179894,1.0
Placentalia,29,N_terminal,other,213,199,188,0.8826291079812206,186,0.9893617021276596,0.8732394366197183,True,0.9895287958115183,0.9893617021276596,0.9947368421052631
Placentalia,30,N_terminal,other,213,199,190,0.892018779342723,189,0.9947368421052631,0.8873239436619719,True,0.9948453608247423,0.984375,0.9895287958115183
Placentalia,31,N_terminal,other,213,199,191,0.8967136150234741,186,0.9738219895287958,0.8732394366197183,True,0.9693877551020408,0.9791666666666666,0.9895287958115183
Placentalia,32,N_terminal,other,213,199,189,0.8873239436619719,188,0.9947089947089947,0.8826291079812206,True,0.9947916666666666,1.0,0.9947916666666666
Placentalia,33,N_terminal,other,213,199,195,0.9154929577464789,192,0.9846153846153847,0.9014084507042254,True,0.9846153846153847,0.9948717948717949,0.9846153846153847
Placentalia,34,N_terminal,other,213,199,195,0.9154929577464789,191,0.9794871794871794,0.8967136150234741,True,0.9846153846153847,0.9897435897435898,0.9794871794871794
Placentalia,35,N_terminal,other,213,199,195,0.9154929577464789,193,0.9897435897435898,0.9061032863849765,True,1.0,0.9897435897435898,0.9846938775510204
Placentalia,36,N_terminal,other,213,200,193,0.9061032863849765,191,0.9896373056994818,0.8967136150234741,True,0.9896373056994818,0.9948453608247423,0.9896373056994818
Placentalia,37,N_terminal,other,213,198,194,0.9107981220657277,191,0.9845360824742269,0.8967136150234741,True,0.9845360824742269,0.9845360824742269,0.9948453608247423
Placentalia,38,N_terminal,other,213,193,191,0.8967136150234741,191,1.0,0.8967136150234741,True,1.0,1.0,0.9947916666666666
Placentalia,39,N_terminal,other,213,196,193,0.9061032863849765,193,1.0,0.9061032863849765,True,1.0,1.0,0.9948453608247423
Placentalia,40,N_terminal,other,213,195,193,0.9061032863849765,193,1.0,0.9061032863849765,True,1.0,1.0,1.0
Placentalia,41,ADD,other,213,195,193,0.9061032863849765,193,1.0,0.9061032863849765,True,1.0,0.9948453608247423,1.0
Placentalia,42,ADD,other,213,195,193,0.9061032863849765,193,1.0,0.9061032863849765,True,1.0,0.9948453608247423,1.0
Placentalia,43,ADD,other,213,195,193,0.9061032863849765,193,1.0,0.9061032863849765,True,1.0,1.0,1.0
Placentalia,44,ADD,other,213,194,193,0.9061032863849765,193,1.0,0.9061032863849765,True,1.0,0.9948453608247423,1.0
Placentalia,45,ADD,other,213,195,193,0.9061032863849765,193,1.0,0.9061032863849765,True,1.0,0.9948453608247423,1.0
Placentalia,46,ADD,other,213,195,193,0.9061032863849765,193,1.0,0.9061032863849765,True,1.0,0.9948453608247423,1.0
Placentalia,47,ADD,other,213,195,193,0.9061032863849765,193,1.0,0.9061032863849765,True,1.0,1.0,1.0
Placentalia,48,ADD,other,213,196,193,0.9061032863849765,193,1.0,0.9061032863849765,True,1.0,0.9948453608247423,1.0
Placentalia,49,ADD,other,213,196,193,0.9061032863849765,193,1.0,0.9061032863849765,True,1.0,1.0,1.0
Placentalia,50,ADD,other,213,198,193,0.9061032863849765,193,1.0,0.9061032863849765,True,1.0,1.0,1.0
Placentalia,51,ADD,other,213,201,195,0.9154929577464789,195,1.0,0.9154929577464789,True,1.0,1.0,1.0
Placentalia,52,ADD,other,213,204,202,0.9483568075117371,202,1.0,0.9483568075117371,True,1.0,1.0,1.0
Placentalia,53,ADD,other,213,204,202,0.9483568075117371,202,1.0,0.9483568075117371,True,1.0,1.0,1.0
Placentalia,54,ADD,other,213,203,202,0.9483568075117371,202,1.0,0.9483568075117371,True,1.0,1.0,1.0
Placentalia,55,ADD,other,213,203,202,0.9483568075117371,202,1.0,0.9483568075117371,True,1.0,1.0,1.0
Placentalia,56,ADD,other,213,204,202,0.9483568075117371,202,1.0,0.9483568075117371,True,1.0,1.0,1.0
Placentalia,57,ADD,other,213,204,202,0.9483568075117371,202,1.0,0.9483568075117371,True,1.0,1.0,1.0
Placentalia,58,ADD,other,213,204,202,0.9483568075117371,202,1.0,0.9483568075117371,True,1.0,1.0,1.0
Placentalia,59,ADD,other,213,204,202,0.9483568075117371,202,1.0,0.9483568075117371,True,1.0,1.0,1.0
Placentalia,60,ADD,other,213,204,202,0.9483568075117371,202,1.0,0.9483568075117371,True,0.9950980392156863,1.0,1.0
Placentalia,61,ADD,other,213,204,202,0.9483568075117371,202,1.0,0.9483568075117371,True,1.0,1.0,1.0
Placentalia,62,ADD,other,213,203,202,0.9483568075117371,202,1.0,0.9483568075117371,True,1.0,1.0,1.0
Placentalia,63,ADD,other,213,203,202,0.9483568075117371,202,1.0,0.9483568075117371,True,1.0,1.0,1.0
Placentalia,64,ADD,other,213,203,202,0.9483568075117371,202,1.0,0.9483568075117371,True,1.0,1.0,1.0
Placentalia,65,ADD,other,213,203,202,0.9483568075117371,202,1.0,0.9483568075117371,True,1.0,1.0,1.0
Placentalia,66,ADD,other,213,203,202,0.9483568075117371,202,1.0,0.9483568075117371,True,1.0,1.0,1.0
Placentalia,67,ADD,other,213,203,202,0.9483568075117371,202,1.0,0.9483568075117371,True,1.0,1.0,1.0
Placentalia,68,ADD,other,213,203,202,0.9483568075117371,202,1.0,0.9483568075117371,True,1.0,1.0,1.0
Placentalia,69,ADD,other,213,204,202,0.9483568075117371,202,1.0,0.9483568075117371,True,0.9950980392156863,1.0,1.0
Placentalia,70,ADD,other,213,205,203,0.9530516431924883,203,1.0,0.9530516431924883,True,1.0,1.0,1.0
Placentalia,71,ADD,other,213,205,202,0.9483568075117371,202,1.0,0.9483568075117371,True,0.9950980392156863,1.0,1.0
Placentalia,72,ADD,other,213,213,210,0.9859154929577465,210,1.0,0.9859154929577465,True,0.9952830188679245,1.0,0.995260663507109
Placentalia,73,ADD,other,213,213,210,0.9859154929577465,210,1.0,0.9859154929577465,True,0.9952830188679245,1.0,1.0
Placentalia,74,ADD,other,213,213,211,0.9906103286384976,210,0.995260663507109,0.9859154929577465,True,0.9953051643192489,1.0,0.995260663507109
Placentalia,75,ADD,other,213,213,211,0.9906103286384976,210,0.995260663507109,0.9859154929577465,True,0.9953051643192489,0.995260663507109,1.0
Placentalia,76,ADD,other,213,213,211,0.9906103286384976,210,0.995260663507109,0.9859154929577465,True,0.9953051643192489,0.995260663507109,0.995260663507109
Placentalia,77,ADD,other,213,213,208,0.9765258215962441,207,0.9951923076923077,0.971830985915493,True,1.0,0.9951923076923077,0.9951923076923077
Placentalia,78,ADD,other,213,213,213,1.0,213,1.0,1.0,True,1.0,1.0,1.0
Placentalia,79,ADD,other,213,213,213,1.0,213,1.0,1.0,True,1.0,1.0,1.0
Placentalia,80,ADD,other,213,213,213,1.0,213,1.0,1.0,True,1.0,1.0,1.0
Placentalia,81,ADD,other,213,213,213,1.0,213,1.0,1.0,True,1.0,1.0,1.0
Placentalia,82,ADD,other,213,213,213,1.0,213,1.0,1.0,True,1.0,1.0,1.0
Placentalia,83,ADD,other,213,213,213,1.0,213,1.0,1.0,True,1.0,1.0,1.0
Placentalia,84,ADD,other,213,213,213,1.0,213,1.0,1.0,True,1.0,1.0,1.0
Placentalia,85,ADD,other,213,213,213,1.0,213,1.0,1.0,True,1.0,1.0,1.0
Placentalia,86,ADD,other,213,213,213,1.0,213,1.0,1.0,True,1.0,1.0,1.0
Placentalia,87,ADD,other,213,213,213,1.0,213,1.0,1.0,True,1.0,1.0,1.0
Placentalia,88,ADD,other,213,213,213,1.0,213,1.0,1.0,True,1.0,1.0,1.0
Placentalia,89,ADD,other,213,213,213,1.0,213,1.0,1.0,True,1.0,1.0,1.0
Placentalia,90,ADD,other,213,213,213,1.0,213,1.0,1.0,True,1.0,1.0,1.0
Placentalia,91,ADD,other,213,213,213,1.0,213,1.0,1.0,True,1.0,1.0,1.0
Placentalia,92,ADD,other,213,213,213,1.0,213,1.0,1.0,True,1.0,1.0,1.0
Placentalia,93,ADD,other,213,213,213,1.0,213,1.0,1.0,True,1.0,1.0,1.0
Placentalia,94,ADD,other,213,213,213,1.0,213,1.0,1.0,True,1.0,1.0,1.0
Placentalia,95,ADD,other,213,213,213,1.0,213,1.0,1.0,True,1.0,1.0,1.0
Placentalia,96,ADD,other,213,213,213,1.0,213,1.0,1.0,True,1.0,1.0,1.0
Placentalia,97,ADD,other,213,213,213,1.0,213,1.0,1.0,True,1.0,1.0,1.0
Placentalia,98,ADD,other,213,213,213,1.0,213,1.0,1.0,True,1.0,1.0,1.0
Placentalia,99,ADD,other,213,213,213,1.0,213,1.0,1.0,True,1.0,1.0,1.0
Placentalia,100,ADD,other,213,213,213,1.0,213,1.0,1.0,True,1.0,1.0,1.0
Placentalia,101,ADD,other,213,213,213,1.0,213,1.0,1.0,True,1.0,1.0,1.0
Placentalia,102,ADD,other,213,213,213,1.0,213,1.0,1.0,True,1.0,1.0,1.0
Placentalia,103,ADD,other,213,213,213,1.0,213,1.0,1.0,True,1.0,1.0,1.0
Placentalia,104,ADD,other,213,213,213,1.0,213,1.0,1.0,True,1.0,1.0,1.0
Placentalia,105,ADD,other,213,213,213,1.0,213,1.0,1.0,True,1.0,1.0,1.0
Placentalia,106,ADD,other,213,213,213,1.0,213,1.0,1.0,True,1.0,1.0,1.0
Placentalia,107,ADD,other,213,213,213,1.0,213,1.0,1.0,True,1.0,1.0,1.0
Placentalia,108,ADD,other,213,213,212,0.9953051643192489,212,1.0,0.9953051643192489,True,1.0,1.0,1.0
Placentalia,109,ADD,other,213,212,212,0.9953051643192489,212,1.0,0.9953051643192489,True,1.0,1.0,1.0
Placentalia,110,ADD,other,213,212,212,0.9953051643192489,212,1.0,0.9953051643192489,True,1.0,1.0,1.0
Placentalia,111,ADD,other,213,212,212,0.9953051643192489,212,1.0,0.9953051643192489,True,1.0,1.0,1.0
Placentalia,112,ADD,other,213,212,212,0.9953051643192489,212,1.0,0.9953051643192489,True,1.0,1.0,1.0
Placentalia,113,ADD,other,213,213,212,0.9953051643192489,212,1.0,0.9953051643192489,True,1.0,1.0,1.0
Placentalia,114,ADD,other,213,213,213,1.0,213,1.0,1.0,True,1.0,1.0,1.0
Placentalia,115,ADD,other,213,213,213,1.0,213,1.0,1.0,True,1.0,1.0,1.0
Placentalia,116,ADD,other,213,213,212,0.9953051643192489,212,1.0,0.9953051643192489,True,1.0,1.0,0.9953051643192489
Placentalia,117,ADD,other,213,213,212,0.9953051643192489,212,1.0,0.9953051643192489,True,1.0,1.0,1.0
Placentalia,118,ADD,other,213,212,212,0.9953051643192489,212,1.0,0.9953051643192489,True,1.0,1.0,1.0
Placentalia,119,ADD,other,213,213,212,0.9953051643192489,212,1.0,0.9953051643192489,True,1.0,1.0,1.0
Placentalia,120,ADD,other,213,213,212,0.9953051643192489,212,1.0,0.9953051643192489,True,1.0,1.0,1.0
Placentalia,121,ADD,other,213,213,212,0.9953051643192489,212,1.0,0.9953051643192489,True,1.0,1.0,1.0
Placentalia,122,ADD,other,213,212,212,0.9953051643192489,212,1.0,0.9953051643192489,True,1.0,1.0,1.0
Placentalia,123,ADD,other,213,212,212,0.9953051643192489,212,1.0,0.9953051643192489,True,1.0,1.0,1.0
Placentalia,124,ADD,other,213,212,212,0.9953051643192489,212,1.0,0.9953051643192489,True,1.0,1.0,1.0
Placentalia,125,ADD,other,213,212,212,0.9953051643192489,212,1.0,0.9953051643192489,True,1.0,1.0,1.0
Placentalia,126,ADD,other,213,212,212,0.9953051643192489,212,1.0,0.9953051643192489,True,1.0,1.0,1.0
Placentalia,127,ADD,other,213,212,212,0.9953051643192489,212,1.0,0.9953051643192489,True,1.0,1.0,1.0
Placentalia,128,ADD,other,213,213,212,0.9953051643192489,212,1.0,0.9953051643192489,True,1.0,1.0,1.0
Placentalia,129,ADD,other,213,213,212,0.9953051643192489,212,1.0,0.9953051643192489,True,1.0,1.0,1.0
Placentalia,130,ADD,other,213,213,212,0.9953051643192489,212,1.0,0.9953051643192489,True,1.0,1.0,1.0
Placentalia,131,ADD,other,213,213,212,0.9953051643192489,212,1.0,0.9953051643192489,True,1.0,1.0,1.0
Placentalia,132,ADD,other,213,213,212,0.9953051643192489,212,1.0,0.9953051643192489,True,1.0,1.0,1.0
Placentalia,133,ADD,other,213,213,212,0.9953051643192489,212,1.0,0.9953051643192489,True,1.0,1.0,1.0
Placentalia,134,ADD,other,213,213,213,1.0,212,0.9953051643192489,0.9953051643192489,True,0.9953051643192489,0.9953051643192489,1.0
Placentalia,135,ADD,other,213,213,212,0.9953051643192489,212,1.0,0.9953051643192489,True,1.0,1.0,1.0
Placentalia,136,ADD,other,213,213,212,0.9953051643192489,212,1.0,0.9953051643192489,True,1.0,1.0,1.0
Placentalia,137,ADD,other,213,213,212,0.9953051643192489,212,1.0,0.9953051643192489,True,1.0,1.0,1.0
Placentalia,138,ADD,other,213,213,212,0.9953051643192489,212,1.0,0.9953051643192489,True,1.0,1.0,1.0
Placentalia,139,ADD,other,213,213,212,0.9953051643192489,212,1.0,0.9953051643192489,True,1.0,1.0,1.0
Placentalia,140,ADD,other,213,212,212,0.9953051643192489,212,1.0,0.9953051643192489,True,1.0,1.0,1.0
Placentalia,141,ADD,other,213,212,212,0.9953051643192489,212,1.0,0.9953051643192489,True,1.0,1.0,1.0
Placentalia,142,ADD,other,213,213,212,0.9953051643192489,212,1.0,0.9953051643192489,True,1.0,1.0,1.0
Placentalia,143,ADD,other,213,212,212,0.9953051643192489,212,1.0,0.9953051643192489,True,1.0,1.0,1.0
Placentalia,144,ADD,other,213,213,212,0.9953051643192489,212,1.0,0.9953051643192489,True,1.0,1.0,1.0
Placentalia,145,ADD,other,213,213,213,1.0,213,1.0,1.0,True,1.0,1.0,1.0
Placentalia,146,ADD,other,213,213,213,1.0,213,1.0,1.0,True,1.0,1.0,1.0
Placentalia,147,ADD,other,213,213,213,1.0,213,1.0,1.0,True,1.0,1.0,1.0
Placentalia,148,ADD,other,213,213,213,1.0,213,1.0,1.0,True,1.0,1.0,1.0
Placentalia,149,ADD,other,213,213,213,1.0,213,1.0,1.0,True,1.0,1.0,1.0
Placentalia,150,ADD,other,213,213,213,1.0,213,1.0,1.0,True,1.0,1.0,1.0
Placentalia,151,ADD,other,213,213,213,1.0,213,1.0,1.0,True,1.0,1.0,1.0
Placentalia,152,ADD,other,213,213,213,1.0,213,1.0,1.0,True,1.0,1.0,1.0
Placentalia,153,ADD,other,213,213,213,1.0,212,0.9953051643192489,0.9953051643192489,True,0.9953051643192489,0.9953051643192489,1.0
Placentalia,154,ADD,other,213,213,213,1.0,213,1.0,1.0,True,1.0,1.0,1.0
Placentalia,155,ADD,other,213,213,213,1.0,212,0.9953051643192489,0.9953051643192489,True,0.9953051643192489,1.0,0.9953051643192489
Placentalia,156,ADD,other,213,213,212,0.9953051643192489,212,1.0,0.9953051643192489,True,0.9953051643192489,1.0,1.0
Placentalia,157,ADD,other,213,213,212,0.9953051643192489,212,1.0,0.9953051643192489,True,0.9953051643192489,1.0,1.0
Placentalia,158,ADD,other,213,213,212,0.9953051643192489,212,1.0,0.9953051643192489,True,0.9953051643192489,1.0,1.0
Placentalia,159,ADD,other,213,213,212,0.9953051643192489,212,1.0,0.9953051643192489,True,0.9953051643192489,1.0,1.0
Placentalia,160,ADD,other,213,213,212,0.9953051643192489,212,1.0,0.9953051643192489,True,1.0,1.0,1.0
Placentalia,161,ADD,other,213,213,212,0.9953051643192489,212,1.0,0.9953051643192489,True,0.9953051643192489,1.0,1.0
Placentalia,162,ADD,other,213,213,212,0.9953051643192489,212,1.0,0.9953051643192489,True,0.9953051643192489,1.0,1.0
Placentalia,163,ADD,other,213,213,212,0.9953051643192489,212,1.0,0.9953051643192489,True,0.9953051643192489,1.0,1.0
Placentalia,164,ADD,other,213,213,212,0.9953051643192489,212,1.0,0.9953051643192489,True,0.9953051643192489,1.0,1.0
Placentalia,165,ADD,other,213,213,212,0.9953051643192489,212,1.0,0.9953051643192489,True,0.9953051643192489,1.0,1.0
Placentalia,166,ADD,other,213,213,212,0.9953051643192489,212,1.0,0.9953051643192489,True,0.9953051643192489,1.0,1.0
Placentalia,167,ADD,other,213,213,212,0.9953051643192489,212,1.0,0.9953051643192489,True,1.0,1.0,1.0
Placentalia,168,ADD,other,213,213,212,0.9953051643192489,212,1.0,0.9953051643192489,True,1.0,1.0,1.0
Placentalia,169,ADD,other,213,213,212,0.9953051643192489,212,1.0,0.9953051643192489,True,1.0,1.0,1.0
Placentalia,170,ADD,other,213,213,212,0.9953051643192489,212,1.0,0.9953051643192489,True,1.0,1.0,1.0
Placentalia,171,ADD,other,213,213,212,0.9953051643192489,212,1.0,0.9953051643192489,True,1.0,1.0,1.0
Placentalia,172,ADD,other,213,213,212,0.9953051643192489,212,1.0,0.9953051643192489,True,1.0,1.0,1.0
Placentalia,173,ADD,other,213,212,207,0.971830985915493,207,1.0,0.971830985915493,True,1.0,1.0,1.0
Placentalia,174,linker,other,213,213,213,1.0,208,0.9765258215962441,0.9765258215962441,True,0.9812206572769953,0.9953051643192489,0.9765258215962441
Placentalia,175,linker,other,213,213,208,0.9765258215962441,208,1.0,0.9765258215962441,True,1.0,1.0,1.0
Placentalia,176,linker,other,213,213,213,1.0,213,1.0,1.0,True,1.0,1.0,1.0
Placentalia,177,linker,other,213,213,213,1.0,213,1.0,1.0,True,1.0,1.0,1.0
Placentalia,178,C_terminal_MTase_like,other,213,213,213,1.0,213,1.0,1.0,True,1.0,1.0,1.0
Placentalia,179,C_terminal_MTase_like,other,213,213,213,1.0,213,1.0,1.0,True,1.0,1.0,1.0
Placentalia,180,C_terminal_MTase_like,other,213,213,213,1.0,213,1.0,1.0,True,1.0,1.0,1.0
Placentalia,181,C_terminal_MTase_like,other,213,213,213,1.0,213,1.0,1.0,True,1.0,1.0,1.0
Placentalia,182,C_terminal_MTase_like,other,213,213,213,1.0,213,1.0,1.0,True,1.0,1.0,1.0
Placentalia,183,C_terminal_MTase_like,other,213,213,213,1.0,213,1.0,1.0,True,1.0,1.0,1.0
Placentalia,184,C_terminal_MTase_like,other,213,213,213,1.0,213,1.0,1.0,True,1.0,1.0,1.0
Placentalia,185,C_terminal_MTase_like,other,213,213,213,1.0,213,1.0,1.0,True,1.0,1.0,1.0
Placentalia,186,C_terminal_MTase_like,other,213,213,213,1.0,213,1.0,1.0,True,1.0,1.0,1.0
Placentalia,187,C_terminal_MTase_like,other,213,213,213,1.0,213,1.0,1.0,True,1.0,1.0,1.0
Placentalia,188,C_terminal_MTase_like,other,213,213,213,1.0,213,1.0,1.0,True,1.0,1.0,1.0
Placentalia,189,C_terminal_MTase_like,other,213,213,213,1.0,213,1.0,1.0,True,1.0,1.0,1.0
Placentalia,190,C_terminal_MTase_like,other,213,213,213,1.0,213,1.0,1.0,True,1.0,1.0,1.0
Placentalia,191,C_terminal_MTase_like,other,213,213,213,1.0,213,1.0,1.0,True,1.0,1.0,1.0
Placentalia,192,C_terminal_MTase_like,other,213,213,213,1.0,213,1.0,1.0,True,1.0,1.0,1.0
Placentalia,193,C_terminal_MTase_like,other,213,213,213,1.0,213,1.0,1.0,True,1.0,1.0,1.0
Placentalia,194,C_terminal_MTase_like,other,213,213,213,1.0,213,1.0,1.0,True,1.0,1.0,1.0
Placentalia,195,C_terminal_MTase_like,other,213,213,213,1.0,213,1.0,1.0,True,1.0,1.0,1.0
Placentalia,196,C_terminal_MTase_like,other,213,213,213,1.0,213,1.0,1.0,True,1.0,1.0,1.0
Placentalia,197,C_terminal_MTase_like,other,213,213,213,1.0,213,1.0,1.0,True,1.0,1.0,1.0
Placentalia,198,C_terminal_MTase_like,other,213,213,213,1.0,213,1.0,1.0,True,1.0,1.0,1.0
Placentalia,199,C_terminal_MTase_like,other,213,213,213,1.0,213,1.0,1.0,True,1.0,1.0,1.0
Placentalia,200,C_terminal_MTase_like,other,213,213,213,1.0,213,1.0,1.0,True,1.0,1.0,1.0
Placentalia,201,C_terminal_MTase_like,other,213,213,213,1.0,211,0.9906103286384976,0.9906103286384976,True,1.0,0.9906103286384976,0.9906103286384976
Placentalia,202,C_terminal_MTase_like,other,213,213,213,1.0,213,1.0,1.0,True,1.0,1.0,1.0
Placentalia,203,C_terminal_MTase_like,other,213,213,213,1.0,213,1.0,1.0,True,1.0,1.0,1.0
Placentalia,204,C_terminal_MTase_like,other,213,213,213,1.0,213,1.0,1.0,True,1.0,1.0,1.0
Placentalia,205,C_terminal_MTase_like,other,213,213,213,1.0,213,1.0,1.0,True,1.0,1.0,1.0
Placentalia,206,C_terminal_MTase_like,other,213,213,213,1.0,213,1.0,1.0,True,1.0,1.0,1.0
Placentalia,207,C_terminal_MTase_like,other,213,213,213,1.0,213,1.0,1.0,True,1.0,1.0,1.0
Placentalia,208,C_terminal_MTase_like,other,213,213,213,1.0,213,1.0,1.0,True,1.0,1.0,1.0
Placentalia,209,C_terminal_MTase_like,other,213,213,213,1.0,213,1.0,1.0,True,1.0,1.0,1.0
Placentalia,210,C_terminal_MTase_like,other,213,213,212,0.9953051643192489,210,0.9905660377358491,0.9859154929577465,True,1.0,0.9905660377358491,0.9905660377358491
Placentalia,211,C_terminal_MTase_like,other,213,213,209,0.9812206572769953,209,1.0,0.9812206572769953,True,1.0,1.0,1.0
Placentalia,212,C_terminal_MTase_like,other,213,213,211,0.9906103286384976,211,1.0,0.9906103286384976,True,1.0,1.0,1.0
Placentalia,213,C_terminal_MTase_like,other,213,213,210,0.9859154929577465,204,0.9714285714285714,0.9577464788732394,True,0.9716981132075472,1.0,0.9714285714285714
Placentalia,214,C_terminal_MTase_like,other,213,213,208,0.9765258215962441,208,1.0,0.9765258215962441,True,0.9953051643192489,1.0,1.0
Placentalia,215,C_terminal_MTase_like,other,213,213,212,0.9953051643192489,212,1.0,0.9953051643192489,True,1.0,1.0,1.0
Placentalia,216,C_terminal_MTase_like,other,213,213,213,1.0,213,1.0,1.0,True,1.0,1.0,1.0
Placentalia,217,C_terminal_MTase_like,other,213,213,213,1.0,213,1.0,1.0,True,1.0,1.0,1.0
Placentalia,218,C_terminal_MTase_like,other,213,213,213,1.0,213,1.0,1.0,True,1.0,1.0,1.0
Placentalia,219,C_terminal_MTase_like,other,213,213,213,1.0,213,1.0,1.0,True,1.0,1.0,1.0
Placentalia,220,C_terminal_MTase_like,other,213,213,213,1.0,213,1.0,1.0,True,1.0,1.0,1.0
Placentalia,221,C_terminal_MTase_like,other,213,213,213,1.0,213,1.0,1.0,True,1.0,1.0,1.0
Placentalia,222,C_terminal_MTase_like,other,213,213,213,1.0,213,1.0,1.0,True,1.0,1.0,1.0
Placentalia,223,C_terminal_MTase_like,other,213,213,213,1.0,213,1.0,1.0,True,1.0,1.0,1.0
Placentalia,224,C_terminal_MTase_like,other,213,213,213,1.0,213,1.0,1.0,True,1.0,1.0,1.0
Placentalia,225,C_terminal_MTase_like,other,213,213,213,1.0,213,1.0,1.0,True,1.0,1.0,1.0
Placentalia,226,C_terminal_MTase_like,other,213,213,213,1.0,213,1.0,1.0,True,1.0,1.0,1.0
Placentalia,227,C_terminal_MTase_like,other,213,213,213,1.0,213,1.0,1.0,True,1.0,1.0,1.0
Placentalia,228,C_terminal_MTase_like,other,213,213,213,1.0,213,1.0,1.0,True,1.0,1.0,1.0
Placentalia,229,C_terminal_MTase_like,other,213,213,213,1.0,213,1.0,1.0,True,1.0,1.0,1.0
Placentalia,230,C_terminal_MTase_like,other,213,213,213,1.0,213,1.0,1.0,True,1.0,1.0,1.0
Placentalia,231,C_terminal_MTase_like,other,213,213,213,1.0,213,1.0,1.0,True,1.0,1.0,1.0
Placentalia,232,C_terminal_MTase_like,other,213,213,213,1.0,213,1.0,1.0,True,1.0,1.0,1.0
Placentalia,233,C_terminal_MTase_like,other,213,213,213,1.0,213,1.0,1.0,True,1.0,1.0,1.0
Placentalia,234,C_terminal_MTase_like,other,213,213,213,1.0,213,1.0,1.0,True,1.0,1.0,1.0
Placentalia,235,C_terminal_MTase_like,other,213,213,213,1.0,213,1.0,1.0,True,1.0,1.0,1.0
Placentalia,236,C_terminal_MTase_like,other,213,213,213,1.0,213,1.0,1.0,True,1.0,1.0,1.0
Placentalia,237,C_terminal_MTase_like,other,213,213,213,1.0,213,1.0,1.0,True,1.0,1.0,1.0
Placentalia,238,C_terminal_MTase_like,other,213,213,213,1.0,213,1.0,1.0,True,1.0,1.0,1.0
Placentalia,239,C_terminal_MTase_like,other,213,213,213,1.0,213,1.0,1.0,True,1.0,1.0,1.0
Placentalia,240,C_terminal_MTase_like,other,213,213,213,1.0,213,1.0,1.0,True,1.0,1.0,1.0
Placentalia,241,C_terminal_MTase_like,other,213,213,213,1.0,213,1.0,1.0,True,1.0,1.0,1.0
Placentalia,242,C_terminal_MTase_like,other,213,213,213,1.0,213,1.0,1.0,True,1.0,1.0,1.0
Placentalia,243,C_terminal_MTase_like,other,213,213,213,1.0,213,1.0,1.0,True,1.0,1.0,1.0
Placentalia,244,C_terminal_MTase_like,other,213,213,213,1.0,213,1.0,1.0,True,1.0,1.0,1.0
Placentalia,245,C_terminal_MTase_like,other,213,213,213,1.0,213,1.0,1.0,True,1.0,1.0,1.0
Placentalia,246,C_terminal_MTase_like,other,213,213,213,1.0,213,1.0,1.0,True,1.0,1.0,1.0
Placentalia,247,C_terminal_MTase_like,other,213,213,213,1.0,213,1.0,1.0,True,1.0,1.0,1.0
Placentalia,248,C_terminal_MTase_like,other,213,213,213,1.0,213,1.0,1.0,True,1.0,1.0,1.0
Placentalia,249,C_terminal_MTase_like,other,213,213,213,1.0,213,1.0,1.0,True,1.0,1.0,1.0
Placentalia,250,C_terminal_MTase_like,other,213,212,209,0.9812206572769953,209,1.0,0.9812206572769953,True,1.0,1.0,1.0
Placentalia,251,C_terminal_MTase_like,other,213,212,209,0.9812206572769953,209,1.0,0.9812206572769953,True,1.0,1.0,1.0
Placentalia,252,C_terminal_MTase_like,other,213,212,212,0.9953051643192489,209,0.9858490566037735,0.9812206572769953,True,1.0,0.9858490566037735,0.9858490566037735
Placentalia,253,C_terminal_MTase_like,other,213,213,213,1.0,210,0.9859154929577465,0.9859154929577465,True,1.0,0.9859154929577465,0.9859154929577465
Placentalia,254,C_terminal_MTase_like,other,213,213,213,1.0,213,1.0,1.0,True,1.0,1.0,1.0
Placentalia,255,C_terminal_MTase_like,other,213,213,213,1.0,213,1.0,1.0,True,1.0,1.0,1.0
Placentalia,256,C_terminal_MTase_like,other,213,213,213,1.0,213,1.0,1.0,True,1.0,1.0,1.0
Placentalia,257,C_terminal_MTase_like,other,213,213,213,1.0,212,0.9953051643192489,0.9953051643192489,True,1.0,0.9953051643192489,0.9953051643192489
Placentalia,258,C_terminal_MTase_like,other,213,213,213,1.0,213,1.0,1.0,True,1.0,1.0,1.0
Placentalia,259,C_terminal_MTase_like,other,213,213,213,1.0,213,1.0,1.0,True,1.0,1.0,1.0
Placentalia,260,C_terminal_MTase_like,other,213,213,213,1.0,213,1.0,1.0,True,1.0,1.0,1.0
Placentalia,261,C_terminal_MTase_like,other,213,213,213,1.0,213,1.0,1.0,True,1.0,1.0,1.0
Placentalia,262,C_terminal_MTase_like,other,213,212,212,0.9953051643192489,212,1.0,0.9953051643192489,True,1.0,1.0,1.0
Placentalia,263,C_terminal_MTase_like,other,213,213,213,1.0,213,1.0,1.0,True,1.0,1.0,1.0
Placentalia,264,C_terminal_MTase_like,other,213,213,213,1.0,213,1.0,1.0,True,1.0,1.0,1.0
Placentalia,265,C_terminal_MTase_like,other,213,213,213,1.0,213,1.0,1.0,True,1.0,1.0,1.0
Placentalia,266,C_terminal_MTase_like,other,213,213,213,1.0,213,1.0,1.0,True,1.0,1.0,1.0
Placentalia,267,C_terminal_MTase_like,other,213,213,213,1.0,213,1.0,1.0,True,1.0,1.0,1.0
Placentalia,268,C_terminal_MTase_like,other,213,213,213,1.0,213,1.0,1.0,True,1.0,1.0,1.0
Placentalia,269,C_terminal_MTase_like,other,213,213,213,1.0,213,1.0,1.0,True,1.0,1.0,1.0
Placentalia,270,C_terminal_MTase_like,other,213,213,213,1.0,213,1.0,1.0,True,1.0,1.0,1.0
Placentalia,271,C_terminal_MTase_like,other,213,213,211,0.9906103286384976,211,1.0,0.9906103286384976,True,1.0,1.0,1.0
Placentalia,272,C_terminal_MTase_like,other,213,213,211,0.9906103286384976,211,1.0,0.9906103286384976,True,1.0,1.0,1.0
Placentalia,273,C_terminal_MTase_like,other,213,213,206,0.9671361502347418,206,1.0,0.9671361502347418,True,1.0,1.0,1.0
Placentalia,274,C_terminal_MTase_like,other,213,213,205,0.9624413145539906,205,1.0,0.9624413145539906,True,1.0,1.0,1.0
Placentalia,275,C_terminal_MTase_like,other,213,213,212,0.9953051643192489,212,1.0,0.9953051643192489,True,1.0,1.0,1.0
Placentalia,276,C_terminal_MTase_like,other,213,213,213,1.0,213,1.0,1.0,True,1.0,1.0,1.0
Placentalia,277,C_terminal_MTase_like,other,213,213,212,0.9953051643192489,212,1.0,0.9953051643192489,True,1.0,1.0,1.0
Placentalia,278,C_terminal_MTase_like,other,213,212,211,0.9906103286384976,211,1.0,0.9906103286384976,True,1.0,1.0,1.0
Placentalia,279,C_terminal_MTase_like,other,213,213,213,1.0,213,1.0,1.0,True,1.0,1.0,1.0
Placentalia,280,C_terminal_MTase_like,other,213,213,213,1.0,213,1.0,1.0,True,1.0,1.0,1.0
Placentalia,281,C_terminal_MTase_like,other,213,213,213,1.0,213,1.0,1.0,True,1.0,1.0,1.0
Placentalia,282,C_terminal_MTase_like,other,213,213,213,1.0,213,1.0,1.0,True,1.0,1.0,1.0
Placentalia,283,C_terminal_MTase_like,other,213,213,213,1.0,213,1.0,1.0,True,1.0,1.0,1.0
Placentalia,284,C_terminal_MTase_like,other,213,213,213,1.0,213,1.0,1.0,True,1.0,1.0,1.0
Placentalia,285,C_terminal_MTase_like,other,213,213,213,1.0,213,1.0,1.0,True,1.0,1.0,1.0
Placentalia,286,C_terminal_MTase_like,other,213,213,213,1.0,213,1.0,1.0,True,1.0,1.0,1.0
Placentalia,287,C_terminal_MTase_like,other,213,213,213,1.0,213,1.0,1.0,True,1.0,1.0,1.0
Placentalia,288,C_terminal_MTase_like,other,213,213,213,1.0,213,1.0,1.0,True,1.0,1.0,1.0
Placentalia,289,C_terminal_MTase_like,other,213,213,213,1.0,213,1.0,1.0,True,1.0,1.0,1.0
Placentalia,290,C_terminal_MTase_like,other,213,213,213,1.0,213,1.0,1.0,True,1.0,1.0,1.0
Placentalia,291,C_terminal_MTase_like,other,213,213,213,1.0,213,1.0,1.0,True,1.0,1.0,1.0
Placentalia,292,C_terminal_MTase_like,other,213,213,213,1.0,213,1.0,1.0,True,1.0,1.0,1.0
Placentalia,293,C_terminal_MTase_like,other,213,213,213,1.0,213,1.0,1.0,True,1.0,1.0,1.0
Placentalia,294,C_terminal_MTase_like,other,213,213,213,1.0,213,1.0,1.0,True,1.0,1.0,1.0
Placentalia,295,C_terminal_MTase_like,other,213,213,213,1.0,213,1.0,1.0,True,1.0,1.0,1.0
Placentalia,296,C_terminal_MTase_like,other,213,213,213,1.0,213,1.0,1.0,True,1.0,1.0,1.0
Placentalia,297,C_terminal_MTase_like,other,213,213,213,1.0,213,1.0,1.0,True,1.0,1.0,1.0
Placentalia,298,C_terminal_MTase_like,other,213,213,213,1.0,213,1.0,1.0,True,1.0,1.0,1.0
Placentalia,299,C_terminal_MTase_like,other,213,213,213,1.0,213,1.0,1.0,True,1.0,1.0,1.0
Placentalia,300,C_terminal_MTase_like,other,213,213,213,1.0,213,1.0,1.0,True,1.0,1.0,1.0
Placentalia,301,C_terminal_MTase_like,other,213,213,213,1.0,213,1.0,1.0,True,1.0,1.0,1.0
Placentalia,302,C_terminal_MTase_like,other,213,213,213,1.0,213,1.0,1.0,True,1.0,1.0,1.0
Placentalia,303,C_terminal_MTase_like,other,213,213,213,1.0,213,1.0,1.0,True,1.0,1.0,1.0
Placentalia,304,C_terminal_MTase_like,other,213,213,210,0.9859154929577465,208,0.9904761904761905,0.9765258215962441,True,0.995260663507109,0.9904761904761905,0.9905660377358491
Placentalia,305,C_terminal_MTase_like,other,213,213,212,0.9953051643192489,209,0.9858490566037735,0.9812206572769953,True,0.9859154929577465,0.9858490566037735,0.9905660377358491
Placentalia,306,C_terminal_MTase_like,other,213,213,211,0.9906103286384976,211,1.0,0.9906103286384976,True,0.9953051643192489,1.0,1.0
Placentalia,307,C_terminal_MTase_like,other,213,213,209,0.9812206572769953,209,1.0,0.9812206572769953,True,0.9859154929577465,1.0,1.0
Placentalia,308,C_terminal_MTase_like,other,213,213,209,0.9812206572769953,209,1.0,0.9812206572769953,True,0.9812206572769953,1.0,1.0
Placentalia,309,C_terminal_MTase_like,other,213,213,208,0.9765258215962441,208,1.0,0.9765258215962441,True,0.9812206572769953,1.0,1.0
Placentalia,310,C_terminal_MTase_like,other,213,213,208,0.9765258215962441,208,1.0,0.9765258215962441,True,0.9812206572769953,1.0,1.0
Placentalia,311,C_terminal_MTase_like,other,213,213,205,0.9624413145539906,205,1.0,0.9624413145539906,True,0.9809523809523809,1.0,1.0
Placentalia,312,C_terminal_MTase_like,other,213,210,205,0.9624413145539906,205,1.0,0.9624413145539906,True,0.9857142857142858,1.0,1.0
Placentalia,313,C_terminal_MTase_like,other,213,210,205,0.9624413145539906,205,1.0,0.9624413145539906,True,0.9809523809523809,1.0,1.0
Placentalia,314,C_terminal_MTase_like,other,213,210,207,0.971830985915493,206,0.9951690821256038,0.9671361502347418,True,1.0,0.9951690821256038,0.9951690821256038
Placentalia,315,C_terminal_MTase_like,other,213,210,206,0.9671361502347418,205,0.9951456310679612,0.9624413145539906,True,0.9904306220095693,0.9951456310679612,1.0
Placentalia,316,C_terminal_MTase_like,other,213,209,205,0.9624413145539906,204,0.9951219512195122,0.9577464788732394,True,0.9808612440191388,0.9951219512195122,0.9951219512195122
Placentalia,317,C_terminal_MTase_like,other,213,209,206,0.9671361502347418,204,0.9902912621359223,0.9577464788732394,True,0.9856459330143541,0.9902912621359223,0.9951456310679612
Placentalia,318,C_terminal_MTase_like,other,213,210,206,0.9671361502347418,204,0.9902912621359223,0.9577464788732394,True,0.9808612440191388,0.9903381642512077,0.9951456310679612
Placentalia,319,C_terminal_MTase_like,other,213,213,205,0.9624413145539906,205,1.0,0.9624413145539906,True,0.9856459330143541,1.0,1.0
Placentalia,320,C_terminal_MTase_like,other,213,213,208,0.9765258215962441,208,1.0,0.9765258215962441,True,0.9811320754716981,1.0,1.0
Placentalia,321,C_terminal_MTase_like,other,213,213,208,0.9765258215962441,208,1.0,0.9765258215962441,True,0.9811320754716981,1.0,1.0
Placentalia,322,C_terminal_MTase_like,other,213,213,208,0.9765258215962441,208,1.0,0.9765258215962441,True,0.990521327014218,1.0,1.0
Placentalia,323,C_terminal_MTase_like,other,213,213,208,0.9765258215962441,208,1.0,0.9765258215962441,True,0.9811320754716981,1.0,1.0
Placentalia,324,C_terminal_MTase_like,other,213,213,208,0.9765258215962441,208,1.0,0.9765258215962441,True,0.9859154929577465,1.0,1.0
Placentalia,325,C_terminal_MTase_like,other,213,213,209,0.9812206572769953,208,0.9952153110047847,0.9765258215962441,True,0.9765258215962441,1.0,0.9952153110047847
Placentalia,326,C_terminal_MTase_like,other,213,213,209,0.9812206572769953,208,0.9952153110047847,0.9765258215962441,True,0.9765258215962441,0.9952153110047847,0.9952153110047847
Placentalia,327,C_terminal_MTase_like,other,213,213,209,0.9812206572769953,208,0.9952153110047847,0.9765258215962441,True,0.9812206572769953,0.9952153110047847,0.9952153110047847
Placentalia,328,C_terminal_MTase_like,other,213,213,210,0.9859154929577465,210,1.0,0.9859154929577465,True,0.9953051643192489,1.0,1.0
Placentalia,329,C_terminal_MTase_like,other,213,213,209,0.9812206572769953,207,0.9904306220095693,0.971830985915493,True,0.9811320754716981,0.9904761904761905,0.9904306220095693
Placentalia,330,C_terminal_MTase_like,other,213,211,207,0.971830985915493,206,0.9951690821256038,0.9671361502347418,True,0.976303317535545,0.9951690821256038,0.9951690821256038
Placentalia,331,C_terminal_MTase_like,other,213,212,207,0.971830985915493,206,0.9951690821256038,0.9671361502347418,True,0.990521327014218,0.9951690821256038,0.9951690821256038
Placentalia,332,C_terminal_MTase_like,other,213,210,25,0.11737089201877934,25,1.0,0.11737089201877934,False,0.875,1.0,1.0
Placentalia,333,C_terminal_MTase_like,other,213,210,36,0.16901408450704225,30,0.8333333333333334,0.14084507042253522,False,0.7894736842105263,0.8333333333333334,0.9901477832512315
Placentalia,334,C_terminal_MTase_like,other,213,211,206,0.9671361502347418,202,0.9805825242718447,0.9483568075117371,True,0.966824644549763,0.9805825242718447,1.0
Placentalia,335,C_terminal_MTase_like,other,213,213,204,0.9577464788732394,202,0.9901960784313726,0.9483568075117371,True,0.9712918660287081,0.9901960784313726,0.9950980392156863
Placentalia,336,C_terminal_MTase_like,other,213,213,204,0.9577464788732394,202,0.9901960784313726,0.9483568075117371,True,0.9620853080568721,0.9901960784313726,0.9950980392156863
Placentalia,337,C_terminal_MTase_like,other,213,213,201,0.9436619718309859,201,1.0,0.9436619718309859,True,0.9669811320754716,1.0,1.0
Placentalia,338,C_terminal_MTase_like,other,213,212,201,0.9436619718309859,201,1.0,0.9436619718309859,True,0.9620853080568721,1.0,1.0
Placentalia,339,C_terminal_MTase_like,other,213,213,201,0.9436619718309859,201,1.0,0.9436619718309859,True,0.95260663507109,1.0,1.0
Placentalia,340,C_terminal_MTase_like,other,213,213,202,0.9483568075117371,202,1.0,0.9483568075117371,True,0.966824644549763,1.0,1.0
Placentalia,341,C_terminal_MTase_like,switching_helix,213,213,202,0.9483568075117371,202,1.0,0.9483568075117371,True,0.9620853080568721,1.0,1.0
Placentalia,342,C_terminal_MTase_like,switching_helix,213,213,202,0.9483568075117371,202,1.0,0.9483568075117371,True,0.9620853080568721,1.0,1.0
Placentalia,343,C_terminal_MTase_like,switching_helix,213,213,202,0.9483568075117371,202,1.0,0.9483568075117371,True,0.9619047619047619,1.0,1.0
Placentalia,344,C_terminal_MTase_like,switching_helix,213,213,202,0.9483568075117371,202,1.0,0.9483568075117371,True,0.9620853080568721,1.0,1.0
Placentalia,345,C_terminal_MTase_like,switching_helix,213,213,202,0.9483568075117371,202,1.0,0.9483568075117371,True,0.9528301886792453,1.0,1.0
Placentalia,346,C_terminal_MTase_like,switching_helix,213,213,202,0.9483568075117371,202,1.0,0.9483568075117371,True,0.9528301886792453,1.0,1.0
Placentalia,347,C_terminal_MTase_like,switching_helix,213,213,202,0.9483568075117371,202,1.0,0.9483568075117371,True,0.976303317535545,1.0,1.0
Placentalia,348,C_terminal_MTase_like,switching_helix,213,213,199,0.9342723004694836,199,1.0,0.9342723004694836,True,0.966824644549763,1.0,1.0
Placentalia,349,C_terminal_MTase_like,switching_helix,213,212,199,0.9342723004694836,198,0.9949748743718593,0.9295774647887324,True,0.9528301886792453,0.9949748743718593,0.9949748743718593
Placentalia,350,C_terminal_MTase_like,switching_helix,213,211,198,0.9295774647887324,197,0.9949494949494949,0.9248826291079812,True,0.957345971563981,0.9949494949494949,0.9949494949494949
Placentalia,351,C_terminal_MTase_like,switching_helix,213,211,198,0.9295774647887324,197,0.9949494949494949,0.9248826291079812,True,0.95260663507109,0.9949494949494949,0.9949494949494949
Placentalia,352,C_terminal_MTase_like,switching_helix,213,212,199,0.9342723004694836,198,0.9949748743718593,0.9295774647887324,True,0.9528301886792453,0.9949748743718593,0.9949748743718593
Placentalia,353,C_terminal_MTase_like,switching_helix,213,213,199,0.9342723004694836,198,0.9949748743718593,0.9295774647887324,True,0.9714285714285714,0.9949748743718593,0.9949748743718593
Placentalia,354,C_terminal_MTase_like,switching_helix,213,213,201,0.9436619718309859,196,0.9751243781094527,0.92018779342723,True,0.9530516431924883,0.9900497512437811,0.9751243781094527
Placentalia,355,C_terminal_MTase_like,switching_helix,213,213,199,0.9342723004694836,195,0.9798994974874372,0.9154929577464789,True,0.9624413145539906,0.9899497487437185,0.9899497487437185
Placentalia,356,C_terminal_MTase_like,switching_helix_adjacent_loop,213,213,198,0.9295774647887324,195,0.9848484848484849,0.9154929577464789,True,0.9436619718309859,0.9848484848484849,0.9949494949494949
Placentalia,357,C_terminal_MTase_like,switching_helix_adjacent_loop,213,213,197,0.9248826291079812,197,1.0,0.9248826291079812,True,0.9715639810426541,1.0,1.0
Placentalia,358,C_terminal_MTase_like,switching_helix_adjacent_loop,213,213,201,0.9436619718309859,195,0.9701492537313433,0.9154929577464789,True,0.957345971563981,0.9701492537313433,0.9704433497536946
Placentalia,359,C_terminal_MTase_like,switching_helix_adjacent_loop,213,213,200,0.9389671361502347,196,0.98,0.92018779342723,True,0.9569377990430622,0.98,0.9753694581280788
Placentalia,360,C_terminal_MTase_like,switching_helix_adjacent_loop,213,213,203,0.9530516431924883,202,0.9950738916256158,0.9483568075117371,True,0.9716981132075472,0.9950980392156863,0.9950738916256158
Placentalia,361,C_terminal_MTase_like,other,213,213,208,0.9765258215962441,204,0.9807692307692307,0.9577464788732394,True,0.9906103286384976,0.9807692307692307,0.9855769230769231
Placentalia,362,C_terminal_MTase_like,other,213,213,207,0.971830985915493,201,0.9710144927536232,0.9436619718309859,True,0.9671361502347418,0.9806763285024155,0.9758454106280193
Placentalia,363,C_terminal_MTase_like,other,213,213,204,0.9577464788732394,201,0.9852941176470589,0.9436619718309859,True,0.9716981132075472,0.9853658536585366,0.9950980392156863
Placentalia,364,C_terminal_MTase_like,other,213,213,204,0.9577464788732394,202,0.9901960784313726,0.9483568075117371,True,0.9575471698113207,0.9950980392156863,0.9950980392156863
Placentalia,365,C_terminal_MTase_like,other,213,213,204,0.9577464788732394,202,0.9901960784313726,0.9483568075117371,True,0.9620853080568721,0.9901960784313726,0.9950980392156863
Placentalia,366,C_terminal_MTase_like,other,213,213,203,0.9530516431924883,202,0.9950738916256158,0.9483568075117371,True,0.9759615384615384,0.9950738916256158,0.9951219512195122
Placentalia,367,C_terminal_MTase_like,other,213,213,204,0.9577464788732394,202,0.9901960784313726,0.9483568075117371,True,0.9712918660287081,0.9901960784313726,0.9902439024390244
Placentalia,368,C_terminal_MTase_like,other,213,211,204,0.9577464788732394,202,0.9901960784313726,0.9483568075117371,True,0.9809523809523809,0.9901960784313726,0.9902439024390244
Placentalia,369,C_terminal_MTase_like,other,213,213,204,0.9577464788732394,203,0.9950980392156863,0.9530516431924883,True,0.9904761904761905,1.0,0.9950980392156863
Placentalia,370,C_terminal_MTase_like,other,213,213,204,0.9577464788732394,202,0.9901960784313726,0.9483568075117371,True,0.9714285714285714,0.9901960784313726,0.9950980392156863
Placentalia,371,C_terminal_MTase_like,other,213,213,204,0.9577464788732394,204,1.0,0.9577464788732394,True,0.9858490566037735,1.0,1.0
Placentalia,372,C_terminal_MTase_like,other,213,213,204,0.9577464788732394,202,0.9901960784313726,0.9483568075117371,True,0.9764150943396226,0.9950980392156863,0.9901960784313726
Placentalia,373,C_terminal_MTase_like,other,213,213,204,0.9577464788732394,202,0.9901960784313726,0.9483568075117371,True,0.990521327014218,0.9901960784313726,0.9901960784313726
Placentalia,374,C_terminal_MTase_like,other,213,213,204,0.9577464788732394,202,0.9901960784313726,0.9483568075117371,True,0.9622641509433962,0.9950980392156863,0.9901960784313726
Placentalia,375,C_terminal_MTase_like,other,213,213,204,0.9577464788732394,202,0.9901960784313726,0.9483568075117371,True,0.9857142857142858,0.9950980392156863,0.9901960784313726
Placentalia,376,C_terminal_MTase_like,other,213,212,204,0.9577464788732394,203,0.9950980392156863,0.9530516431924883,True,0.9761904761904762,0.9950980392156863,0.9950980392156863
Placentalia,377,C_terminal_MTase_like,other,213,213,204,0.9577464788732394,201,0.9852941176470589,0.9436619718309859,True,0.9761904761904762,0.9853658536585366,0.9901960784313726
Placentalia,378,C_terminal_MTase_like,other,213,213,204,0.9577464788732394,201,0.9852941176470589,0.9436619718309859,True,0.9760765550239234,0.9902439024390244,0.9852941176470589
Placentalia,379,C_terminal_MTase_like,other,213,208,190,0.892018779342723,188,0.9894736842105263,0.8826291079812206,True,0.99,0.984375,0.9896907216494846
Placentalia,380,C_terminal_MTase_like,other,213,213,155,0.7276995305164319,148,0.9548387096774194,0.6948356807511737,False,0.8660287081339713,0.9548387096774194,0.9612903225806452
Placentalia,381,C_terminal_tail,other,213,212,148,0.6948356807511737,144,0.972972972972973,0.676056338028169,False,0.7101449275362319,0.9797297297297297,0.9864864864864865
Placentalia,382,C_terminal_tail,other,213,211,147,0.6901408450704225,144,0.9795918367346939,0.676056338028169,False,0.7317073170731707,0.9795918367346939,0.9932432432432432
Placentalia,383,C_terminal_tail,other,213,210,145,0.6807511737089202,144,0.993103448275862,0.676056338028169,False,0.9325153374233128,0.993103448275862,0.9932432432432432
Placentalia,384,C_terminal_tail,other,213,212,149,0.6995305164319249,147,0.9865771812080537,0.6901408450704225,False,0.7692307692307693,0.9932885906040269,0.9933333333333333
Placentalia,385,C_terminal_tail,other,213,212,155,0.7276995305164319,149,0.9612903225806452,0.6995305164319249,False,0.7563451776649747,0.9615384615384616,0.9741935483870968
Placentalia,386,C_terminal_tail,other,213,213,155,0.7276995305164319,150,0.967741935483871,0.704225352112676,False,0.9320987654320988,0.7868020304568528,0.967948717948718
Placentalia,387,C_terminal_tail,other,213,210,154,0.7230046948356808,148,0.961038961038961,0.6948356807511737,False,0.9192546583850931,0.7653061224489796,0.967741935483871
Euarchontoglires,1,N_terminal,other,84,82,74,0.8809523809523809,46,0.6216216216216216,0.5476190476190477,False,0.6538461538461539,0.6266666666666667,0.64
Euarchontoglires,2,N_terminal,other,84,81,33,0.39285714285714285,32,0.9696969696969697,0.38095238095238093,False,0.6623376623376623,0.9696969696969697,0.9705882352941176
Euarchontoglires,3,N_terminal,other,84,82,33,0.39285714285714285,29,0.8787878787878788,0.34523809523809523,False,0.4868421052631579,0.8787878787878788,1.0
Euarchontoglires,4,N_terminal,other,84,82,65,0.7738095238095238,34,0.5230769230769231,0.40476190476190477,False,0.5,0.5230769230769231,0.9846153846153847
Euarchontoglires,5,N_terminal,other,84,82,66,0.7857142857142857,37,0.5606060606060606,0.44047619047619047,False,0.5185185185185185,0.5757575757575758,0.9848484848484849
Euarchontoglires,6,N_terminal,other,84,83,73,0.8690476190476191,45,0.6164383561643836,0.5357142857142857,False,0.6463414634146342,0.6301369863013698,0.958904109589041
Euarchontoglires,7,N_terminal,other,84,83,76,0.9047619047619048,48,0.631578947368421,0.5714285714285714,False,0.6419753086419753,0.631578947368421,1.0
Euarchontoglires,8,N_terminal,other,84,83,78,0.9285714285714286,50,0.6410256410256411,0.5952380952380952,False,0.6172839506172839,0.6410256410256411,1.0
Euarchontoglires,9,N_terminal,other,84,81,78,0.9285714285714286,77,0.9871794871794872,0.9166666666666666,True,0.9873417721518988,0.9871794871794872,1.0
Euarchontoglires,10,N_terminal,other,84,82,78,0.9285714285714286,51,0.6538461538461539,0.6071428571428571,False,0.6582278481012658,0.6538461538461539,0.9230769230769231
Euarchontoglires,11,N_terminal,other,84,82,76,0.9047619047619048,50,0.6578947368421053,0.5952380952380952,False,0.6625,0.6410256410256411,1.0
Euarchontoglires,12,N_terminal,other,84,82,76,0.9047619047619048,76,1.0,0.9047619047619048,True,0.9875,1.0,1.0
Euarchontoglires,13,N_terminal,other,84,82,78,0.9285714285714286,78,1.0,0.9285714285714286,True,0.9876543209876543,1.0,1.0
Euarchontoglires,14,N_terminal,other,84,82,78,0.9285714285714286,78,1.0,0.9285714285714286,True,0.9876543209876543,1.0,1.0
Euarchontoglires,15,N_terminal,other,84,83,80,0.9523809523809523,78,0.975,0.9285714285714286,True,0.9876543209876543,0.975,0.9753086419753086
Euarchontoglires,16,N_terminal,other,84,82,79,0.9404761904761905,79,1.0,0.9404761904761905,True,1.0,1.0,1.0
Euarchontoglires,17,N_terminal,other,84,82,79,0.9404761904761905,79,1.0,0.9404761904761905,True,1.0,1.0,1.0
Euarchontoglires,18,N_terminal,other,84,82,79,0.9404761904761905,79,1.0,0.9404761904761905,True,1.0,1.0,1.0
Euarchontoglires,19,N_terminal,other,84,82,79,0.9404761904761905,79,1.0,0.9404761904761905,True,1.0,1.0,1.0
Euarchontoglires,20,N_terminal,other,84,82,80,0.9523809523809523,80,1.0,0.9523809523809523,True,1.0,1.0,1.0
Euarchontoglires,21,N_terminal,other,84,83,81,0.9642857142857143,80,0.9876543209876543,0.9523809523809523,True,0.9876543209876543,0.9876543209876543,1.0
Euarchontoglires,22,N_terminal,other,84,82,79,0.9404761904761905,78,0.9873417721518988,0.9285714285714286,True,0.9873417721518988,0.9876543209876543,1.0
Euarchontoglires,23,N_terminal,other,84,83,76,0.9047619047619048,76,1.0,0.9047619047619048,True,1.0,1.0,1.0
Euarchontoglires,24,N_terminal,other,84,81,76,0.9047619047619048,76,1.0,0.9047619047619048,True,1.0,1.0,1.0
Euarchontoglires,25,N_terminal,other,84,81,78,0.9285714285714286,78,1.0,0.9285714285714286,True,1.0,1.0,1.0
Euarchontoglires,26,N_terminal,other,84,83,78,0.9285714285714286,77,0.9871794871794872,0.9166666666666666,True,0.9871794871794872,0.9871794871794872,1.0
Euarchontoglires,27,N_terminal,other,84,83,78,0.9285714285714286,77,0.9871794871794872,0.9166666666666666,True,0.9871794871794872,0.9871794871794872,0.9873417721518988
Euarchontoglires,28,N_terminal,other,84,81,80,0.9523809523809523,79,0.9875,0.9404761904761905,True,0.9875,0.9875,0.9876543209876543
Euarchontoglires,29,N_terminal,other,84,83,80,0.9523809523809523,80,1.0,0.9523809523809523,True,1.0,1.0,0.9876543209876543
Euarchontoglires,30,N_terminal,other,84,83,80,0.9523809523809523,79,0.9875,0.9404761904761905,True,0.9875,0.9875,1.0
Euarchontoglires,31,N_terminal,other,84,83,79,0.9404761904761905,78,0.9873417721518988,0.9285714285714286,True,0.9875,0.9873417721518988,1.0
Euarchontoglires,32,N_terminal,other,84,82,78,0.9285714285714286,78,1.0,0.9285714285714286,True,1.0,1.0,1.0
Euarchontoglires,33,N_terminal,other,84,82,79,0.9404761904761905,79,1.0,0.9404761904761905,True,1.0,1.0,1.0
Euarchontoglires,34,N_terminal,other,84,82,81,0.9642857142857143,81,1.0,0.9642857142857143,True,1.0,1.0,1.0
Euarchontoglires,35,N_terminal,other,84,83,81,0.9642857142857143,81,1.0,0.9642857142857143,True,1.0,1.0,1.0
Euarchontoglires,36,N_terminal,other,84,83,82,0.9761904761904762,82,1.0,0.9761904761904762,True,1.0,1.0,1.0
Euarchontoglires,37,N_terminal,other,84,83,82,0.9761904761904762,82,1.0,0.9761904761904762,True,1.0,1.0,1.0
Euarchontoglires,38,N_terminal,other,84,83,82,0.9761904761904762,82,1.0,0.9761904761904762,True,1.0,1.0,1.0
Euarchontoglires,39,N_terminal,other,84,83,82,0.9761904761904762,82,1.0,0.9761904761904762,True,1.0,1.0,1.0
Euarchontoglires,40,N_terminal,other,84,83,82,0.9761904761904762,82,1.0,0.9761904761904762,True,1.0,1.0,1.0
Euarchontoglires,41,ADD,other,84,83,82,0.9761904761904762,82,1.0,0.9761904761904762,True,1.0,1.0,1.0
Euarchontoglires,42,ADD,other,84,83,82,0.9761904761904762,82,1.0,0.9761904761904762,True,1.0,1.0,1.0
Euarchontoglires,43,ADD,other,84,83,82,0.9761904761904762,82,1.0,0.9761904761904762,True,1.0,1.0,1.0
Euarchontoglires,44,ADD,other,84,82,82,0.9761904761904762,82,1.0,0.9761904761904762,True,1.0,1.0,1.0
Euarchontoglires,45,ADD,other,84,82,82,0.9761904761904762,82,1.0,0.9761904761904762,True,1.0,1.0,1.0
Euarchontoglires,46,ADD,other,84,82,82,0.9761904761904762,82,1.0,0.9761904761904762,True,1.0,1.0,1.0
Euarchontoglires,47,ADD,other,84,83,82,0.9761904761904762,82,1.0,0.9761904761904762,True,1.0,1.0,1.0
Euarchontoglires,48,ADD,other,84,83,82,0.9761904761904762,82,1.0,0.9761904761904762,True,1.0,1.0,1.0
Euarchontoglires,49,ADD,other,84,83,83,0.9880952380952381,83,1.0,0.9880952380952381,True,1.0,1.0,1.0
Euarchontoglires,50,ADD,other,84,83,83,0.9880952380952381,83,1.0,0.9880952380952381,True,1.0,1.0,1.0
Euarchontoglires,51,ADD,other,84,83,83,0.9880952380952381,83,1.0,0.9880952380952381,True,1.0,1.0,1.0
Euarchontoglires,52,ADD,other,84,84,84,1.0,84,1.0,1.0,True,1.0,1.0,1.0
Euarchontoglires,53,ADD,other,84,84,84,1.0,84,1.0,1.0,True,1.0,1.0,1.0
Euarchontoglires,54,ADD,other,84,84,84,1.0,84,1.0,1.0,True,1.0,1.0,1.0
Euarchontoglires,55,ADD,other,84,84,84,1.0,84,1.0,1.0,True,1.0,1.0,1.0
Euarchontoglires,56,ADD,other,84,84,84,1.0,84,1.0,1.0,True,1.0,1.0,1.0
Euarchontoglires,57,ADD,other,84,84,84,1.0,84,1.0,1.0,True,1.0,1.0,1.0
Euarchontoglires,58,ADD,other,84,84,84,1.0,84,1.0,1.0,True,1.0,1.0,1.0
Euarchontoglires,59,ADD,other,84,84,84,1.0,84,1.0,1.0,True,1.0,1.0,1.0
Euarchontoglires,60,ADD,other,84,84,84,1.0,84,1.0,1.0,True,1.0,1.0,1.0
Euarchontoglires,61,ADD,other,84,84,84,1.0,84,1.0,1.0,True,1.0,1.0,1.0
Euarchontoglires,62,ADD,other,84,84,84,1.0,84,1.0,1.0,True,1.0,1.0,1.0
Euarchontoglires,63,ADD,other,84,84,84,1.0,84,1.0,1.0,True,1.0,1.0,1.0
Euarchontoglires,64,ADD,other,84,84,84,1.0,84,1.0,1.0,True,1.0,1.0,1.0
Euarchontoglires,65,ADD,other,84,84,84,1.0,84,1.0,1.0,True,1.0,1.0,1.0
Euarchontoglires,66,ADD,other,84,84,84,1.0,84,1.0,1.0,True,1.0,1.0,1.0
Euarchontoglires,67,ADD,other,84,84,84,1.0,84,1.0,1.0,True,1.0,1.0,1.0
Euarchontoglires,68,ADD,other,84,84,84,1.0,84,1.0,1.0,True,1.0,1.0,1.0
Euarchontoglires,69,ADD,other,84,84,84,1.0,84,1.0,1.0,True,1.0,1.0,1.0
Euarchontoglires,70,ADD,other,84,84,84,1.0,84,1.0,1.0,True,1.0,1.0,1.0
Euarchontoglires,71,ADD,other,84,84,84,1.0,84,1.0,1.0,True,1.0,1.0,1.0
Euarchontoglires,72,ADD,other,84,84,84,1.0,84,1.0,1.0,True,1.0,1.0,1.0
Euarchontoglires,73,ADD,other,84,84,84,1.0,84,1.0,1.0,True,1.0,1.0,1.0
Euarchontoglires,74,ADD,other,84,84,84,1.0,84,1.0,1.0,True,1.0,1.0,1.0
Euarchontoglires,75,ADD,other,84,84,84,1.0,84,1.0,1.0,True,1.0,1.0,1.0
Euarchontoglires,76,ADD,other,84,84,84,1.0,84,1.0,1.0,True,1.0,1.0,1.0
Euarchontoglires,77,ADD,other,84,84,84,1.0,84,1.0,1.0,True,1.0,1.0,1.0
Euarchontoglires,78,ADD,other,84,84,84,1.0,84,1.0,1.0,True,1.0,1.0,1.0
Euarchontoglires,79,ADD,other,84,84,84,1.0,84,1.0,1.0,True,1.0,1.0,1.0
Euarchontoglires,80,ADD,other,84,84,84,1.0,84,1.0,1.0,True,1.0,1.0,1.0
Euarchontoglires,81,ADD,other,84,84,84,1.0,84,1.0,1.0,True,1.0,1.0,1.0
Euarchontoglires,82,ADD,other,84,84,84,1.0,84,1.0,1.0,True,1.0,1.0,1.0
Euarchontoglires,83,ADD,other,84,84,84,1.0,84,1.0,1.0,True,1.0,1.0,1.0
Euarchontoglires,84,ADD,other,84,84,84,1.0,84,1.0,1.0,True,1.0,1.0,1.0
Euarchontoglires,85,ADD,other,84,84,84,1.0,84,1.0,1.0,True,1.0,1.0,1.0
Euarchontoglires,86,ADD,other,84,84,84,1.0,84,1.0,1.0,True,1.0,1.0,1.0
Euarchontoglires,87,ADD,other,84,84,84,1.0,84,1.0,1.0,True,1.0,1.0,1.0
Euarchontoglires,88,ADD,other,84,84,84,1.0,84,1.0,1.0,True,1.0,1.0,1.0
Euarchontoglires,89,ADD,other,84,84,84,1.0,84,1.0,1.0,True,1.0,1.0,1.0
Euarchontoglires,90,ADD,other,84,84,84,1.0,84,1.0,1.0,True,1.0,1.0,1.0
Euarchontoglires,91,ADD,other,84,84,84,1.0,84,1.0,1.0,True,1.0,1.0,1.0
Euarchontoglires,92,ADD,other,84,84,84,1.0,84,1.0,1.0,True,1.0,1.0,1.0
Euarchontoglires,93,ADD,other,84,84,84,1.0,84,1.0,1.0,True,1.0,1.0,1.0
Euarchontoglires,94,ADD,other,84,84,84,1.0,84,1.0,1.0,True,1.0,1.0,1.0
Euarchontoglires,95,ADD,other,84,84,84,1.0,84,1.0,1.0,True,1.0,1.0,1.0
Euarchontoglires,96,ADD,other,84,84,84,1.0,84,1.0,1.0,True,1.0,1.0,1.0
Euarchontoglires,97,ADD,other,84,84,84,1.0,84,1.0,1.0,True,1.0,1.0,1.0
Euarchontoglires,98,ADD,other,84,84,84,1.0,84,1.0,1.0,True,1.0,1.0,1.0
Euarchontoglires,99,ADD,other,84,84,84,1.0,84,1.0,1.0,True,1.0,1.0,1.0
Euarchontoglires,100,ADD,other,84,84,84,1.0,84,1.0,1.0,True,1.0,1.0,1.0
Euarchontoglires,101,ADD,other,84,84,84,1.0,84,1.0,1.0,True,1.0,1.0,1.0
Euarchontoglires,102,ADD,other,84,84,84,1.0,84,1.0,1.0,True,1.0,1.0,1.0
Euarchontoglires,103,ADD,other,84,84,84,1.0,84,1.0,1.0,True,1.0,1.0,1.0
Euarchontoglires,104,ADD,other,84,84,84,1.0,84,1.0,1.0,True,1.0,1.0,1.0
Euarchontoglires,105,ADD,other,84,84,84,1.0,84,1.0,1.0,True,1.0,1.0,1.0
Euarchontoglires,106,ADD,other,84,84,84,1.0,84,1.0,1.0,True,1.0,1.0,1.0
Euarchontoglires,107,ADD,other,84,84,84,1.0,84,1.0,1.0,True,1.0,1.0,1.0
Euarchontoglires,108,ADD,other,84,84,84,1.0,84,1.0,1.0,True,1.0,1.0,1.0
Euarchontoglires,109,ADD,other,84,84,84,1.0,84,1.0,1.0,True,1.0,1.0,1.0
Euarchontoglires,110,ADD,other,84,84,84,1.0,84,1.0,1.0,True,1.0,1.0,1.0
Euarchontoglires,111,ADD,other,84,84,84,1.0,84,1.0,1.0,True,1.0,1.0,1.0
Euarchontoglires,112,ADD,other,84,84,84,1.0,84,1.0,1.0,True,1.0,1.0,1.0
Euarchontoglires,113,ADD,other,84,84,84,1.0,84,1.0,1.0,True,1.0,1.0,1.0
Euarchontoglires,114,ADD,other,84,84,84,1.0,84,1.0,1.0,True,1.0,1.0,1.0
Euarchontoglires,115,ADD,other,84,84,84,1.0,84,1.0,1.0,True,1.0,1.0,1.0
Euarchontoglires,116,ADD,other,84,84,84,1.0,84,1.0,1.0,True,1.0,1.0,1.0
Euarchontoglires,117,ADD,other,84,84,84,1.0,84,1.0,1.0,True,1.0,1.0,1.0
Euarchontoglires,118,ADD,other,84,84,84,1.0,84,1.0,1.0,True,1.0,1.0,1.0
Euarchontoglires,119,ADD,other,84,84,84,1.0,84,1.0,1.0,True,1.0,1.0,1.0
Euarchontoglires,120,ADD,other,84,84,84,1.0,84,1.0,1.0,True,1.0,1.0,1.0
Euarchontoglires,121,ADD,other,84,84,84,1.0,84,1.0,1.0,True,1.0,1.0,1.0
Euarchontoglires,122,ADD,other,84,84,84,1.0,84,1.0,1.0,True,1.0,1.0,1.0
Euarchontoglires,123,ADD,other,84,84,84,1.0,84,1.0,1.0,True,1.0,1.0,1.0
Euarchontoglires,124,ADD,other,84,84,84,1.0,84,1.0,1.0,True,1.0,1.0,1.0
Euarchontoglires,125,ADD,other,84,84,84,1.0,84,1.0,1.0,True,1.0,1.0,1.0
Euarchontoglires,126,ADD,other,84,84,84,1.0,84,1.0,1.0,True,1.0,1.0,1.0
Euarchontoglires,127,ADD,other,84,84,84,1.0,84,1.0,1.0,True,1.0,1.0,1.0
Euarchontoglires,128,ADD,other,84,84,84,1.0,84,1.0,1.0,True,1.0,1.0,1.0
Euarchontoglires,129,ADD,other,84,84,84,1.0,84,1.0,1.0,True,1.0,1.0,1.0
Euarchontoglires,130,ADD,other,84,84,84,1.0,84,1.0,1.0,True,1.0,1.0,1.0
Euarchontoglires,131,ADD,other,84,84,84,1.0,84,1.0,1.0,True,1.0,1.0,1.0
Euarchontoglires,132,ADD,other,84,84,84,1.0,84,1.0,1.0,True,1.0,1.0,1.0
Euarchontoglires,133,ADD,other,84,84,84,1.0,84,1.0,1.0,True,1.0,1.0,1.0
Euarchontoglires,134,ADD,other,84,84,84,1.0,84,1.0,1.0,True,1.0,1.0,1.0
Euarchontoglires,135,ADD,other,84,84,84,1.0,84,1.0,1.0,True,1.0,1.0,1.0
Euarchontoglires,136,ADD,other,84,84,84,1.0,84,1.0,1.0,True,1.0,1.0,1.0
Euarchontoglires,137,ADD,other,84,84,84,1.0,84,1.0,1.0,True,1.0,1.0,1.0
Euarchontoglires,138,ADD,other,84,84,84,1.0,84,1.0,1.0,True,1.0,1.0,1.0
Euarchontoglires,139,ADD,other,84,84,84,1.0,84,1.0,1.0,True,1.0,1.0,1.0
Euarchontoglires,140,ADD,other,84,84,84,1.0,84,1.0,1.0,True,1.0,1.0,1.0
Euarchontoglires,141,ADD,other,84,84,84,1.0,84,1.0,1.0,True,1.0,1.0,1.0
Euarchontoglires,142,ADD,other,84,84,84,1.0,84,1.0,1.0,True,1.0,1.0,1.0
Euarchontoglires,143,ADD,other,84,84,84,1.0,84,1.0,1.0,True,1.0,1.0,1.0
Euarchontoglires,144,ADD,other,84,84,84,1.0,84,1.0,1.0,True,1.0,1.0,1.0
Euarchontoglires,145,ADD,other,84,84,84,1.0,84,1.0,1.0,True,1.0,1.0,1.0
Euarchontoglires,146,ADD,other,84,84,84,1.0,84,1.0,1.0,True,1.0,1.0,1.0
Euarchontoglires,147,ADD,other,84,84,84,1.0,84,1.0,1.0,True,1.0,1.0,1.0
Euarchontoglires,148,ADD,other,84,84,84,1.0,84,1.0,1.0,True,1.0,1.0,1.0
Euarchontoglires,149,ADD,other,84,84,84,1.0,84,1.0,1.0,True,1.0,1.0,1.0
Euarchontoglires,150,ADD,other,84,84,84,1.0,84,1.0,1.0,True,1.0,1.0,1.0
Euarchontoglires,151,ADD,other,84,84,84,1.0,84,1.0,1.0,True,1.0,1.0,1.0
Euarchontoglires,152,ADD,other,84,84,84,1.0,84,1.0,1.0,True,1.0,1.0,1.0
Euarchontoglires,153,ADD,other,84,84,84,1.0,84,1.0,1.0,True,1.0,1.0,1.0
Euarchontoglires,154,ADD,other,84,84,84,1.0,84,1.0,1.0,True,1.0,1.0,1.0
Euarchontoglires,155,ADD,other,84,84,84,1.0,84,1.0,1.0,True,1.0,1.0,1.0
Euarchontoglires,156,ADD,other,84,84,84,1.0,84,1.0,1.0,True,1.0,1.0,1.0
Euarchontoglires,157,ADD,other,84,84,84,1.0,84,1.0,1.0,True,1.0,1.0,1.0
Euarchontoglires,158,ADD,other,84,84,84,1.0,84,1.0,1.0,True,1.0,1.0,1.0
Euarchontoglires,159,ADD,other,84,84,84,1.0,84,1.0,1.0,True,1.0,1.0,1.0
Euarchontoglires,160,ADD,other,84,84,84,1.0,84,1.0,1.0,True,1.0,1.0,1.0
Euarchontoglires,161,ADD,other,84,84,84,1.0,84,1.0,1.0,True,1.0,1.0,1.0
Euarchontoglires,162,ADD,other,84,84,84,1.0,84,1.0,1.0,True,1.0,1.0,1.0
Euarchontoglires,163,ADD,other,84,84,84,1.0,84,1.0,1.0,True,1.0,1.0,1.0
Euarchontoglires,164,ADD,other,84,84,84,1.0,84,1.0,1.0,True,1.0,1.0,1.0
Euarchontoglires,165,ADD,other,84,84,84,1.0,84,1.0,1.0,True,1.0,1.0,1.0
Euarchontoglires,166,ADD,other,84,84,84,1.0,84,1.0,1.0,True,1.0,1.0,1.0
Euarchontoglires,167,ADD,other,84,84,84,1.0,84,1.0,1.0,True,1.0,1.0,1.0
Euarchontoglires,168,ADD,other,84,84,84,1.0,84,1.0,1.0,True,1.0,1.0,1.0
Euarchontoglires,169,ADD,other,84,84,84,1.0,84,1.0,1.0,True,1.0,1.0,1.0
Euarchontoglires,170,ADD,other,84,84,84,1.0,84,1.0,1.0,True,1.0,1.0,1.0
Euarchontoglires,171,ADD,other,84,84,84,1.0,84,1.0,1.0,True,1.0,1.0,1.0
Euarchontoglires,172,ADD,other,84,84,84,1.0,84,1.0,1.0,True,1.0,1.0,1.0
Euarchontoglires,173,ADD,other,84,84,84,1.0,84,1.0,1.0,True,1.0,1.0,1.0
Euarchontoglires,174,linker,other,84,84,84,1.0,84,1.0,1.0,True,1.0,1.0,1.0
Euarchontoglires,175,linker,other,84,84,84,1.0,84,1.0,1.0,True,1.0,1.0,1.0
Euarchontoglires,176,linker,other,84,84,84,1.0,84,1.0,1.0,True,1.0,1.0,1.0
Euarchontoglires,177,linker,other,84,84,84,1.0,84,1.0,1.0,True,1.0,1.0,1.0
Euarchontoglires,178,C_terminal_MTase_like,other,84,84,84,1.0,84,1.0,1.0,True,1.0,1.0,1.0
Euarchontoglires,179,C_terminal_MTase_like,other,84,84,84,1.0,84,1.0,1.0,True,1.0,1.0,1.0
Euarchontoglires,180,C_terminal_MTase_like,other,84,84,84,1.0,84,1.0,1.0,True,1.0,1.0,1.0
Euarchontoglires,181,C_terminal_MTase_like,other,84,84,84,1.0,84,1.0,1.0,True,1.0,1.0,1.0
Euarchontoglires,182,C_terminal_MTase_like,other,84,84,84,1.0,84,1.0,1.0,True,1.0,1.0,1.0
Euarchontoglires,183,C_terminal_MTase_like,other,84,84,84,1.0,84,1.0,1.0,True,1.0,1.0,1.0
Euarchontoglires,184,C_terminal_MTase_like,other,84,84,84,1.0,84,1.0,1.0,True,1.0,1.0,1.0
Euarchontoglires,185,C_terminal_MTase_like,other,84,84,84,1.0,84,1.0,1.0,True,1.0,1.0,1.0
Euarchontoglires,186,C_terminal_MTase_like,other,84,84,84,1.0,84,1.0,1.0,True,1.0,1.0,1.0
Euarchontoglires,187,C_terminal_MTase_like,other,84,84,84,1.0,84,1.0,1.0,True,1.0,1.0,1.0
Euarchontoglires,188,C_terminal_MTase_like,other,84,84,84,1.0,84,1.0,1.0,True,1.0,1.0,1.0
Euarchontoglires,189,C_terminal_MTase_like,other,84,84,84,1.0,84,1.0,1.0,True,1.0,1.0,1.0
Euarchontoglires,190,C_terminal_MTase_like,other,84,84,84,1.0,84,1.0,1.0,True,1.0,1.0,1.0
Euarchontoglires,191,C_terminal_MTase_like,other,84,84,84,1.0,84,1.0,1.0,True,1.0,1.0,1.0
Euarchontoglires,192,C_terminal_MTase_like,other,84,84,84,1.0,84,1.0,1.0,True,1.0,1.0,1.0
Euarchontoglires,193,C_terminal_MTase_like,other,84,84,84,1.0,84,1.0,1.0,True,1.0,1.0,1.0
Euarchontoglires,194,C_terminal_MTase_like,other,84,84,84,1.0,84,1.0,1.0,True,1.0,1.0,1.0
Euarchontoglires,195,C_terminal_MTase_like,other,84,84,84,1.0,84,1.0,1.0,True,1.0,1.0,1.0
Euarchontoglires,196,C_terminal_MTase_like,other,84,84,84,1.0,84,1.0,1.0,True,1.0,1.0,1.0
Euarchontoglires,197,C_terminal_MTase_like,other,84,84,84,1.0,84,1.0,1.0,True,1.0,1.0,1.0
Euarchontoglires,198,C_terminal_MTase_like,other,84,84,84,1.0,84,1.0,1.0,True,1.0,1.0,1.0
Euarchontoglires,199,C_terminal_MTase_like,other,84,84,84,1.0,84,1.0,1.0,True,1.0,1.0,1.0
Euarchontoglires,200,C_terminal_MTase_like,other,84,84,84,1.0,84,1.0,1.0,True,1.0,1.0,1.0
Euarchontoglires,201,C_terminal_MTase_like,other,84,84,84,1.0,84,1.0,1.0,True,1.0,1.0,1.0
Euarchontoglires,202,C_terminal_MTase_like,other,84,84,84,1.0,84,1.0,1.0,True,1.0,1.0,1.0
Euarchontoglires,203,C_terminal_MTase_like,other,84,84,84,1.0,84,1.0,1.0,True,1.0,1.0,1.0
Euarchontoglires,204,C_terminal_MTase_like,other,84,84,84,1.0,84,1.0,1.0,True,1.0,1.0,1.0
Euarchontoglires,205,C_terminal_MTase_like,other,84,84,84,1.0,84,1.0,1.0,True,1.0,1.0,1.0
Euarchontoglires,206,C_terminal_MTase_like,other,84,84,84,1.0,84,1.0,1.0,True,1.0,1.0,1.0
Euarchontoglires,207,C_terminal_MTase_like,other,84,84,84,1.0,84,1.0,1.0,True,1.0,1.0,1.0
Euarchontoglires,208,C_terminal_MTase_like,other,84,84,84,1.0,84,1.0,1.0,True,1.0,1.0,1.0
Euarchontoglires,209,C_terminal_MTase_like,other,84,84,84,1.0,84,1.0,1.0,True,1.0,1.0,1.0
Euarchontoglires,210,C_terminal_MTase_like,other,84,84,84,1.0,84,1.0,1.0,True,1.0,1.0,1.0
Euarchontoglires,211,C_terminal_MTase_like,other,84,84,83,0.9880952380952381,83,1.0,0.9880952380952381,True,1.0,1.0,1.0
Euarchontoglires,212,C_terminal_MTase_like,other,84,84,82,0.9761904761904762,82,1.0,0.9761904761904762,True,1.0,1.0,1.0
Euarchontoglires,213,C_terminal_MTase_like,other,84,84,81,0.9642857142857143,75,0.9259259259259259,0.8928571428571429,True,0.927710843373494,1.0,0.9259259259259259
Euarchontoglires,214,C_terminal_MTase_like,other,84,84,83,0.9880952380952381,80,0.963855421686747,0.9523809523809523,True,0.9880952380952381,0.963855421686747,0.963855421686747
Euarchontoglires,215,C_terminal_MTase_like,other,84,84,84,1.0,80,0.9523809523809523,0.9523809523809523,True,0.9880952380952381,0.9523809523809523,0.9642857142857143
Euarchontoglires,216,C_terminal_MTase_like,other,84,84,84,1.0,84,1.0,1.0,True,1.0,1.0,1.0
Euarchontoglires,217,C_terminal_MTase_like,other,84,84,84,1.0,84,1.0,1.0,True,1.0,1.0,1.0
Euarchontoglires,218,C_terminal_MTase_like,other,84,84,84,1.0,84,1.0,1.0,True,1.0,1.0,1.0
Euarchontoglires,219,C_terminal_MTase_like,other,84,84,84,1.0,84,1.0,1.0,True,1.0,1.0,1.0
Euarchontoglires,220,C_terminal_MTase_like,other,84,84,84,1.0,84,1.0,1.0,True,1.0,1.0,1.0
Euarchontoglires,221,C_terminal_MTase_like,other,84,84,84,1.0,84,1.0,1.0,True,1.0,1.0,1.0
Euarchontoglires,222,C_terminal_MTase_like,other,84,84,84,1.0,84,1.0,1.0,True,1.0,1.0,1.0
Euarchontoglires,223,C_terminal_MTase_like,other,84,84,84,1.0,84,1.0,1.0,True,1.0,1.0,1.0
Euarchontoglires,224,C_terminal_MTase_like,other,84,84,84,1.0,84,1.0,1.0,True,1.0,1.0,1.0
Euarchontoglires,225,C_terminal_MTase_like,other,84,84,84,1.0,84,1.0,1.0,True,1.0,1.0,1.0
Euarchontoglires,226,C_terminal_MTase_like,other,84,84,84,1.0,84,1.0,1.0,True,1.0,1.0,1.0
Euarchontoglires,227,C_terminal_MTase_like,other,84,84,84,1.0,84,1.0,1.0,True,1.0,1.0,1.0
Euarchontoglires,228,C_terminal_MTase_like,other,84,84,84,1.0,84,1.0,1.0,True,1.0,1.0,1.0
Euarchontoglires,229,C_terminal_MTase_like,other,84,84,84,1.0,84,1.0,1.0,True,1.0,1.0,1.0
Euarchontoglires,230,C_terminal_MTase_like,other,84,84,84,1.0,84,1.0,1.0,True,1.0,1.0,1.0
Euarchontoglires,231,C_terminal_MTase_like,other,84,84,84,1.0,84,1.0,1.0,True,1.0,1.0,1.0
Euarchontoglires,232,C_terminal_MTase_like,other,84,84,84,1.0,84,1.0,1.0,True,1.0,1.0,1.0
Euarchontoglires,233,C_terminal_MTase_like,other,84,84,84,1.0,84,1.0,1.0,True,1.0,1.0,1.0
Euarchontoglires,234,C_terminal_MTase_like,other,84,84,84,1.0,84,1.0,1.0,True,1.0,1.0,1.0
Euarchontoglires,235,C_terminal_MTase_like,other,84,84,84,1.0,84,1.0,1.0,True,1.0,1.0,1.0
Euarchontoglires,236,C_terminal_MTase_like,other,84,84,84,1.0,84,1.0,1.0,True,1.0,1.0,1.0
Euarchontoglires,237,C_terminal_MTase_like,other,84,84,84,1.0,84,1.0,1.0,True,1.0,1.0,1.0
Euarchontoglires,238,C_terminal_MTase_like,other,84,84,84,1.0,84,1.0,1.0,True,1.0,1.0,1.0
Euarchontoglires,239,C_terminal_MTase_like,other,84,84,84,1.0,84,1.0,1.0,True,1.0,1.0,1.0
Euarchontoglires,240,C_terminal_MTase_like,other,84,84,84,1.0,84,1.0,1.0,True,1.0,1.0,1.0
Euarchontoglires,241,C_terminal_MTase_like,other,84,84,84,1.0,84,1.0,1.0,True,1.0,1.0,1.0
Euarchontoglires,242,C_terminal_MTase_like,other,84,84,84,1.0,84,1.0,1.0,True,1.0,1.0,1.0
Euarchontoglires,243,C_terminal_MTase_like,other,84,84,84,1.0,84,1.0,1.0,True,1.0,1.0,1.0
Euarchontoglires,244,C_terminal_MTase_like,other,84,84,84,1.0,84,1.0,1.0,True,1.0,1.0,1.0
Euarchontoglires,245,C_terminal_MTase_like,other,84,84,84,1.0,84,1.0,1.0,True,1.0,1.0,1.0
Euarchontoglires,246,C_terminal_MTase_like,other,84,84,84,1.0,84,1.0,1.0,True,1.0,1.0,1.0
Euarchontoglires,247,C_terminal_MTase_like,other,84,84,84,1.0,84,1.0,1.0,True,1.0,1.0,1.0
Euarchontoglires,248,C_terminal_MTase_like,other,84,84,84,1.0,84,1.0,1.0,True,1.0,1.0,1.0
Euarchontoglires,249,C_terminal_MTase_like,other,84,84,84,1.0,84,1.0,1.0,True,1.0,1.0,1.0
Euarchontoglires,250,C_terminal_MTase_like,other,84,83,80,0.9523809523809523,80,1.0,0.9523809523809523,True,1.0,1.0,1.0
Euarchontoglires,251,C_terminal_MTase_like,other,84,83,80,0.9523809523809523,80,1.0,0.9523809523809523,True,1.0,1.0,1.0
Euarchontoglires,252,C_terminal_MTase_like,other,84,83,83,0.9880952380952381,80,0.963855421686747,0.9523809523809523,True,1.0,0.963855421686747,0.963855421686747
Euarchontoglires,253,C_terminal_MTase_like,other,84,84,84,1.0,81,0.9642857142857143,0.9642857142857143,True,1.0,0.9642857142857143,0.9642857142857143
Euarchontoglires,254,C_terminal_MTase_like,other,84,84,84,1.0,84,1.0,1.0,True,1.0,1.0,1.0
Euarchontoglires,255,C_terminal_MTase_like,other,84,84,84,1.0,84,1.0,1.0,True,1.0,1.0,1.0
Euarchontoglires,256,C_terminal_MTase_like,other,84,84,84,1.0,84,1.0,1.0,True,1.0,1.0,1.0
Euarchontoglires,257,C_terminal_MTase_like,other,84,84,84,1.0,84,1.0,1.0,True,1.0,1.0,1.0
Euarchontoglires,258,C_terminal_MTase_like,other,84,84,84,1.0,84,1.0,1.0,True,1.0,1.0,1.0
Euarchontoglires,259,C_terminal_MTase_like,other,84,84,84,1.0,84,1.0,1.0,True,1.0,1.0,1.0
Euarchontoglires,260,C_terminal_MTase_like,other,84,84,84,1.0,84,1.0,1.0,True,1.0,1.0,1.0
Euarchontoglires,261,C_terminal_MTase_like,other,84,84,84,1.0,84,1.0,1.0,True,1.0,1.0,1.0
Euarchontoglires,262,C_terminal_MTase_like,other,84,84,84,1.0,84,1.0,1.0,True,1.0,1.0,1.0
Euarchontoglires,263,C_terminal_MTase_like,other,84,84,84,1.0,84,1.0,1.0,True,1.0,1.0,1.0
Euarchontoglires,264,C_terminal_MTase_like,other,84,84,84,1.0,84,1.0,1.0,True,1.0,1.0,1.0
Euarchontoglires,265,C_terminal_MTase_like,other,84,84,84,1.0,84,1.0,1.0,True,1.0,1.0,1.0
Euarchontoglires,266,C_terminal_MTase_like,other,84,84,84,1.0,84,1.0,1.0,True,1.0,1.0,1.0
Euarchontoglires,267,C_terminal_MTase_like,other,84,84,84,1.0,84,1.0,1.0,True,1.0,1.0,1.0
Euarchontoglires,268,C_terminal_MTase_like,other,84,84,84,1.0,84,1.0,1.0,True,1.0,1.0,1.0
Euarchontoglires,269,C_terminal_MTase_like,other,84,84,84,1.0,84,1.0,1.0,True,1.0,1.0,1.0
Euarchontoglires,270,C_terminal_MTase_like,other,84,84,84,1.0,84,1.0,1.0,True,1.0,1.0,1.0
Euarchontoglires,271,C_terminal_MTase_like,other,84,84,84,1.0,84,1.0,1.0,True,1.0,1.0,1.0
Euarchontoglires,272,C_terminal_MTase_like,other,84,84,84,1.0,84,1.0,1.0,True,1.0,1.0,1.0
Euarchontoglires,273,C_terminal_MTase_like,other,84,84,84,1.0,84,1.0,1.0,True,1.0,1.0,1.0
Euarchontoglires,274,C_terminal_MTase_like,other,84,79,79,0.9404761904761905,79,1.0,0.9404761904761905,True,1.0,1.0,1.0
Euarchontoglires,275,C_terminal_MTase_like,other,84,84,84,1.0,84,1.0,1.0,True,1.0,1.0,1.0
Euarchontoglires,276,C_terminal_MTase_like,other,84,84,84,1.0,84,1.0,1.0,True,1.0,1.0,1.0
Euarchontoglires,277,C_terminal_MTase_like,other,84,84,84,1.0,84,1.0,1.0,True,1.0,1.0,1.0
Euarchontoglires,278,C_terminal_MTase_like,other,84,83,83,0.9880952380952381,83,1.0,0.9880952380952381,True,1.0,1.0,1.0
Euarchontoglires,279,C_terminal_MTase_like,other,84,84,84,1.0,84,1.0,1.0,True,1.0,1.0,1.0
Euarchontoglires,280,C_terminal_MTase_like,other,84,84,84,1.0,84,1.0,1.0,True,1.0,1.0,1.0
Euarchontoglires,281,C_terminal_MTase_like,other,84,84,84,1.0,84,1.0,1.0,True,1.0,1.0,1.0
Euarchontoglires,282,C_terminal_MTase_like,other,84,84,84,1.0,84,1.0,1.0,True,1.0,1.0,1.0
Euarchontoglires,283,C_terminal_MTase_like,other,84,84,84,1.0,84,1.0,1.0,True,1.0,1.0,1.0
Euarchontoglires,284,C_terminal_MTase_like,other,84,84,84,1.0,84,1.0,1.0,True,1.0,1.0,1.0
Euarchontoglires,285,C_terminal_MTase_like,other,84,84,84,1.0,84,1.0,1.0,True,1.0,1.0,1.0
Euarchontoglires,286,C_terminal_MTase_like,other,84,84,84,1.0,84,1.0,1.0,True,1.0,1.0,1.0
Euarchontoglires,287,C_terminal_MTase_like,other,84,84,84,1.0,84,1.0,1.0,True,1.0,1.0,1.0
Euarchontoglires,288,C_terminal_MTase_like,other,84,84,84,1.0,84,1.0,1.0,True,1.0,1.0,1.0
Euarchontoglires,289,C_terminal_MTase_like,other,84,84,84,1.0,84,1.0,1.0,True,1.0,1.0,1.0
Euarchontoglires,290,C_terminal_MTase_like,other,84,84,84,1.0,84,1.0,1.0,True,1.0,1.0,1.0
Euarchontoglires,291,C_terminal_MTase_like,other,84,84,84,1.0,84,1.0,1.0,True,1.0,1.0,1.0
Euarchontoglires,292,C_terminal_MTase_like,other,84,84,84,1.0,84,1.0,1.0,True,1.0,1.0,1.0
Euarchontoglires,293,C_terminal_MTase_like,other,84,84,84,1.0,84,1.0,1.0,True,1.0,1.0,1.0
Euarchontoglires,294,C_terminal_MTase_like,other,84,84,84,1.0,84,1.0,1.0,True,1.0,1.0,1.0
Euarchontoglires,295,C_terminal_MTase_like,other,84,84,84,1.0,84,1.0,1.0,True,1.0,1.0,1.0
Euarchontoglires,296,C_terminal_MTase_like,other,84,84,84,1.0,84,1.0,1.0,True,1.0,1.0,1.0
Euarchontoglires,297,C_terminal_MTase_like,other,84,84,84,1.0,84,1.0,1.0,True,1.0,1.0,1.0
Euarchontoglires,298,C_terminal_MTase_like,other,84,84,84,1.0,84,1.0,1.0,True,1.0,1.0,1.0
Euarchontoglires,299,C_terminal_MTase_like,other,84,84,84,1.0,84,1.0,1.0,True,1.0,1.0,1.0
Euarchontoglires,300,C_terminal_MTase_like,other,84,84,84,1.0,84,1.0,1.0,True,1.0,1.0,1.0
Euarchontoglires,301,C_terminal_MTase_like,other,84,84,84,1.0,84,1.0,1.0,True,1.0,1.0,1.0
Euarchontoglires,302,C_terminal_MTase_like,other,84,84,84,1.0,84,1.0,1.0,True,1.0,1.0,1.0
Euarchontoglires,303,C_terminal_MTase_like,other,84,84,84,1.0,84,1.0,1.0,True,1.0,1.0,1.0
Euarchontoglires,304,C_terminal_MTase_like,other,84,84,84,1.0,83,0.9880952380952381,0.9880952380952381,True,1.0,0.9880952380952381,0.9880952380952381
Euarchontoglires,305,C_terminal_MTase_like,other,84,84,84,1.0,83,0.9880952380952381,0.9880952380952381,True,1.0,0.9880952380952381,0.9880952380952381
Euarchontoglires,306,C_terminal_MTase_like,other,84,84,84,1.0,84,1.0,1.0,True,1.0,1.0,1.0
Euarchontoglires,307,C_terminal_MTase_like,other,84,84,83,0.9880952380952381,83,1.0,0.9880952380952381,True,1.0,1.0,1.0
Euarchontoglires,308,C_terminal_MTase_like,other,84,84,83,0.9880952380952381,83,1.0,0.9880952380952381,True,1.0,1.0,1.0
Euarchontoglires,309,C_terminal_MTase_like,other,84,84,83,0.9880952380952381,83,1.0,0.9880952380952381,True,1.0,1.0,1.0
Euarchontoglires,310,C_terminal_MTase_like,other,84,84,83,0.9880952380952381,83,1.0,0.9880952380952381,True,1.0,1.0,1.0
Euarchontoglires,311,C_terminal_MTase_like,other,84,84,83,0.9880952380952381,83,1.0,0.9880952380952381,True,1.0,1.0,1.0
Euarchontoglires,312,C_terminal_MTase_like,other,84,84,83,0.9880952380952381,83,1.0,0.9880952380952381,True,1.0,1.0,1.0
Euarchontoglires,313,C_terminal_MTase_like,other,84,84,83,0.9880952380952381,83,1.0,0.9880952380952381,True,1.0,1.0,1.0
Euarchontoglires,314,C_terminal_MTase_like,other,84,84,83,0.9880952380952381,83,1.0,0.9880952380952381,True,1.0,1.0,1.0
Euarchontoglires,315,C_terminal_MTase_like,other,84,84,83,0.9880952380952381,83,1.0,0.9880952380952381,True,1.0,1.0,1.0
Euarchontoglires,316,C_terminal_MTase_like,other,84,84,83,0.9880952380952381,83,1.0,0.9880952380952381,True,1.0,1.0,1.0
Euarchontoglires,317,C_terminal_MTase_like,other,84,84,83,0.9880952380952381,83,1.0,0.9880952380952381,True,1.0,1.0,1.0
Euarchontoglires,318,C_terminal_MTase_like,other,84,84,83,0.9880952380952381,83,1.0,0.9880952380952381,True,1.0,1.0,1.0
Euarchontoglires,319,C_terminal_MTase_like,other,84,83,83,0.9880952380952381,83,1.0,0.9880952380952381,True,1.0,1.0,1.0
Euarchontoglires,320,C_terminal_MTase_like,other,84,83,83,0.9880952380952381,83,1.0,0.9880952380952381,True,1.0,1.0,1.0
Euarchontoglires,321,C_terminal_MTase_like,other,84,83,83,0.9880952380952381,83,1.0,0.9880952380952381,True,1.0,1.0,1.0
Euarchontoglires,322,C_terminal_MTase_like,other,84,83,83,0.9880952380952381,83,1.0,0.9880952380952381,True,1.0,1.0,1.0
Euarchontoglires,323,C_terminal_MTase_like,other,84,83,83,0.9880952380952381,83,1.0,0.9880952380952381,True,1.0,1.0,1.0
Euarchontoglires,324,C_terminal_MTase_like,other,84,84,83,0.9880952380952381,83,1.0,0.9880952380952381,True,1.0,1.0,1.0
Euarchontoglires,325,C_terminal_MTase_like,other,84,84,83,0.9880952380952381,83,1.0,0.9880952380952381,True,1.0,1.0,1.0
Euarchontoglires,326,C_terminal_MTase_like,other,84,84,83,0.9880952380952381,83,1.0,0.9880952380952381,True,1.0,1.0,1.0
Euarchontoglires,327,C_terminal_MTase_like,other,84,84,83,0.9880952380952381,83,1.0,0.9880952380952381,True,1.0,1.0,1.0
Euarchontoglires,328,C_terminal_MTase_like,other,84,84,83,0.9880952380952381,83,1.0,0.9880952380952381,True,0.9880952380952381,1.0,1.0
Euarchontoglires,329,C_terminal_MTase_like,other,84,84,83,0.9880952380952381,83,1.0,0.9880952380952381,True,0.9880952380952381,1.0,1.0
Euarchontoglires,330,C_terminal_MTase_like,other,84,84,83,0.9880952380952381,83,1.0,0.9880952380952381,True,0.9880952380952381,1.0,1.0
Euarchontoglires,331,C_terminal_MTase_like,other,84,84,83,0.9880952380952381,83,1.0,0.9880952380952381,True,0.9880952380952381,1.0,1.0
Euarchontoglires,332,C_terminal_MTase_like,other,84,84,25,0.2976190476190476,25,1.0,0.2976190476190476,False,0.9642857142857143,1.0,1.0
Euarchontoglires,333,C_terminal_MTase_like,other,84,84,27,0.32142857142857145,27,1.0,0.32142857142857145,False,0.9310344827586207,1.0,1.0
Euarchontoglires,334,C_terminal_MTase_like,other,84,84,82,0.9761904761904762,82,1.0,0.9761904761904762,True,0.9880952380952381,1.0,1.0
Euarchontoglires,335,C_terminal_MTase_like,other,84,84,82,0.9761904761904762,82,1.0,0.9761904761904762,True,0.9761904761904762,1.0,1.0
Euarchontoglires,336,C_terminal_MTase_like,other,84,84,82,0.9761904761904762,82,1.0,0.9761904761904762,True,0.9880952380952381,1.0,1.0
Euarchontoglires,337,C_terminal_MTase_like,other,84,84,81,0.9642857142857143,81,1.0,0.9642857142857143,True,0.9759036144578314,1.0,1.0
Euarchontoglires,338,C_terminal_MTase_like,other,84,83,81,0.9642857142857143,81,1.0,0.9642857142857143,True,0.9879518072289156,1.0,1.0
Euarchontoglires,339,C_terminal_MTase_like,other,84,84,81,0.9642857142857143,81,1.0,0.9642857142857143,True,0.9878048780487805,1.0,1.0
Euarchontoglires,340,C_terminal_MTase_like,other,84,84,82,0.9761904761904762,82,1.0,0.9761904761904762,True,1.0,1.0,1.0
Euarchontoglires,341,C_terminal_MTase_like,switching_helix,84,84,82,0.9761904761904762,82,1.0,0.9761904761904762,True,1.0,1.0,1.0
Euarchontoglires,342,C_terminal_MTase_like,switching_helix,84,84,82,0.9761904761904762,82,1.0,0.9761904761904762,True,1.0,1.0,1.0
Euarchontoglires,343,C_terminal_MTase_like,switching_helix,84,84,82,0.9761904761904762,82,1.0,0.9761904761904762,True,1.0,1.0,1.0
Euarchontoglires,344,C_terminal_MTase_like,switching_helix,84,84,82,0.9761904761904762,82,1.0,0.9761904761904762,True,0.9880952380952381,1.0,1.0
Euarchontoglires,345,C_terminal_MTase_like,switching_helix,84,84,82,0.9761904761904762,82,1.0,0.9761904761904762,True,0.9761904761904762,1.0,1.0
Euarchontoglires,346,C_terminal_MTase_like,switching_helix,84,84,82,0.9761904761904762,82,1.0,0.9761904761904762,True,0.9761904761904762,1.0,1.0
Euarchontoglires,347,C_terminal_MTase_like,switching_helix,84,84,82,0.9761904761904762,82,1.0,0.9761904761904762,True,0.9880952380952381,1.0,1.0
Euarchontoglires,348,C_terminal_MTase_like,switching_helix,84,84,82,0.9761904761904762,82,1.0,0.9761904761904762,True,0.9761904761904762,1.0,1.0
Euarchontoglires,349,C_terminal_MTase_like,switching_helix,84,84,82,0.9761904761904762,82,1.0,0.9761904761904762,True,0.9761904761904762,1.0,1.0
Euarchontoglires,350,C_terminal_MTase_like,switching_helix,84,84,81,0.9642857142857143,78,0.9629629629629629,0.9285714285714286,True,0.9878048780487805,0.9629629629629629,0.9629629629629629
Euarchontoglires,351,C_terminal_MTase_like,switching_helix,84,84,81,0.9642857142857143,78,0.9629629629629629,0.9285714285714286,True,0.9878048780487805,0.9629629629629629,0.9629629629629629
Euarchontoglires,352,C_terminal_MTase_like,switching_helix,84,84,82,0.9761904761904762,82,1.0,0.9761904761904762,True,0.9879518072289156,1.0,1.0
Euarchontoglires,353,C_terminal_MTase_like,switching_helix,84,84,82,0.9761904761904762,78,0.9512195121951219,0.9285714285714286,True,0.9879518072289156,0.9634146341463414,0.9512195121951219
Euarchontoglires,354,C_terminal_MTase_like,switching_helix,84,84,80,0.9523809523809523,76,0.95,0.9047619047619048,True,0.9759036144578314,0.9625,0.95
Euarchontoglires,355,C_terminal_MTase_like,switching_helix,84,84,79,0.9404761904761905,76,0.9620253164556962,0.9047619047619048,True,0.9512195121951219,1.0,0.9620253164556962
Euarchontoglires,356,C_terminal_MTase_like,switching_helix_adjacent_loop,84,84,79,0.9404761904761905,76,0.9620253164556962,0.9047619047619048,True,0.9512195121951219,1.0,0.9620253164556962
Euarchontoglires,357,C_terminal_MTase_like,switching_helix_adjacent_loop,84,84,79,0.9404761904761905,76,0.9620253164556962,0.9047619047619048,True,0.9512195121951219,1.0,0.9620253164556962
Euarchontoglires,358,C_terminal_MTase_like,switching_helix_adjacent_loop,84,84,79,0.9404761904761905,76,0.9620253164556962,0.9047619047619048,True,0.9523809523809523,1.0,0.9620253164556962
Euarchontoglires,359,C_terminal_MTase_like,switching_helix_adjacent_loop,84,84,77,0.9166666666666666,77,1.0,0.9166666666666666,True,0.9753086419753086,1.0,1.0
Euarchontoglires,360,C_terminal_MTase_like,switching_helix_adjacent_loop,84,84,82,0.9761904761904762,80,0.975609756097561,0.9523809523809523,True,0.9761904761904762,0.975609756097561,0.975609756097561
Euarchontoglires,361,C_terminal_MTase_like,other,84,84,82,0.9761904761904762,82,1.0,0.9761904761904762,True,1.0,1.0,1.0
Euarchontoglires,362,C_terminal_MTase_like,other,84,84,82,0.9761904761904762,82,1.0,0.9761904761904762,True,0.9880952380952381,1.0,1.0
Euarchontoglires,363,C_terminal_MTase_like,other,84,84,82,0.9761904761904762,82,1.0,0.9761904761904762,True,0.9880952380952381,1.0,1.0
Euarchontoglires,364,C_terminal_MTase_like,other,84,84,82,0.9761904761904762,82,1.0,0.9761904761904762,True,0.9880952380952381,1.0,1.0
Euarchontoglires,365,C_terminal_MTase_like,other,84,84,82,0.9761904761904762,82,1.0,0.9761904761904762,True,1.0,1.0,1.0
Euarchontoglires,366,C_terminal_MTase_like,other,84,84,82,0.9761904761904762,82,1.0,0.9761904761904762,True,1.0,1.0,1.0
Euarchontoglires,367,C_terminal_MTase_like,other,84,84,82,0.9761904761904762,82,1.0,0.9761904761904762,True,1.0,1.0,1.0
Euarchontoglires,368,C_terminal_MTase_like,other,84,84,82,0.9761904761904762,82,1.0,0.9761904761904762,True,1.0,1.0,1.0
Euarchontoglires,369,C_terminal_MTase_like,other,84,84,82,0.9761904761904762,82,1.0,0.9761904761904762,True,0.9880952380952381,1.0,1.0
Euarchontoglires,370,C_terminal_MTase_like,other,84,84,82,0.9761904761904762,82,1.0,0.9761904761904762,True,0.9880952380952381,1.0,1.0
Euarchontoglires,371,C_terminal_MTase_like,other,84,84,82,0.9761904761904762,82,1.0,0.9761904761904762,True,0.9880952380952381,1.0,1.0
Euarchontoglires,372,C_terminal_MTase_like,other,84,84,82,0.9761904761904762,82,1.0,0.9761904761904762,True,0.9880952380952381,1.0,1.0
Euarchontoglires,373,C_terminal_MTase_like,other,84,84,82,0.9761904761904762,82,1.0,0.9761904761904762,True,0.9880952380952381,1.0,1.0
Euarchontoglires,374,C_terminal_MTase_like,other,84,84,82,0.9761904761904762,82,1.0,0.9761904761904762,True,0.9761904761904762,1.0,1.0
Euarchontoglires,375,C_terminal_MTase_like,other,84,84,82,0.9761904761904762,82,1.0,0.9761904761904762,True,0.9880952380952381,1.0,1.0
Euarchontoglires,376,C_terminal_MTase_like,other,84,84,82,0.9761904761904762,82,1.0,0.9761904761904762,True,0.9761904761904762,1.0,1.0
Euarchontoglires,377,C_terminal_MTase_like,other,84,84,81,0.9642857142857143,81,1.0,0.9642857142857143,True,0.9761904761904762,1.0,1.0
Euarchontoglires,378,C_terminal_MTase_like,other,84,84,81,0.9642857142857143,81,1.0,0.9642857142857143,True,0.9759036144578314,1.0,1.0
Euarchontoglires,379,C_terminal_MTase_like,other,84,84,78,0.9285714285714286,78,1.0,0.9285714285714286,True,0.9761904761904762,1.0,1.0
Euarchontoglires,380,C_terminal_MTase_like,other,84,84,78,0.9285714285714286,78,1.0,0.9285714285714286,True,0.9880952380952381,1.0,1.0
Euarchontoglires,381,C_terminal_tail,other,84,83,80,0.9523809523809523,35,0.4375,0.4166666666666667,False,0.42168674698795183,0.4375,0.9875
Euarchontoglires,382,C_terminal_tail,other,84,83,70,0.8333333333333334,35,0.5,0.4166666666666667,False,0.4819277108433735,0.5,0.5428571428571428
Euarchontoglires,383,C_terminal_tail,other,84,83,35,0.4166666666666667,35,1.0,0.4166666666666667,False,0.43373493975903615,1.0,1.0
Euarchontoglires,384,C_terminal_tail,other,84,83,35,0.4166666666666667,35,1.0,0.4166666666666667,False,0.4578313253012048,1.0,1.0
Euarchontoglires,385,C_terminal_tail,other,84,83,35,0.4166666666666667,35,1.0,0.4166666666666667,False,0.43373493975903615,1.0,1.0
Euarchontoglires,386,C_terminal_tail,other,84,83,35,0.4166666666666667,35,1.0,0.4166666666666667,False,0.4794520547945205,1.0,1.0
Euarchontoglires,387,C_terminal_tail,other,84,73,36,0.42857142857142855,35,0.9722222222222222,0.4166666666666667,False,0.4794520547945205,0.9722222222222222,1.0
Laurasiatheria,1,N_terminal,other,119,104,14,0.11764705882352941,5,0.35714285714285715,0.04201680672268908,False,0.14285714285714285,0.35714285714285715,1.0
Laurasiatheria,2,N_terminal,other,119,104,14,0.11764705882352941,10,0.7142857142857143,0.08403361344537816,False,0.2222222222222222,0.7142857142857143,1.0
Laurasiatheria,3,N_terminal,other,119,102,34,0.2857142857142857,3,0.08823529411764706,0.025210084033613446,False,0.10344827586206896,0.08823529411764706,0.7755102040816326
Laurasiatheria,4,N_terminal,other,119,103,27,0.226890756302521,1,0.037037037037037035,0.008403361344537815,False,0.2413793103448276,0.037037037037037035,1.0
Laurasiatheria,5,N_terminal,other,119,105,40,0.33613445378151263,25,0.625,0.21008403361344538,False,0.5138888888888888,0.625,1.0
Laurasiatheria,6,N_terminal,other,119,107,89,0.7478991596638656,62,0.6966292134831461,0.5210084033613446,False,0.7425742574257426,0.6966292134831461,0.989010989010989
Laurasiatheria,7,N_terminal,other,119,105,86,0.7226890756302521,85,0.9883720930232558,0.7142857142857143,False,0.9887640449438202,0.9883720930232558,1.0
Laurasiatheria,8,N_terminal,other,119,105,100,0.8403361344537815,99,0.99,0.8319327731092437,True,0.9902912621359223,0.99,1.0
Laurasiatheria,9,N_terminal,other,119,105,101,0.8487394957983193,101,1.0,0.8487394957983193,True,1.0,1.0,1.0
Laurasiatheria,10,N_terminal,other,119,105,101,0.8487394957983193,99,0.9801980198019802,0.8319327731092437,True,0.9801980198019802,0.9611650485436893,0.9900990099009901
Laurasiatheria,11,N_terminal,other,119,105,103,0.865546218487395,99,0.9611650485436893,0.8319327731092437,True,0.9611650485436893,0.9611650485436893,0.9902912621359223
Laurasiatheria,12,N_terminal,other,119,103,101,0.8487394957983193,101,1.0,0.8487394957983193,True,1.0,1.0,1.0
Laurasiatheria,13,N_terminal,other,119,103,101,0.8487394957983193,101,1.0,0.8487394957983193,True,1.0,1.0,1.0
Laurasiatheria,14,N_terminal,other,119,103,103,0.865546218487395,103,1.0,0.865546218487395,True,1.0,1.0,1.0
Laurasiatheria,15,N_terminal,other,119,105,103,0.865546218487395,103,1.0,0.865546218487395,True,1.0,1.0,1.0
Laurasiatheria,16,N_terminal,other,119,105,105,0.8823529411764706,105,1.0,0.8823529411764706,True,1.0,1.0,1.0
Laurasiatheria,17,N_terminal,other,119,105,105,0.8823529411764706,105,1.0,0.8823529411764706,True,1.0,1.0,1.0
Laurasiatheria,18,N_terminal,other,119,107,105,0.8823529411764706,105,1.0,0.8823529411764706,True,1.0,1.0,1.0
Laurasiatheria,19,N_terminal,other,119,108,98,0.8235294117647058,98,1.0,0.8235294117647058,True,1.0,1.0,1.0
Laurasiatheria,20,N_terminal,other,119,108,98,0.8235294117647058,98,1.0,0.8235294117647058,True,1.0,1.0,1.0
Laurasiatheria,21,N_terminal,other,119,108,105,0.8823529411764706,105,1.0,0.8823529411764706,True,1.0,1.0,1.0
Laurasiatheria,22,N_terminal,other,119,108,105,0.8823529411764706,105,1.0,0.8823529411764706,True,1.0,1.0,1.0
Laurasiatheria,23,N_terminal,other,119,107,105,0.8823529411764706,105,1.0,0.8823529411764706,True,1.0,1.0,1.0
Laurasiatheria,24,N_terminal,other,119,107,104,0.8739495798319328,104,1.0,0.8739495798319328,True,1.0,1.0,1.0
Laurasiatheria,25,N_terminal,other,119,105,101,0.8487394957983193,101,1.0,0.8487394957983193,True,1.0,1.0,1.0
Laurasiatheria,26,N_terminal,other,119,106,103,0.865546218487395,103,1.0,0.865546218487395,True,1.0,1.0,1.0
Laurasiatheria,27,N_terminal,other,119,106,102,0.8571428571428571,100,0.9803921568627451,0.8403361344537815,True,0.9901960784313726,0.9902912621359223,0.9803921568627451
Laurasiatheria,28,N_terminal,other,119,105,103,0.865546218487395,101,0.9805825242718447,0.8487394957983193,True,0.9805825242718447,1.0,0.9805825242718447
Laurasiatheria,29,N_terminal,other,119,104,103,0.865546218487395,100,0.970873786407767,0.8403361344537815,True,0.9805825242718447,0.9902912621359223,0.970873786407767
Laurasiatheria,30,N_terminal,other,119,105,103,0.865546218487395,100,0.970873786407767,0.8403361344537815,True,0.9805825242718447,0.9902912621359223,0.970873786407767
Laurasiatheria,31,N_terminal,other,119,105,103,0.865546218487395,100,0.970873786407767,0.8403361344537815,True,0.9805825242718447,0.9902912621359223,0.970873786407767
Laurasiatheria,32,N_terminal,other,119,104,102,0.8571428571428571,101,0.9901960784313726,0.8487394957983193,True,1.0,0.9901960784313726,0.9901960784313726
Laurasiatheria,33,N_terminal,other,119,104,103,0.865546218487395,100,0.970873786407767,0.8403361344537815,True,0.9807692307692307,0.9902912621359223,0.970873786407767
Laurasiatheria,34,N_terminal,other,119,104,103,0.865546218487395,100,0.970873786407767,0.8403361344537815,True,0.9807692307692307,0.9902912621359223,0.970873786407767
Laurasiatheria,35,N_terminal,other,119,104,103,0.865546218487395,103,1.0,0.865546218487395,True,1.0,1.0,1.0
Laurasiatheria,36,N_terminal,other,119,107,100,0.8403361344537815,100,1.0,0.8403361344537815,True,1.0,1.0,1.0
Laurasiatheria,37,N_terminal,other,119,104,101,0.8487394957983193,101,1.0,0.8487394957983193,True,1.0,1.0,1.0
Laurasiatheria,38,N_terminal,other,119,102,99,0.8319327731092437,99,1.0,0.8319327731092437,True,1.0,1.0,1.0
Laurasiatheria,39,N_terminal,other,119,104,101,0.8487394957983193,101,1.0,0.8487394957983193,True,1.0,1.0,1.0
Laurasiatheria,40,N_terminal,other,119,103,101,0.8487394957983193,101,1.0,0.8487394957983193,True,1.0,1.0,1.0
Laurasiatheria,41,ADD,other,119,103,101,0.8487394957983193,101,1.0,0.8487394957983193,True,1.0,1.0,1.0
Laurasiatheria,42,ADD,other,119,103,101,0.8487394957983193,101,1.0,0.8487394957983193,True,0.9901960784313726,1.0,1.0
Laurasiatheria,43,ADD,other,119,103,101,0.8487394957983193,101,1.0,0.8487394957983193,True,1.0,1.0,1.0
Laurasiatheria,44,ADD,other,119,103,101,0.8487394957983193,101,1.0,0.8487394957983193,True,1.0,1.0,1.0
Laurasiatheria,45,ADD,other,119,104,101,0.8487394957983193,101,1.0,0.8487394957983193,True,1.0,1.0,1.0
Laurasiatheria,46,ADD,other,119,104,101,0.8487394957983193,101,1.0,0.8487394957983193,True,1.0,1.0,1.0
Laurasiatheria,47,ADD,other,119,104,101,0.8487394957983193,101,1.0,0.8487394957983193,True,1.0,1.0,1.0
Laurasiatheria,48,ADD,other,119,104,101,0.8487394957983193,101,1.0,0.8487394957983193,True,1.0,1.0,1.0
Laurasiatheria,49,ADD,other,119,104,101,0.8487394957983193,101,1.0,0.8487394957983193,True,1.0,1.0,1.0
Laurasiatheria,50,ADD,other,119,105,102,0.8571428571428571,101,0.9901960784313726,0.8487394957983193,True,1.0,0.9901960784313726,0.9901960784313726
Laurasiatheria,51,ADD,other,119,107,103,0.865546218487395,103,1.0,0.865546218487395,True,1.0,1.0,1.0
Laurasiatheria,52,ADD,other,119,110,108,0.907563025210084,108,1.0,0.907563025210084,True,1.0,1.0,1.0
Laurasiatheria,53,ADD,other,119,110,108,0.907563025210084,108,1.0,0.907563025210084,True,1.0,1.0,1.0
Laurasiatheria,54,ADD,other,119,109,108,0.907563025210084,108,1.0,0.907563025210084,True,1.0,1.0,1.0
Laurasiatheria,55,ADD,other,119,109,108,0.907563025210084,108,1.0,0.907563025210084,True,1.0,1.0,1.0
Laurasiatheria,56,ADD,other,119,110,108,0.907563025210084,108,1.0,0.907563025210084,True,1.0,1.0,1.0
Laurasiatheria,57,ADD,other,119,110,108,0.907563025210084,108,1.0,0.907563025210084,True,1.0,1.0,1.0
Laurasiatheria,58,ADD,other,119,110,108,0.907563025210084,108,1.0,0.907563025210084,True,1.0,1.0,1.0
Laurasiatheria,59,ADD,other,119,110,108,0.907563025210084,108,1.0,0.907563025210084,True,1.0,1.0,1.0
Laurasiatheria,60,ADD,other,119,110,108,0.907563025210084,108,1.0,0.907563025210084,True,0.9908256880733946,1.0,1.0
Laurasiatheria,61,ADD,other,119,110,108,0.907563025210084,108,1.0,0.907563025210084,True,1.0,1.0,1.0
Laurasiatheria,62,ADD,other,119,109,108,0.907563025210084,108,1.0,0.907563025210084,True,0.9908256880733946,1.0,1.0
Laurasiatheria,63,ADD,other,119,109,108,0.907563025210084,108,1.0,0.907563025210084,True,0.9908256880733946,1.0,1.0
Laurasiatheria,64,ADD,other,119,109,108,0.907563025210084,108,1.0,0.907563025210084,True,1.0,1.0,1.0
Laurasiatheria,65,ADD,other,119,109,108,0.907563025210084,108,1.0,0.907563025210084,True,0.9908256880733946,1.0,1.0
Laurasiatheria,66,ADD,other,119,110,108,0.907563025210084,108,1.0,0.907563025210084,True,0.9908256880733946,1.0,1.0
Laurasiatheria,67,ADD,other,119,110,108,0.907563025210084,108,1.0,0.907563025210084,True,0.9908256880733946,1.0,1.0
Laurasiatheria,68,ADD,other,119,110,108,0.907563025210084,108,1.0,0.907563025210084,True,1.0,1.0,1.0
Laurasiatheria,69,ADD,other,119,110,108,0.907563025210084,108,1.0,0.907563025210084,True,0.9818181818181818,1.0,1.0
Laurasiatheria,70,ADD,other,119,110,109,0.9159663865546218,108,0.9908256880733946,0.907563025210084,True,0.990909090909091,1.0,0.9908256880733946
Laurasiatheria,71,ADD,other,119,111,108,0.907563025210084,108,1.0,0.907563025210084,True,1.0,1.0,1.0
Laurasiatheria,72,ADD,other,119,119,117,0.9831932773109243,116,0.9914529914529915,0.9747899159663865,True,0.9915966386554622,0.9914529914529915,1.0
Laurasiatheria,73,ADD,other,119,119,117,0.9831932773109243,117,1.0,0.9831932773109243,True,0.9915966386554622,1.0,1.0
Laurasiatheria,74,ADD,other,119,119,117,0.9831932773109243,116,0.9914529914529915,0.9747899159663865,True,0.9831932773109243,0.9914529914529915,1.0
Laurasiatheria,75,ADD,other,119,119,117,0.9831932773109243,117,1.0,0.9831932773109243,True,0.9915966386554622,1.0,1.0
Laurasiatheria,76,ADD,other,119,119,117,0.9831932773109243,116,0.9914529914529915,0.9747899159663865,True,0.9831932773109243,0.9914529914529915,1.0
Laurasiatheria,77,ADD,other,119,119,62,0.5210084033613446,61,0.9838709677419355,0.5126050420168067,False,0.9915966386554622,0.9838709677419355,1.0
Laurasiatheria,78,ADD,other,119,119,119,1.0,119,1.0,1.0,True,1.0,1.0,1.0
Laurasiatheria,79,ADD,other,119,119,119,1.0,119,1.0,1.0,True,1.0,1.0,1.0
Laurasiatheria,80,ADD,other,119,119,119,1.0,119,1.0,1.0,True,1.0,1.0,1.0
Laurasiatheria,81,ADD,other,119,119,119,1.0,119,1.0,1.0,True,1.0,1.0,1.0
Laurasiatheria,82,ADD,other,119,119,119,1.0,119,1.0,1.0,True,1.0,1.0,1.0
Laurasiatheria,83,ADD,other,119,119,119,1.0,119,1.0,1.0,True,1.0,1.0,1.0
Laurasiatheria,84,ADD,other,119,119,119,1.0,119,1.0,1.0,True,1.0,1.0,1.0
Laurasiatheria,85,ADD,other,119,119,119,1.0,119,1.0,1.0,True,1.0,1.0,1.0
Laurasiatheria,86,ADD,other,119,119,119,1.0,119,1.0,1.0,True,1.0,1.0,1.0
Laurasiatheria,87,ADD,other,119,119,119,1.0,119,1.0,1.0,True,1.0,1.0,1.0
Laurasiatheria,88,ADD,other,119,119,119,1.0,119,1.0,1.0,True,1.0,1.0,1.0
Laurasiatheria,89,ADD,other,119,119,119,1.0,119,1.0,1.0,True,1.0,1.0,1.0
Laurasiatheria,90,ADD,other,119,119,119,1.0,119,1.0,1.0,True,1.0,1.0,1.0
Laurasiatheria,91,ADD,other,119,119,119,1.0,119,1.0,1.0,True,1.0,1.0,1.0
Laurasiatheria,92,ADD,other,119,119,119,1.0,119,1.0,1.0,True,1.0,1.0,1.0
Laurasiatheria,93,ADD,other,119,119,119,1.0,119,1.0,1.0,True,1.0,1.0,1.0
Laurasiatheria,94,ADD,other,119,119,119,1.0,119,1.0,1.0,True,1.0,1.0,1.0
Laurasiatheria,95,ADD,other,119,119,119,1.0,119,1.0,1.0,True,1.0,1.0,1.0
Laurasiatheria,96,ADD,other,119,119,119,1.0,119,1.0,1.0,True,1.0,1.0,1.0
Laurasiatheria,97,ADD,other,119,119,119,1.0,119,1.0,1.0,True,1.0,1.0,1.0
Laurasiatheria,98,ADD,other,119,119,119,1.0,119,1.0,1.0,True,1.0,1.0,1.0
Laurasiatheria,99,ADD,other,119,119,119,1.0,119,1.0,1.0,True,1.0,1.0,1.0
Laurasiatheria,100,ADD,other,119,119,119,1.0,119,1.0,1.0,True,1.0,1.0,1.0
Laurasiatheria,101,ADD,other,119,119,119,1.0,119,1.0,1.0,True,1.0,1.0,1.0
Laurasiatheria,102,ADD,other,119,119,119,1.0,119,1.0,1.0,True,1.0,1.0,1.0
Laurasiatheria,103,ADD,other,119,119,119,1.0,119,1.0,1.0,True,1.0,1.0,1.0
Laurasiatheria,104,ADD,other,119,119,119,1.0,119,1.0,1.0,True,1.0,1.0,1.0
Laurasiatheria,105,ADD,other,119,119,119,1.0,119,1.0,1.0,True,1.0,1.0,1.0
Laurasiatheria,106,ADD,other,119,119,119,1.0,119,1.0,1.0,True,1.0,1.0,1.0
Laurasiatheria,107,ADD,other,119,119,119,1.0,119,1.0,1.0,True,1.0,1.0,1.0
Laurasiatheria,108,ADD,other,119,119,118,0.9915966386554622,118,1.0,0.9915966386554622,True,1.0,1.0,1.0
Laurasiatheria,109,ADD,other,119,118,118,0.9915966386554622,118,1.0,0.9915966386554622,True,1.0,1.0,1.0
Laurasiatheria,110,ADD,other,119,118,118,0.9915966386554622,118,1.0,0.9915966386554622,True,1.0,1.0,1.0
Laurasiatheria,111,ADD,other,119,118,118,0.9915966386554622,118,1.0,0.9915966386554622,True,1.0,1.0,1.0
Laurasiatheria,112,ADD,other,119,118,118,0.9915966386554622,118,1.0,0.9915966386554622,True,1.0,1.0,1.0
Laurasiatheria,113,ADD,other,119,119,118,0.9915966386554622,118,1.0,0.9915966386554622,True,1.0,1.0,1.0
Laurasiatheria,114,ADD,other,119,119,119,1.0,119,1.0,1.0,True,1.0,1.0,1.0
Laurasiatheria,115,ADD,other,119,119,118,0.9915966386554622,118,1.0,0.9915966386554622,True,1.0,1.0,1.0
Laurasiatheria,116,ADD,other,119,118,118,0.9915966386554622,118,1.0,0.9915966386554622,True,1.0,1.0,1.0
Laurasiatheria,117,ADD,other,119,118,118,0.9915966386554622,118,1.0,0.9915966386554622,True,1.0,1.0,1.0
Laurasiatheria,118,ADD,other,119,118,118,0.9915966386554622,118,1.0,0.9915966386554622,True,1.0,1.0,1.0
Laurasiatheria,119,ADD,other,119,118,118,0.9915966386554622,118,1.0,0.9915966386554622,True,1.0,1.0,1.0
Laurasiatheria,120,ADD,other,119,118,118,0.9915966386554622,118,1.0,0.9915966386554622,True,1.0,1.0,1.0
Laurasiatheria,121,ADD,other,119,118,118,0.9915966386554622,118,1.0,0.9915966386554622,True,1.0,1.0,1.0
Laurasiatheria,122,ADD,other,119,118,118,0.9915966386554622,118,1.0,0.9915966386554622,True,1.0,1.0,1.0
Laurasiatheria,123,ADD,other,119,118,118,0.9915966386554622,118,1.0,0.9915966386554622,True,1.0,1.0,1.0
Laurasiatheria,124,ADD,other,119,118,118,0.9915966386554622,118,1.0,0.9915966386554622,True,1.0,1.0,1.0
Laurasiatheria,125,ADD,other,119,118,118,0.9915966386554622,118,1.0,0.9915966386554622,True,1.0,1.0,1.0
Laurasiatheria,126,ADD,other,119,118,118,0.9915966386554622,118,1.0,0.9915966386554622,True,1.0,1.0,1.0
Laurasiatheria,127,ADD,other,119,118,118,0.9915966386554622,118,1.0,0.9915966386554622,True,1.0,1.0,1.0
Laurasiatheria,128,ADD,other,119,119,118,0.9915966386554622,118,1.0,0.9915966386554622,True,1.0,1.0,1.0
Laurasiatheria,129,ADD,other,119,119,118,0.9915966386554622,118,1.0,0.9915966386554622,True,1.0,1.0,1.0
Laurasiatheria,130,ADD,other,119,119,118,0.9915966386554622,118,1.0,0.9915966386554622,True,1.0,1.0,1.0
Laurasiatheria,131,ADD,other,119,119,118,0.9915966386554622,118,1.0,0.9915966386554622,True,1.0,1.0,1.0
Laurasiatheria,132,ADD,other,119,119,118,0.9915966386554622,118,1.0,0.9915966386554622,True,1.0,1.0,1.0
Laurasiatheria,133,ADD,other,119,119,118,0.9915966386554622,118,1.0,0.9915966386554622,True,1.0,1.0,1.0
Laurasiatheria,134,ADD,other,119,119,118,0.9915966386554622,118,1.0,0.9915966386554622,True,1.0,1.0,1.0
Laurasiatheria,135,ADD,other,119,119,118,0.9915966386554622,118,1.0,0.9915966386554622,True,1.0,1.0,1.0
Laurasiatheria,136,ADD,other,119,119,118,0.9915966386554622,118,1.0,0.9915966386554622,True,1.0,1.0,1.0
Laurasiatheria,137,ADD,other,119,119,118,0.9915966386554622,118,1.0,0.9915966386554622,True,1.0,1.0,1.0
Laurasiatheria,138,ADD,other,119,119,118,0.9915966386554622,118,1.0,0.9915966386554622,True,1.0,1.0,1.0
Laurasiatheria,139,ADD,other,119,119,118,0.9915966386554622,118,1.0,0.9915966386554622,True,1.0,1.0,1.0
Laurasiatheria,140,ADD,other,119,119,118,0.9915966386554622,118,1.0,0.9915966386554622,True,1.0,1.0,1.0
Laurasiatheria,141,ADD,other,119,119,118,0.9915966386554622,118,1.0,0.9915966386554622,True,1.0,1.0,1.0
Laurasiatheria,142,ADD,other,119,119,118,0.9915966386554622,118,1.0,0.9915966386554622,True,1.0,1.0,1.0
Laurasiatheria,143,ADD,other,119,119,118,0.9915966386554622,118,1.0,0.9915966386554622,True,1.0,1.0,1.0
Laurasiatheria,144,ADD,other,119,119,118,0.9915966386554622,118,1.0,0.9915966386554622,True,0.9915966386554622,1.0,1.0
Laurasiatheria,145,ADD,other,119,119,118,0.9915966386554622,118,1.0,0.9915966386554622,True,1.0,1.0,1.0
Laurasiatheria,146,ADD,other,119,119,118,0.9915966386554622,118,1.0,0.9915966386554622,True,1.0,1.0,1.0
Laurasiatheria,147,ADD,other,119,119,118,0.9915966386554622,118,1.0,0.9915966386554622,True,1.0,1.0,1.0
Laurasiatheria,148,ADD,other,119,119,118,0.9915966386554622,118,1.0,0.9915966386554622,True,1.0,1.0,1.0
Laurasiatheria,149,ADD,other,119,119,118,0.9915966386554622,118,1.0,0.9915966386554622,True,1.0,1.0,1.0
Laurasiatheria,150,ADD,other,119,119,118,0.9915966386554622,118,1.0,0.9915966386554622,True,1.0,1.0,1.0
Laurasiatheria,151,ADD,other,119,119,118,0.9915966386554622,118,1.0,0.9915966386554622,True,1.0,1.0,1.0
Laurasiatheria,152,ADD,other,119,119,118,0.9915966386554622,118,1.0,0.9915966386554622,True,1.0,1.0,1.0
Laurasiatheria,153,ADD,other,119,119,118,0.9915966386554622,118,1.0,0.9915966386554622,True,1.0,1.0,1.0
Laurasiatheria,154,ADD,other,119,119,118,0.9915966386554622,118,1.0,0.9915966386554622,True,1.0,1.0,1.0
Laurasiatheria,155,ADD,other,119,119,118,0.9915966386554622,118,1.0,0.9915966386554622,True,1.0,1.0,1.0
Laurasiatheria,156,ADD,other,119,119,118,0.9915966386554622,118,1.0,0.9915966386554622,True,1.0,1.0,1.0
Laurasiatheria,157,ADD,other,119,119,118,0.9915966386554622,118,1.0,0.9915966386554622,True,1.0,1.0,1.0
Laurasiatheria,158,ADD,other,119,119,118,0.9915966386554622,118,1.0,0.9915966386554622,True,1.0,1.0,1.0
Laurasiatheria,159,ADD,other,119,119,118,0.9915966386554622,118,1.0,0.9915966386554622,True,1.0,1.0,1.0
Laurasiatheria,160,ADD,other,119,119,118,0.9915966386554622,118,1.0,0.9915966386554622,True,1.0,1.0,1.0
Laurasiatheria,161,ADD,other,119,119,118,0.9915966386554622,118,1.0,0.9915966386554622,True,1.0,1.0,1.0
Laurasiatheria,162,ADD,other,119,119,118,0.9915966386554622,118,1.0,0.9915966386554622,True,1.0,1.0,1.0
Laurasiatheria,163,ADD,other,119,119,118,0.9915966386554622,118,1.0,0.9915966386554622,True,0.9915966386554622,1.0,1.0
Laurasiatheria,164,ADD,other,119,119,118,0.9915966386554622,118,1.0,0.9915966386554622,True,0.9915966386554622,1.0,1.0
Laurasiatheria,165,ADD,other,119,119,118,0.9915966386554622,118,1.0,0.9915966386554622,True,1.0,1.0,1.0
Laurasiatheria,166,ADD,other,119,119,118,0.9915966386554622,118,1.0,0.9915966386554622,True,1.0,1.0,1.0
Laurasiatheria,167,ADD,other,119,119,118,0.9915966386554622,118,1.0,0.9915966386554622,True,1.0,1.0,1.0
Laurasiatheria,168,ADD,other,119,119,118,0.9915966386554622,118,1.0,0.9915966386554622,True,1.0,1.0,1.0
Laurasiatheria,169,ADD,other,119,119,118,0.9915966386554622,118,1.0,0.9915966386554622,True,1.0,1.0,1.0
Laurasiatheria,170,ADD,other,119,119,119,1.0,118,0.9915966386554622,0.9915966386554622,True,1.0,0.9915966386554622,0.9915966386554622
Laurasiatheria,171,ADD,other,119,119,119,1.0,119,1.0,1.0,True,1.0,1.0,1.0
Laurasiatheria,172,ADD,other,119,119,119,1.0,118,0.9915966386554622,0.9915966386554622,True,1.0,0.9915966386554622,0.9915966386554622
Laurasiatheria,173,ADD,other,119,118,113,0.9495798319327731,113,1.0,0.9495798319327731,True,1.0,1.0,1.0
Laurasiatheria,174,linker,other,119,119,119,1.0,114,0.957983193277311,0.957983193277311,True,0.9663865546218487,0.9915966386554622,0.957983193277311
Laurasiatheria,175,linker,other,119,119,114,0.957983193277311,114,1.0,0.957983193277311,True,1.0,1.0,1.0
Laurasiatheria,176,linker,other,119,119,119,1.0,119,1.0,1.0,True,1.0,1.0,1.0
Laurasiatheria,177,linker,other,119,119,119,1.0,119,1.0,1.0,True,1.0,1.0,1.0
Laurasiatheria,178,C_terminal_MTase_like,other,119,119,119,1.0,119,1.0,1.0,True,1.0,1.0,1.0
Laurasiatheria,179,C_terminal_MTase_like,other,119,119,119,1.0,119,1.0,1.0,True,1.0,1.0,1.0
Laurasiatheria,180,C_terminal_MTase_like,other,119,119,119,1.0,119,1.0,1.0,True,1.0,1.0,1.0
Laurasiatheria,181,C_terminal_MTase_like,other,119,119,119,1.0,119,1.0,1.0,True,1.0,1.0,1.0
Laurasiatheria,182,C_terminal_MTase_like,other,119,119,119,1.0,119,1.0,1.0,True,1.0,1.0,1.0
Laurasiatheria,183,C_terminal_MTase_like,other,119,119,119,1.0,119,1.0,1.0,True,1.0,1.0,1.0
Laurasiatheria,184,C_terminal_MTase_like,other,119,119,119,1.0,119,1.0,1.0,True,1.0,1.0,1.0
Laurasiatheria,185,C_terminal_MTase_like,other,119,119,119,1.0,119,1.0,1.0,True,1.0,1.0,1.0
Laurasiatheria,186,C_terminal_MTase_like,other,119,119,119,1.0,119,1.0,1.0,True,1.0,1.0,1.0
Laurasiatheria,187,C_terminal_MTase_like,other,119,119,119,1.0,119,1.0,1.0,True,1.0,1.0,1.0
Laurasiatheria,188,C_terminal_MTase_like,other,119,119,119,1.0,119,1.0,1.0,True,1.0,1.0,1.0
Laurasiatheria,189,C_terminal_MTase_like,other,119,119,119,1.0,119,1.0,1.0,True,1.0,1.0,1.0
Laurasiatheria,190,C_terminal_MTase_like,other,119,119,119,1.0,119,1.0,1.0,True,1.0,1.0,1.0
Laurasiatheria,191,C_terminal_MTase_like,other,119,119,119,1.0,119,1.0,1.0,True,1.0,1.0,1.0
Laurasiatheria,192,C_terminal_MTase_like,other,119,119,119,1.0,119,1.0,1.0,True,1.0,1.0,1.0
Laurasiatheria,193,C_terminal_MTase_like,other,119,119,119,1.0,119,1.0,1.0,True,1.0,1.0,1.0
Laurasiatheria,194,C_terminal_MTase_like,other,119,119,119,1.0,119,1.0,1.0,True,1.0,1.0,1.0
Laurasiatheria,195,C_terminal_MTase_like,other,119,119,119,1.0,119,1.0,1.0,True,1.0,1.0,1.0
Laurasiatheria,196,C_terminal_MTase_like,other,119,119,119,1.0,119,1.0,1.0,True,1.0,1.0,1.0
Laurasiatheria,197,C_terminal_MTase_like,other,119,119,119,1.0,119,1.0,1.0,True,1.0,1.0,1.0
Laurasiatheria,198,C_terminal_MTase_like,other,119,119,119,1.0,119,1.0,1.0,True,1.0,1.0,1.0
Laurasiatheria,199,C_terminal_MTase_like,other,119,119,119,1.0,119,1.0,1.0,True,1.0,1.0,1.0
Laurasiatheria,200,C_terminal_MTase_like,other,119,119,119,1.0,119,1.0,1.0,True,1.0,1.0,1.0
Laurasiatheria,201,C_terminal_MTase_like,other,119,119,119,1.0,119,1.0,1.0,True,1.0,1.0,1.0
Laurasiatheria,202,C_terminal_MTase_like,other,119,119,119,1.0,119,1.0,1.0,True,1.0,1.0,1.0
Laurasiatheria,203,C_terminal_MTase_like,other,119,119,119,1.0,119,1.0,1.0,True,1.0,1.0,1.0
Laurasiatheria,204,C_terminal_MTase_like,other,119,119,119,1.0,119,1.0,1.0,True,1.0,1.0,1.0
Laurasiatheria,205,C_terminal_MTase_like,other,119,119,119,1.0,119,1.0,1.0,True,1.0,1.0,1.0
Laurasiatheria,206,C_terminal_MTase_like,other,119,119,119,1.0,119,1.0,1.0,True,1.0,1.0,1.0
Laurasiatheria,207,C_terminal_MTase_like,other,119,119,119,1.0,119,1.0,1.0,True,1.0,1.0,1.0
Laurasiatheria,208,C_terminal_MTase_like,other,119,119,119,1.0,119,1.0,1.0,True,1.0,1.0,1.0
Laurasiatheria,209,C_terminal_MTase_like,other,119,119,119,1.0,119,1.0,1.0,True,1.0,1.0,1.0
Laurasiatheria,210,C_terminal_MTase_like,other,119,119,118,0.9915966386554622,116,0.9830508474576272,0.9747899159663865,True,1.0,0.9830508474576272,0.9830508474576272
Laurasiatheria,211,C_terminal_MTase_like,other,119,119,116,0.9747899159663865,116,1.0,0.9747899159663865,True,1.0,1.0,1.0
Laurasiatheria,212,C_terminal_MTase_like,other,119,119,119,1.0,119,1.0,1.0,True,1.0,1.0,1.0
Laurasiatheria,213,C_terminal_MTase_like,other,119,119,119,1.0,119,1.0,1.0,True,1.0,1.0,1.0
Laurasiatheria,214,C_terminal_MTase_like,other,119,119,119,1.0,119,1.0,1.0,True,1.0,1.0,1.0
Laurasiatheria,215,C_terminal_MTase_like,other,119,119,119,1.0,119,1.0,1.0,True,1.0,1.0,1.0
Laurasiatheria,216,C_terminal_MTase_like,other,119,119,119,1.0,119,1.0,1.0,True,1.0,1.0,1.0
Laurasiatheria,217,C_terminal_MTase_like,other,119,119,119,1.0,119,1.0,1.0,True,1.0,1.0,1.0
Laurasiatheria,218,C_terminal_MTase_like,other,119,119,119,1.0,119,1.0,1.0,True,1.0,1.0,1.0
Laurasiatheria,219,C_terminal_MTase_like,other,119,119,119,1.0,119,1.0,1.0,True,1.0,1.0,1.0
Laurasiatheria,220,C_terminal_MTase_like,other,119,119,119,1.0,119,1.0,1.0,True,1.0,1.0,1.0
Laurasiatheria,221,C_terminal_MTase_like,other,119,119,119,1.0,119,1.0,1.0,True,1.0,1.0,1.0
Laurasiatheria,222,C_terminal_MTase_like,other,119,119,119,1.0,119,1.0,1.0,True,1.0,1.0,1.0
Laurasiatheria,223,C_terminal_MTase_like,other,119,119,119,1.0,119,1.0,1.0,True,1.0,1.0,1.0
Laurasiatheria,224,C_terminal_MTase_like,other,119,119,119,1.0,119,1.0,1.0,True,1.0,1.0,1.0
Laurasiatheria,225,C_terminal_MTase_like,other,119,119,119,1.0,119,1.0,1.0,True,1.0,1.0,1.0
Laurasiatheria,226,C_terminal_MTase_like,other,119,119,119,1.0,119,1.0,1.0,True,1.0,1.0,1.0
Laurasiatheria,227,C_terminal_MTase_like,other,119,119,119,1.0,119,1.0,1.0,True,1.0,1.0,1.0
Laurasiatheria,228,C_terminal_MTase_like,other,119,119,119,1.0,119,1.0,1.0,True,1.0,1.0,1.0
Laurasiatheria,229,C_terminal_MTase_like,other,119,119,119,1.0,119,1.0,1.0,True,1.0,1.0,1.0
Laurasiatheria,230,C_terminal_MTase_like,other,119,119,119,1.0,119,1.0,1.0,True,1.0,1.0,1.0
Laurasiatheria,231,C_terminal_MTase_like,other,119,119,119,1.0,119,1.0,1.0,True,1.0,1.0,1.0
Laurasiatheria,232,C_terminal_MTase_like,other,119,119,119,1.0,119,1.0,1.0,True,1.0,1.0,1.0
Laurasiatheria,233,C_terminal_MTase_like,other,119,119,119,1.0,119,1.0,1.0,True,1.0,1.0,1.0
Laurasiatheria,234,C_terminal_MTase_like,other,119,119,119,1.0,119,1.0,1.0,True,1.0,1.0,1.0
Laurasiatheria,235,C_terminal_MTase_like,other,119,119,119,1.0,119,1.0,1.0,True,1.0,1.0,1.0
Laurasiatheria,236,C_terminal_MTase_like,other,119,119,119,1.0,119,1.0,1.0,True,1.0,1.0,1.0
Laurasiatheria,237,C_terminal_MTase_like,other,119,119,119,1.0,119,1.0,1.0,True,1.0,1.0,1.0
Laurasiatheria,238,C_terminal_MTase_like,other,119,119,119,1.0,119,1.0,1.0,True,1.0,1.0,1.0
Laurasiatheria,239,C_terminal_MTase_like,other,119,119,119,1.0,119,1.0,1.0,True,1.0,1.0,1.0
Laurasiatheria,240,C_terminal_MTase_like,other,119,119,119,1.0,119,1.0,1.0,True,1.0,1.0,1.0
Laurasiatheria,241,C_terminal_MTase_like,other,119,119,119,1.0,119,1.0,1.0,True,1.0,1.0,1.0
Laurasiatheria,242,C_terminal_MTase_like,other,119,119,119,1.0,119,1.0,1.0,True,1.0,1.0,1.0
Laurasiatheria,243,C_terminal_MTase_like,other,119,119,119,1.0,119,1.0,1.0,True,1.0,1.0,1.0
Laurasiatheria,244,C_terminal_MTase_like,other,119,119,119,1.0,119,1.0,1.0,True,1.0,1.0,1.0
Laurasiatheria,245,C_terminal_MTase_like,other,119,119,119,1.0,119,1.0,1.0,True,1.0,1.0,1.0
Laurasiatheria,246,C_terminal_MTase_like,other,119,119,119,1.0,119,1.0,1.0,True,1.0,1.0,1.0
Laurasiatheria,247,C_terminal_MTase_like,other,119,119,119,1.0,119,1.0,1.0,True,1.0,1.0,1.0
Laurasiatheria,248,C_terminal_MTase_like,other,119,119,119,1.0,119,1.0,1.0,True,1.0,1.0,1.0
Laurasiatheria,249,C_terminal_MTase_like,other,119,119,119,1.0,119,1.0,1.0,True,1.0,1.0,1.0
Laurasiatheria,250,C_terminal_MTase_like,other,119,119,119,1.0,119,1.0,1.0,True,1.0,1.0,1.0
Laurasiatheria,251,C_terminal_MTase_like,other,119,119,119,1.0,119,1.0,1.0,True,1.0,1.0,1.0
Laurasiatheria,252,C_terminal_MTase_like,other,119,119,119,1.0,119,1.0,1.0,True,1.0,1.0,1.0
Laurasiatheria,253,C_terminal_MTase_like,other,119,119,119,1.0,119,1.0,1.0,True,1.0,1.0,1.0
Laurasiatheria,254,C_terminal_MTase_like,other,119,119,119,1.0,119,1.0,1.0,True,1.0,1.0,1.0
Laurasiatheria,255,C_terminal_MTase_like,other,119,119,119,1.0,119,1.0,1.0,True,1.0,1.0,1.0
Laurasiatheria,256,C_terminal_MTase_like,other,119,119,119,1.0,119,1.0,1.0,True,1.0,1.0,1.0
Laurasiatheria,257,C_terminal_MTase_like,other,119,119,119,1.0,118,0.9915966386554622,0.9915966386554622,True,1.0,0.9915966386554622,0.9915966386554622
Laurasiatheria,258,C_terminal_MTase_like,other,119,119,119,1.0,119,1.0,1.0,True,1.0,1.0,1.0
Laurasiatheria,259,C_terminal_MTase_like,other,119,119,119,1.0,119,1.0,1.0,True,1.0,1.0,1.0
Laurasiatheria,260,C_terminal_MTase_like,other,119,119,119,1.0,119,1.0,1.0,True,1.0,1.0,1.0
Laurasiatheria,261,C_terminal_MTase_like,other,119,119,119,1.0,119,1.0,1.0,True,1.0,1.0,1.0
Laurasiatheria,262,C_terminal_MTase_like,other,119,118,118,0.9915966386554622,118,1.0,0.9915966386554622,True,1.0,1.0,1.0
Laurasiatheria,263,C_terminal_MTase_like,other,119,119,119,1.0,119,1.0,1.0,True,1.0,1.0,1.0
Laurasiatheria,264,C_terminal_MTase_like,other,119,119,119,1.0,119,1.0,1.0,True,1.0,1.0,1.0
Laurasiatheria,265,C_terminal_MTase_like,other,119,119,119,1.0,119,1.0,1.0,True,1.0,1.0,1.0
Laurasiatheria,266,C_terminal_MTase_like,other,119,119,119,1.0,119,1.0,1.0,True,1.0,1.0,1.0
Laurasiatheria,267,C_terminal_MTase_like,other,119,119,119,1.0,119,1.0,1.0,True,1.0,1.0,1.0
Laurasiatheria,268,C_terminal_MTase_like,other,119,119,119,1.0,119,1.0,1.0,True,1.0,1.0,1.0
Laurasiatheria,269,C_terminal_MTase_like,other,119,119,119,1.0,119,1.0,1.0,True,1.0,1.0,1.0
Laurasiatheria,270,C_terminal_MTase_like,other,119,119,119,1.0,119,1.0,1.0,True,1.0,1.0,1.0
Laurasiatheria,271,C_terminal_MTase_like,other,119,119,117,0.9831932773109243,117,1.0,0.9831932773109243,True,1.0,1.0,1.0
Laurasiatheria,272,C_terminal_MTase_like,other,119,119,117,0.9831932773109243,117,1.0,0.9831932773109243,True,1.0,1.0,1.0
Laurasiatheria,273,C_terminal_MTase_like,other,119,119,117,0.9831932773109243,117,1.0,0.9831932773109243,True,1.0,1.0,1.0
Laurasiatheria,274,C_terminal_MTase_like,other,119,119,117,0.9831932773109243,117,1.0,0.9831932773109243,True,1.0,1.0,1.0
Laurasiatheria,275,C_terminal_MTase_like,other,119,119,119,1.0,119,1.0,1.0,True,1.0,1.0,1.0
Laurasiatheria,276,C_terminal_MTase_like,other,119,119,119,1.0,119,1.0,1.0,True,1.0,1.0,1.0
Laurasiatheria,277,C_terminal_MTase_like,other,119,119,118,0.9915966386554622,118,1.0,0.9915966386554622,True,1.0,1.0,1.0
Laurasiatheria,278,C_terminal_MTase_like,other,119,119,118,0.9915966386554622,118,1.0,0.9915966386554622,True,1.0,1.0,1.0
Laurasiatheria,279,C_terminal_MTase_like,other,119,119,119,1.0,119,1.0,1.0,True,1.0,1.0,1.0
Laurasiatheria,280,C_terminal_MTase_like,other,119,119,119,1.0,119,1.0,1.0,True,1.0,1.0,1.0
Laurasiatheria,281,C_terminal_MTase_like,other,119,119,119,1.0,119,1.0,1.0,True,1.0,1.0,1.0
Laurasiatheria,282,C_terminal_MTase_like,other,119,119,119,1.0,119,1.0,1.0,True,1.0,1.0,1.0
Laurasiatheria,283,C_terminal_MTase_like,other,119,119,119,1.0,119,1.0,1.0,True,1.0,1.0,1.0
Laurasiatheria,284,C_terminal_MTase_like,other,119,119,119,1.0,119,1.0,1.0,True,1.0,1.0,1.0
Laurasiatheria,285,C_terminal_MTase_like,other,119,119,119,1.0,119,1.0,1.0,True,1.0,1.0,1.0
Laurasiatheria,286,C_terminal_MTase_like,other,119,119,119,1.0,119,1.0,1.0,True,1.0,1.0,1.0
Laurasiatheria,287,C_terminal_MTase_like,other,119,119,119,1.0,119,1.0,1.0,True,1.0,1.0,1.0
Laurasiatheria,288,C_terminal_MTase_like,other,119,119,119,1.0,119,1.0,1.0,True,1.0,1.0,1.0
Laurasiatheria,289,C_terminal_MTase_like,other,119,119,119,1.0,119,1.0,1.0,True,1.0,1.0,1.0
Laurasiatheria,290,C_terminal_MTase_like,other,119,119,119,1.0,119,1.0,1.0,True,1.0,1.0,1.0
Laurasiatheria,291,C_terminal_MTase_like,other,119,119,119,1.0,119,1.0,1.0,True,1.0,1.0,1.0
Laurasiatheria,292,C_terminal_MTase_like,other,119,119,119,1.0,119,1.0,1.0,True,1.0,1.0,1.0
Laurasiatheria,293,C_terminal_MTase_like,other,119,119,119,1.0,119,1.0,1.0,True,1.0,1.0,1.0
Laurasiatheria,294,C_terminal_MTase_like,other,119,119,119,1.0,119,1.0,1.0,True,1.0,1.0,1.0
Laurasiatheria,295,C_terminal_MTase_like,other,119,119,119,1.0,119,1.0,1.0,True,1.0,1.0,1.0
Laurasiatheria,296,C_terminal_MTase_like,other,119,119,119,1.0,119,1.0,1.0,True,1.0,1.0,1.0
Laurasiatheria,297,C_terminal_MTase_like,other,119,119,119,1.0,119,1.0,1.0,True,1.0,1.0,1.0
Laurasiatheria,298,C_terminal_MTase_like,other,119,119,119,1.0,119,1.0,1.0,True,1.0,1.0,1.0
Laurasiatheria,299,C_terminal_MTase_like,other,119,119,119,1.0,119,1.0,1.0,True,1.0,1.0,1.0
Laurasiatheria,300,C_terminal_MTase_like,other,119,119,119,1.0,119,1.0,1.0,True,1.0,1.0,1.0
Laurasiatheria,301,C_terminal_MTase_like,other,119,119,119,1.0,119,1.0,1.0,True,1.0,1.0,1.0
Laurasiatheria,302,C_terminal_MTase_like,other,119,119,119,1.0,119,1.0,1.0,True,1.0,1.0,1.0
Laurasiatheria,303,C_terminal_MTase_like,other,119,119,119,1.0,119,1.0,1.0,True,1.0,1.0,1.0
Laurasiatheria,304,C_terminal_MTase_like,other,119,119,113,0.9495798319327731,113,1.0,0.9495798319327731,True,0.9914529914529915,1.0,1.0
Laurasiatheria,305,C_terminal_MTase_like,other,119,119,115,0.9663865546218487,115,1.0,0.9663865546218487,True,0.9915966386554622,1.0,1.0
Laurasiatheria,306,C_terminal_MTase_like,other,119,119,115,0.9663865546218487,115,1.0,0.9663865546218487,True,1.0,1.0,1.0
Laurasiatheria,307,C_terminal_MTase_like,other,119,119,115,0.9663865546218487,115,1.0,0.9663865546218487,True,0.9830508474576272,1.0,1.0
Laurasiatheria,308,C_terminal_MTase_like,other,119,119,115,0.9663865546218487,115,1.0,0.9663865546218487,True,0.9830508474576272,1.0,1.0
Laurasiatheria,309,C_terminal_MTase_like,other,119,119,115,0.9663865546218487,115,1.0,0.9663865546218487,True,0.9830508474576272,1.0,1.0
Laurasiatheria,310,C_terminal_MTase_like,other,119,119,116,0.9747899159663865,115,0.9913793103448276,0.9663865546218487,True,0.9831932773109243,0.9913793103448276,0.9913793103448276
Laurasiatheria,311,C_terminal_MTase_like,other,119,119,113,0.9495798319327731,112,0.9911504424778761,0.9411764705882353,True,0.9827586206896551,0.9913793103448276,0.9911504424778761
Laurasiatheria,312,C_terminal_MTase_like,other,119,116,113,0.9495798319327731,112,0.9911504424778761,0.9411764705882353,True,0.9913793103448276,0.9911504424778761,0.9911504424778761
Laurasiatheria,313,C_terminal_MTase_like,other,119,116,113,0.9495798319327731,112,0.9911504424778761,0.9411764705882353,True,0.9827586206896551,0.9911504424778761,0.9911504424778761
Laurasiatheria,314,C_terminal_MTase_like,other,119,116,113,0.9495798319327731,112,0.9911504424778761,0.9411764705882353,True,1.0,0.9911504424778761,0.9911504424778761
Laurasiatheria,315,C_terminal_MTase_like,other,119,116,111,0.9327731092436975,111,1.0,0.9327731092436975,True,1.0,1.0,1.0
Laurasiatheria,316,C_terminal_MTase_like,other,119,115,111,0.9327731092436975,111,1.0,0.9327731092436975,True,0.9826086956521739,1.0,1.0
Laurasiatheria,317,C_terminal_MTase_like,other,119,115,111,0.9327731092436975,111,1.0,0.9327731092436975,True,0.9826086956521739,1.0,1.0
Laurasiatheria,318,C_terminal_MTase_like,other,119,116,111,0.9327731092436975,111,1.0,0.9327731092436975,True,0.9826086956521739,1.0,1.0
Laurasiatheria,319,C_terminal_MTase_like,other,119,119,112,0.9411764705882353,111,0.9910714285714286,0.9327731092436975,True,0.9741379310344828,0.9910714285714286,0.9910714285714286
Laurasiatheria,320,C_terminal_MTase_like,other,119,119,115,0.9663865546218487,115,1.0,0.9663865546218487,True,0.9747899159663865,1.0,1.0
Laurasiatheria,321,C_terminal_MTase_like,other,119,119,115,0.9663865546218487,115,1.0,0.9663865546218487,True,0.9747899159663865,1.0,1.0
Laurasiatheria,322,C_terminal_MTase_like,other,119,118,115,0.9663865546218487,115,1.0,0.9663865546218487,True,0.9830508474576272,1.0,1.0
Laurasiatheria,323,C_terminal_MTase_like,other,119,119,115,0.9663865546218487,113,0.9826086956521739,0.9495798319327731,True,0.9831932773109243,0.9826086956521739,0.9826086956521739
Laurasiatheria,324,C_terminal_MTase_like,other,119,119,115,0.9663865546218487,114,0.991304347826087,0.957983193277311,True,0.9915966386554622,0.991304347826087,0.991304347826087
Laurasiatheria,325,C_terminal_MTase_like,other,119,119,116,0.9747899159663865,113,0.9741379310344828,0.9495798319327731,True,0.9831932773109243,0.9827586206896551,0.9741379310344828
Laurasiatheria,326,C_terminal_MTase_like,other,119,119,116,0.9747899159663865,113,0.9741379310344828,0.9495798319327731,True,0.9831932773109243,0.9741379310344828,0.9827586206896551
Laurasiatheria,327,C_terminal_MTase_like,other,119,119,114,0.957983193277311,113,0.9912280701754386,0.9495798319327731,True,0.9831932773109243,0.9912280701754386,0.9912280701754386
Laurasiatheria,328,C_terminal_MTase_like,other,119,119,114,0.957983193277311,114,1.0,0.957983193277311,True,0.9915966386554622,1.0,1.0
Laurasiatheria,329,C_terminal_MTase_like,other,119,119,114,0.957983193277311,113,0.9912280701754386,0.9495798319327731,True,0.9747899159663865,0.9912280701754386,0.9912280701754386
Laurasiatheria,330,C_terminal_MTase_like,other,119,119,112,0.9411764705882353,111,0.9910714285714286,0.9327731092436975,True,0.9743589743589743,0.9910714285714286,0.9910714285714286
Laurasiatheria,331,C_terminal_MTase_like,other,119,119,113,0.9495798319327731,113,1.0,0.9495798319327731,True,0.9743589743589743,1.0,1.0
Laurasiatheria,332,C_terminal_MTase_like,other,119,116,1,0.008403361344537815,1,1.0,0.008403361344537815,False,0.5,1.0,1.0
Laurasiatheria,333,C_terminal_MTase_like,other,119,117,9,0.07563025210084033,3,0.3333333333333333,0.025210084033613446,False,0.3333333333333333,0.3333333333333333,0.9821428571428571
Laurasiatheria,334,C_terminal_MTase_like,other,119,119,113,0.9495798319327731,110,0.9734513274336283,0.9243697478991597,True,0.9655172413793104,0.9734513274336283,0.9911504424778761
Laurasiatheria,335,C_terminal_MTase_like,other,119,119,110,0.9243697478991597,110,1.0,0.9243697478991597,True,0.9565217391304348,0.9821428571428571,1.0
Laurasiatheria,336,C_terminal_MTase_like,other,119,119,111,0.9327731092436975,110,0.990990990990991,0.9243697478991597,True,0.9401709401709402,0.9821428571428571,0.990990990990991
Laurasiatheria,337,C_terminal_MTase_like,other,119,119,110,0.9243697478991597,110,1.0,0.9243697478991597,True,0.9572649572649573,1.0,1.0
Laurasiatheria,338,C_terminal_MTase_like,other,119,119,110,0.9243697478991597,110,1.0,0.9243697478991597,True,0.9401709401709402,0.990990990990991,1.0
Laurasiatheria,339,C_terminal_MTase_like,other,119,119,110,0.9243697478991597,110,1.0,0.9243697478991597,True,0.9322033898305084,0.990990990990991,1.0
Laurasiatheria,340,C_terminal_MTase_like,other,119,119,110,0.9243697478991597,110,1.0,0.9243697478991597,True,0.940677966101695,1.0,1.0
Laurasiatheria,341,C_terminal_MTase_like,switching_helix,119,119,110,0.9243697478991597,110,1.0,0.9243697478991597,True,0.9322033898305084,0.990990990990991,1.0
Laurasiatheria,342,C_terminal_MTase_like,switching_helix,119,119,110,0.9243697478991597,110,1.0,0.9243697478991597,True,0.940677966101695,1.0,1.0
Laurasiatheria,343,C_terminal_MTase_like,switching_helix,119,119,110,0.9243697478991597,110,1.0,0.9243697478991597,True,0.9401709401709402,1.0,1.0
Laurasiatheria,344,C_terminal_MTase_like,switching_helix,119,119,110,0.9243697478991597,110,1.0,0.9243697478991597,True,0.9401709401709402,1.0,1.0
Laurasiatheria,345,C_terminal_MTase_like,switching_helix,119,119,110,0.9243697478991597,110,1.0,0.9243697478991597,True,0.9487179487179487,1.0,1.0
Laurasiatheria,346,C_terminal_MTase_like,switching_helix,119,119,110,0.9243697478991597,110,1.0,0.9243697478991597,True,0.9327731092436975,1.0,1.0
Laurasiatheria,347,C_terminal_MTase_like,switching_helix,119,119,111,0.9327731092436975,110,0.990990990990991,0.9243697478991597,True,0.9576271186440678,0.990990990990991,1.0
Laurasiatheria,348,C_terminal_MTase_like,switching_helix,119,119,112,0.9411764705882353,110,0.9821428571428571,0.9243697478991597,True,0.9322033898305084,0.9910714285714286,0.9734513274336283
Laurasiatheria,349,C_terminal_MTase_like,switching_helix,119,119,112,0.9411764705882353,109,0.9732142857142857,0.9159663865546218,True,0.9322033898305084,0.9732142857142857,0.9734513274336283
Laurasiatheria,350,C_terminal_MTase_like,switching_helix,119,119,112,0.9411764705882353,110,0.9821428571428571,0.9243697478991597,True,0.940677966101695,0.9821428571428571,0.9734513274336283
Laurasiatheria,351,C_terminal_MTase_like,switching_helix,119,119,111,0.9327731092436975,109,0.9819819819819819,0.9159663865546218,True,0.9322033898305084,0.9819819819819819,0.9732142857142857
Laurasiatheria,352,C_terminal_MTase_like,switching_helix,119,119,111,0.9327731092436975,109,0.9819819819819819,0.9159663865546218,True,0.9322033898305084,0.9819819819819819,0.9732142857142857
Laurasiatheria,353,C_terminal_MTase_like,switching_helix,119,119,112,0.9411764705882353,109,0.9732142857142857,0.9159663865546218,True,0.9495798319327731,0.9732142857142857,0.9821428571428571
Laurasiatheria,354,C_terminal_MTase_like,switching_helix,119,119,113,0.9495798319327731,110,0.9734513274336283,0.9243697478991597,True,0.9495798319327731,0.9823008849557522,0.9734513274336283
Laurasiatheria,355,C_terminal_MTase_like,switching_helix,119,119,112,0.9411764705882353,109,0.9732142857142857,0.9159663865546218,True,0.940677966101695,0.9734513274336283,0.9732142857142857
Laurasiatheria,356,C_terminal_MTase_like,switching_helix_adjacent_loop,119,119,112,0.9411764705882353,110,0.9821428571428571,0.9243697478991597,True,0.9491525423728814,0.9823008849557522,0.9821428571428571
Laurasiatheria,357,C_terminal_MTase_like,switching_helix_adjacent_loop,119,119,111,0.9327731092436975,111,1.0,0.9327731092436975,True,0.9661016949152542,1.0,1.0
Laurasiatheria,358,C_terminal_MTase_like,switching_helix_adjacent_loop,119,119,110,0.9243697478991597,109,0.990909090909091,0.9159663865546218,True,0.9401709401709402,0.990909090909091,1.0
Laurasiatheria,359,C_terminal_MTase_like,switching_helix_adjacent_loop,119,118,110,0.9243697478991597,109,0.990909090909091,0.9159663865546218,True,0.9396551724137931,0.990909090909091,1.0
Laurasiatheria,360,C_terminal_MTase_like,switching_helix_adjacent_loop,119,119,110,0.9243697478991597,110,1.0,0.9243697478991597,True,0.9830508474576272,1.0,1.0
Laurasiatheria,361,C_terminal_MTase_like,other,119,119,110,0.9243697478991597,109,0.990909090909091,0.9159663865546218,True,0.9747899159663865,0.990909090909091,1.0
Laurasiatheria,362,C_terminal_MTase_like,other,119,119,110,0.9243697478991597,109,0.990909090909091,0.9159663865546218,True,0.9572649572649573,0.990909090909091,1.0
Laurasiatheria,363,C_terminal_MTase_like,other,119,119,111,0.9327731092436975,109,0.9819819819819819,0.9159663865546218,True,0.9487179487179487,0.9819819819819819,0.990990990990991
Laurasiatheria,364,C_terminal_MTase_like,other,119,119,111,0.9327731092436975,110,0.990990990990991,0.9243697478991597,True,0.9655172413793104,1.0,0.990990990990991
Laurasiatheria,365,C_terminal_MTase_like,other,119,119,111,0.9327731092436975,110,0.990990990990991,0.9243697478991597,True,0.9568965517241379,1.0,0.990990990990991
Laurasiatheria,366,C_terminal_MTase_like,other,119,119,110,0.9243697478991597,110,1.0,0.9243697478991597,True,0.9652173913043478,1.0,1.0
Laurasiatheria,367,C_terminal_MTase_like,other,119,119,110,0.9243697478991597,110,1.0,0.9243697478991597,True,0.940677966101695,1.0,1.0
Laurasiatheria,368,C_terminal_MTase_like,other,119,119,110,0.9243697478991597,110,1.0,0.9243697478991597,True,0.9741379310344828,1.0,1.0
Laurasiatheria,369,C_terminal_MTase_like,other,119,119,110,0.9243697478991597,110,1.0,0.9243697478991597,True,0.9576271186440678,1.0,1.0
Laurasiatheria,370,C_terminal_MTase_like,other,119,119,110,0.9243697478991597,110,1.0,0.9243697478991597,True,0.9322033898305084,1.0,1.0
Laurasiatheria,371,C_terminal_MTase_like,other,119,119,110,0.9243697478991597,110,1.0,0.9243697478991597,True,0.9661016949152542,1.0,1.0
Laurasiatheria,372,C_terminal_MTase_like,other,119,119,110,0.9243697478991597,110,1.0,0.9243697478991597,True,0.9576271186440678,1.0,1.0
Laurasiatheria,373,C_terminal_MTase_like,other,119,119,110,0.9243697478991597,110,1.0,0.9243697478991597,True,0.9655172413793104,1.0,1.0
Laurasiatheria,374,C_terminal_MTase_like,other,119,119,110,0.9243697478991597,110,1.0,0.9243697478991597,True,0.9401709401709402,1.0,1.0
Laurasiatheria,375,C_terminal_MTase_like,other,119,119,110,0.9243697478991597,110,1.0,0.9243697478991597,True,0.9322033898305084,1.0,1.0
Laurasiatheria,376,C_terminal_MTase_like,other,119,119,110,0.9243697478991597,110,1.0,0.9243697478991597,True,0.9743589743589743,1.0,1.0
Laurasiatheria,377,C_terminal_MTase_like,other,119,119,110,0.9243697478991597,110,1.0,0.9243697478991597,True,0.9572649572649573,1.0,1.0
Laurasiatheria,378,C_terminal_MTase_like,other,119,119,109,0.9159663865546218,109,1.0,0.9159663865546218,True,0.9396551724137931,1.0,1.0
Laurasiatheria,379,C_terminal_MTase_like,other,119,114,101,0.8487394957983193,101,1.0,0.8487394957983193,True,0.9629629629629629,1.0,1.0
Laurasiatheria,380,C_terminal_MTase_like,other,119,119,105,0.8823529411764706,101,0.9619047619047619,0.8487394957983193,True,0.9130434782608695,0.9619047619047619,0.9714285714285714
Laurasiatheria,381,C_terminal_tail,other,119,119,100,0.8403361344537815,99,0.99,0.8319327731092437,True,0.9230769230769231,0.99,1.0
Laurasiatheria,382,C_terminal_tail,other,119,119,99,0.8319327731092437,99,1.0,0.8319327731092437,True,0.8956521739130435,1.0,1.0
Laurasiatheria,383,C_terminal_tail,other,119,119,99,0.8319327731092437,99,1.0,0.8319327731092437,True,0.8938053097345132,1.0,1.0
Laurasiatheria,384,C_terminal_tail,other,119,119,101,0.8487394957983193,101,1.0,0.8487394957983193,True,0.9026548672566371,1.0,1.0
Laurasiatheria,385,C_terminal_tail,other,119,119,103,0.865546218487395,101,0.9805825242718447,0.8487394957983193,True,0.9217391304347826,0.9902912621359223,0.9902912621359223
Laurasiatheria,386,C_terminal_tail,other,119,119,103,0.865546218487395,102,0.9902912621359223,0.8571428571428571,True,0.9026548672566371,1.0,0.9902912621359223
Laurasiatheria,387,C_terminal_tail,other,119,118,104,0.8739495798319328,100,0.9615384615384616,0.8403361344537815,True,0.918918918918919,0.9622641509433962,0.9711538461538461
Sauropsida,1,N_terminal,other,42,38,30,0.7142857142857143,12,0.4,0.2857142857142857,False,0.40625,0.4,1.0
Sauropsida,2,N_terminal,other,42,36,32,0.7619047619047619,22,0.6875,0.5238095238095238,False,0.696969696969697,0.71875,0.96875
Sauropsida,3,N_terminal,other,42,36,21,0.5,0,0.0,0.0,False,0.043478260869565216,0.0,0.9545454545454546
Sauropsida,4,N_terminal,other,42,35,24,0.5714285714285714,2,0.08333333333333333,0.047619047619047616,False,0.20833333333333334,0.16666666666666666,0.16666666666666666
Sauropsida,5,N_terminal,other,42,35,23,0.5476190476190477,2,0.08695652173913043,0.047619047619047616,False,0.06060606060606061,0.6956521739130435,0.21739130434782608
Sauropsida,6,N_terminal,other,42,37,33,0.7857142857142857,0,0.0,0.0,False,0.0,0.0,0.2647058823529412
Sauropsida,7,N_terminal,other,42,37,32,0.7619047619047619,0,0.0,0.0,False,0.0,0.09375,0.34375
Sauropsida,8,N_terminal,other,42,38,32,0.7619047619047619,0,0.0,0.0,False,0.027777777777777776,0.0,0.0
Sauropsida,9,N_terminal,other,42,38,31,0.7380952380952381,0,0.0,0.0,False,0.2777777777777778,0.2903225806451613,0.0
Sauropsida,10,N_terminal,other,42,38,22,0.5238095238095238,12,0.5454545454545454,0.2857142857142857,False,0.3611111111111111,0.7916666666666666,0.6363636363636364
Sauropsida,11,N_terminal,other,42,38,30,0.7142857142857143,0,0.0,0.0,False,0.0,0.3125,0.06666666666666667
Sauropsida,12,N_terminal,other,42,38,8,0.19047619047619047,0,0.0,0.0,False,0.030303030303030304,1.0,0.0
Sauropsida,13,N_terminal,other,42,38,31,0.7380952380952381,0,0.0,0.0,False,0.027777777777777776,0.28125,0.22580645161290322
Sauropsida,14,N_terminal,other,42,39,30,0.7142857142857143,7,0.23333333333333334,0.16666666666666666,False,0.2,0.7741935483870968,0.3225806451612903
Sauropsida,15,N_terminal,other,42,39,29,0.6904761904761905,0,0.0,0.0,False,0.058823529411764705,0.5333333333333333,0.0
Sauropsida,16,N_terminal,other,42,38,29,0.6904761904761905,0,0.0,0.0,False,0.17142857142857143,0.034482758620689655,0.41935483870967744
Sauropsida,17,N_terminal,other,42,38,29,0.6904761904761905,0,0.0,0.0,False,0.08571428571428572,0.13793103448275862,0.3870967741935484
Sauropsida,18,N_terminal,other,42,38,29,0.6904761904761905,5,0.1724137931034483,0.11904761904761904,False,0.14285714285714285,0.1724137931034483,0.9032258064516129
Sauropsida,19,N_terminal,other,42,38,28,0.6666666666666666,11,0.39285714285714285,0.2619047619047619,False,0.4375,0.39285714285714285,0.9393939393939394
Sauropsida,20,N_terminal,other,42,38,32,0.7619047619047619,0,0.0,0.0,False,0.0,0.0,0.5882352941176471
Sauropsida,21,N_terminal,other,42,38,33,0.7857142857142857,2,0.06060606060606061,0.047619047619047616,False,0.17647058823529413,0.06060606060606061,0.8571428571428571
Sauropsida,22,N_terminal,other,42,39,34,0.8095238095238095,1,0.029411764705882353,0.023809523809523808,False,0.02857142857142857,0.08571428571428572,0.9142857142857143
Sauropsida,23,N_terminal,other,42,37,34,0.8095238095238095,20,0.5882352941176471,0.47619047619047616,False,0.5882352941176471,0.6470588235294118,0.9117647058823529
Sauropsida,24,N_terminal,other,42,37,34,0.8095238095238095,0,0.0,0.0,False,0.0,0.0,0.6764705882352942
Sauropsida,25,N_terminal,other,42,37,25,0.5952380952380952,0,0.0,0.0,False,0.029411764705882353,0.04,0.52
Sauropsida,26,N_terminal,other,42,38,30,0.7142857142857143,3,0.1,0.07142857142857142,False,0.45161290322580644,0.45454545454545453,0.22580645161290322
Sauropsida,27,N_terminal,other,42,38,29,0.6904761904761905,0,0.0,0.0,False,0.0,0.2727272727272727,0.0
Sauropsida,28,N_terminal,other,42,38,29,0.6904761904761905,0,0.0,0.0,False,0.0,0.0,0.03333333333333333
Sauropsida,29,N_terminal,other,42,36,0,0.0,0,,0.0,False,0.0,,
Sauropsida,30,N_terminal,other,42,36,0,0.0,0,,0.0,False,0.04,,
Sauropsida,31,N_terminal,other,42,37,0,0.0,0,,0.0,False,0.04,,
Sauropsida,32,N_terminal,other,42,37,0,0.0,0,,0.0,False,0.0,,
Sauropsida,33,N_terminal,other,42,38,0,0.0,0,,0.0,False,0.045454545454545456,,
Sauropsida,34,N_terminal,other,42,40,34,0.8095238095238095,34,1.0,0.8095238095238095,True,1.0,1.0,1.0
Sauropsida,35,N_terminal,other,42,41,33,0.7857142857142857,32,0.9696969696969697,0.7619047619047619,False,0.9705882352941176,0.9705882352941176,1.0
Sauropsida,36,N_terminal,other,42,39,27,0.6428571428571429,27,1.0,0.6428571428571429,False,1.0,1.0,1.0
Sauropsida,37,N_terminal,other,42,39,27,0.6428571428571429,26,0.9629629629629629,0.6190476190476191,False,0.972972972972973,0.9629629629629629,1.0
Sauropsida,38,N_terminal,other,42,39,29,0.6904761904761905,28,0.9655172413793104,0.6666666666666666,False,0.9743589743589743,0.9655172413793104,1.0
Sauropsida,39,N_terminal,other,42,39,29,0.6904761904761905,28,0.9655172413793104,0.6666666666666666,False,0.9743589743589743,0.9655172413793104,1.0
Sauropsida,40,N_terminal,other,42,39,29,0.6904761904761905,28,0.9655172413793104,0.6666666666666666,False,0.9743589743589743,0.9655172413793104,1.0
Sauropsida,41,ADD,other,42,39,29,0.6904761904761905,29,1.0,0.6904761904761905,False,1.0,1.0,1.0
Sauropsida,42,ADD,other,42,39,28,0.6666666666666666,28,1.0,0.6666666666666666,False,1.0,1.0,1.0
Sauropsida,43,ADD,other,42,39,28,0.6666666666666666,28,1.0,0.6666666666666666,False,1.0,1.0,1.0
Sauropsida,44,ADD,other,42,39,28,0.6666666666666666,28,1.0,0.6666666666666666,False,1.0,1.0,1.0
Sauropsida,45,ADD,other,42,39,28,0.6666666666666666,28,1.0,0.6666666666666666,False,1.0,1.0,1.0
Sauropsida,46,ADD,other,42,39,30,0.7142857142857143,29,0.9666666666666667,0.6904761904761905,False,1.0,0.9666666666666667,0.9666666666666667
Sauropsida,47,ADD,other,42,40,30,0.7142857142857143,29,0.9666666666666667,0.6904761904761905,False,1.0,0.9666666666666667,0.9666666666666667
Sauropsida,48,ADD,other,42,39,30,0.7142857142857143,29,0.9666666666666667,0.6904761904761905,False,1.0,0.9666666666666667,0.9666666666666667
Sauropsida,49,ADD,other,42,40,30,0.7142857142857143,29,0.9666666666666667,0.6904761904761905,False,1.0,0.9666666666666667,0.9666666666666667
Sauropsida,50,ADD,other,42,42,30,0.7142857142857143,30,1.0,0.7142857142857143,False,1.0,1.0,1.0
Sauropsida,51,ADD,other,42,42,42,1.0,42,1.0,1.0,True,1.0,1.0,1.0
Sauropsida,52,ADD,other,42,42,42,1.0,42,1.0,1.0,True,1.0,1.0,1.0
Sauropsida,53,ADD,other,42,42,42,1.0,42,1.0,1.0,True,1.0,1.0,1.0
Sauropsida,54,ADD,other,42,42,42,1.0,42,1.0,1.0,True,1.0,1.0,1.0
Sauropsida,55,ADD,other,42,42,42,1.0,42,1.0,1.0,True,1.0,1.0,1.0
Sauropsida,56,ADD,other,42,42,42,1.0,42,1.0,1.0,True,1.0,1.0,1.0
Sauropsida,57,ADD,other,42,42,42,1.0,42,1.0,1.0,True,1.0,1.0,1.0
Sauropsida,58,ADD,other,42,42,42,1.0,42,1.0,1.0,True,1.0,1.0,1.0
Sauropsida,59,ADD,other,42,42,42,1.0,42,1.0,1.0,True,1.0,1.0,1.0
Sauropsida,60,ADD,other,42,42,42,1.0,42,1.0,1.0,True,1.0,1.0,1.0
Sauropsida,61,ADD,other,42,42,42,1.0,42,1.0,1.0,True,1.0,1.0,1.0
Sauropsida,62,ADD,other,42,42,42,1.0,42,1.0,1.0,True,1.0,1.0,1.0
Sauropsida,63,ADD,other,42,42,42,1.0,42,1.0,1.0,True,1.0,1.0,1.0
Sauropsida,64,ADD,other,42,42,42,1.0,42,1.0,1.0,True,1.0,1.0,1.0
Sauropsida,65,ADD,other,42,42,42,1.0,42,1.0,1.0,True,1.0,1.0,1.0
Sauropsida,66,ADD,other,42,42,42,1.0,42,1.0,1.0,True,1.0,1.0,1.0
Sauropsida,67,ADD,other,42,42,42,1.0,42,1.0,1.0,True,1.0,1.0,1.0
Sauropsida,68,ADD,other,42,42,42,1.0,42,1.0,1.0,True,1.0,1.0,1.0
Sauropsida,69,ADD,other,42,42,42,1.0,42,1.0,1.0,True,1.0,1.0,1.0
Sauropsida,70,ADD,other,42,42,42,1.0,42,1.0,1.0,True,1.0,1.0,1.0
Sauropsida,71,ADD,other,42,42,42,1.0,42,1.0,1.0,True,1.0,1.0,1.0
Sauropsida,72,ADD,other,42,42,42,1.0,42,1.0,1.0,True,1.0,1.0,1.0
Sauropsida,73,ADD,other,42,42,42,1.0,42,1.0,1.0,True,1.0,1.0,1.0
Sauropsida,74,ADD,other,42,42,42,1.0,42,1.0,1.0,True,1.0,1.0,1.0
Sauropsida,75,ADD,other,42,42,42,1.0,42,1.0,1.0,True,1.0,1.0,1.0
Sauropsida,76,ADD,other,42,42,42,1.0,42,1.0,1.0,True,1.0,1.0,1.0
Sauropsida,77,ADD,other,42,42,42,1.0,42,1.0,1.0,True,1.0,1.0,1.0
Sauropsida,78,ADD,other,42,42,42,1.0,42,1.0,1.0,True,1.0,1.0,1.0
Sauropsida,79,ADD,other,42,42,42,1.0,42,1.0,1.0,True,1.0,1.0,1.0
Sauropsida,80,ADD,other,42,42,42,1.0,42,1.0,1.0,True,1.0,1.0,1.0
Sauropsida,81,ADD,other,42,42,42,1.0,42,1.0,1.0,True,1.0,1.0,1.0
Sauropsida,82,ADD,other,42,42,42,1.0,42,1.0,1.0,True,1.0,1.0,1.0
Sauropsida,83,ADD,other,42,42,42,1.0,42,1.0,1.0,True,1.0,1.0,1.0
Sauropsida,84,ADD,other,42,42,42,1.0,42,1.0,1.0,True,1.0,1.0,1.0
Sauropsida,85,ADD,other,42,42,42,1.0,42,1.0,1.0,True,1.0,1.0,1.0
Sauropsida,86,ADD,other,42,42,42,1.0,42,1.0,1.0,True,1.0,1.0,1.0
Sauropsida,87,ADD,other,42,42,42,1.0,42,1.0,1.0,True,1.0,1.0,1.0
Sauropsida,88,ADD,other,42,42,42,1.0,42,1.0,1.0,True,1.0,1.0,1.0
Sauropsida,89,ADD,other,42,42,42,1.0,42,1.0,1.0,True,1.0,1.0,1.0
Sauropsida,90,ADD,other,42,42,42,1.0,42,1.0,1.0,True,1.0,1.0,1.0
Sauropsida,91,ADD,other,42,42,42,1.0,42,1.0,1.0,True,1.0,1.0,1.0
Sauropsida,92,ADD,other,42,42,42,1.0,42,1.0,1.0,True,1.0,1.0,1.0
Sauropsida,93,ADD,other,42,42,42,1.0,42,1.0,1.0,True,1.0,1.0,1.0
Sauropsida,94,ADD,other,42,42,42,1.0,42,1.0,1.0,True,1.0,1.0,1.0
Sauropsida,95,ADD,other,42,42,42,1.0,42,1.0,1.0,True,1.0,1.0,1.0
Sauropsida,96,ADD,other,42,42,42,1.0,42,1.0,1.0,True,1.0,1.0,1.0
Sauropsida,97,ADD,other,42,42,42,1.0,42,1.0,1.0,True,1.0,1.0,1.0
Sauropsida,98,ADD,other,42,42,42,1.0,42,1.0,1.0,True,1.0,1.0,1.0
Sauropsida,99,ADD,other,42,42,42,1.0,42,1.0,1.0,True,1.0,1.0,1.0
Sauropsida,100,ADD,other,42,42,42,1.0,42,1.0,1.0,True,1.0,1.0,1.0
Sauropsida,101,ADD,other,42,42,42,1.0,42,1.0,1.0,True,1.0,1.0,1.0
Sauropsida,102,ADD,other,42,42,42,1.0,42,1.0,1.0,True,1.0,1.0,1.0
Sauropsida,103,ADD,other,42,42,42,1.0,42,1.0,1.0,True,1.0,1.0,1.0
Sauropsida,104,ADD,other,42,42,42,1.0,42,1.0,1.0,True,1.0,1.0,1.0
Sauropsida,105,ADD,other,42,42,42,1.0,42,1.0,1.0,True,1.0,1.0,1.0
Sauropsida,106,ADD,other,42,42,42,1.0,42,1.0,1.0,True,1.0,1.0,1.0
Sauropsida,107,ADD,other,42,42,42,1.0,42,1.0,1.0,True,1.0,1.0,1.0
Sauropsida,108,ADD,other,42,42,42,1.0,42,1.0,1.0,True,1.0,1.0,1.0
Sauropsida,109,ADD,other,42,42,42,1.0,42,1.0,1.0,True,1.0,1.0,1.0
Sauropsida,110,ADD,other,42,42,42,1.0,42,1.0,1.0,True,1.0,1.0,1.0
Sauropsida,111,ADD,other,42,42,42,1.0,42,1.0,1.0,True,1.0,1.0,1.0
Sauropsida,112,ADD,other,42,42,42,1.0,42,1.0,1.0,True,1.0,1.0,1.0
Sauropsida,113,ADD,other,42,42,42,1.0,42,1.0,1.0,True,1.0,1.0,1.0
Sauropsida,114,ADD,other,42,42,42,1.0,42,1.0,1.0,True,1.0,1.0,1.0
Sauropsida,115,ADD,other,42,42,42,1.0,42,1.0,1.0,True,1.0,1.0,1.0
Sauropsida,116,ADD,other,42,42,42,1.0,42,1.0,1.0,True,1.0,1.0,1.0
Sauropsida,117,ADD,other,42,42,42,1.0,42,1.0,1.0,True,1.0,1.0,1.0
Sauropsida,118,ADD,other,42,42,42,1.0,42,1.0,1.0,True,1.0,1.0,1.0
Sauropsida,119,ADD,other,42,42,42,1.0,42,1.0,1.0,True,1.0,1.0,1.0
Sauropsida,120,ADD,other,42,42,42,1.0,42,1.0,1.0,True,1.0,1.0,1.0
Sauropsida,121,ADD,other,42,42,42,1.0,42,1.0,1.0,True,1.0,1.0,1.0
Sauropsida,122,ADD,other,42,42,42,1.0,42,1.0,1.0,True,1.0,1.0,1.0
Sauropsida,123,ADD,other,42,42,42,1.0,42,1.0,1.0,True,1.0,1.0,1.0
Sauropsida,124,ADD,other,42,42,42,1.0,42,1.0,1.0,True,1.0,1.0,1.0
Sauropsida,125,ADD,other,42,42,42,1.0,42,1.0,1.0,True,1.0,1.0,1.0
Sauropsida,126,ADD,other,42,42,42,1.0,42,1.0,1.0,True,1.0,1.0,1.0
Sauropsida,127,ADD,other,42,42,42,1.0,42,1.0,1.0,True,1.0,1.0,1.0
Sauropsida,128,ADD,other,42,42,42,1.0,42,1.0,1.0,True,1.0,1.0,1.0
Sauropsida,129,ADD,other,42,42,42,1.0,42,1.0,1.0,True,1.0,1.0,1.0
Sauropsida,130,ADD,other,42,42,42,1.0,42,1.0,1.0,True,1.0,1.0,1.0
Sauropsida,131,ADD,other,42,42,42,1.0,42,1.0,1.0,True,1.0,1.0,1.0
Sauropsida,132,ADD,other,42,42,42,1.0,42,1.0,1.0,True,1.0,1.0,1.0
Sauropsida,133,ADD,other,42,42,42,1.0,42,1.0,1.0,True,1.0,1.0,1.0
Sauropsida,134,ADD,other,42,42,42,1.0,42,1.0,1.0,True,1.0,1.0,1.0
Sauropsida,135,ADD,other,42,42,42,1.0,42,1.0,1.0,True,1.0,1.0,1.0
Sauropsida,136,ADD,other,42,42,42,1.0,42,1.0,1.0,True,1.0,1.0,1.0
Sauropsida,137,ADD,other,42,42,42,1.0,42,1.0,1.0,True,1.0,1.0,1.0
Sauropsida,138,ADD,other,42,42,42,1.0,42,1.0,1.0,True,1.0,1.0,1.0
Sauropsida,139,ADD,other,42,42,42,1.0,42,1.0,1.0,True,1.0,1.0,1.0
Sauropsida,140,ADD,other,42,42,42,1.0,42,1.0,1.0,True,1.0,1.0,1.0
Sauropsida,141,ADD,other,42,42,42,1.0,42,1.0,1.0,True,1.0,1.0,1.0
Sauropsida,142,ADD,other,42,42,42,1.0,42,1.0,1.0,True,1.0,1.0,1.0
Sauropsida,143,ADD,other,42,42,42,1.0,42,1.0,1.0,True,1.0,1.0,1.0
Sauropsida,144,ADD,other,42,42,42,1.0,42,1.0,1.0,True,1.0,1.0,1.0
Sauropsida,145,ADD,other,42,42,42,1.0,42,1.0,1.0,True,1.0,1.0,1.0
Sauropsida,146,ADD,other,42,42,42,1.0,42,1.0,1.0,True,1.0,1.0,1.0
Sauropsida,147,ADD,other,42,42,42,1.0,42,1.0,1.0,True,1.0,1.0,1.0
Sauropsida,148,ADD,other,42,42,42,1.0,42,1.0,1.0,True,1.0,1.0,1.0
Sauropsida,149,ADD,other,42,42,42,1.0,42,1.0,1.0,True,1.0,1.0,1.0
Sauropsida,150,ADD,other,42,42,42,1.0,42,1.0,1.0,True,1.0,1.0,1.0
Sauropsida,151,ADD,other,42,42,42,1.0,42,1.0,1.0,True,1.0,1.0,1.0
Sauropsida,152,ADD,other,42,42,42,1.0,42,1.0,1.0,True,1.0,1.0,1.0
Sauropsida,153,ADD,other,42,42,42,1.0,42,1.0,1.0,True,1.0,1.0,1.0
Sauropsida,154,ADD,other,42,42,42,1.0,42,1.0,1.0,True,1.0,1.0,1.0
Sauropsida,155,ADD,other,42,42,42,1.0,42,1.0,1.0,True,1.0,1.0,1.0
Sauropsida,156,ADD,other,42,42,42,1.0,42,1.0,1.0,True,1.0,1.0,1.0
Sauropsida,157,ADD,other,42,42,42,1.0,42,1.0,1.0,True,1.0,1.0,1.0
Sauropsida,158,ADD,other,42,42,42,1.0,42,1.0,1.0,True,1.0,1.0,1.0
Sauropsida,159,ADD,other,42,42,42,1.0,42,1.0,1.0,True,1.0,1.0,1.0
Sauropsida,160,ADD,other,42,42,42,1.0,42,1.0,1.0,True,1.0,1.0,1.0
Sauropsida,161,ADD,other,42,42,42,1.0,42,1.0,1.0,True,1.0,1.0,1.0
Sauropsida,162,ADD,other,42,42,42,1.0,42,1.0,1.0,True,1.0,1.0,1.0
Sauropsida,163,ADD,other,42,42,42,1.0,42,1.0,1.0,True,1.0,1.0,1.0
Sauropsida,164,ADD,other,42,42,42,1.0,42,1.0,1.0,True,1.0,1.0,1.0
Sauropsida,165,ADD,other,42,42,42,1.0,42,1.0,1.0,True,1.0,1.0,1.0
Sauropsida,166,ADD,other,42,42,42,1.0,42,1.0,1.0,True,1.0,1.0,1.0
Sauropsida,167,ADD,other,42,42,42,1.0,42,1.0,1.0,True,1.0,1.0,1.0
Sauropsida,168,ADD,other,42,42,42,1.0,42,1.0,1.0,True,1.0,1.0,1.0
Sauropsida,169,ADD,other,42,42,42,1.0,42,1.0,1.0,True,1.0,1.0,1.0
Sauropsida,170,ADD,other,42,42,42,1.0,42,1.0,1.0,True,1.0,1.0,1.0
Sauropsida,171,ADD,other,42,42,42,1.0,42,1.0,1.0,True,1.0,1.0,1.0
Sauropsida,172,ADD,other,42,42,42,1.0,42,1.0,1.0,True,1.0,1.0,1.0
Sauropsida,173,ADD,other,42,15,4,0.09523809523809523,4,1.0,0.09523809523809523,False,1.0,1.0,1.0
Sauropsida,174,linker,other,42,42,41,0.9761904761904762,31,0.7560975609756098,0.7380952380952381,False,0.7560975609756098,1.0,0.7560975609756098
Sauropsida,175,linker,other,42,39,37,0.8809523809523809,27,0.7297297297297297,0.6428571428571429,False,1.0,0.7297297297297297,0.7368421052631579
Sauropsida,176,linker,other,42,42,42,1.0,32,0.7619047619047619,0.7619047619047619,False,1.0,0.7619047619047619,0.7619047619047619
Sauropsida,177,linker,other,42,42,42,1.0,42,1.0,1.0,True,1.0,1.0,1.0
Sauropsida,178,C_terminal_MTase_like,other,42,42,42,1.0,42,1.0,1.0,True,1.0,1.0,1.0
Sauropsida,179,C_terminal_MTase_like,other,42,42,42,1.0,42,1.0,1.0,True,1.0,1.0,1.0
Sauropsida,180,C_terminal_MTase_like,other,42,42,42,1.0,42,1.0,1.0,True,1.0,1.0,1.0
Sauropsida,181,C_terminal_MTase_like,other,42,42,42,1.0,42,1.0,1.0,True,1.0,1.0,1.0
Sauropsida,182,C_terminal_MTase_like,other,42,42,42,1.0,42,1.0,1.0,True,1.0,1.0,1.0
Sauropsida,183,C_terminal_MTase_like,other,42,42,42,1.0,42,1.0,1.0,True,1.0,1.0,1.0
Sauropsida,184,C_terminal_MTase_like,other,42,42,42,1.0,42,1.0,1.0,True,1.0,1.0,1.0
Sauropsida,185,C_terminal_MTase_like,other,42,42,42,1.0,42,1.0,1.0,True,1.0,1.0,1.0
Sauropsida,186,C_terminal_MTase_like,other,42,42,42,1.0,42,1.0,1.0,True,1.0,1.0,1.0
Sauropsida,187,C_terminal_MTase_like,other,42,42,42,1.0,42,1.0,1.0,True,1.0,1.0,1.0
Sauropsida,188,C_terminal_MTase_like,other,42,42,42,1.0,42,1.0,1.0,True,1.0,1.0,1.0
Sauropsida,189,C_terminal_MTase_like,other,42,42,42,1.0,42,1.0,1.0,True,1.0,1.0,1.0
Sauropsida,190,C_terminal_MTase_like,other,42,42,42,1.0,42,1.0,1.0,True,1.0,1.0,1.0
Sauropsida,191,C_terminal_MTase_like,other,42,42,42,1.0,42,1.0,1.0,True,1.0,1.0,1.0
Sauropsida,192,C_terminal_MTase_like,other,42,42,42,1.0,42,1.0,1.0,True,1.0,1.0,1.0
Sauropsida,193,C_terminal_MTase_like,other,42,42,42,1.0,42,1.0,1.0,True,1.0,1.0,1.0
Sauropsida,194,C_terminal_MTase_like,other,42,42,42,1.0,42,1.0,1.0,True,1.0,1.0,1.0
Sauropsida,195,C_terminal_MTase_like,other,42,42,42,1.0,42,1.0,1.0,True,1.0,1.0,1.0
Sauropsida,196,C_terminal_MTase_like,other,42,42,42,1.0,42,1.0,1.0,True,1.0,1.0,1.0
Sauropsida,197,C_terminal_MTase_like,other,42,42,42,1.0,42,1.0,1.0,True,1.0,1.0,1.0
Sauropsida,198,C_terminal_MTase_like,other,42,42,42,1.0,42,1.0,1.0,True,1.0,1.0,1.0
Sauropsida,199,C_terminal_MTase_like,other,42,42,42,1.0,42,1.0,1.0,True,1.0,1.0,1.0
Sauropsida,200,C_terminal_MTase_like,other,42,42,42,1.0,42,1.0,1.0,True,1.0,1.0,1.0
Sauropsida,201,C_terminal_MTase_like,other,42,42,42,1.0,42,1.0,1.0,True,1.0,1.0,1.0
Sauropsida,202,C_terminal_MTase_like,other,42,42,42,1.0,42,1.0,1.0,True,1.0,1.0,1.0
Sauropsida,203,C_terminal_MTase_like,other,42,42,42,1.0,42,1.0,1.0,True,1.0,1.0,1.0
Sauropsida,204,C_terminal_MTase_like,other,42,42,42,1.0,42,1.0,1.0,True,1.0,1.0,1.0
Sauropsida,205,C_terminal_MTase_like,other,42,42,42,1.0,42,1.0,1.0,True,1.0,1.0,1.0
Sauropsida,206,C_terminal_MTase_like,other,42,42,42,1.0,42,1.0,1.0,True,1.0,1.0,1.0
Sauropsida,207,C_terminal_MTase_like,other,42,42,42,1.0,42,1.0,1.0,True,1.0,1.0,1.0
Sauropsida,208,C_terminal_MTase_like,other,42,42,42,1.0,42,1.0,1.0,True,1.0,1.0,1.0
Sauropsida,209,C_terminal_MTase_like,other,42,42,42,1.0,42,1.0,1.0,True,1.0,1.0,1.0
Sauropsida,210,C_terminal_MTase_like,other,42,42,42,1.0,42,1.0,1.0,True,1.0,1.0,1.0
Sauropsida,211,C_terminal_MTase_like,other,42,42,42,1.0,42,1.0,1.0,True,1.0,1.0,1.0
Sauropsida,212,C_terminal_MTase_like,other,42,41,41,0.9761904761904762,41,1.0,0.9761904761904762,True,1.0,1.0,1.0
Sauropsida,213,C_terminal_MTase_like,other,42,41,41,0.9761904761904762,41,1.0,0.9761904761904762,True,1.0,1.0,1.0
Sauropsida,214,C_terminal_MTase_like,other,42,41,41,0.9761904761904762,41,1.0,0.9761904761904762,True,1.0,1.0,1.0
Sauropsida,215,C_terminal_MTase_like,other,42,41,41,0.9761904761904762,41,1.0,0.9761904761904762,True,1.0,1.0,1.0
Sauropsida,216,C_terminal_MTase_like,other,42,41,41,0.9761904761904762,41,1.0,0.9761904761904762,True,1.0,1.0,1.0
Sauropsida,217,C_terminal_MTase_like,other,42,42,42,1.0,42,1.0,1.0,True,1.0,1.0,1.0
Sauropsida,218,C_terminal_MTase_like,other,42,42,42,1.0,42,1.0,1.0,True,1.0,1.0,1.0
Sauropsida,219,C_terminal_MTase_like,other,42,42,42,1.0,42,1.0,1.0,True,1.0,1.0,1.0
Sauropsida,220,C_terminal_MTase_like,other,42,42,42,1.0,42,1.0,1.0,True,1.0,1.0,1.0
Sauropsida,221,C_terminal_MTase_like,other,42,42,42,1.0,42,1.0,1.0,True,1.0,1.0,1.0
Sauropsida,222,C_terminal_MTase_like,other,42,42,42,1.0,42,1.0,1.0,True,1.0,1.0,1.0
Sauropsida,223,C_terminal_MTase_like,other,42,42,42,1.0,42,1.0,1.0,True,1.0,1.0,1.0
Sauropsida,224,C_terminal_MTase_like,other,42,42,42,1.0,42,1.0,1.0,True,1.0,1.0,1.0
Sauropsida,225,C_terminal_MTase_like,other,42,42,42,1.0,42,1.0,1.0,True,1.0,1.0,1.0
Sauropsida,226,C_terminal_MTase_like,other,42,42,42,1.0,42,1.0,1.0,True,1.0,1.0,1.0
Sauropsida,227,C_terminal_MTase_like,other,42,42,42,1.0,42,1.0,1.0,True,1.0,1.0,1.0
Sauropsida,228,C_terminal_MTase_like,other,42,42,42,1.0,42,1.0,1.0,True,1.0,1.0,1.0
Sauropsida,229,C_terminal_MTase_like,other,42,42,42,1.0,42,1.0,1.0,True,1.0,1.0,1.0
Sauropsida,230,C_terminal_MTase_like,other,42,42,42,1.0,42,1.0,1.0,True,1.0,1.0,1.0
Sauropsida,231,C_terminal_MTase_like,other,42,42,42,1.0,42,1.0,1.0,True,1.0,1.0,1.0
Sauropsida,232,C_terminal_MTase_like,other,42,42,42,1.0,42,1.0,1.0,True,1.0,1.0,1.0
Sauropsida,233,C_terminal_MTase_like,other,42,42,42,1.0,42,1.0,1.0,True,1.0,1.0,1.0
Sauropsida,234,C_terminal_MTase_like,other,42,42,42,1.0,42,1.0,1.0,True,1.0,1.0,1.0
Sauropsida,235,C_terminal_MTase_like,other,42,42,42,1.0,42,1.0,1.0,True,1.0,1.0,1.0
Sauropsida,236,C_terminal_MTase_like,other,42,42,42,1.0,42,1.0,1.0,True,1.0,1.0,1.0
Sauropsida,237,C_terminal_MTase_like,other,42,42,42,1.0,42,1.0,1.0,True,1.0,1.0,1.0
Sauropsida,238,C_terminal_MTase_like,other,42,42,42,1.0,42,1.0,1.0,True,1.0,1.0,1.0
Sauropsida,239,C_terminal_MTase_like,other,42,42,42,1.0,42,1.0,1.0,True,1.0,1.0,1.0
Sauropsida,240,C_terminal_MTase_like,other,42,42,42,1.0,42,1.0,1.0,True,1.0,1.0,1.0
Sauropsida,241,C_terminal_MTase_like,other,42,42,42,1.0,42,1.0,1.0,True,1.0,1.0,1.0
Sauropsida,242,C_terminal_MTase_like,other,42,42,42,1.0,42,1.0,1.0,True,1.0,1.0,1.0
Sauropsida,243,C_terminal_MTase_like,other,42,42,42,1.0,42,1.0,1.0,True,1.0,1.0,1.0
Sauropsida,244,C_terminal_MTase_like,other,42,42,42,1.0,42,1.0,1.0,True,1.0,1.0,1.0
Sauropsida,245,C_terminal_MTase_like,other,42,42,42,1.0,42,1.0,1.0,True,1.0,1.0,1.0
Sauropsida,246,C_terminal_MTase_like,other,42,42,42,1.0,42,1.0,1.0,True,1.0,1.0,1.0
Sauropsida,247,C_terminal_MTase_like,other,42,42,42,1.0,42,1.0,1.0,True,1.0,1.0,1.0
Sauropsida,248,C_terminal_MTase_like,other,42,42,42,1.0,42,1.0,1.0,True,1.0,1.0,1.0
Sauropsida,249,C_terminal_MTase_like,other,42,42,42,1.0,42,1.0,1.0,True,1.0,1.0,1.0
Sauropsida,250,C_terminal_MTase_like,other,42,42,42,1.0,42,1.0,1.0,True,1.0,1.0,1.0
Sauropsida,251,C_terminal_MTase_like,other,42,42,42,1.0,42,1.0,1.0,True,1.0,1.0,1.0
Sauropsida,252,C_terminal_MTase_like,other,42,42,42,1.0,42,1.0,1.0,True,1.0,1.0,1.0
Sauropsida,253,C_terminal_MTase_like,other,42,42,42,1.0,42,1.0,1.0,True,1.0,1.0,1.0
Sauropsida,254,C_terminal_MTase_like,other,42,42,42,1.0,42,1.0,1.0,True,1.0,1.0,1.0
Sauropsida,255,C_terminal_MTase_like,other,42,42,42,1.0,42,1.0,1.0,True,1.0,1.0,1.0
Sauropsida,256,C_terminal_MTase_like,other,42,42,42,1.0,42,1.0,1.0,True,1.0,1.0,1.0
Sauropsida,257,C_terminal_MTase_like,other,42,42,42,1.0,42,1.0,1.0,True,1.0,1.0,1.0
Sauropsida,258,C_terminal_MTase_like,other,42,42,42,1.0,42,1.0,1.0,True,1.0,1.0,1.0
Sauropsida,259,C_terminal_MTase_like,other,42,42,42,1.0,42,1.0,1.0,True,1.0,1.0,1.0
Sauropsida,260,C_terminal_MTase_like,other,42,42,42,1.0,42,1.0,1.0,True,1.0,1.0,1.0
Sauropsida,261,C_terminal_MTase_like,other,42,42,42,1.0,42,1.0,1.0,True,1.0,1.0,1.0
Sauropsida,262,C_terminal_MTase_like,other,42,42,42,1.0,42,1.0,1.0,True,1.0,1.0,1.0
Sauropsida,263,C_terminal_MTase_like,other,42,42,42,1.0,42,1.0,1.0,True,1.0,1.0,1.0
Sauropsida,264,C_terminal_MTase_like,other,42,42,42,1.0,42,1.0,1.0,True,1.0,1.0,1.0
Sauropsida,265,C_terminal_MTase_like,other,42,42,42,1.0,42,1.0,1.0,True,1.0,1.0,1.0
Sauropsida,266,C_terminal_MTase_like,other,42,42,42,1.0,42,1.0,1.0,True,1.0,1.0,1.0
Sauropsida,267,C_terminal_MTase_like,other,42,42,42,1.0,42,1.0,1.0,True,1.0,1.0,1.0
Sauropsida,268,C_terminal_MTase_like,other,42,42,42,1.0,42,1.0,1.0,True,1.0,1.0,1.0
Sauropsida,269,C_terminal_MTase_like,other,42,42,42,1.0,42,1.0,1.0,True,1.0,1.0,1.0
Sauropsida,270,C_terminal_MTase_like,other,42,42,42,1.0,42,1.0,1.0,True,1.0,1.0,1.0
Sauropsida,271,C_terminal_MTase_like,other,42,42,42,1.0,42,1.0,1.0,True,1.0,1.0,1.0
Sauropsida,272,C_terminal_MTase_like,other,42,42,42,1.0,42,1.0,1.0,True,1.0,1.0,1.0
Sauropsida,273,C_terminal_MTase_like,other,42,42,42,1.0,42,1.0,1.0,True,1.0,1.0,1.0
Sauropsida,274,C_terminal_MTase_like,other,42,42,42,1.0,42,1.0,1.0,True,1.0,1.0,1.0
Sauropsida,275,C_terminal_MTase_like,other,42,41,31,0.7380952380952381,31,1.0,0.7380952380952381,False,1.0,1.0,1.0
Sauropsida,276,C_terminal_MTase_like,other,42,42,32,0.7619047619047619,32,1.0,0.7619047619047619,False,1.0,1.0,1.0
Sauropsida,277,C_terminal_MTase_like,other,42,26,26,0.6190476190476191,26,1.0,0.6190476190476191,False,1.0,1.0,1.0
Sauropsida,278,C_terminal_MTase_like,other,42,42,32,0.7619047619047619,32,1.0,0.7619047619047619,False,1.0,1.0,1.0
Sauropsida,279,C_terminal_MTase_like,other,42,42,32,0.7619047619047619,32,1.0,0.7619047619047619,False,1.0,1.0,1.0
Sauropsida,280,C_terminal_MTase_like,other,42,42,42,1.0,42,1.0,1.0,True,1.0,1.0,1.0
Sauropsida,281,C_terminal_MTase_like,other,42,42,42,1.0,42,1.0,1.0,True,1.0,1.0,1.0
Sauropsida,282,C_terminal_MTase_like,other,42,42,42,1.0,42,1.0,1.0,True,1.0,1.0,1.0
Sauropsida,283,C_terminal_MTase_like,other,42,42,42,1.0,42,1.0,1.0,True,1.0,1.0,1.0
Sauropsida,284,C_terminal_MTase_like,other,42,42,42,1.0,42,1.0,1.0,True,1.0,1.0,1.0
Sauropsida,285,C_terminal_MTase_like,other,42,42,42,1.0,42,1.0,1.0,True,1.0,1.0,1.0
Sauropsida,286,C_terminal_MTase_like,other,42,42,42,1.0,42,1.0,1.0,True,1.0,1.0,1.0
Sauropsida,287,C_terminal_MTase_like,other,42,42,42,1.0,42,1.0,1.0,True,1.0,1.0,1.0
Sauropsida,288,C_terminal_MTase_like,other,42,42,42,1.0,42,1.0,1.0,True,1.0,1.0,1.0
Sauropsida,289,C_terminal_MTase_like,other,42,42,42,1.0,42,1.0,1.0,True,1.0,1.0,1.0
Sauropsida,290,C_terminal_MTase_like,other,42,42,42,1.0,42,1.0,1.0,True,1.0,1.0,1.0
Sauropsida,291,C_terminal_MTase_like,other,42,42,42,1.0,42,1.0,1.0,True,1.0,1.0,1.0
Sauropsida,292,C_terminal_MTase_like,other,42,42,42,1.0,42,1.0,1.0,True,1.0,1.0,1.0
Sauropsida,293,C_terminal_MTase_like,other,42,42,42,1.0,42,1.0,1.0,True,1.0,1.0,1.0
Sauropsida,294,C_terminal_MTase_like,other,42,42,42,1.0,42,1.0,1.0,True,1.0,1.0,1.0
Sauropsida,295,C_terminal_MTase_like,other,42,42,42,1.0,42,1.0,1.0,True,1.0,1.0,1.0
Sauropsida,296,C_terminal_MTase_like,other,42,42,42,1.0,42,1.0,1.0,True,1.0,1.0,1.0
Sauropsida,297,C_terminal_MTase_like,other,42,42,42,1.0,42,1.0,1.0,True,1.0,1.0,1.0
Sauropsida,298,C_terminal_MTase_like,other,42,42,42,1.0,42,1.0,1.0,True,1.0,1.0,1.0
Sauropsida,299,C_terminal_MTase_like,other,42,42,42,1.0,42,1.0,1.0,True,1.0,1.0,1.0
Sauropsida,300,C_terminal_MTase_like,other,42,42,42,1.0,42,1.0,1.0,True,1.0,1.0,1.0
Sauropsida,301,C_terminal_MTase_like,other,42,42,42,1.0,42,1.0,1.0,True,1.0,1.0,1.0
Sauropsida,302,C_terminal_MTase_like,other,42,42,42,1.0,42,1.0,1.0,True,1.0,1.0,1.0
Sauropsida,303,C_terminal_MTase_like,other,42,42,42,1.0,42,1.0,1.0,True,1.0,1.0,1.0
Sauropsida,304,C_terminal_MTase_like,other,42,42,41,0.9761904761904762,41,1.0,0.9761904761904762,True,1.0,1.0,1.0
Sauropsida,305,C_terminal_MTase_like,other,42,42,41,0.9761904761904762,41,1.0,0.9761904761904762,True,1.0,1.0,1.0
Sauropsida,306,C_terminal_MTase_like,other,42,42,41,0.9761904761904762,41,1.0,0.9761904761904762,True,1.0,1.0,1.0
Sauropsida,307,C_terminal_MTase_like,other,42,42,41,0.9761904761904762,41,1.0,0.9761904761904762,True,1.0,1.0,1.0
Sauropsida,308,C_terminal_MTase_like,other,42,42,41,0.9761904761904762,41,1.0,0.9761904761904762,True,1.0,1.0,1.0
Sauropsida,309,C_terminal_MTase_like,other,42,42,41,0.9761904761904762,41,1.0,0.9761904761904762,True,1.0,1.0,1.0
Sauropsida,310,C_terminal_MTase_like,other,42,42,41,0.9761904761904762,41,1.0,0.9761904761904762,True,1.0,1.0,1.0
Sauropsida,311,C_terminal_MTase_like,other,42,42,41,0.9761904761904762,41,1.0,0.9761904761904762,True,1.0,1.0,1.0
Sauropsida,312,C_terminal_MTase_like,other,42,42,41,0.9761904761904762,41,1.0,0.9761904761904762,True,1.0,1.0,1.0
Sauropsida,313,C_terminal_MTase_like,other,42,42,41,0.9761904761904762,41,1.0,0.9761904761904762,True,1.0,1.0,1.0
Sauropsida,314,C_terminal_MTase_like,other,42,42,41,0.9761904761904762,41,1.0,0.9761904761904762,True,1.0,0.9761904761904762,1.0
Sauropsida,315,C_terminal_MTase_like,other,42,42,41,0.9761904761904762,41,1.0,0.9761904761904762,True,1.0,0.9761904761904762,1.0
Sauropsida,316,C_terminal_MTase_like,other,42,42,41,0.9761904761904762,41,1.0,0.9761904761904762,True,1.0,0.9761904761904762,1.0
Sauropsida,317,C_terminal_MTase_like,other,42,42,41,0.9761904761904762,41,1.0,0.9761904761904762,True,1.0,1.0,1.0
Sauropsida,318,C_terminal_MTase_like,other,42,42,41,0.9761904761904762,41,1.0,0.9761904761904762,True,1.0,0.9761904761904762,1.0
Sauropsida,319,C_terminal_MTase_like,other,42,42,41,0.9761904761904762,41,1.0,0.9761904761904762,True,1.0,1.0,1.0
Sauropsida,320,C_terminal_MTase_like,other,42,42,41,0.9761904761904762,41,1.0,0.9761904761904762,True,1.0,0.9761904761904762,1.0
Sauropsida,321,C_terminal_MTase_like,other,42,42,41,0.9761904761904762,41,1.0,0.9761904761904762,True,1.0,0.9761904761904762,1.0
Sauropsida,322,C_terminal_MTase_like,other,42,42,41,0.9761904761904762,41,1.0,0.9761904761904762,True,1.0,0.9761904761904762,1.0
Sauropsida,323,C_terminal_MTase_like,other,42,42,41,0.9761904761904762,41,1.0,0.9761904761904762,True,1.0,1.0,1.0
Sauropsida,324,C_terminal_MTase_like,other,42,42,41,0.9761904761904762,41,1.0,0.9761904761904762,True,1.0,1.0,1.0
Sauropsida,325,C_terminal_MTase_like,other,42,41,41,0.9761904761904762,41,1.0,0.9761904761904762,True,1.0,1.0,1.0
Sauropsida,326,C_terminal_MTase_like,other,42,41,41,0.9761904761904762,41,1.0,0.9761904761904762,True,1.0,1.0,1.0
Sauropsida,327,C_terminal_MTase_like,other,42,42,41,0.9761904761904762,41,1.0,0.9761904761904762,True,1.0,1.0,1.0
Sauropsida,328,C_terminal_MTase_like,other,42,42,41,0.9761904761904762,41,1.0,0.9761904761904762,True,1.0,1.0,1.0
Sauropsida,329,C_terminal_MTase_like,other,42,42,41,0.9761904761904762,41,1.0,0.9761904761904762,True,0.9761904761904762,1.0,1.0
Sauropsida,330,C_terminal_MTase_like,other,42,42,41,0.9761904761904762,41,1.0,0.9761904761904762,True,0.9761904761904762,1.0,1.0
Sauropsida,331,C_terminal_MTase_like,other,42,42,0,0.0,0,,0.0,False,,1.0,
Sauropsida,332,C_terminal_MTase_like,other,42,42,41,0.9761904761904762,0,0.0,0.0,False,0.0,1.0,0.0
Sauropsida,333,C_terminal_MTase_like,other,42,42,0,0.0,0,,0.0,False,,,0.0
Sauropsida,334,C_terminal_MTase_like,other,42,42,40,0.9523809523809523,0,0.0,0.0,False,0.9761904761904762,0.0,0.0
Sauropsida,335,C_terminal_MTase_like,other,42,42,40,0.9523809523809523,0,0.0,0.0,False,0.9761904761904762,0.0,0.0
Sauropsida,336,C_terminal_MTase_like,other,42,42,40,0.9523809523809523,2,0.05,0.047619047619047616,False,0.9761904761904762,0.05,0.05
Sauropsida,337,C_terminal_MTase_like,other,42,42,40,0.9523809523809523,0,0.0,0.0,False,0.9761904761904762,0.0,0.0
Sauropsida,338,C_terminal_MTase_like,other,42,42,40,0.9523809523809523,1,0.025,0.023809523809523808,False,0.9761904761904762,0.025,0.025
Sauropsida,339,C_terminal_MTase_like,other,42,42,0,0.0,0,,0.0,False,0.9761904761904762,,
Sauropsida,340,C_terminal_MTase_like,other,42,42,0,0.0,0,,0.0,False,0.9761904761904762,,
Sauropsida,341,C_terminal_MTase_like,switching_helix,42,42,0,0.0,0,,0.0,False,0.9761904761904762,,
Sauropsida,342,C_terminal_MTase_like,switching_helix,42,42,0,0.0,0,,0.0,False,0.9523809523809523,,
Sauropsida,343,C_terminal_MTase_like,switching_helix,42,42,40,0.9523809523809523,40,1.0,0.9523809523809523,True,0.975609756097561,1.0,1.0
Sauropsida,344,C_terminal_MTase_like,switching_helix,42,42,40,0.9523809523809523,40,1.0,0.9523809523809523,True,0.9523809523809523,1.0,1.0
Sauropsida,345,C_terminal_MTase_like,switching_helix,42,42,40,0.9523809523809523,40,1.0,0.9523809523809523,True,0.9523809523809523,1.0,1.0
Sauropsida,346,C_terminal_MTase_like,switching_helix,42,42,40,0.9523809523809523,40,1.0,0.9523809523809523,True,0.9523809523809523,1.0,1.0
Sauropsida,347,C_terminal_MTase_like,switching_helix,42,42,40,0.9523809523809523,40,1.0,0.9523809523809523,True,0.975609756097561,1.0,1.0
Sauropsida,348,C_terminal_MTase_like,switching_helix,42,42,41,0.9761904761904762,40,0.975609756097561,0.9523809523809523,True,0.975609756097561,0.975609756097561,1.0
Sauropsida,349,C_terminal_MTase_like,switching_helix,42,42,41,0.9761904761904762,40,0.975609756097561,0.9523809523809523,True,0.9523809523809523,0.975609756097561,1.0
Sauropsida,350,C_terminal_MTase_like,switching_helix,42,42,41,0.9761904761904762,41,1.0,0.9761904761904762,True,0.9761904761904762,1.0,1.0
Sauropsida,351,C_terminal_MTase_like,switching_helix,42,42,41,0.9761904761904762,40,0.975609756097561,0.9523809523809523,True,0.9523809523809523,0.975609756097561,1.0
Sauropsida,352,C_terminal_MTase_like,switching_helix,42,42,32,0.7619047619047619,30,0.9375,0.7142857142857143,False,0.9285714285714286,0.9375,1.0
Sauropsida,353,C_terminal_MTase_like,switching_helix,42,42,41,0.9761904761904762,39,0.9512195121951219,0.9285714285714286,True,0.9523809523809523,0.9512195121951219,0.9512195121951219
Sauropsida,354,C_terminal_MTase_like,switching_helix,42,42,42,1.0,39,0.9285714285714286,0.9285714285714286,True,0.9285714285714286,0.9285714285714286,0.9523809523809523
Sauropsida,355,C_terminal_MTase_like,switching_helix,42,42,41,0.9761904761904762,39,0.9512195121951219,0.9285714285714286,True,0.9285714285714286,0.9512195121951219,0.975609756097561
Sauropsida,356,C_terminal_MTase_like,switching_helix_adjacent_loop,42,42,40,0.9523809523809523,39,0.975,0.9285714285714286,True,0.9285714285714286,0.975,1.0
Sauropsida,357,C_terminal_MTase_like,switching_helix_adjacent_loop,42,42,40,0.9523809523809523,39,0.975,0.9285714285714286,True,0.9285714285714286,0.975,0.975
Sauropsida,358,C_terminal_MTase_like,switching_helix_adjacent_loop,42,42,40,0.9523809523809523,39,0.975,0.9285714285714286,True,0.9285714285714286,1.0,0.975
Sauropsida,359,C_terminal_MTase_like,switching_helix_adjacent_loop,42,42,40,0.9523809523809523,39,0.975,0.9285714285714286,True,0.9285714285714286,0.975,0.975
Sauropsida,360,C_terminal_MTase_like,switching_helix_adjacent_loop,42,42,40,0.9523809523809523,39,0.975,0.9285714285714286,True,0.9285714285714286,0.975,1.0
Sauropsida,361,C_terminal_MTase_like,other,42,42,40,0.9523809523809523,40,1.0,0.9523809523809523,True,0.9761904761904762,1.0,1.0
Sauropsida,362,C_terminal_MTase_like,other,42,42,39,0.9285714285714286,39,1.0,0.9285714285714286,True,0.9285714285714286,1.0,1.0
Sauropsida,363,C_terminal_MTase_like,other,42,42,39,0.9285714285714286,39,1.0,0.9285714285714286,True,0.9285714285714286,1.0,1.0
Sauropsida,364,C_terminal_MTase_like,other,42,42,39,0.9285714285714286,39,1.0,0.9285714285714286,True,0.9512195121951219,1.0,1.0
Sauropsida,365,C_terminal_MTase_like,other,42,42,39,0.9285714285714286,39,1.0,0.9285714285714286,True,0.975609756097561,1.0,1.0
Sauropsida,366,C_terminal_MTase_like,other,42,41,38,0.9047619047619048,38,1.0,0.9047619047619048,True,0.9512195121951219,1.0,1.0
Sauropsida,367,C_terminal_MTase_like,other,42,41,38,0.9047619047619048,38,1.0,0.9047619047619048,True,0.9512195121951219,1.0,1.0
Sauropsida,368,C_terminal_MTase_like,other,42,41,38,0.9047619047619048,38,1.0,0.9047619047619048,True,0.926829268292683,1.0,1.0
Sauropsida,369,C_terminal_MTase_like,other,42,41,38,0.9047619047619048,38,1.0,0.9047619047619048,True,0.926829268292683,1.0,1.0
Sauropsida,370,C_terminal_MTase_like,other,42,41,38,0.9047619047619048,38,1.0,0.9047619047619048,True,0.95,1.0,1.0
Sauropsida,371,C_terminal_MTase_like,other,42,41,38,0.9047619047619048,38,1.0,0.9047619047619048,True,0.95,1.0,1.0
Sauropsida,372,C_terminal_MTase_like,other,42,40,38,0.9047619047619048,38,1.0,0.9047619047619048,True,0.975,1.0,1.0
Sauropsida,373,C_terminal_MTase_like,other,42,41,38,0.9047619047619048,38,1.0,0.9047619047619048,True,0.95,1.0,1.0
Sauropsida,374,C_terminal_MTase_like,other,42,41,38,0.9047619047619048,38,1.0,0.9047619047619048,True,0.95,0.9743589743589743,1.0
Sauropsida,375,C_terminal_MTase_like,other,42,42,39,0.9285714285714286,38,0.9743589743589743,0.9047619047619048,True,0.926829268292683,0.975,0.9743589743589743
Sauropsida,376,C_terminal_MTase_like,other,42,42,40,0.9523809523809523,38,0.95,0.9047619047619048,True,0.926829268292683,0.9512195121951219,0.975
Sauropsida,377,C_terminal_MTase_like,other,42,41,40,0.9523809523809523,40,1.0,0.9523809523809523,True,0.975609756097561,1.0,1.0
Sauropsida,378,C_terminal_MTase_like,other,42,41,40,0.9523809523809523,38,0.95,0.9047619047619048,True,0.926829268292683,1.0,0.95
Sauropsida,379,C_terminal_MTase_like,other,42,42,41,0.9761904761904762,39,0.9512195121951219,0.9285714285714286,True,0.9512195121951219,0.975609756097561,0.975609756097561
Sauropsida,380,C_terminal_MTase_like,other,42,38,37,0.8809523809523809,34,0.918918918918919,0.8095238095238095,True,0.918918918918919,0.972972972972973,0.918918918918919
Sauropsida,381,C_terminal_tail,other,42,5,0,0.0,0,,0.0,False,0.75,,
Sauropsida,382,C_terminal_tail,other,42,2,0,0.0,0,,0.0,False,,,
Sauropsida,383,C_terminal_tail,other,42,2,0,0.0,0,,0.0,False,,,
Sauropsida,384,C_terminal_tail,other,42,5,0,0.0,0,,0.0,False,0.0,,
Sauropsida,385,C_terminal_tail,other,42,5,0,0.0,0,,0.0,False,0.0,,
Sauropsida,386,C_terminal_tail,other,42,5,0,0.0,0,,0.0,False,0.0,,
Sauropsida,387,C_terminal_tail,other,42,5,0,0.0,0,,0.0,False,0.0,,
