Scope,Aligner,Sequence_SHA256,Representative,Sequence_Name,Status,Duplicate_Group_Size
Placentalia,MACSE,1bed38da6f72f594bc5651b7e8906da7d217aeeab5ef709afdafe83a203a13fc,Acinonyx_jubatus,Acinonyx_jubatus,retained,1
Placentalia,MACSE,78a26098fb07960a16de916522f82717ec0ea3b37ed65e3f9995c327e187a1a3,Felis_catus,Felis_catus,retained,1
Placentalia,MACSE,0ae6d4f931666f54beb28938f860939d646a1d9cb7136fefdb7b1a08b8269878,Prionailurus_viverrinus,Prionailurus_viverrinus,retained,1
Placentalia,MACSE,674fc67df755a6551363b2607467b5cfcdf40c9efdd6d05c40e69e9066091129,Leopardus_geoffroyi,Leopardus_geoffroyi,retained,1
Placentalia,MACSE,0fe057df1ba253090dd0d9aef1ae59cb49c9e818ea0e999664c8ad641421ee15,Panthera_leo,Panthera_leo,retained,2
Placentalia,MACSE,0fe057df1ba253090dd0d9aef1ae59cb49c9e818ea0e999664c8ad641421ee15,Panthera_leo,Panthera_pardus,removed_exact_duplicate,2
Placentalia,MACSE,0f96186edebbeb13fac442c90fc58eae698f755b2037b14909df0a0884bfdd78,Panthera_tigris,Panthera_tigris,retained,1
Placentalia,MACSE,21ad31dc4d37ac58d64f977f07105b26498ecd9009c236d4e6f3e82e30b1f6e3,Panthera_onca,Panthera_onca,retained,1
Placentalia,MACSE,c19a275ef4a32aee1b006e2c4df8f382284bbc67c2afdaed4ab993bdca12d11c,Panthera_uncia,Panthera_uncia,retained,1
Placentalia,MACSE,9620a5da994958adce48e0c153ca80de9c51240f1c5823269cdc05e579c7d068,Prionailurus_bengalensis,Prionailurus_bengalensis,retained,1
Placentalia,MACSE,09b507169f7bc2809bb542e3daea3d028e3bca9010e480493ba5eb678698c097,Herpailurus_yagouaroundi,Herpailurus_yagouaroundi,retained,1
Placentalia,MACSE,a69c244734eea9b078e2e311e254845367dc856b2f267e72a481964ecd8d1e89,Neofelis_nebulosa,Neofelis_nebulosa,retained,1
Placentalia,MACSE,7f314c84e57f91c9c250b80ab49c8ebff1431f3ac7ee177f6d87f73ee109c198,Lynx_canadensis,Lynx_canadensis,retained,1
Placentalia,MACSE,86ea4a2bad52cbc23f97ab88c98a2c7119f2615b390f0c28a544aab34ae0ed53,Lynx_rufus,Lynx_rufus,retained,1
Placentalia,MACSE,38aa04ddb74be19417c853739fc918848116579930b6a390a345c9d49468d558,Suricata_suricatta,Suricata_suricatta,retained,1
Placentalia,MACSE,ca382969a8ef4d7834b6cfa0e6441123a780d5c765fb0d6ed9be7e691397eab0,Hyaena_hyaena,Hyaena_hyaena,retained,1
Placentalia,MACSE,34ecff04ffcc1dfaea40219f216c9464cfb4d046f8cc148eb5de14fb543ff83a,Ailuropoda_melanoleuca,Ailuropoda_melanoleuca,retained,1
Placentalia,MACSE,6269517d0e77e2439b68caae5a2c21d354b8697c75da0e0d38e79d7618090161,Ursus_maritimus,Ursus_maritimus,retained,1
Placentalia,MACSE,6fcee86a59903bef656965f72cc6349eb78da87d503a832d1893c41549149ae0,Ursus_arctos,Ursus_arctos,retained,1
Placentalia,MACSE,5444e1dbad19a3fb8b8939219329b246d29fba1d1dd5da7bb0c2ae311deadb10,Halichoerus_grypus,Halichoerus_grypus,retained,1
Placentalia,MACSE,6b696f01543a6864d354798b8a847070937e59e95c96d4b7a862dfe09e7a1a96,Mirounga_leonina,Mirounga_leonina,retained,1
Placentalia,MACSE,54150eab448d2f6506426eae497648198ca837cb0d6de0557aec9081fca3f60a,Callorhinus_ursinus,Callorhinus_ursinus,retained,1
Placentalia,MACSE,d720ca92a12847547046208b574518104950d13551086852858c7178f3533ef3,Zalophus_californianus,Zalophus_californianus,retained,1
Placentalia,MACSE,89942b63a40b7e3541578fcc2040ad8d98c72d524ee6b3bdba10a5c695a01c6a,Eumetopias_jubatus,Eumetopias_jubatus,retained,1
Placentalia,MACSE,40e23cc9c95f9ab457485a36c317b59644306e010bdec9554eaeb7c22a7d1814,Odobenus_rosmarus_divergens,Odobenus_rosmarus_divergens,retained,1
Placentalia,MACSE,9e7b3a80d7953c557f9bdb66289e45bddff42ff2dc5dcc9d209a78de26fd8f89,Mirounga_angustirostris,Mirounga_angustirostris,retained,1
Placentalia,MACSE,5f544a35246294ac3606924c59302f4a1dd1acc479ff78392592a790cb3393ae,Phoca_vitulina,Phoca_vitulina,retained,1
Placentalia,MACSE,de1996ab8f6ea86f940a0e28bd033fa4c40ceacb0ef042bebf233872d783d993,Neomonachus_schauinslandi,Neomonachus_schauinslandi,retained,1
Placentalia,MACSE,03afb5a7abbae15cbfa124fa903bf66cf428069cc1dc0679fb0446ae505b4356,Mustela_nivalis,Mustela_nivalis,retained,1
Placentalia,MACSE,302555420a61ebbb4e4b16677b283ad1c365a4998a5567b86af1b6444bd6a18b,Mustela_lutreola,Mustela_lutreola,retained,1
Placentalia,MACSE,8840c50e526e072ff0da5d6c74f5c20eecb935cbfd2d45a84bcdb579d4df2873,Martes_martes,Martes_martes,retained,1
Placentalia,MACSE,90002bca20dc43a03e73308cabac9cd754cbcbcef1ed15a2c19b63fa2fc85666,Enhydra_lutris_kenyoni,Enhydra_lutris_kenyoni,retained,1
Placentalia,MACSE,537a546986c8463e2be6841031d8595c0e611d9d4469b3d6190466a5bf9bcc76,Canis_lupus_baileyi,Canis_lupus_baileyi,retained,1
Placentalia,MACSE,21ffb704f3d8b6605444e08247e9b82417f8240b8c8413141f89c2dd19555d0c,Vulpes_vulpes,Vulpes_vulpes,retained,1
Placentalia,MACSE,0a5eb6ea2d04e359d4b6f2bd71932b16a38cff0cb7b071c4176780556d4fd793,Vulpes_lagopus,Vulpes_lagopus,retained,1
Placentalia,MACSE,a65fa97ada10ca88832e05192f163a06ca9a234aab968180d1c28dded3233254,Nyctereutes_procyonoides,Nyctereutes_procyonoides,retained,1
Placentalia,MACSE,692baa72cc566b08db2a2e7af444c88cfb1c94458b63c39706b7bcfffe8383ef,Aotus_nancymaae,Aotus_nancymaae,retained,1
Placentalia,MACSE,c66ccfc1be050abe58a6878bd01919fff68d44e37aada373151c92f5964a809c,Sapajus_apella,Sapajus_apella,retained,1
Placentalia,MACSE,ec3b3b3e4657c4d1cb6f649ed4048b16034652de2908c8f08eb52696840b6f66,Cebus_imitator,Cebus_imitator,retained,1
Placentalia,MACSE,dadfe9737ecf362bf179ba2fa6423e53e17e910f04461103e0a2b9c1dbd0b6fe,Saimiri_boliviensis,Saimiri_boliviensis,retained,1
Placentalia,MACSE,149405b1de64b88c32fd9afd1c1f3b93be7373f30b5dfd77e3a3eaa90b28678a,Callithrix_jacchus,Callithrix_jacchus,retained,1
Placentalia,MACSE,5bff09fa564eacc2d056c263194990e728b29bbcbe1ad355685250a40d0bfb6b,Rhinopithecus_bieti,Rhinopithecus_bieti,retained,1
Placentalia,MACSE,f4b6aa45caabc14ee379e1e8b2e295f246d0a83ecc37aeaf4b42716c0c372c44,Rhinopithecus_roxellana,Rhinopithecus_roxellana,retained,1
Placentalia,MACSE,64c26026b80330bad79a2aa9b1306077be51c64c4535cfdb8815db133f1173d3,Trachypithecus_francoisi,Trachypithecus_francoisi,retained,1
Placentalia,MACSE,dd909047abbbea398351c6ad44de357741ac9176b898ccbad2030e96d364e444,Mandrillus_leucophaeus,Mandrillus_leucophaeus,retained,1
Placentalia,MACSE,728378daa82fb182e127888a41d9c18f6ee964b9ca1224de59307bcaf3156cff,Theropithecus_gelada,Theropithecus_gelada,retained,1
Placentalia,MACSE,8192bc08f28a7fa5d4e79c8121b1ffe1732cd0d421f48bd4d845988b0ec8eee0,Papio_anubis,Papio_anubis,retained,1
Placentalia,MACSE,9d4ccf9d7e6309dd7b26f1efe733acae5225946dde34df6917baa4025dc17173,Colobus_angolensis_palliatus,Colobus_angolensis_palliatus,retained,1
Placentalia,MACSE,02f70179ce659eeb47e5adadebe2cf57464ecb186682b8bd4a2daf2aeae93436,Chlorocebus_sabaeus,Chlorocebus_sabaeus,retained,1
Placentalia,MACSE,5490ed0cbfb0f7c47a3daea135be55e30bf896f602f856bc0a4c931d664eea3a,Macaca_fascicularis,Macaca_fascicularis,retained,1
Placentalia,MACSE,c67f486c020d6afd6d4b38d61482a096e1b4a3493e863d250c384d188f723ed4,Macaca_nemestrina,Macaca_nemestrina,retained,1
Placentalia,MACSE,8869ef438f48333399af0cae6daa3a521795e3d295e74d3e8832d0d7c226c072,Macaca_thibetana_thibetana,Macaca_thibetana_thibetana,retained,1
Placentalia,MACSE,1fad04f4d604a49bc1fc7a1050fb4f529ce49cdd1d4a71b8d70e6d1b02bc43fc,Piliocolobus_tephrosceles,Piliocolobus_tephrosceles,retained,1
Placentalia,MACSE,d4c6f4f5c27db09eb21153fe72b877cf753199f467e904a0ed7e6628e11ed0d0,Gorilla_gorilla_gorilla,Gorilla_gorilla_gorilla,retained,1
Placentalia,MACSE,a5913854ea96d6362352d9691446f87ee94c436f8fbd59d12839fd62de67c673,Homo_sapiens,Homo_sapiens,retained,1
Placentalia,MACSE,647f819cb47841a45f3b405cc11674de13e8c59b53c19951651a7f5eeb27992b,Pan_paniscus,Pan_paniscus,retained,1
Placentalia,MACSE,5b129662661de2d45bb85e7e45dea5deae5f9ca5041823b2b40f3245d67f27e7,Pan_troglodytes,Pan_troglodytes,retained,1
Placentalia,MACSE,a79fa77c9397d92943e245db10a61926cbeada472782af8c99c79c3b227660f2,Hylobates_moloch,Hylobates_moloch,retained,1
Placentalia,MACSE,f85e13df977f19298b32bc14fb1124a7cc2024ed3aafa0ec9f5dc08fca2285e6,Symphalangus_syndactylus,Symphalangus_syndactylus,retained,1
Placentalia,MACSE,0dd717c0de52c95277c80ec03580e1b92017ba595d0bdb54bb135c80ca13b6ae,Nomascus_leucogenys,Nomascus_leucogenys,retained,1
Placentalia,MACSE,da8ff3fb19765815bbc4ee52d4f93c764103330bfad1088f8cc1356941cbecd4,Pongo_abelii,Pongo_abelii,retained,2
Placentalia,MACSE,da8ff3fb19765815bbc4ee52d4f93c764103330bfad1088f8cc1356941cbecd4,Pongo_abelii,Pongo_pygmaeus,removed_exact_duplicate,2
Placentalia,MACSE,11561e99970577ce435467a43fdeea2b119291ffb5357a4369a8549715eb21ae,Macaca_mulatta,Macaca_mulatta,retained,1
Placentalia,MACSE,c2e8fee804b06acda8156f0a6cb65a8ca04f3871f84b270ef1925ba3af63dc50,Cercocebus_atys,Cercocebus_atys,retained,1
Placentalia,MACSE,bbac196a937f8e58917688c13e6ae7919797a778b25f2bfda020f96a99db8672,Nycticebus_coucang,Nycticebus_coucang,retained,1
Placentalia,MACSE,898b5c16c71ec127ca46dd6164d089881b79f1405e7ce3567629c0537133bfc8,Otolemur_garnettii,Otolemur_garnettii,retained,1
Placentalia,MACSE,e15e694f1c1fa998f3904499f62ddb218969cb93ae4685e22a7a4f7838ba9f4e,Lemur_catta,Lemur_catta,retained,1
Placentalia,MACSE,72ad1330e705b42987c7170c3381d5d558ca00786dea843e8ac75c107624b72e,Eulemur_rufifrons,Eulemur_rufifrons,retained,1
Placentalia,MACSE,bb4c5146dbb2c9f5f4715323956ed9cc87e0423251cde07427aabdd7a9c6aadd,Microcebus_murinus,Microcebus_murinus,retained,1
Placentalia,MACSE,fa352f36f3d91936a11ed3b1179d41fb0ed90b097a8f26eba3025d93a7bfb0b7,Propithecus_coquereli,Propithecus_coquereli,retained,1
Placentalia,MACSE,befa66a6b2da4ef340dabfae2891402ac918eb4fb447611f1946e648316692c1,Balaenoptera_acutorostrata,Balaenoptera_acutorostrata,retained,1
Placentalia,MACSE,bd7b69e5f1e4d8533361b5e7b456fb85371fcb08db4198a7f2e4706e2283b4d0,Balaenoptera_borealis,Balaenoptera_borealis,retained,1
Placentalia,MACSE,f543c3ce7ce0bb66c62e7219b70232f401e271c477655a493569451a732b9b48,Balaenoptera_ricei,Balaenoptera_ricei,retained,1
Placentalia,MACSE,441eb4f43e7a20e5ccc5ed12d07742275e0e341e17388e55c98d041dd7c8517f,Balaenoptera_musculus,Balaenoptera_musculus,retained,1
Placentalia,MACSE,876f68de0950ce496b1df813ebe5b64014efb6d2a93c5b7ad7d97fbafd1b0444,Eubalaena_glacialis,Eubalaena_glacialis,retained,1
Placentalia,MACSE,00ad3024e41aa205e21740f4b1d420d1a9c1a91981acba4313485a79d17441a1,Eschrichtius_robustus,Eschrichtius_robustus,retained,1
Placentalia,MACSE,308b323bfa2aa243e3fcc88c54350c95dc46f8f687cef5c217f940f5f8f7e212,Physeter_macrocephalus,Physeter_macrocephalus,retained,1
Placentalia,MACSE,4df36e54cac8413be6b9f1a033f2a10c2a145cba495d8bc4f3c734b432320057,Balaenoptera_physalus,Balaenoptera_physalus,retained,1
Placentalia,MACSE,631cff082d7d84038c5a21efa93b7a36fee6967bf962f3994a07f3e0f5dd95c3,Neophocaena_asiaeorientalis_asiaeorientalis,Neophocaena_asiaeorientalis_asiaeorientalis,retained,1
Placentalia,MACSE,258518f52e95d3c7fc9f24a77b39774305691ff079091e6bcce14695c4299e36,Phocoena_phocoena,Phocoena_phocoena,retained,1
Placentalia,MACSE,d1686e9be4453f3e8db26468c5e9900f8d2820ab2fe34b19976c0e0adf0090e2,Phocoena_sinus,Phocoena_sinus,retained,1
Placentalia,MACSE,d7c7c8fe526dd8dca2d63c3ea9cebc23df9077609ff51ad1ac288e85ac684686,Monodon_monoceros,Monodon_monoceros,retained,1
Placentalia,MACSE,b33df6b988021a98915f46b3db761c6931409fcd27e59e9bd5fa989d9aa79a64,Delphinus_delphis,Delphinus_delphis,retained,1
Placentalia,MACSE,9f9b7fc4a2ae210fe27006485755709f4bcbbc70ee209532d9509cc627de2c8c,Lagenorhynchus_albirostris,Lagenorhynchus_albirostris,retained,1
Placentalia,MACSE,924efc2d9f15ce9eacd025175b579d3fcb60b22bbb7e232002f8201b9f650e63,Globicephala_melas,Globicephala_melas,retained,1
Placentalia,MACSE,ab96600848ad172ad1b06e7b9ec29aedb5469e8b4941f8603488367843e7cfc4,Grampus_griseus,Grampus_griseus,retained,1
Placentalia,MACSE,8080ef0acfad6d3858222d62fbc49be6c037cb093a3b4b4d0b811158efef6172,Leucopleurus_acutus,Leucopleurus_acutus,retained,1
Placentalia,MACSE,e6471bacb03df567842b390fe29d25eba00dcaa0ead379f3cc6a42276687caf5,Stenella_coeruleoalba,Stenella_coeruleoalba,retained,1
Placentalia,MACSE,fe118bc0069f16aa16056f01981dc653f40f7429727a304583193253d171fd67,Tursiops_truncatus,Tursiops_truncatus,retained,1
Placentalia,MACSE,9b591f5a77b555bce123bc2558bd4f818bbdec550b6f0f37d5303a17cf731c45,Orcinus_orca,Orcinus_orca,retained,1
Placentalia,MACSE,4fdd881f4ab3043ad5ef2a4120f1575a83effcc2ee9fcf688a2b7bf2f603fd30,Sagmatias_obliquidens,Sagmatias_obliquidens,retained,1
Placentalia,MACSE,0cb2a837c8b5446dc86ac741d2289e81468b9d86c331c44dfbf78f8f56f63696,Lipotes_vexillifer,Lipotes_vexillifer,retained,1
Placentalia,MACSE,9d8638aa7d1e8635b0b0b23e49dd16597b3e6b1cfd233a44feafc6799454a0a4,Mesoplodon_densirostris,Mesoplodon_densirostris,retained,1
Placentalia,MACSE,d4783df37d7100d1e39a494a5b35655d0dc69a4e9ad3676c65a612f45f5b47a2,Mesoplodon_mirus,Mesoplodon_mirus,retained,1
Placentalia,MACSE,d7ff67c8111812cf288efb5812ffcf62ee6f66d0924f66794640ef4c4b93cbaa,Mesoplodon_bidens,Mesoplodon_bidens,retained,1
Placentalia,MACSE,2c587c80e8ecac95ec3a1fcb069fa0b8a8da26b131afd85c2ae3344b3fcbf84c,Hyperoodon_ampullatus,Hyperoodon_ampullatus,retained,1
Placentalia,MACSE,3a1e1df673613d1b553e8b0d26ad8c14d8a1a86b59372c548b32dda14936dc8e,Bison_bison_bison,Bison_bison_bison,retained,1
Placentalia,MACSE,618dc1262ce5fae401d2dcd91a6679f8b2ec0bb6f4889d8b7d86385b38caa7ea,Bos_javanicus,Bos_javanicus,retained,1
Placentalia,MACSE,72ff7c32b75e807b4818b17dc9f16a37b0f521740acc3ea7d47db58e31936ba6,Bos_taurus,Bos_taurus,retained,1
Placentalia,MACSE,ea26038712d0552106e3988a3d046ddda2f50ba490086214a298f8293fe52dd5,Bubalus_bubalis,Bubalus_bubalis,retained,1
Placentalia,MACSE,d0e0b53ebb25ec001065e9fd749e0b67a82b9735bd3ce0202843ddaef0bdf23f,Bubalus_kerabau,Bubalus_kerabau,retained,1
Placentalia,MACSE,d4183b284934974b6c563745c9c694d11f462be3a86182c47676148d2c80ae0b,Bos_indicus,Bos_indicus,retained,1
Placentalia,MACSE,60729a4ba22953185a72c704f5ac49dc7a0efcbaf17ab0b83c7061b416040c1b,Moschus_berezovskii,Moschus_berezovskii,retained,1
Placentalia,MACSE,7bf60038b45df72cde4bb4283f224141c8d5f363dba73801468658caf837c0d4,Oryx_dammah,Oryx_dammah,retained,1
Placentalia,MACSE,86a8c64caf34544d4747c6f8b5c345d3d3e468344b8837d5f83dc107f0d49298,Bos_mutus,Bos_mutus,retained,1
Placentalia,MACSE,f9139a2221ee4fe1501681e5199a4c70ce9f7fbedd0862d0a7a1c52f498c7a06,Budorcas_taxicolor,Budorcas_taxicolor,retained,1
Placentalia,MACSE,78d2280f0361cefd10482ecf597d05a16586ff162aa45d6d066035be6d1c0529,Capra_hircus,Capra_hircus,retained,1
Placentalia,MACSE,dc316619bc2976a3f9fc916e0b41d979d528772da2456fa9ac2f7619d2a9a29c,Capricornis_sumatraensis,Capricornis_sumatraensis,retained,1
Placentalia,MACSE,37726ce7ddea7e650ea10285caef78712999910269b0baf84eb727de85103825,Ovis_aries,Ovis_aries,retained,1
Placentalia,MACSE,294982d230079293c51a8163a4294e3d3da5d3d927163fed43f819145453b4ff,Ovis_canadensis,Ovis_canadensis,retained,1
Placentalia,MACSE,36ba360ef198ebf21a74cf58deabfd857c1402adb9302a8b6bb6c32749624e29,Cervus_canadensis,Cervus_canadensis,retained,1
Placentalia,MACSE,4f069a1cc1b77dd44e69ad8b8daaeba33f5efcbbc0871f55c26de911b5ced8b7,Cervus_elaphus,Cervus_elaphus,retained,1
Placentalia,MACSE,bdc0ec90a27502d57c6a66a6077dd31c5840ca981a6de303e6b27a68d438ecd1,Muntiacus_reevesi,Muntiacus_reevesi,retained,1
Placentalia,MACSE,29ab7ccf32ec1c2b4ccc9f8880f03a8cbbcc63ecee1d4a6cac9f6af8dd8d80da,Dama_dama,Dama_dama,retained,1
Placentalia,MACSE,29b623cb726af5e1f66ddd02c0de853f628cca788c98cd3059505ee93b9335b5,Odocoileus_virginianus,Odocoileus_virginianus,retained,1
Placentalia,MACSE,1100f3babfad37991da5f84a0b5244d1183cfacbb1e4185a04f5204bf9cd1614,Giraffa_tippelskirchi,Giraffa_tippelskirchi,retained,1
Placentalia,MACSE,2ed67a230809a455969699cd692c761183c169f13207cb6792542c6ec3a568b3,Camelus_bactrianus,Camelus_bactrianus,retained,1
Placentalia,MACSE,1c5a4ee1e69378a78ec3f3077e2350e070741643cf7e09ffde6e03a3d8ffd748,Camelus_ferus,Camelus_ferus,retained,1
Placentalia,MACSE,8fb2970e34daf6550581230f785c3e6272329542a5b7dd333979da7e91386462,Vicugna_pacos,Vicugna_pacos,retained,1
Placentalia,MACSE,37bb6e1bcc363788fec41445f011bf30be7f64cc388d991121a8ea8ea9d80b5f,Camelus_dromedarius,Camelus_dromedarius,retained,1
Placentalia,MACSE,c6ed014bead2f40d6585f8408c7dbcfb7fd367da3c43d702e13530f272848d17,Hippopotamus_amphibius_kiboko,Hippopotamus_amphibius_kiboko,retained,1
Placentalia,MACSE,b3d10dc7ea35b925593b815ca38972e13107c609fedc35a6ac11638d0e4165cc,Tupaia_chinensis,Tupaia_chinensis,retained,1
Placentalia,MACSE,8af632b820a557ddee6f4395ad07d3a10aa93649772aea8bd1415c4299a669f1,Ceratotherium_simum_simum,Ceratotherium_simum_simum,retained,1
Placentalia,MACSE,17a6d18dccfeefa48a0159727eb8ab10b59ce377885f1d4238aeabb350a099f9,Diceros_bicornis_minor,Diceros_bicornis_minor,retained,1
Placentalia,MACSE,30f86515e1bed63bc3450b095e86c901f6a2075f17de936b6e6ba88021a709e1,Equus_asinus,Equus_asinus,retained,1
Placentalia,MACSE,81e25c1a95bcb08c365fdae210b426038bbda6e613a69f291b1b5effc0e24b45,Equus_caballus,Equus_caballus,retained,2
Placentalia,MACSE,81e25c1a95bcb08c365fdae210b426038bbda6e613a69f291b1b5effc0e24b45,Equus_caballus,Equus_przewalskii,removed_exact_duplicate,2
Placentalia,MACSE,4069e7d7eaf8095d28e47a46005ea4a29eed7420236a830f3327d1a6b1f395e4,Carlito_syrichta,Carlito_syrichta,retained,1
Placentalia,MACSE,60d06a3441ea0353ff4f8c9a8d8423e5a069a7a0758b480a9f8c352b9787a371,Cynocephalus_volans,Cynocephalus_volans,retained,1
Placentalia,MACSE,b8438cc48ff6643c7cdcc9a3ea8adaaea14e4a1807cfe903976bee023e60c483,Saccopteryx_leptura,Saccopteryx_leptura,retained,1
Placentalia,MACSE,a3d1a2196ae6ff8efb0d7f015913b1227f75fe8a120ae78ddef0af7383379b41,Saccopteryx_bilineata,Saccopteryx_bilineata,retained,1
Placentalia,MACSE,63d4dc5b97db201653c0706e5aede8f557358cddf7682846cd3eabff2ff03709,Miniopterus_natalensis,Miniopterus_natalensis,retained,1
Placentalia,MACSE,5b0eb911bd12828bf460fb761f3065e279b8238d831c15e26cf65e8d4a2ac5e7,Miniopterus_schreibersii,Miniopterus_schreibersii,retained,1
Placentalia,MACSE,a1e5d9c9e295a1203339986eea1f71400a279123ca38bbfdaf1d2a37b1cdb042,Rhinolophus_hipposideros,Rhinolophus_hipposideros,retained,1
Placentalia,MACSE,958b8f020732fd810da4141a335291f97ef7a305f433d6d3398b439b8df085da,Rhinolophus_sinicus,Rhinolophus_sinicus,retained,1
Placentalia,MACSE,da5afce7c98b3b6182c09ad06ad5d5e777dc0bbc26304606fd7cfe17033af142,Rhinolophus_ferrumequinum,Rhinolophus_ferrumequinum,retained,1
Placentalia,MACSE,b0f96ec7dc800d76e7c336647c515254e8f0f19e207e25cb52a5352b924ba074,Hipposideros_armiger,Hipposideros_armiger,retained,1
Placentalia,MACSE,66f9105a5a7d74381a47c10b2f99e31c55b9a42d1c24ac787da38a43d7ca9d02,Rousettus_aegyptiacus,Rousettus_aegyptiacus,retained,1
Placentalia,MACSE,75f24f60e181066c05929784dbc3bcdc6a99f421965b71d35217e5dd4fe8e257,Pteropus_medius,Pteropus_medius,retained,1
Placentalia,MACSE,cdc0c1e07d877937faae43353af96dde641e3ca20203a436416fa66a0cbc688e,Phacochoerus_africanus,Phacochoerus_africanus,retained,1
Placentalia,MACSE,6445c80fd783169080cbeca6126875082b13b6499acff4cbd73a27a17b964d6c,Sus_scrofa,Sus_scrofa,retained,1
Placentalia,MACSE,e5047c21898a5bf070c146b0da663c4a557708c2574cbcc6b508b41c64744231,Choloepus_didactylus,Choloepus_didactylus,retained,1
Placentalia,MACSE,2e646f7bf8be8e642ca802676e62160e0f771b7d60ed2c92bb7719b1894817c9,Dasypus_novemcinctus,Dasypus_novemcinctus,retained,1
Placentalia,MACSE,621769a623cf537eee31416304f2e2cb3a771de701d61ddf84b60d57e76efc03,Elephantulus_edwardii,Elephantulus_edwardii,retained,1
Placentalia,MACSE,08077f10f99bf9f0549122e33e7f5c842c44795cb692f74ddf115a1858bbdacc,Trichechus_manatus_latirostris,Trichechus_manatus_latirostris,retained,1
Placentalia,MACSE,e51844fd57fc2ce3a7aa09989a3e44c1ad8c13acca476ec98ba4e3300db2520a,Elephas_maximus_indicus,Elephas_maximus_indicus,retained,1
Placentalia,MACSE,d8b69cef299607851a2deea1e57c3f7b1ba934fb402c3ef9ae2cb8566a5533b7,Loxodonta_africana,Loxodonta_africana,retained,1
Placentalia,MACSE,429d54f4c783daccd9cab9f3ab3033c11daac6de0c87e8a1c3238bc69359403e,Orycteropus_afer_afer,Orycteropus_afer_afer,retained,1
Placentalia,MACSE,251578dc3ead5226028e2a1160124e0ed205229723a61a0802203b6e52330fe3,Tenrec_ecaudatus,Tenrec_ecaudatus,retained,1
Placentalia,MACSE,8e7026c78237c661ad656ed7f2795664e169c0e7a2b07c2cdf1c5cc29d32aaa3,Echinops_telfairi,Echinops_telfairi,retained,1
Placentalia,MACSE,66874b44b8910f02133ece66c81b050a4508d97b4132ce09731fba974b7aa728,Artibeus_jamaicensis,Artibeus_jamaicensis,retained,1
Placentalia,MACSE,48c407509134c9f9d9653dd523da4137104a301f10df6d5ec87deea34ffd65e7,Sturnira_hondurensis,Sturnira_hondurensis,retained,1
Placentalia,MACSE,c334a4edad66e1bfde162a60c963e74c2be7f7479419cdb17e06e45fb9a9268f,Desmodus_rotundus,Desmodus_rotundus,retained,1
Placentalia,MACSE,320d8eb70cae0c023882506be6c94bcc437049a989a2cd506ba79336f0420302,Pteronotus_mesoamericanus,Pteronotus_mesoamericanus,retained,1
Placentalia,MACSE,babb8d33080debc90379415370d5f8d0f67f6d01a02afa5d0253d59c806ad2a0,Phyllostomus_hastatus,Phyllostomus_hastatus,retained,1
Placentalia,MACSE,f9b8ac6fde1e454f045ef08bedea6233116a07237b6dd7ecf12aba0e24b43206,Phyllostomus_discolor,Phyllostomus_discolor,retained,1
Placentalia,MACSE,04ca6f4295b8deaf9acd7a39bc99ff15badb5c8877b5de2a94b9d4bbc8629915,Cnephaeus_nilssonii,Cnephaeus_nilssonii,retained,1
Placentalia,MACSE,b15f449f63ffa67021ddfdb9d9a4492588998c9a0c0a345e9e554444db8be35c,Eptesicus_fuscus,Eptesicus_fuscus,retained,1
Placentalia,MACSE,4cd9fc1a708b8977a5f1a63e98fde01926a5ef6f937e89835320c3d6fc20cd0c,Plecotus_auritus,Plecotus_auritus,retained,1
Placentalia,MACSE,ffb5a1fcbca632d286dab9ffa43eda12dfc1b63f546d44b131b9c13b1fc68b6d,Myotis_nattereri,Myotis_nattereri,retained,1
Placentalia,MACSE,f97eca1121428fc0766e7f3a5b541106ceee30e0cd428b4bdd4e024112ab87fc,Tamandua_tetradactyla,Tamandua_tetradactyla,retained,1
Placentalia,MACSE,c0681a16eab1e0ba92c44a2c057c204411424ea759236ab18e6e6144bc5f95cb,Muscardinus_avellanarius,Muscardinus_avellanarius,retained,1
Placentalia,MACSE,829152733cd60db3ee97c1dfed9d3831843d9e365fb8a09d93712336d863a618,Callospermophilus_lateralis,Callospermophilus_lateralis,retained,1
Placentalia,MACSE,67c21de2289a5be5c23f7bc4a6ea82a3f4a3678b81cc9a177784d8d37feb6c5a,Ictidomys_tridecemlineatus,Ictidomys_tridecemlineatus,retained,1
Placentalia,MACSE,d20804115d6ee4072aae826547991b8169f2b79d9517aab08cf711dd224f520f,Marmota_flaviventris,Marmota_flaviventris,retained,1
Placentalia,MACSE,8d19002c10adfab7af75b77a174ed17ced8ef4bd84e3ae729cdfe4fa27b386c7,Marmota_monax,Marmota_monax,retained,1
Placentalia,MACSE,84f44864e12fca4224a1dee7bd3525978a1849ea120450219c05eea7e787b86e,Spermophilus_citellus,Spermophilus_citellus,retained,1
Placentalia,MACSE,a25e33507079748ccff10df3498c3a4ae06dc3e6182681d2cfd213c091633624,Octodon_degus,Octodon_degus,retained,1
Placentalia,MACSE,b4ed7324ba5e0799029e1c7f3210783253dc7fca3c557d9d92cf4a17d4a34ae2,Cavia_porcellus,Cavia_porcellus,retained,1
Placentalia,MACSE,481dfa03a7a5ac8b6ad55f2457f41768a874e20c476dc651261a1d5c3065f7f7,Fukomys_damarensis,Fukomys_damarensis,retained,1
Placentalia,MACSE,826b5024fe86f10c3d271516c4c727dad5337bac8391e4e0c8fe1dd99b5adf70,Chinchilla_lanigera,Chinchilla_lanigera,retained,1
Placentalia,MACSE,a794c076697cb10783e9424dd976da63ba207dce68bc219ec080ebaf812cafb6,Heterocephalus_glaber,Heterocephalus_glaber,retained,1
Placentalia,MACSE,14a14a2e350e078d89640c331099c87c82ca4c6f37a88b5048b7a25bc6f7b248,Lepus_europaeus,Lepus_europaeus,retained,1
Placentalia,MACSE,d16200ecbb84687907bf2222813872a629f4bfed86a062ab1f0f0f6f982ba2df,Oryctolagus_cuniculus,Oryctolagus_cuniculus,retained,1
Placentalia,MACSE,ea61e7cb664eb11b44b6e46ca3b31781b5ed90e7643e69b0a8fbcc6e63fbc0c5,Talpa_occidentalis,Talpa_occidentalis,retained,1
Placentalia,MACSE,946e9ddd806d456a47b0d94bfa1153166d71ffa6c18f000f22d072087726e473,Acomys_russatus,Acomys_russatus,retained,1
Placentalia,MACSE,0e17dc9bd91386907e85c83d0de111f34ebb8d188de7359a1ab88358689fdbc8,Meriones_unguiculatus,Meriones_unguiculatus,retained,1
Placentalia,MACSE,739cea285759bec52a5d8afe51058efaa0b970425db3e9d1b0a637db78c2ed4a,Psammomys_obesus,Psammomys_obesus,retained,1
Placentalia,MACSE,ad9a0bebbe7b6fdc469302f1d29915ae15cc339844bdff19dc8eab7bc19f46ca,Apodemus_sylvaticus,Apodemus_sylvaticus,retained,1
Placentalia,MACSE,05037e96054dfaea6a546288cbf83a371c3a7176e709d7ebc9df77b9c11f1a6f,Mastomys_coucha,Mastomys_coucha,retained,1
Placentalia,MACSE,b790e6b922e9af649bf2aef035e5ef8a246d077f9907c6a323ea8a83a5e474c1,Arvicanthis_niloticus,Arvicanthis_niloticus,retained,1
Placentalia,MACSE,980a2956b53792a05fef0791c456775b61674865d851215a1a980d65ee9710fa,Rattus_norvegicus,Rattus_norvegicus,retained,1
Placentalia,MACSE,91afcb535dd9dee320b9ec4d021e97295ba1f58a7f0fd0c8af45d7c61ccb580c,Rattus_rattus,Rattus_rattus,retained,1
Placentalia,MACSE,1f6f0a2e580c76f9250a185c02c6acbae41e936527177fcd9e5b5ecb227d48e7,Micromys_minutus,Micromys_minutus,retained,1
Placentalia,MACSE,687516d9ccd57313df67a7ca01432a02fe24f4f6e818e9358e91c6293b2425a3,Mus_pahari,Mus_pahari,retained,1
Placentalia,MACSE,97844da4a35a64cd50dab186a257f171feaa0e8aea663f5796570980d544ba8e,Mus_caroli,Mus_caroli,retained,1
Placentalia,MACSE,a453465baf0d251bd55e073d914d497057a12867e3160bce44089e830623d9fa,Mus_musculus,Mus_musculus,retained,1
Placentalia,MACSE,1ead4aff263049a6c1ee8b562608b743cd8b7cae8dad7a95501c72ab1e4f3985,Arvicola_amphibius,Arvicola_amphibius,retained,1
Placentalia,MACSE,87fec2745b7fd9c40cbe04500850c94d612b37f79bf57e751e65a0139893ab1a,Myodes_glareolus,Myodes_glareolus,retained,1
Placentalia,MACSE,189b1c97c618e55ce3f266a811bc6d48e9196fb2901898ada8c78f5c4bfa74b0,Chionomys_nivalis,Chionomys_nivalis,retained,1
Placentalia,MACSE,700f69af549cee6e4b8ec128695b91fb09bfba8cd0b40166a046c57ba2a04471,Microtus_ochrogaster,Microtus_ochrogaster,retained,1
Placentalia,MACSE,10db25b042c8e0a18971669dddf0b24222f6e2d0b3e582e6389d20834152e74a,Microtus_oregoni,Microtus_oregoni,retained,1
Placentalia,MACSE,5680322c61c52ab1c7463b5e5cbc6d80874836483461398fb13d9bc9e7b76167,Microtus_pennsylvanicus,Microtus_pennsylvanicus,retained,1
Placentalia,MACSE,5d545fdb385d73ead44e852b28fbd1ae4cfd8dcc3283e6968ae25d46fa12aa2d,Mesocricetus_auratus,Mesocricetus_auratus,retained,1
Placentalia,MACSE,144087a24f3bb026c68dba260be3c61c63e75ea4bae3c48098afd5d0b7a3e5e4,Cricetulus_griseus,Cricetulus_griseus,retained,1
Placentalia,MACSE,1546f0ac124cc99a1669c16e20678d8e64df9959d832b2677034e441ed202e7a,Phodopus_roborovskii,Phodopus_roborovskii,retained,1
Placentalia,MACSE,88f53c8c3409dc7266f10b5c20aa7b41277d9c466c13a373bf3b5f3a3f1bb516,Peromyscus_californicus_insignis,Peromyscus_californicus_insignis,retained,1
Placentalia,MACSE,7363836acfd2761a59e63cb304f4656c277c46d8a4d87e8b85c5dab2b6004cf7,Peromyscus_eremicus,Peromyscus_eremicus,retained,1
Placentalia,MACSE,c084f6b24c1a439eac17bdefdd28c252588c6573f7411164599cef676ffc0ae8,Peromyscus_leucopus,Peromyscus_leucopus,retained,1
Placentalia,MACSE,82ee9210c0f2651947477f7b1dcb96c270b8dc2a0ea3d024eb0d4bf2f6c4bb05,Peromyscus_maniculatus_bairdii,Peromyscus_maniculatus_bairdii,retained,1
Placentalia,MACSE,ed3616c8de9fff9679e0188f2b2d01361ef4a31f9439ccb94b88d2eb5209d9d1,Onychomys_torridus,Onychomys_torridus,retained,1
Placentalia,MACSE,1df821217365d79ec1375331d724be41865e8102c47433ff2cff966eadab5b12,Castor_canadensis,Castor_canadensis,retained,1
Placentalia,MACSE,ca9ad943afe94eb415b0ed82205e86402be59e0ec4ed077bc15149c093d7e810,Nannospalax_galili,Nannospalax_galili,retained,1
Placentalia,MACSE,8291a8736d4c60219c744f27cf3cbbdfaa2ff4f144dbc9c02469596402bfcb61,Jaculus_jaculus,Jaculus_jaculus,retained,1
Placentalia,MACSE,e302eb2beda7a8b9e6af4c77047a05b611bf4582f2b14a89aee8e921e0504d8d,Ochotona_princeps,Ochotona_princeps,retained,1
Placentalia,MACSE,c07d826d6185d9af1d8181d8c99cb2c7a9158e6bf7197490d9908fae921a441d,Ochotona_curzoniae,Ochotona_curzoniae,retained,1
Placentalia,MACSE,6542d226f6d0636bd2aab18c1edfdfe0dda5a5d67c19a678700fdcf9a5027c02,Dipodomys_merriami,Dipodomys_merriami,retained,1
Placentalia,MACSE,50ab27f1e0b8903d514cf816640c0f864ac6ce7bb3621211c08f9e59438278f9,Dipodomys_spectabilis,Dipodomys_spectabilis,retained,1
Placentalia,MACSE,c9db0660cff120e26fb64b117d757366d90be5db9e770056578425893331332d,Dipodomys_ordii,Dipodomys_ordii,retained,1
Placentalia,MACSE,8433191287e9ef922a49807b44009a73c83f721708c8ae74de68e5e89e1bd486,Sorex_fumeus,Sorex_fumeus,retained,1
Placentalia,MACSE,3bf4e6de3f98619047faa3754a2c1716f176c629b2a84b6336ff3b9d0c679585,Sorex_araneus,Sorex_araneus,retained,1
Placentalia,MACSE,2cf15d33ffa6449b9efad87264330e825d8f6ee7b22ce1e66e337874ec091f70,Erinaceus_europaeus,Erinaceus_europaeus,retained,1
Placentalia,MACSE,546ad19f58a59e5e22493ce102b653cb70a3d6daa13228c6b69d33080a6ea3fb,Meles_meles,Meles_meles,retained,1
Placentalia,MAFFT,44f3c684ceb748efb78d35e8defd7dce89e372bc3d20d323a36ed3bbc32bdb4c,Acinonyx_jubatus,Acinonyx_jubatus,retained,1
Placentalia,MAFFT,c5ca2440d2fa1eb76c211be7f1dafed53d2513479fed12128a1247209098ad01,Acomys_russatus,Acomys_russatus,retained,1
Placentalia,MAFFT,dd26b8cf18fff53e9f6ee56ae1ee1b5330169f375ef95e85c9f7f42043cd7bde,Ailuropoda_melanoleuca,Ailuropoda_melanoleuca,retained,1
Placentalia,MAFFT,1f0d18eb9e15caae899039ed6bf57c1aef87a837d2705e6f9d406d3d471293a2,Aotus_nancymaae,Aotus_nancymaae,retained,1
Placentalia,MAFFT,8f6e6428be4c2ce12aff791c89f778ae08ed6198b4edf2199c4b5ffe3e376fa6,Apodemus_sylvaticus,Apodemus_sylvaticus,retained,1
Placentalia,MAFFT,a16a5d70074abd5a74a9b9c0a0a3dc75ff0f817765b2f88bb666ef047f2c7a57,Artibeus_jamaicensis,Artibeus_jamaicensis,retained,1
Placentalia,MAFFT,f001df7321e40d15ea524a3c7867182e6b5b947c234bd0f8b54dceb9d6ee07dc,Arvicanthis_niloticus,Arvicanthis_niloticus,retained,1
Placentalia,MAFFT,a9c9369edc8aaae693e34c33b1e20e5c4703611948a9e502793bfbb76025ad76,Arvicola_amphibius,Arvicola_amphibius,retained,1
Placentalia,MAFFT,0b7ffd861e844b1a482c79a3b378e94fd19d9b86a21a6b4b08302d7ff3af45c8,Balaenoptera_acutorostrata,Balaenoptera_acutorostrata,retained,1
Placentalia,MAFFT,9143fe8621a265060f97c60a5ae5951354a1692923f19801fa49a90edcde486d,Balaenoptera_borealis,Balaenoptera_borealis,retained,1
Placentalia,MAFFT,4a62a6457ed30103f8a813b42fd35d29d4ca1a82b84dba38b06b129bdf661d9f,Balaenoptera_musculus,Balaenoptera_musculus,retained,1
Placentalia,MAFFT,f04c3d1b9582ec0c52bf3ae4ed12f022b46c4695a915338a12dc6ee2d1acf632,Balaenoptera_physalus,Balaenoptera_physalus,retained,1
Placentalia,MAFFT,b7e43751317c3ed1a074991748a4378fa27ece995240187dc571959e8dce02ba,Balaenoptera_ricei,Balaenoptera_ricei,retained,1
Placentalia,MAFFT,9eb7e2e9d7492266a538474013a1a6859532601378c709fee9be472e877f0fe7,Bison_bison_bison,Bison_bison_bison,retained,1
Placentalia,MAFFT,194f9c86abfd77c892e6f8d2dccb4c742866f24b367147468723522e3b154707,Bos_indicus,Bos_indicus,retained,1
Placentalia,MAFFT,6866b424c602bdf63c576937ae3562451cf16bcf527d885d4ce518cce7011292,Bos_javanicus,Bos_javanicus,retained,1
Placentalia,MAFFT,03d65449225fad5d803e84f280b455fd56a5eea0a5be062694ea3484fdea69b9,Bos_mutus,Bos_mutus,retained,1
Placentalia,MAFFT,2a6922cce4b02ea96b187aa26c0c548ec560d5f57ed3a7280284a5b3776e69e7,Bos_taurus,Bos_taurus,retained,1
Placentalia,MAFFT,3e21559870ff1e27397f4bcfa638f55f23887e16f4246007bae52b6d5723703c,Bubalus_bubalis,Bubalus_bubalis,retained,1
Placentalia,MAFFT,1ee17d0e7034b207c7b4e3fa009ad8d4a23ec4681acda549b6baf5c1c90710b9,Bubalus_kerabau,Bubalus_kerabau,retained,1
Placentalia,MAFFT,0bda5b32741f4ba597dd64d5ded10eee3015c7abc0db55727cafa2eae5a6cd77,Budorcas_taxicolor,Budorcas_taxicolor,retained,1
Placentalia,MAFFT,ef95a9db1a0cd3c9d613ce63703d7be9fb04355c2d37b9284a8da1fbc932ddcf,Callithrix_jacchus,Callithrix_jacchus,retained,1
Placentalia,MAFFT,d527bad7a09bd9091cf30fa25b568f4929c39ac0d032995d4c248cf775393742,Callorhinus_ursinus,Callorhinus_ursinus,retained,1
Placentalia,MAFFT,4659fbb96ce3c2a7ce8133884f778c14f61add97745dba7eb4c209e2c7841910,Callospermophilus_lateralis,Callospermophilus_lateralis,retained,1
Placentalia,MAFFT,f88638317e1e2cdd295610904a51630a8023ec17a58aafb54ae2e2a26b2884da,Camelus_bactrianus,Camelus_bactrianus,retained,1
Placentalia,MAFFT,e45fffbd9e60ae4c01e8ed6448b3ca28a0388e680e301dda3f4e0ebb76b64ade,Camelus_dromedarius,Camelus_dromedarius,retained,1
Placentalia,MAFFT,0f4705d8b3a51df1cef9194b76d88b73470b2695233e02b85d5c5d35a7779920,Camelus_ferus,Camelus_ferus,retained,1
Placentalia,MAFFT,ef495b2e7e7c7333b0d53b2dc5d2280559d64468f5071b56701599fbb689b9c8,Canis_lupus_baileyi,Canis_lupus_baileyi,retained,1
Placentalia,MAFFT,1c33c5c25e9fb876b30b3cc13c924fccaf7d591db492c82e5f73a4cb293d6c5b,Capra_hircus,Capra_hircus,retained,1
Placentalia,MAFFT,dcfd7466be7e971e5da0040d2c88d57fc2ff53c32ac92b3e7752a70d3e10e3c0,Capricornis_sumatraensis,Capricornis_sumatraensis,retained,1
Placentalia,MAFFT,fd4217634f552801f6926c5c1238cda84f180a407527ce4180c33231c241f9d3,Carlito_syrichta,Carlito_syrichta,retained,1
Placentalia,MAFFT,4c53573417d31d722176d8ddbe49cf426a88d3bdb134a76c3cc3744f27cc9acd,Castor_canadensis,Castor_canadensis,retained,1
Placentalia,MAFFT,c59fc9a5172508751d878ba22b0f3dfa7f2dd3a4251e9d8164d547b01f8a7ef6,Cavia_porcellus,Cavia_porcellus,retained,1
Placentalia,MAFFT,b579170d09161d0dbaf289ef1617d3d202f2ecb8013e9c144f0651cf1cdbe6a2,Cebus_imitator,Cebus_imitator,retained,1
Placentalia,MAFFT,f432340389b12573f88b44cfcc9ef36d3e88e29e569901617e9e83ce4c6bd900,Ceratotherium_simum_simum,Ceratotherium_simum_simum,retained,1
Placentalia,MAFFT,fba0290205f8ac51c84b9f31a9d5707309efe97dae283a4358e4dcc46209cb2d,Cercocebus_atys,Cercocebus_atys,retained,1
Placentalia,MAFFT,18e4c02d6c4639729ae93cdf9ff1d1e35092f456981b6a44820dbec8eab742e4,Cervus_canadensis,Cervus_canadensis,retained,1
Placentalia,MAFFT,c7b608aca855dbe1ca1560d86276e04a6137c5bf90c87cf69e1165626874e7db,Cervus_elaphus,Cervus_elaphus,retained,1
Placentalia,MAFFT,0a41495dec1d0ec97bb630d4b41a5fc10e6cb07527059e0582d73525d008c241,Chinchilla_lanigera,Chinchilla_lanigera,retained,1
Placentalia,MAFFT,e7a385edb51b69a229e925c12bf2bee541bb5c69dd626ac1efae8d5a115a71c5,Chionomys_nivalis,Chionomys_nivalis,retained,1
Placentalia,MAFFT,7216cee5543cc1e33ddb6961e784bf381a4751ebbecd4db5d9f8dbb835bf98b7,Chlorocebus_sabaeus,Chlorocebus_sabaeus,retained,1
Placentalia,MAFFT,8b606a1b255567331bcaef24c5071d7501548951dc4b129637d4e4e605c87605,Choloepus_didactylus,Choloepus_didactylus,retained,1
Placentalia,MAFFT,7e4ae402236cd017f97327d6eeecdcf7c3669dfeba1e17d25cdb2dbb2d891faf,Cnephaeus_nilssonii,Cnephaeus_nilssonii,retained,1
Placentalia,MAFFT,bc4b831a60697944f128795e346301554c80712f3cc1008507ceb21cfa3b0c7a,Colobus_angolensis_palliatus,Colobus_angolensis_palliatus,retained,1
Placentalia,MAFFT,ca310f83fc7751369b144c524a1b925ba331c5f68a6af3a84aec4dbb31e93680,Cricetulus_griseus,Cricetulus_griseus,retained,1
Placentalia,MAFFT,add13e76a6bc6570e8462ca1fab933a34e0ea645ea086059f539f74c35547a12,Cynocephalus_volans,Cynocephalus_volans,retained,1
Placentalia,MAFFT,935c1655a6414a374a4532850986f098d178d9de6e9519ad079406d4bf36c679,Dama_dama,Dama_dama,retained,1
Placentalia,MAFFT,852b559fb04277a54890210c032c43258d162fed2955f011c60499ac55862765,Dasypus_novemcinctus,Dasypus_novemcinctus,retained,1
Placentalia,MAFFT,c2c61108de5d28b18b1b5d65eaeffc4abd55f040112213f1df399d4a2ad3a403,Delphinus_delphis,Delphinus_delphis,retained,1
Placentalia,MAFFT,c50c9a8f4f659ce50577580ede13bd4ba040c3d612d02a5ea97318061b28a471,Desmodus_rotundus,Desmodus_rotundus,retained,1
Placentalia,MAFFT,b2f54ff185669b4cd4222959a030a1269834aa9eda4c67d7a35a7344736917cc,Diceros_bicornis_minor,Diceros_bicornis_minor,retained,1
Placentalia,MAFFT,a3a782da6d78f2e32f81b0e4457d093d295643499fcc32a6a5976e4e02f71aff,Dipodomys_merriami,Dipodomys_merriami,retained,1
Placentalia,MAFFT,505cf216138f69a55a25f1d66e4a9430ec3cd84def9662da38d0c6531671195a,Dipodomys_ordii,Dipodomys_ordii,retained,1
Placentalia,MAFFT,e088b2c46a01bd9f5aed4c45a8d1d8d1a0789b2a4838d5f3121ca21ddbf7cd42,Dipodomys_spectabilis,Dipodomys_spectabilis,retained,1
Placentalia,MAFFT,8071febfc387c21d579b2e05c5eb0be6928e01b4ce34f609f5ab6faf653309cd,Echinops_telfairi,Echinops_telfairi,retained,1
Placentalia,MAFFT,be3897bdb9e51826ac8fed031c8a683ced8dfd3c0cedbcd67aa37feef11c0c04,Elephantulus_edwardii,Elephantulus_edwardii,retained,1
Placentalia,MAFFT,690d6a4f48a0d3063890980f61ba243133e5b68cd3cc6cb293b147740183a5d5,Elephas_maximus_indicus,Elephas_maximus_indicus,retained,1
Placentalia,MAFFT,bad78f2d75b25bd6e2fc376c19ac16d15720115322b89c344bd1843f7447097a,Enhydra_lutris_kenyoni,Enhydra_lutris_kenyoni,retained,1
Placentalia,MAFFT,37422cb81ac72d4d454b59c03a62974dce4466c58574516733376efb1364461d,Eptesicus_fuscus,Eptesicus_fuscus,retained,1
Placentalia,MAFFT,89497aee5e5b2c8d97a73ea4e17a6a261f4f54e686702be862e1cf377db99612,Equus_asinus,Equus_asinus,retained,1
Placentalia,MAFFT,e96447814daa8a3e70d2045d94cfbdb4c4dfb82b771441acb52220f6c6617c55,Equus_caballus,Equus_caballus,retained,2
Placentalia,MAFFT,e96447814daa8a3e70d2045d94cfbdb4c4dfb82b771441acb52220f6c6617c55,Equus_caballus,Equus_przewalskii,removed_exact_duplicate,2
Placentalia,MAFFT,4ae411a6cca5f04ea6c728066e4707c5d256c30233c8de3c6b2588714975ac49,Erinaceus_europaeus,Erinaceus_europaeus,retained,1
Placentalia,MAFFT,25a98ee8e459c6a907a79d808d6f5f64b0e76dfdfcf4fe454e6817110d0e98c8,Eschrichtius_robustus,Eschrichtius_robustus,retained,1
Placentalia,MAFFT,19ca8c87e03d2529f3a93e9c90bbfdfa8932bacc9032464f077bdf38e75a953f,Eubalaena_glacialis,Eubalaena_glacialis,retained,1
Placentalia,MAFFT,5d5941863524f116397ccb8767b16c0dcc8a38e1df7a97308f859b8ee5c81a8c,Eulemur_rufifrons,Eulemur_rufifrons,retained,1
Placentalia,MAFFT,1046b55153cc65261170591c278de7c53d06055b13cee2b3ec432ec7a619346b,Eumetopias_jubatus,Eumetopias_jubatus,retained,1
Placentalia,MAFFT,b68c541329ae7a923d0ad05755dcc421228ea10cf86e2bd0e0a3670f82029bb9,Felis_catus,Felis_catus,retained,1
Placentalia,MAFFT,b1603a3e00df0ff69139fcd2532c90847651d7548292d80a410be67a6d2bf96e,Fukomys_damarensis,Fukomys_damarensis,retained,1
Placentalia,MAFFT,a5ea550a266313493bec7c136d5b781c23471af642c671f888c49c1de203d27b,Giraffa_tippelskirchi,Giraffa_tippelskirchi,retained,1
Placentalia,MAFFT,f478f2096ccb7e91166aac3f0b6022fe20c07435a8943509906b0b1c25d09c35,Globicephala_melas,Globicephala_melas,retained,1
Placentalia,MAFFT,d92084dbadc1c02ea89d7cdd53d3826fc88067b3d940d588aa54966bccb0e605,Gorilla_gorilla_gorilla,Gorilla_gorilla_gorilla,retained,1
Placentalia,MAFFT,9a7cab6eed3653dd473db7df9b78fb18da7f04f076889cb7160bfc2027b9ab84,Grampus_griseus,Grampus_griseus,retained,1
Placentalia,MAFFT,07c69a637626b75fb529120e0b85f2583464387f607a9d6ee9e9567950180c37,Halichoerus_grypus,Halichoerus_grypus,retained,1
Placentalia,MAFFT,84d000dc8e6fdcc17232b5b7299663458db7920484405240a834d016b281870e,Herpailurus_yagouaroundi,Herpailurus_yagouaroundi,retained,1
Placentalia,MAFFT,0a78a88930c1379bf065bdb08f3f3affa9d6bb9ab4881200ad2afe9804460007,Heterocephalus_glaber,Heterocephalus_glaber,retained,1
Placentalia,MAFFT,bffc932f88c8b80f99b5b8b63ecee6485a321831015435d91f09ea52a0c1cada,Hippopotamus_amphibius_kiboko,Hippopotamus_amphibius_kiboko,retained,1
Placentalia,MAFFT,f8f2210e93a160fda17c4023d83e150277b413f15147dca19555e2e03182f4ae,Hipposideros_armiger,Hipposideros_armiger,retained,1
Placentalia,MAFFT,8967610333e9388362b3bb1388f7d887fbe512971caeba0c03fc5b337a7a6b03,Homo_sapiens,Homo_sapiens,retained,1
Placentalia,MAFFT,48bfd229eb02cbb1f884a3e276ac98432c19ad088f1c6f8452dab949701ddb71,Hyaena_hyaena,Hyaena_hyaena,retained,1
Placentalia,MAFFT,d6a15c2111b57f5c139b90f46eff8554259e9828546dce1e2447e26e8b9ab11a,Hylobates_moloch,Hylobates_moloch,retained,1
Placentalia,MAFFT,7a5fc0e1c96afc39a57ddec1f3fd095ea638a01ad45ab964c6ac5053bd9a8b63,Hyperoodon_ampullatus,Hyperoodon_ampullatus,retained,1
Placentalia,MAFFT,b4c6e1a4d281fecd9a982517112a60b3eb47b3b05f9960d29ba3f62a48c83765,Ictidomys_tridecemlineatus,Ictidomys_tridecemlineatus,retained,1
Placentalia,MAFFT,88071e7725f6e64d1f7ae6d7b125e3d04164b125d01cf0c96e46807f099af029,Jaculus_jaculus,Jaculus_jaculus,retained,1
Placentalia,MAFFT,d5cc00b9537b523f69c8f1751b94bdd9add3c0aeda2e83fdab80e7c303ac8a9b,Lagenorhynchus_albirostris,Lagenorhynchus_albirostris,retained,1
Placentalia,MAFFT,d5bbe6ecc2a87c690bd203359b6ba15ed9d539d933d35f3fa91e95f9e4b18b3e,Lemur_catta,Lemur_catta,retained,1
Placentalia,MAFFT,2adb9914fd35e3115d6a2de421da525beb0387a6f18ae85735f1086263ca6861,Leopardus_geoffroyi,Leopardus_geoffroyi,retained,1
Placentalia,MAFFT,7facff8fadfd7aa1388117f0ed9e601824d1e0410b0c6022c878490bdb0ad128,Lepus_europaeus,Lepus_europaeus,retained,1
Placentalia,MAFFT,8f45ebaa7fbdaada991281eba643d55f8e311af46583ca6aeb60bec3c8da9f49,Leucopleurus_acutus,Leucopleurus_acutus,retained,1
Placentalia,MAFFT,7786ba7d885db0183b9d454af81641bed72dbce4b28e5f74e2d4caadb11d2bcb,Lipotes_vexillifer,Lipotes_vexillifer,retained,1
Placentalia,MAFFT,9aa37894019762ab3648f758a356a6cbb56bd15988cd086c075a69c631117f62,Loxodonta_africana,Loxodonta_africana,retained,1
Placentalia,MAFFT,32cfc9b4ec33a58f6aa49c937c7687b01444e18c585eb9fde936dd6e386a96f1,Lynx_canadensis,Lynx_canadensis,retained,1
Placentalia,MAFFT,089bcd088bdc136c66b7f2ffb357c3a66df3c37a57e34bb1b766ce6b3a1296cb,Lynx_rufus,Lynx_rufus,retained,1
Placentalia,MAFFT,c7b7b059d93a2f73ad592e3ff58adc2b29a0945a8a6418dd9781bad620b5ba21,Macaca_fascicularis,Macaca_fascicularis,retained,1
Placentalia,MAFFT,fb67033bd9cf3beda99ced0a982e6ac8d63978680a107862f44d65e074c2e256,Macaca_mulatta,Macaca_mulatta,retained,1
Placentalia,MAFFT,cbc14af060cc18a3b0f988818aeefcb947a3793ab175f550646043a709647a82,Macaca_nemestrina,Macaca_nemestrina,retained,1
Placentalia,MAFFT,bf10649fbfc660e923f3fe7aac560eeab6a064ccac470ed40583f96389494a35,Macaca_thibetana_thibetana,Macaca_thibetana_thibetana,retained,1
Placentalia,MAFFT,e97fb4be6a756030a7a3d24e6d2991e9c171992943ad1ece0d8fdd433b65b51d,Mandrillus_leucophaeus,Mandrillus_leucophaeus,retained,1
Placentalia,MAFFT,2f364e70f3d393b2ace26c7b10635181f9df9d8f1a3ea69275794555c38542ba,Marmota_flaviventris,Marmota_flaviventris,retained,1
Placentalia,MAFFT,347edfd0e89c77ce529752fc157c83fded15229f5f190d863757eb955b4846c0,Marmota_monax,Marmota_monax,retained,1
Placentalia,MAFFT,11e6ca47031ad9eed8799b2d74c6b8755a683c185c93b7db4166bb41f6c13e55,Martes_martes,Martes_martes,retained,1
Placentalia,MAFFT,4f18543bba5b9c2edfeb03e3f4d447f3914e7c8b518194bcd87dd7305f56fe2b,Mastomys_coucha,Mastomys_coucha,retained,1
Placentalia,MAFFT,8d850f3e4e8818da0e49c216b25d5d366884c752e142cbaaae79dd7186796705,Meles_meles,Meles_meles,retained,1
Placentalia,MAFFT,67e867557cba38a4924d595b909f350ad0e93e85c94d10f10bf5d8c9780a48a6,Meriones_unguiculatus,Meriones_unguiculatus,retained,1
Placentalia,MAFFT,d258068a87232d0a413c87c0ada45622326da056b07260879569679d562067a2,Mesocricetus_auratus,Mesocricetus_auratus,retained,1
Placentalia,MAFFT,8b5c691c32156c29598c06f229fe68c735db7012414ed247c95424464d13fd1f,Mesoplodon_bidens,Mesoplodon_bidens,retained,1
Placentalia,MAFFT,9a2408748736c14483e224ce6a12aaabccce6d3459941f5b8874b9153e32be8a,Mesoplodon_densirostris,Mesoplodon_densirostris,retained,1
Placentalia,MAFFT,d11d6eb6e84987b49371b6b00dab5ebca7df448a43a46403047da9191e8be596,Mesoplodon_mirus,Mesoplodon_mirus,retained,1
Placentalia,MAFFT,28b38483363fd60ff0e75307add80f985e9212db0450b70fdb42c318c6b52808,Microcebus_murinus,Microcebus_murinus,retained,1
Placentalia,MAFFT,b24a82f98b5e90e32c8ce5957c877907f5f0466bb044ffe73c07212b87f4fddb,Micromys_minutus,Micromys_minutus,retained,1
Placentalia,MAFFT,bed91660fd34e68972edbb699bd20364078f8db2b4c9f79132baa409575b7e34,Microtus_ochrogaster,Microtus_ochrogaster,retained,1
Placentalia,MAFFT,c2fc6fcfd56e62051aaabcf6eab54214076a672c8586510c636be7bc204d1067,Microtus_oregoni,Microtus_oregoni,retained,1
Placentalia,MAFFT,820dbd05fa3793c1fbdedbedaecb43e65c707c72646834a3ba5fc719e8587de6,Microtus_pennsylvanicus,Microtus_pennsylvanicus,retained,1
Placentalia,MAFFT,531556b1e553f5f8176973c2865d6b1406507f68d7edfb35fe6b6c1b85db480c,Miniopterus_natalensis,Miniopterus_natalensis,retained,1
Placentalia,MAFFT,02ac11abc99407ea062a6b5ae3af2d9621ca5efeb0667ee652209ffa50129745,Miniopterus_schreibersii,Miniopterus_schreibersii,retained,1
Placentalia,MAFFT,77616b05a4b3ab2c46a3eece53c820449ac0f710c2fb410790d0ef077f6133d4,Mirounga_angustirostris,Mirounga_angustirostris,retained,1
Placentalia,MAFFT,c94418750eacb2f39567a6fb7596b418860092dee56373d36ef9b6e91fc9a83d,Mirounga_leonina,Mirounga_leonina,retained,1
Placentalia,MAFFT,a06d62cb0e4a5b06c6c118d10616865243c2340e53eda36311c32d811f9a6803,Monodon_monoceros,Monodon_monoceros,retained,1
Placentalia,MAFFT,b5865f5415938bbe783188d4a54f084c23dce002e1bedb9ed2c82469a960f8c0,Moschus_berezovskii,Moschus_berezovskii,retained,1
Placentalia,MAFFT,452f217e588b3fbcd96317341bd44fcf536c243fe784fb390746a0aae9bc301b,Muntiacus_reevesi,Muntiacus_reevesi,retained,1
Placentalia,MAFFT,7fc50340978f3c832afd13aeced82a332226c9d0b8cb70c42fe6adf4e4cc097a,Mus_caroli,Mus_caroli,retained,1
Placentalia,MAFFT,8c90808fc0935917f9aa3ce5eec572f193ef39f8e4bfeb3b06c673415394d8ed,Mus_musculus,Mus_musculus,retained,1
Placentalia,MAFFT,1addc984ac880c78cef3153035b3c2252f1cc54f1a22edc1fc9ee1efd798b833,Mus_pahari,Mus_pahari,retained,1
Placentalia,MAFFT,41bcc8bb10b60528c9b3cdc1a64f10e96118de6fe4c10fe99d908275f9a964e2,Muscardinus_avellanarius,Muscardinus_avellanarius,retained,1
Placentalia,MAFFT,10254a1731234e88586fda854abc2e8d8a6fd043a9bfee2d1b02aee509dd5264,Mustela_lutreola,Mustela_lutreola,retained,1
Placentalia,MAFFT,24e8951b9ed9a5b0388e247099424c36df2ed1be6729a27c097fa536a6f66d23,Mustela_nivalis,Mustela_nivalis,retained,1
Placentalia,MAFFT,214568ad5eb353f61a785d531323df582927eb76b856c7902409599b7111b428,Myodes_glareolus,Myodes_glareolus,retained,1
Placentalia,MAFFT,9e8b7df2779c76a489b3cb683a1ec060d3f8006f11556f7b5b2bad8aa8de63c6,Myotis_nattereri,Myotis_nattereri,retained,1
Placentalia,MAFFT,600b248dce9ef4503468b53d6d7e4abb38db73bbf43eb6e7672ac8465f444929,Nannospalax_galili,Nannospalax_galili,retained,1
Placentalia,MAFFT,c56c920edf95a4df6b8c6f3107d9ce3338df436288e731448953cfc1b9d83b18,Neofelis_nebulosa,Neofelis_nebulosa,retained,1
Placentalia,MAFFT,59c82ee4c471c1a14d9c48ef63f721cb6fd0fe0380c28628ceb4e4301328690b,Neomonachus_schauinslandi,Neomonachus_schauinslandi,retained,1
Placentalia,MAFFT,67c20243ce6f54080a3442e683ebea724cd9031b2361f3758b31ed1129aa6439,Neophocaena_asiaeorientalis_asiaeorientalis,Neophocaena_asiaeorientalis_asiaeorientalis,retained,1
Placentalia,MAFFT,9052406db6613ef5a339a6464bff565a205e1510bbe954f22f2688ea27f6e7f7,Nomascus_leucogenys,Nomascus_leucogenys,retained,1
Placentalia,MAFFT,42ed07d6b014dc867e97c20946fb9f0ce76abc951715c9404619fc34ca36623b,Nyctereutes_procyonoides,Nyctereutes_procyonoides,retained,1
Placentalia,MAFFT,d483b74d43b76c9103cab6af1933a0114cc35a888488bf68a57f9dc58baf0920,Nycticebus_coucang,Nycticebus_coucang,retained,1
Placentalia,MAFFT,6ba33a30ba04c8d9fb937a761c0bae78ecc512be1c1fdd9da3b17f4200f2d147,Ochotona_curzoniae,Ochotona_curzoniae,retained,1
Placentalia,MAFFT,48f4c4a44d7f360054cc757be910c38b0282d12f802531db5ce6b6902f1b401a,Ochotona_princeps,Ochotona_princeps,retained,1
Placentalia,MAFFT,df2cfaec3844add91a002d989a9c68eb4a8fc96ded381e9a054c60a05a8661c7,Octodon_degus,Octodon_degus,retained,1
Placentalia,MAFFT,07d195c911f7ff75253976c76f73547ff4ec8fef4237a2a70ef2945730c511ef,Odobenus_rosmarus_divergens,Odobenus_rosmarus_divergens,retained,1
Placentalia,MAFFT,96a066b06239c5bcd4fdd548d96e7397cf01fb2909d78710f4ea25b78b4161b3,Odocoileus_virginianus,Odocoileus_virginianus,retained,1
Placentalia,MAFFT,6582f6568c1b642a8811492902f1e52cf88d6d7d9a8d922c9ceec338221ff173,Onychomys_torridus,Onychomys_torridus,retained,1
Placentalia,MAFFT,8f10feae60e017065532130593d00541f5ddf5a2d0213c73e07262aaf08cbef5,Orcinus_orca,Orcinus_orca,retained,1
Placentalia,MAFFT,4c631281831a377a95bd611788588a557325121102b7d86958bce9127bffcaa7,Orycteropus_afer_afer,Orycteropus_afer_afer,retained,1
Placentalia,MAFFT,5cc8f875e5bee39cfb6e98de62ae19edf5b2ace3836bc0ef2866c3404a880d50,Oryctolagus_cuniculus,Oryctolagus_cuniculus,retained,1
Placentalia,MAFFT,864e36a192d995405ff1cb73e35373abbe17da9330db5ce0cd0c0d8a085b3ac4,Oryx_dammah,Oryx_dammah,retained,1
Placentalia,MAFFT,90357839e8cf418bc7ba248edb0accd089de2d3f43484623f8b2ccab0693abfb,Otolemur_garnettii,Otolemur_garnettii,retained,1
Placentalia,MAFFT,9c7c7b46e8cf50616f5a9acdf74c18f3086bea9d8aeff48b235ac6c029ba29dc,Ovis_aries,Ovis_aries,retained,1
Placentalia,MAFFT,01b9e7403398b7ba7008087b2d85516c0d2fb0a13ec2a4bdc40c3de6ea92ae70,Ovis_canadensis,Ovis_canadensis,retained,1
Placentalia,MAFFT,0c6b81899eda9a83c21c58e1a7322516e01b006956e359d6e8634ace23e2db20,Pan_paniscus,Pan_paniscus,retained,1
Placentalia,MAFFT,59b8a008838651158cbfde0dea0fa06c2856fd2d043c17c168210373c9e0f301,Pan_troglodytes,Pan_troglodytes,retained,1
Placentalia,MAFFT,6dcacdf8fd24c4e4e3095567859b53ae8c7b7be59081502e480bf78237074f65,Panthera_leo,Panthera_leo,retained,1
Placentalia,MAFFT,4f3356e110e11ae719bb09958a2da81e54e449d629e77a73ccb551f58606060f,Panthera_onca,Panthera_onca,retained,1
Placentalia,MAFFT,b381c2e269591eecc2dedb9c3e912cb1e44fff096ba3fe8994bfbd3e99ea9aa4,Panthera_pardus,Panthera_pardus,retained,1
Placentalia,MAFFT,1e808282941e536457619a2def55fd9817dcd9f650a2807e435432ee7650692e,Panthera_tigris,Panthera_tigris,retained,1
Placentalia,MAFFT,4596532d185b670e1e96ebf7f31f39a28d1ab8a8203dade855847988b066e575,Panthera_uncia,Panthera_uncia,retained,1
Placentalia,MAFFT,cf9039c33810d718593e02d991f6626bc982970931ba46a63a848bb89fe036cd,Papio_anubis,Papio_anubis,retained,1
Placentalia,MAFFT,91056597c466a4de05458d02e22384cf6488dc738556d6d55b9db6e150224329,Peromyscus_californicus_insignis,Peromyscus_californicus_insignis,retained,1
Placentalia,MAFFT,5ab93597a1233dc937e08b5528b4e12948cef85c4e2c92114d2218c6b3b46c33,Peromyscus_eremicus,Peromyscus_eremicus,retained,1
Placentalia,MAFFT,2315020746d7eb8f95777c06498716059dbe5ba27c00b56a1d1ccb07f85e601c,Peromyscus_leucopus,Peromyscus_leucopus,retained,1
Placentalia,MAFFT,505e36757f05ec1608e19651d6f874165dac1228ec7de4eab44952407ff60f1f,Peromyscus_maniculatus_bairdii,Peromyscus_maniculatus_bairdii,retained,1
Placentalia,MAFFT,febc0aca1cf9709496b78a725b208bb3cc4857c9c308f9a7a60d2df060dc3ebb,Phacochoerus_africanus,Phacochoerus_africanus,retained,1
Placentalia,MAFFT,554e8de88d78c9646ad7e92424a9835823da4bb4203fe37e7fb536566ae00184,Phoca_vitulina,Phoca_vitulina,retained,1
Placentalia,MAFFT,85525e4dac347d7035b385f1ceda8e3ce40a1d9bf43fa3d0bcba2f140f89a4dd,Phocoena_phocoena,Phocoena_phocoena,retained,1
Placentalia,MAFFT,fd151109ecf71244d738e542d66aef86c0d44d08f15b0032913338ace2e75250,Phocoena_sinus,Phocoena_sinus,retained,1
Placentalia,MAFFT,0f54a0753c8e8adab4f9d8996bfa22a9e38a24ab03c0e1120642d69482d2ae4b,Phodopus_roborovskii,Phodopus_roborovskii,retained,1
Placentalia,MAFFT,70d7078e8fee21fe7e637bdeea6f1045a680e74bc0c10eee5fae828a6d96b7e8,Phyllostomus_discolor,Phyllostomus_discolor,retained,1
Placentalia,MAFFT,8c20a44fcaf7bd592d50a793f71af67792d818c2926a704bfb7103f16bcec861,Phyllostomus_hastatus,Phyllostomus_hastatus,retained,1
Placentalia,MAFFT,2a00ea37d9b7a87707e9744124cded513329dfa52918edc3dc7fa5dc23b232f7,Physeter_macrocephalus,Physeter_macrocephalus,retained,1
Placentalia,MAFFT,fb71c5ae0585c6f1a3a3fe19a964fbbacb928985a11ee56ae27a5a990c381b92,Piliocolobus_tephrosceles,Piliocolobus_tephrosceles,retained,1
Placentalia,MAFFT,97323fe6a9ad42c8a739b3df31ddb556c9c05b599a6bda9579496e49f2a8532e,Plecotus_auritus,Plecotus_auritus,retained,1
Placentalia,MAFFT,d147b4ee2eacf021c35f772aa2188bf48843b43de71ffed8d9293352da483a57,Pongo_abelii,Pongo_abelii,retained,2
Placentalia,MAFFT,d147b4ee2eacf021c35f772aa2188bf48843b43de71ffed8d9293352da483a57,Pongo_abelii,Pongo_pygmaeus,removed_exact_duplicate,2
Placentalia,MAFFT,288f1f58f5b2ed9476341d4e9f39521fcbfdadf1b78776964a8f314dbda0bee7,Prionailurus_bengalensis,Prionailurus_bengalensis,retained,1
Placentalia,MAFFT,a1efc3c2c3061bd338b840ed7c67796ecf22728d9f9a6af983450fd5a15c2ce4,Prionailurus_viverrinus,Prionailurus_viverrinus,retained,1
Placentalia,MAFFT,8946e9a8e98e9ce8fd1f617d038f430b682953afae5834b7de984fc336adabbd,Propithecus_coquereli,Propithecus_coquereli,retained,1
Placentalia,MAFFT,8af80a96803df96eeeb9012fb1db49fff7b82eda00b28cf77ad8f54f1d57574c,Psammomys_obesus,Psammomys_obesus,retained,1
Placentalia,MAFFT,5819786d52a83813dc80e7f46f65ada2a13c1ee0b59cec9384723fae0b3f6bee,Pteronotus_mesoamericanus,Pteronotus_mesoamericanus,retained,1
Placentalia,MAFFT,ba398f3eeeb9bbde37b28ddcefd8dfd8e26f2ff17f33d2ccd000000bcfb8dd62,Pteropus_medius,Pteropus_medius,retained,1
Placentalia,MAFFT,30c960131576f45f57d51ce9cd7f1d64f931a4eb8272268676fa177dfc1b5942,Rattus_norvegicus,Rattus_norvegicus,retained,1
Placentalia,MAFFT,ad2d0c4ca351dbba4d9fb51b0a75d4a46380ebca4831ed146641f6d111362ab5,Rattus_rattus,Rattus_rattus,retained,1
Placentalia,MAFFT,cbef83c6f1acead581c48e4c85db6ee14410e2b3e8365ae4e94d4c37e5b0de6e,Rhinolophus_ferrumequinum,Rhinolophus_ferrumequinum,retained,1
Placentalia,MAFFT,79647504ca43641f3003d14d4776cb11518e8848a1e39d319127c3c99c7d7e7d,Rhinolophus_hipposideros,Rhinolophus_hipposideros,retained,1
Placentalia,MAFFT,a8872ae72f8a4686bcae63c783887eb332d1a7c4b91019ee4b0e47f31b63dad9,Rhinolophus_sinicus,Rhinolophus_sinicus,retained,1
Placentalia,MAFFT,1a622407a8af58c1bf29cf2e5008eff3ef6503a883af4fd38c6049c0ce9874cf,Rhinopithecus_bieti,Rhinopithecus_bieti,retained,1
Placentalia,MAFFT,26bc21f05ab0f50dbcbe2f06e31758df3b74eda79ccdc6ed0fb0e5cb93e83eb0,Rhinopithecus_roxellana,Rhinopithecus_roxellana,retained,1
Placentalia,MAFFT,a3c1ddd167a39c20c5fe2423da816b0754fc59ec8743c49d4057f5d307feb509,Rousettus_aegyptiacus,Rousettus_aegyptiacus,retained,1
Placentalia,MAFFT,a8844f76f4a0bca78e0bacdc399f8f8d30f0e0b4acbefbc95bd4495fd7422574,Saccopteryx_bilineata,Saccopteryx_bilineata,retained,1
Placentalia,MAFFT,1c452294bed7e63c25832386228691d02c0efe28f0fc180474d096df827d8b4d,Saccopteryx_leptura,Saccopteryx_leptura,retained,1
Placentalia,MAFFT,483e594c4abb6fbeac1dafa084c4919c7525e5056b9e5c317ba92a5f0e27ba63,Sagmatias_obliquidens,Sagmatias_obliquidens,retained,1
Placentalia,MAFFT,00965d788809404ab6c6b5fb5b5f6b3d9350750c75ecb915e4d6359fc329ae54,Saimiri_boliviensis,Saimiri_boliviensis,retained,1
Placentalia,MAFFT,ae1e0f507c21e757642e55176d194544c7d6f8dfa275c4feea05983b61f5e9a8,Sapajus_apella,Sapajus_apella,retained,1
Placentalia,MAFFT,04c4ade5a861ce29a0cdf2d8723f71913bd6006169540446b145bdf65651e086,Sorex_araneus,Sorex_araneus,retained,1
Placentalia,MAFFT,19384a16e1e0f9cb2e8b3a7d054d4b01fd3a14f0a392bfc34b035308fd776976,Sorex_fumeus,Sorex_fumeus,retained,1
Placentalia,MAFFT,45ded7f27ce041e2940c42474af08ed85c28d127a71e79145d28d833312b261e,Spermophilus_citellus,Spermophilus_citellus,retained,1
Placentalia,MAFFT,ea791212248be250098042bf2f22e9f108a407f89bb942e21ff2eb0529205688,Stenella_coeruleoalba,Stenella_coeruleoalba,retained,1
Placentalia,MAFFT,f6366e8f1cf76df7e05e93e534c4d1c5b25bb2f1b42e51215906e586e49f7ce1,Sturnira_hondurensis,Sturnira_hondurensis,retained,1
Placentalia,MAFFT,862e2b3bd5753252a31d6c70cb822ac7f3f6d23dcc4c470a0d7653fe2380e215,Suricata_suricatta,Suricata_suricatta,retained,1
Placentalia,MAFFT,417285844c44b15104b196e60ff83a36f5535a5c6871f9ce86aeae84274a345c,Sus_scrofa,Sus_scrofa,retained,1
Placentalia,MAFFT,722cf6be6bf18ff0cbff69cc7ee6ec8765d964bd482325c7d4cbaa04ee6f8873,Symphalangus_syndactylus,Symphalangus_syndactylus,retained,1
Placentalia,MAFFT,b2a643f63bfa69002bf1f86067beca34d21eaecb1565b0213fa13742cd7440c6,Talpa_occidentalis,Talpa_occidentalis,retained,1
Placentalia,MAFFT,5f7157615c64609d612f211ed31432dc1d7ceee6b29bf71ed46570cb5752c846,Tamandua_tetradactyla,Tamandua_tetradactyla,retained,1
Placentalia,MAFFT,75a71e0c6267068493e99168859d8fa0f2f674d67c7e811ea5d7616dd9299370,Tenrec_ecaudatus,Tenrec_ecaudatus,retained,1
Placentalia,MAFFT,7f22766e2322d43161611ca55656f00d068fefb679ade7d39627b1446060b218,Theropithecus_gelada,Theropithecus_gelada,retained,1
Placentalia,MAFFT,e22a68fc217efbffd317a7d91af28d54c54901b401afeea9a1df2a3e97d30eb8,Trachypithecus_francoisi,Trachypithecus_francoisi,retained,1
Placentalia,MAFFT,7ee545466a68b6ab090534684671b5058f051921f5c9668035b93513f8eb8493,Trichechus_manatus_latirostris,Trichechus_manatus_latirostris,retained,1
Placentalia,MAFFT,7e2b01fbdbf333a49a9daf5bf36a8b57f346a715b3ed411169cf50eeaa269ec9,Tupaia_chinensis,Tupaia_chinensis,retained,1
Placentalia,MAFFT,d51cd33b760c1930e1ae47cf68fd96b1a5aeee2b49af19515f72093e690d29f8,Tursiops_truncatus,Tursiops_truncatus,retained,1
Placentalia,MAFFT,8ad80f38d11395b43139da50cfb7978975486387db8c14ccd96a10d5114e6121,Ursus_arctos,Ursus_arctos,retained,1
Placentalia,MAFFT,5ddce1cc8cf6922133c1eaace3031544b8218a86600be1d8bebf2fb121f0955d,Ursus_maritimus,Ursus_maritimus,retained,1
Placentalia,MAFFT,04aef14d1e0b02ddfba0d938a94aa13370096f0bbcc2455dd43a70d0dfdd0bcf,Vicugna_pacos,Vicugna_pacos,retained,1
Placentalia,MAFFT,2db26183437f63dd09eee1535f583073bfd5164efddf498b4a94f2d662e7b656,Vulpes_lagopus,Vulpes_lagopus,retained,1
Placentalia,MAFFT,54cd0cddb718a5223482296843d39fa2abdafbe0ddae005e1ebd856eb00384ba,Vulpes_vulpes,Vulpes_vulpes,retained,1
Placentalia,MAFFT,21b5486c7a7523822d4706cf79d569f9caa11f8bf92358232bec3a215d3f185d,Zalophus_californianus,Zalophus_californianus,retained,1
Placentalia,PRANK,d6bbeee5661a4ba83b8379897cbfab51127152e11b109636182b519acae7f00e,Acomys_russatus,Acomys_russatus,retained,1
Placentalia,PRANK,41190a9ccfd9acf37b7397a1cba228fb443bc7c375e3acf60fc518065694f469,Meriones_unguiculatus,Meriones_unguiculatus,retained,1
Placentalia,PRANK,c0a8c2ce2849773ab5b5bc385bd9cd7f68d15328e9575121eaae8d5638f2fffe,Psammomys_obesus,Psammomys_obesus,retained,1
Placentalia,PRANK,b59cb08de09f51e212175c604bfbe964e714954f7588375f4fafac124e789c7f,Apodemus_sylvaticus,Apodemus_sylvaticus,retained,1
Placentalia,PRANK,c879912be25f49f455849aef454a67ce5d5d83663315da1fff25343c263f9e9a,Mastomys_coucha,Mastomys_coucha,retained,1
Placentalia,PRANK,fc113b2ecd3a9fc82037c12bef14075d64605788274ff9a6c451cf02c86d25eb,Mus_caroli,Mus_caroli,retained,1
Placentalia,PRANK,c009b15aa181bdc70406dbc41c28e4926b5a138ae790afc16907146eb47603c5,Mus_musculus,Mus_musculus,retained,1
Placentalia,PRANK,77aaa7289edd6f2f04b8faaf0a41a851c96cef7b6ac59ec42c693803be8388a3,Mus_pahari,Mus_pahari,retained,1
Placentalia,PRANK,a6cd0e049a25665438ce70192a3d08c01357e1156a65808884672b2f891d9658,Arvicanthis_niloticus,Arvicanthis_niloticus,retained,1
Placentalia,PRANK,b215971416d01f7afc200d9729d796952c602017183544f52c391cd530cbd51d,Rattus_norvegicus,Rattus_norvegicus,retained,1
Placentalia,PRANK,625a651b2d87a03698e8d87455a34b85026176b0d40508cc27e8cf9be9e6b299,Rattus_rattus,Rattus_rattus,retained,1
Placentalia,PRANK,d9fcb90806d55b073c6bf1301bb23bfed2a935b855104c977a15bae949c5a363,Micromys_minutus,Micromys_minutus,retained,1
Placentalia,PRANK,51de29de3a56c340c03af11a0d964f52a4a5616fd4fe5c7744223fa65ad63ce6,Arvicola_amphibius,Arvicola_amphibius,retained,1
Placentalia,PRANK,da98d55f60d275715860b8a6630261407e4e6d4db6b41b8b87d166edd242390e,Myodes_glareolus,Myodes_glareolus,retained,1
Placentalia,PRANK,bd03d9aa0ead6eb1a8c7effa359d3bd163f76a38bf062990a8a7ccbb0125fa2c,Chionomys_nivalis,Chionomys_nivalis,retained,1
Placentalia,PRANK,84a4dd572dd7bf10f619cf74df0a168970151abe2d58aef79c6b232bee83b004,Microtus_ochrogaster,Microtus_ochrogaster,retained,1
Placentalia,PRANK,c144805aaf73f57a0af7620013540d168c0c56084926483f8aa626ad608c704e,Microtus_oregoni,Microtus_oregoni,retained,1
Placentalia,PRANK,9f6c98569c3115622663243700b394d518cd478b11f4a2fff6ea1b16cb0df1b0,Microtus_pennsylvanicus,Microtus_pennsylvanicus,retained,1
Placentalia,PRANK,d46563ac294b3a24e7af9bf4fc42ec633fcfa896764c55db8cf0e0db5ecb4d22,Onychomys_torridus,Onychomys_torridus,retained,1
Placentalia,PRANK,12b5b39b35c172afa982abb6bed55040952ba532992c5300363af6b1e6be62d1,Peromyscus_californicus_insignis,Peromyscus_californicus_insignis,retained,1
Placentalia,PRANK,647f2d0cf1ea2e66a75d87c0bcae309c7739d7caa654594229a97e260da3d203,Peromyscus_eremicus,Peromyscus_eremicus,retained,1
Placentalia,PRANK,3ddd96593e50c476c3811df3bea88ae62dda6e0554f57270ab9583ab9e9cb5c2,Peromyscus_leucopus,Peromyscus_leucopus,retained,1
Placentalia,PRANK,4162c51da94e43f0b5694e4825858b7d4033549022c603595f8ab4dc3743a8c8,Peromyscus_maniculatus_bairdii,Peromyscus_maniculatus_bairdii,retained,1
Placentalia,PRANK,33285b2d6fc77b87b774c33dfff20376487780d1eba886f713940d7440374335,Cricetulus_griseus,Cricetulus_griseus,retained,1
Placentalia,PRANK,98351e80da6a9b5b2bed342a18d8ba038b004b1b6d045573dec8558538d381a0,Mesocricetus_auratus,Mesocricetus_auratus,retained,1
Placentalia,PRANK,8ad94e149fd1706c49430c6d21f39002ee280ebd68831bcd7e4745728c4d3ed1,Phodopus_roborovskii,Phodopus_roborovskii,retained,1
Placentalia,PRANK,1bfaa0acb6c2a78e1d6f6d09a55f0ed4f4d9436a8bbbade47ec2f37b764a2aaa,Nannospalax_galili,Nannospalax_galili,retained,1
Placentalia,PRANK,bb5aff06bf20378a4962cde59d07fb618cf66590d8413cfafe6a858c1e674983,Jaculus_jaculus,Jaculus_jaculus,retained,1
Placentalia,PRANK,436968cdbd16cfab3a709ca6dd630839ad74e347aedd4c224823608f62110be4,Castor_canadensis,Castor_canadensis,retained,1
Placentalia,PRANK,a293b798a35d9cbba8f329724cea59625fcbb04b3083affd67e43bb0abf7e70f,Dipodomys_merriami,Dipodomys_merriami,retained,1
Placentalia,PRANK,909f9242745abfdd9e0b86f3166a6d7f9e662b010c41a7ee7e674ee0599b77a5,Dipodomys_spectabilis,Dipodomys_spectabilis,retained,1
Placentalia,PRANK,e4383742e3ae4236c158d47dd92d81f41271611bde019d018e35b665caeab1a3,Dipodomys_ordii,Dipodomys_ordii,retained,1
Placentalia,PRANK,bece0763da789a86e7c96cc79673fbf385cc3db582a4d2138cc77c0b93254b5b,Cavia_porcellus,Cavia_porcellus,retained,1
Placentalia,PRANK,dc50811a0b38d9477cd8cce268c12e01198674852c0ff693fa6673c61c7bd246,Chinchilla_lanigera,Chinchilla_lanigera,retained,1
Placentalia,PRANK,3785792f5d857596550d1673fae67afc05eac96bf2e64b5c8b3fb62384503508,Octodon_degus,Octodon_degus,retained,1
Placentalia,PRANK,38d901a43c8da2535b5a9240c5fd2cc5254791fd8c7ec1a2c232c86bfc2f9b23,Fukomys_damarensis,Fukomys_damarensis,retained,1
Placentalia,PRANK,a5c9abec0472d68cd519c0780e520f10042cd1f37a863359ff38a75c88c3a72b,Heterocephalus_glaber,Heterocephalus_glaber,retained,1
Placentalia,PRANK,565af942749229923328a040f5ffd83ebb7d697c2a5979cc9effc35f44353839,Lepus_europaeus,Lepus_europaeus,retained,1
Placentalia,PRANK,568e22197de32b4933f1cbc9716514c045d0936c913bd19f7aa093257d32622f,Oryctolagus_cuniculus,Oryctolagus_cuniculus,retained,1
Placentalia,PRANK,2405ca133a3f28b5fe31274c1cef40ed438f6a457ee7a08ade39dcd180063ba8,Ochotona_curzoniae,Ochotona_curzoniae,retained,1
Placentalia,PRANK,0744b99f12f2b7ec08b534da527150fb23fe6f64af2cbfb07b2b81139f163e75,Ochotona_princeps,Ochotona_princeps,retained,1
Placentalia,PRANK,d351d32ab11c464488708516341caadc59b3dd17fc941d233754a511096f3289,Callospermophilus_lateralis,Callospermophilus_lateralis,retained,1
Placentalia,PRANK,7af3ad735dbcbd10a6dd6a04aae976b24695976ad46914d8849ecda0ab2ec9ec,Ictidomys_tridecemlineatus,Ictidomys_tridecemlineatus,retained,1
Placentalia,PRANK,1c69617316c7cba024eaaa69d756dc4c98f5f35e6ea0cc539785e9529123e368,Marmota_flaviventris,Marmota_flaviventris,retained,1
Placentalia,PRANK,f51eb444daf57d66a9fc807ac51e3236949bb7c6da3ac1fa68559e2a9d156753,Marmota_monax,Marmota_monax,retained,1
Placentalia,PRANK,213e65754fe7732fcfc543594e02594e869d93e6b3d6e27907fe366610e41920,Spermophilus_citellus,Spermophilus_citellus,retained,1
Placentalia,PRANK,af7ce5746795c778986f1bc6923365d4761bba7496f9c907c9a7d58683e5ce1f,Muscardinus_avellanarius,Muscardinus_avellanarius,retained,1
Placentalia,PRANK,aa7bc85bdbf20277e47fa3e077bcc0d06024b3c39d8883f1e0fb320ed23afe5d,Acinonyx_jubatus,Acinonyx_jubatus,retained,1
Placentalia,PRANK,67f8f64c47a22c9c5ecfd16d8b029b3b79017d3a4258f611fe8260a4a689913b,Felis_catus,Felis_catus,retained,1
Placentalia,PRANK,9e802d5f818c7cdabc9988f694d2590bebc9dd2214de4514835d2dbc3fa7edc2,Herpailurus_yagouaroundi,Herpailurus_yagouaroundi,retained,1
Placentalia,PRANK,9bc463a4081e35e68dfec23eb0402389a895a37210432ebc18fb2c8ac9658a35,Prionailurus_bengalensis,Prionailurus_bengalensis,retained,1
Placentalia,PRANK,ab457e77f65425d1d1731589cee2fe236d90e459414cdc42cb8bf8ddf9fa3a17,Prionailurus_viverrinus,Prionailurus_viverrinus,retained,1
Placentalia,PRANK,bd49fbfcb73501762a7003e188912f6a6021ef37d10a624d46c2b2e50e55b28c,Leopardus_geoffroyi,Leopardus_geoffroyi,retained,1
Placentalia,PRANK,69800ecb64252342137cc07893af858fd37269951d8c744534e07c0807aa9a2b,Panthera_leo,Panthera_leo,retained,2
Placentalia,PRANK,69800ecb64252342137cc07893af858fd37269951d8c744534e07c0807aa9a2b,Panthera_leo,Panthera_pardus,removed_exact_duplicate,2
Placentalia,PRANK,a80a8f7c348733df08d6705d8173c2cb82fb50b2ceef9bb897b04cb66bb7ecd2,Panthera_tigris,Panthera_tigris,retained,1
Placentalia,PRANK,dbcd2726f9a435ee69fbb5f8e29888a46c0d56693267b8ba4ac0f88b4b38f9a0,Panthera_uncia,Panthera_uncia,retained,1
Placentalia,PRANK,28968507d8d374a1494fb758d7b14ffa2fba47d25b0420432fe268a3c2030284,Panthera_onca,Panthera_onca,retained,1
Placentalia,PRANK,90c81e3554097d7289eecacdda73492fb532079fd3bfd8dc88718f397eb0a634,Neofelis_nebulosa,Neofelis_nebulosa,retained,1
Placentalia,PRANK,be4c242f2dd9b9227abf205003d6b9db987d045420da731f4549f514dda0a391,Lynx_canadensis,Lynx_canadensis,retained,1
Placentalia,PRANK,b015d77aedb0eed2968e8fd5e16ef3030fb4d91aeb77a03a9348399da73428da,Lynx_rufus,Lynx_rufus,retained,1
Placentalia,PRANK,4c8e1eb216f4c28cb4f295aab7b8f4cc20ede86d70f8928c7e4204a3895866d7,Hyaena_hyaena,Hyaena_hyaena,retained,1
Placentalia,PRANK,89af4445108453380bb2205668ed7179d05306b9d71e61a059ac0ca2193bf34e,Suricata_suricatta,Suricata_suricatta,retained,1
Placentalia,PRANK,63fcdd58c44464443e4ac1c8c9d5a9aa1de5e9f1922670e3cca4cf0869ee520e,Canis_lupus_baileyi,Canis_lupus_baileyi,retained,1
Placentalia,PRANK,0a75e9446ec3584bcfc48f7fba17bb4970e08eb86dbdba4cb34e8eb1cb69e93b,Nyctereutes_procyonoides,Nyctereutes_procyonoides,retained,1
Placentalia,PRANK,eebb2b4b9888e53102aeed4653c3a02215e4ef145a429ccf065fb3297549e8b3,Vulpes_lagopus,Vulpes_lagopus,retained,1
Placentalia,PRANK,00999d3fd9f0c24e1573c25d0c106acc6f985faad6fb5df132873d0d6fe3886a,Vulpes_vulpes,Vulpes_vulpes,retained,1
Placentalia,PRANK,be535ac49f1a80d46f1a326641a2c311524628b56dfa8771213f5a29e8a600be,Ailuropoda_melanoleuca,Ailuropoda_melanoleuca,retained,1
Placentalia,PRANK,6bc6f8ddb64276e10738ff3216f95c8a463294534aab061372227eb92b26c364,Ursus_arctos,Ursus_arctos,retained,1
Placentalia,PRANK,b8a253a21859a0519e97dbec95ef2781382f7146f4834834a1718f1b0aed524a,Halichoerus_grypus,Halichoerus_grypus,retained,1
Placentalia,PRANK,58498e07f49f6b6a69ceba854d9234cec1dba56c42d1f667207ffbe7fd04418f,Ursus_maritimus,Ursus_maritimus,retained,1
Placentalia,PRANK,f3637cf9aaef431447ea9d71b9745802828389297d34ba6279fa2aa499c2b7d5,Callorhinus_ursinus,Callorhinus_ursinus,retained,1
Placentalia,PRANK,5df3ebb6a422cb8e8f403bcd14a14bd7e402bbab1c6760bdac10d0294ae964de,Eumetopias_jubatus,Eumetopias_jubatus,retained,1
Placentalia,PRANK,22a34ccb937491c842ee2fa1c3b5ae1e384dfad8f23179097b1f0a3ca2a36b06,Zalophus_californianus,Zalophus_californianus,retained,1
Placentalia,PRANK,972cadd41420b5b72e75c4b5f7ccec9430aa2326af77a61372e5c949d0eacbf5,Odobenus_rosmarus_divergens,Odobenus_rosmarus_divergens,retained,1
Placentalia,PRANK,dac0291c2a92a84b266176a5230027f94678d9377a7db79451ee62d0a2a7932f,Mirounga_angustirostris,Mirounga_angustirostris,retained,1
Placentalia,PRANK,cbc08c587a3669daba13c509828027d078fb3d8b3095dd005aa7c3f1910bed00,Phoca_vitulina,Phoca_vitulina,retained,1
Placentalia,PRANK,60289c467bf4b144b80b456a3cf4e5da660d2e1a227f99bbfa0c38541bf36cc4,Neomonachus_schauinslandi,Neomonachus_schauinslandi,retained,1
Placentalia,PRANK,50fc30f44c31773575a613b1c9bc90c913fc0b0376a1bb6a42d6161985865064,Mirounga_leonina,Mirounga_leonina,retained,1
Placentalia,PRANK,6cd3546c127731d732634a9abdfa0aec0556bdb933bf33e353ef227b11b63858,Enhydra_lutris_kenyoni,Enhydra_lutris_kenyoni,retained,1
Placentalia,PRANK,6f787d09bf4f992272ea8116466e047074916af3b4afd74b623ab61120422ad9,Martes_martes,Martes_martes,retained,1
Placentalia,PRANK,887ec897438953f3d3fa30a8068dbffe97c8f98da0baa5e0cd2346fed9c3f0f5,Mustela_lutreola,Mustela_lutreola,retained,1
Placentalia,PRANK,a243fd7c5c698812efd3f373ae431aebd581964d461a2971d4f08dd4c0e1bd75,Mustela_nivalis,Mustela_nivalis,retained,1
Placentalia,PRANK,373e420a53156945c8ab99e6829ca93fd2b178f11e27118e6cd44b0806ba4a27,Meles_meles,Meles_meles,retained,1
Placentalia,PRANK,619e234be007f18eecb9d0fad5c9e402b7c6fb3aedf4554cf3d5b4549eb39f09,Balaenoptera_acutorostrata,Balaenoptera_acutorostrata,retained,1
Placentalia,PRANK,99b86b7335a49c122b33c436e5eaecd11e6504fb16683d84a48a93a92b7c51ed,Eubalaena_glacialis,Eubalaena_glacialis,retained,1
Placentalia,PRANK,e9a62db7b6775808ce38f30cc761067811d5e52e2b1b61c97c6aa0c9715be9f6,Balaenoptera_musculus,Balaenoptera_musculus,retained,1
Placentalia,PRANK,070de34c1a89edd69962843f1615af1aa00e40059ff2a5c0bb653ed29e65b680,Balaenoptera_borealis,Balaenoptera_borealis,retained,1
Placentalia,PRANK,4b96abd9faf3c3eb906211326e8ca875862856ac09d8ace9507f639c764995a1,Eschrichtius_robustus,Eschrichtius_robustus,retained,1
Placentalia,PRANK,40a9182e4decf24cf6951f08e2a23e68fc9ab1624af3aa48792a58838035a1ea,Balaenoptera_ricei,Balaenoptera_ricei,retained,1
Placentalia,PRANK,2b096275b6ce2dd69217cb6b6bcb2a3cd172f1cdf5cf85b4f479eb0666cf0d4d,Balaenoptera_physalus,Balaenoptera_physalus,retained,1
Placentalia,PRANK,f608c7e690902495e8a8991bb3832452615f9d868dd39c8c07f6eefc91d9de35,Hyperoodon_ampullatus,Hyperoodon_ampullatus,retained,1
Placentalia,PRANK,acfd843aa31ff878bb2bb7a3a3ac7df93acca756e5006fcc9078620e2801083c,Mesoplodon_mirus,Mesoplodon_mirus,retained,1
Placentalia,PRANK,0ad0846bf827f08573ad12cc73397feed420798ea80c140def54cc20dab52a9d,Mesoplodon_bidens,Mesoplodon_bidens,retained,1
Placentalia,PRANK,ebe7459d5ae275563bf34949a0df5f226f8c14979d2da9208f0195f3b6e9b67b,Mesoplodon_densirostris,Mesoplodon_densirostris,retained,1
Placentalia,PRANK,206e7b6f388dc9a2a0db97027b4c59703251110e2adcd6b7734e44de1034aa9e,Physeter_macrocephalus,Physeter_macrocephalus,retained,1
Placentalia,PRANK,3bf31fbbf808a01b365fdfadcef82bb21f3c3104ce0f0f357ee1bf2633120956,Delphinus_delphis,Delphinus_delphis,retained,1
Placentalia,PRANK,1307a5f25e537c94521d0f59b26881ca6646a54a03ea01d54dde7a75bf8e38b8,Stenella_coeruleoalba,Stenella_coeruleoalba,retained,1
Placentalia,PRANK,a1723d6cdb4d93d1ba53b2d12da4f7d4849101266cdfe4908b73ec423e143520,Globicephala_melas,Globicephala_melas,retained,1
Placentalia,PRANK,d0b528d1579b4a6560444dce3ac400ff4d8d7258e7fbb4619b89820161904ec6,Orcinus_orca,Orcinus_orca,retained,1
Placentalia,PRANK,d6f175d203c86a22812fd64656fe7db4c94e83d263b716b28707af706a1b1141,Grampus_griseus,Grampus_griseus,retained,1
Placentalia,PRANK,e383fb852bea65d1e17e9e27a77fc599998aded97ee37d797434be0b23d82012,Lagenorhynchus_albirostris,Lagenorhynchus_albirostris,retained,1
Placentalia,PRANK,2f3858136be5fef3f7f9a1bcbcdb46a159e4c1fe4cb8f0ad30e586d96d51ea3d,Leucopleurus_acutus,Leucopleurus_acutus,retained,1
Placentalia,PRANK,75d32c3faed4d907e777e6a46ee43b2e74d1c9a225de91237128771f4f623ca1,Monodon_monoceros,Monodon_monoceros,retained,1
Placentalia,PRANK,12fba6d0e7929e2308b3cf73a48209ba973df5eab0cf7849c3cc7607e79ebf9c,Tursiops_truncatus,Tursiops_truncatus,retained,1
Placentalia,PRANK,129a8886be9c9246e2e9071a45e3bf96b90455886214a82b76ec0f7534098dfe,Sagmatias_obliquidens,Sagmatias_obliquidens,retained,1
Placentalia,PRANK,11272c133b5169ab5ad70953b6211e64b8cca64cdd7650c08f637f899b3c2b81,Neophocaena_asiaeorientalis_asiaeorientalis,Neophocaena_asiaeorientalis_asiaeorientalis,retained,1
Placentalia,PRANK,f7cd44fe8b75e70b14e2a7148d5540b167d4837728f413cb610909008601daa5,Phocoena_phocoena,Phocoena_phocoena,retained,1
Placentalia,PRANK,1fcf263d6e88b45acb42895c25a818cb6b4eed13d831d6d84e4be470b529c205,Phocoena_sinus,Phocoena_sinus,retained,1
Placentalia,PRANK,8219526f0fd79a560152fc4bfe6b2be198ff1044d6f3055002ef87b7c61f06ac,Lipotes_vexillifer,Lipotes_vexillifer,retained,1
Placentalia,PRANK,abf9b31de951d6fbffcbe0ca2630030ff1d0a1d33b3ce3ce6dde0033847f6a3f,Hippopotamus_amphibius_kiboko,Hippopotamus_amphibius_kiboko,retained,1
Placentalia,PRANK,739ab8375da9a4203e9996454691df6dca1812bbe1800014d9473cfa1b24bc4b,Bison_bison_bison,Bison_bison_bison,retained,1
Placentalia,PRANK,9176a73fce170d4c82b1daf257c148cab8693a1c534a5dd3a793293d8029bab2,Bos_javanicus,Bos_javanicus,retained,1
Placentalia,PRANK,05d71e1987cd1a803c363d0cf7b6a6f9b0464bafaf24d9ff555341970d8647dd,Bos_taurus,Bos_taurus,retained,1
Placentalia,PRANK,72e5d5e17328f379b3830df68ff850021420aa224da62b0d479351492be9440e,Bubalus_bubalis,Bubalus_bubalis,retained,1
Placentalia,PRANK,05336fde0028073933918fc3691d862f69935e3a3376c14201aefd05a9cb2401,Budorcas_taxicolor,Budorcas_taxicolor,retained,1
Placentalia,PRANK,ea01c7d70f8dc168089c819b9301963f4d6f427c64ea84b9477d08ffbaad58ef,Capra_hircus,Capra_hircus,retained,1
Placentalia,PRANK,0d7a6afa92a968bacdbbb3751e422ae0cd6ce169b9df41f7d31a7cf16e44ecb7,Ovis_aries,Ovis_aries,retained,1
Placentalia,PRANK,da64ff61dfa6580f90469cfe7840378d58ece261bac646d33bb96f9312bbfa5c,Capricornis_sumatraensis,Capricornis_sumatraensis,retained,1
Placentalia,PRANK,3fde377c6e4069f858e1998909ea0ea5127b42bab3b5570adbea17a5c5a06787,Bos_indicus,Bos_indicus,retained,1
Placentalia,PRANK,3d533054f0ea7d0c8fcddd923342d99d8d7e8dca21a904b29d404746df7a6284,Bubalus_kerabau,Bubalus_kerabau,retained,1
Placentalia,PRANK,82f0e9d0e151c882c1913d61385241ead64d598a66ba5fdb812d0aaa032e5c0f,Oryx_dammah,Oryx_dammah,retained,1
Placentalia,PRANK,ae079f1cbbfe9800c476513d4ab271eeef1ba59543a7bad89f50aeb8347b3a50,Bos_mutus,Bos_mutus,retained,1
Placentalia,PRANK,812b680bab0bfb5a1158d22644e0a3ba463fd4b8273829b90d5de3dd8562e821,Ovis_canadensis,Ovis_canadensis,retained,1
Placentalia,PRANK,9f4370e56e8d7c34677516edae9de2b7807e5aa7f7b0c19b6a684d20c92b7cd6,Giraffa_tippelskirchi,Giraffa_tippelskirchi,retained,1
Placentalia,PRANK,7756aa8706781c1137ed95b1f3bf6282fd04ebd9f940ad6a3cefa735ac3128da,Moschus_berezovskii,Moschus_berezovskii,retained,1
Placentalia,PRANK,a1de680908cf48c3640a1f75cdf4a66995c6523b376d9b9f0c4bcf1c49ba4bde,Cervus_canadensis,Cervus_canadensis,retained,1
Placentalia,PRANK,d125f862b9bc23db41d106c401b4dcd9bb0c21f56269fa7a7794966d622e2b78,Muntiacus_reevesi,Muntiacus_reevesi,retained,1
Placentalia,PRANK,2ca95c3010c50ba2c0cbe73ba15b70539c2a4c7f17f4dcffb18056b439ae86aa,Odocoileus_virginianus,Odocoileus_virginianus,retained,1
Placentalia,PRANK,2aff811872cde7a674b073e71db9f424ce1030ff8d4c4a82a4b8f3572b852d05,Cervus_elaphus,Cervus_elaphus,retained,1
Placentalia,PRANK,8b0e8e8179374f46ae5295540a9b8656d6bcf1883274eceee76f08512da7d267,Dama_dama,Dama_dama,retained,1
Placentalia,PRANK,547a09e7137e535392747833438f7eeac61da9b5136bd2cdc60e08d3ef55a4d1,Camelus_bactrianus,Camelus_bactrianus,retained,1
Placentalia,PRANK,15033aab92701f5e3389dea649cd013917a2220b7c27a3a2196bdd6ad8c1bf0a,Camelus_ferus,Camelus_ferus,retained,1
Placentalia,PRANK,37b54fbf851bd05fcfe869ac7e99cdb29798a93f393996b993150bacc51bce67,Vicugna_pacos,Vicugna_pacos,retained,1
Placentalia,PRANK,a0da16cf09c704b997c37722050d035e550bb06ab8613f4d94600774bddede13,Camelus_dromedarius,Camelus_dromedarius,retained,1
Placentalia,PRANK,c5439120aee4dba493669d6a77fbf72768dd5141de32fd770903e5ead6862906,Ceratotherium_simum_simum,Ceratotherium_simum_simum,retained,1
Placentalia,PRANK,40b05c9261eaa93ebf8fc8f343eb1661066f5395aa0bae29e127c6c1373fd7d6,Diceros_bicornis_minor,Diceros_bicornis_minor,retained,1
Placentalia,PRANK,5a88adea4501f2a026d17df35429239980db5681de6a0cd3408e0fe99b640f73,Equus_asinus,Equus_asinus,retained,1
Placentalia,PRANK,db8ba69de243af05eb5d9925716d0a76cb34589d27dea5c639db63def8b73f81,Equus_caballus,Equus_caballus,retained,2
Placentalia,PRANK,db8ba69de243af05eb5d9925716d0a76cb34589d27dea5c639db63def8b73f81,Equus_caballus,Equus_przewalskii,removed_exact_duplicate,2
Placentalia,PRANK,f2c3b58d0478a8a5e3f17b59725e64918882d206e0ae44b5e911c7564e2a79f6,Artibeus_jamaicensis,Artibeus_jamaicensis,retained,1
Placentalia,PRANK,0b4ee9e741ab2380823de9c68a0e9aedce5199b9761ecf74a308a22ed3de81ff,Sturnira_hondurensis,Sturnira_hondurensis,retained,1
Placentalia,PRANK,334a33d66283ec637ee22dbac3c4154e7a0d0f3193d006e36ca154b673a6844a,Desmodus_rotundus,Desmodus_rotundus,retained,1
Placentalia,PRANK,1bdeae87af51e6c1072fd45384984d4fb44a77c364df93488f5b1c76950bb759,Phyllostomus_discolor,Phyllostomus_discolor,retained,1
Placentalia,PRANK,8c704134407aec4990e6dbccecad50d9003508f5edd3b177b85653493fd5d089,Phyllostomus_hastatus,Phyllostomus_hastatus,retained,1
Placentalia,PRANK,091df2bb68b6c75279ca4ce63458676d16541ef98cf7fcb162f48f916d2d6adb,Pteronotus_mesoamericanus,Pteronotus_mesoamericanus,retained,1
Placentalia,PRANK,fc55ba3cc9c9d0990cb9b52336fbd22275391b2dd5b4fd2afcb70037efa47386,Cnephaeus_nilssonii,Cnephaeus_nilssonii,retained,1
Placentalia,PRANK,1b3fffe55502a8dad6c6d2570d38a882c0276f47c082905e7a5b60f801ea5a12,Eptesicus_fuscus,Eptesicus_fuscus,retained,1
Placentalia,PRANK,3a614aa5b70763ee67e0a8a7d61f6087b7d3e072546412b6865e42f23728f963,Plecotus_auritus,Plecotus_auritus,retained,1
Placentalia,PRANK,716dd811ad2aa1aff21c4d9ba8c8f8b7c12e4339fb2c946d888b3c6e9e8e0dcc,Myotis_nattereri,Myotis_nattereri,retained,1
Placentalia,PRANK,425e80fc2a4a43a1390a6a144b85bde2d0e7a099f135d57ca13d0854d314da6b,Miniopterus_natalensis,Miniopterus_natalensis,retained,1
Placentalia,PRANK,e7d2106653fd45bf5c74d4a61ddad58f3cdd2d09952f521d6ae9e92b7211cbca,Miniopterus_schreibersii,Miniopterus_schreibersii,retained,1
Placentalia,PRANK,7e74f4bf8f02b004a964526611f920ac64196971a25558d2e49845051daad932,Saccopteryx_bilineata,Saccopteryx_bilineata,retained,1
Placentalia,PRANK,fe79cc1ede5aaad7d0250a3e23f0b2f4c963161cf94e1920ea5176c4b3315b69,Saccopteryx_leptura,Saccopteryx_leptura,retained,1
Placentalia,PRANK,0d21b099680a15bed3664e8990f55bd8f7211df33d10259ad47f3e458c490a4c,Hipposideros_armiger,Hipposideros_armiger,retained,1
Placentalia,PRANK,7c0b6ba311aa5e726b61b6dd35fd5596eef1647d97c7e6e3d564c7249bc8694f,Rhinolophus_ferrumequinum,Rhinolophus_ferrumequinum,retained,1
Placentalia,PRANK,fd7f05858c2e560edc0a407d923798a77f58ba204bbb9b1689b971e940c63ee5,Rhinolophus_sinicus,Rhinolophus_sinicus,retained,1
Placentalia,PRANK,3a3713ae56a92e3ac3e005c9c17ecb1d8f79a79ec01ec10375dc2e4c84ddfc1a,Rhinolophus_hipposideros,Rhinolophus_hipposideros,retained,1
Placentalia,PRANK,043c8f8e03f7dda03e86595e099601146f8175741933b3b3177811e89f92aa1b,Phacochoerus_africanus,Phacochoerus_africanus,retained,1
Placentalia,PRANK,24149565f1c6ecae9b27340354acd36be00d1758b62ca325974de8e63f9f303f,Sus_scrofa,Sus_scrofa,retained,1
Placentalia,PRANK,cf9c632d196a65d5f9db14e75fbfaa4c139251bd514f527fbfbd0bb57ec9822e,Pteropus_medius,Pteropus_medius,retained,1
Placentalia,PRANK,6b41e13d8878d6630f373bac894bfffbdc4a8318830b8331f7844cf76935d02f,Rousettus_aegyptiacus,Rousettus_aegyptiacus,retained,1
Placentalia,PRANK,4be37b0a37e7ea23408365e8bedf164cdca7833195a3171041521720211fb44c,Choloepus_didactylus,Choloepus_didactylus,retained,1
Placentalia,PRANK,5f413ab62b1cda4a6d0f7149be9d19154468b25468071fb2eec7e359d6577228,Tamandua_tetradactyla,Tamandua_tetradactyla,retained,1
Placentalia,PRANK,61c318d73c12b2750393612d1f9b1f82f12610748992f838e666bcdcc7c0e919,Dasypus_novemcinctus,Dasypus_novemcinctus,retained,1
Placentalia,PRANK,996b561d7e96342fee9db1f54e24d66530ef1510bef37dd984736f11edddf0a5,Echinops_telfairi,Echinops_telfairi,retained,1
Placentalia,PRANK,22216d5f90d7c53fb1e7addbb2326cd025855b6db54934999fe7ec524824c026,Tenrec_ecaudatus,Tenrec_ecaudatus,retained,1
Placentalia,PRANK,3f67c10035ef082972786a558c6bf01c6aa6122030e258dcc91ae1b23e9b0216,Elephantulus_edwardii,Elephantulus_edwardii,retained,1
Placentalia,PRANK,4a37b0c72fb54d0cfa75f42750f0f50ad3cef5960da1003d89e56081cb5179da,Elephas_maximus_indicus,Elephas_maximus_indicus,retained,1
Placentalia,PRANK,c9393783b8346c29933dee1391c7bf1b2c79825a7858e2af0357330a9f2f88ca,Loxodonta_africana,Loxodonta_africana,retained,1
Placentalia,PRANK,8df32020c04b70ff28af82805c3c3c8c04e7f43754068221ef38bc93b435bbb2,Trichechus_manatus_latirostris,Trichechus_manatus_latirostris,retained,1
Placentalia,PRANK,eefa2363d89e3f202e566c678d48e27895a4a3d9b6ee01aca0eedb145a429b54,Orycteropus_afer_afer,Orycteropus_afer_afer,retained,1
Placentalia,PRANK,c66a0e6094d9a5a24a71eb0b4352fc481e9291b5423a451b9e097a0f3c28e8d4,Aotus_nancymaae,Aotus_nancymaae,retained,1
Placentalia,PRANK,f280e2203c0ec832789ac1cc5738ca5fd94f5702ccca8a2d7c267f280934c826,Cebus_imitator,Cebus_imitator,retained,1
Placentalia,PRANK,9009d8499f2125355bd3a7e1c7f9b269c620376a71da1a051e11169b9939c8e3,Sapajus_apella,Sapajus_apella,retained,1
Placentalia,PRANK,e8640447efc11903a1376bca2db9eb61e2c548c49cb6b76f663f44ccc27fa6ad,Saimiri_boliviensis,Saimiri_boliviensis,retained,1
Placentalia,PRANK,3218ee9b538d397baa92c10630e51823f838968f8356578afd6cb423aaaa0285,Callithrix_jacchus,Callithrix_jacchus,retained,1
Placentalia,PRANK,eafb41c44d837095b39e8a4a2901942ce52993995f12357365c87886fd716eee,Cercocebus_atys,Cercocebus_atys,retained,1
Placentalia,PRANK,06f5dab36badef4556c618d34690d4bc3c1330a63a4c5127b796f35b37b2dc2c,Macaca_mulatta,Macaca_mulatta,retained,1
Placentalia,PRANK,944b09583aaf8c15fca9b5891bbd65668eef68b8b7f54caccc4aac7d7aa6fac5,Chlorocebus_sabaeus,Chlorocebus_sabaeus,retained,1
Placentalia,PRANK,f13bb93083445201073877b9f80c0127f7c2da073292c4a04ae3394f1a581dd9,Colobus_angolensis_palliatus,Colobus_angolensis_palliatus,retained,1
Placentalia,PRANK,48f1ac5174f74f91670e1e846cb8a6d436b88c30e1e2ae9c3592f9c4a2e062e7,Piliocolobus_tephrosceles,Piliocolobus_tephrosceles,retained,1
Placentalia,PRANK,90ae14482517d335cfdd7572cf25f1b8df0d3c587e99b5b7b25dcdbf14202a26,Rhinopithecus_bieti,Rhinopithecus_bieti,retained,1
Placentalia,PRANK,b5fdf6fb3b968fae0c8e3b73e03090ebf6ac76d58b030831054c9ba3fdc2750b,Rhinopithecus_roxellana,Rhinopithecus_roxellana,retained,1
Placentalia,PRANK,5454c7a85a9f7185a8ebbb21cf64400df8de72c5a26fcc9d4aa0b8f9388250b9,Trachypithecus_francoisi,Trachypithecus_francoisi,retained,1
Placentalia,PRANK,aeba9684052469e2a6a2ed05b19286d9c43fbf6280fcd34dd7e5eb01636bb8d4,Macaca_fascicularis,Macaca_fascicularis,retained,1
Placentalia,PRANK,aa0221b1493844e7164e8d7510b726e2c084ac7349dd37ee145df5afc74763fd,Macaca_nemestrina,Macaca_nemestrina,retained,1
Placentalia,PRANK,9cfd5f1fddc39a1c2b2b9a2a2df2b7127ffb764f61d4fc893540308547b44748,Macaca_thibetana_thibetana,Macaca_thibetana_thibetana,retained,1
Placentalia,PRANK,2e3bd72dd30795468dd29b47577ed2ca328b6c40c06c5ae26d74a56c9545c610,Mandrillus_leucophaeus,Mandrillus_leucophaeus,retained,1
Placentalia,PRANK,e6e0d565a2935f6d355dc002ad216184d6c9a78057ffbe517c5d1d4b9672d793,Papio_anubis,Papio_anubis,retained,1
Placentalia,PRANK,e37c3b019d6e4849fb153cff39ceef41fdba37234a63be56f0401b19234f5092,Theropithecus_gelada,Theropithecus_gelada,retained,1
Placentalia,PRANK,446f9d261d88b7d34fd87862678b195a255033c224c7bc1a0c0f2bb4b5969932,Gorilla_gorilla_gorilla,Gorilla_gorilla_gorilla,retained,1
Placentalia,PRANK,62c59389a9c729b50d61c46f38a86b3bad18a5bf3bfcf152eb14dc937e789014,Homo_sapiens,Homo_sapiens,retained,1
Placentalia,PRANK,cf931155b6ee0b7ff145979fc6e3e5e03bc81619b5d4ab43f0d1a03a8047f22c,Pan_paniscus,Pan_paniscus,retained,1
Placentalia,PRANK,040e0f50b6991f4e0c61cd74a3eb8cb6dd655c63bf9746a1bd0b9d6808e55a15,Pan_troglodytes,Pan_troglodytes,retained,1
Placentalia,PRANK,74f768bef8e63b98fb67b1592d86e65c31f8429b3588c4152ca5d9df2a75ebf2,Pongo_abelii,Pongo_abelii,retained,2
Placentalia,PRANK,74f768bef8e63b98fb67b1592d86e65c31f8429b3588c4152ca5d9df2a75ebf2,Pongo_abelii,Pongo_pygmaeus,removed_exact_duplicate,2
Placentalia,PRANK,7610f3f3a4bcb49c2f58d52302feb4be32860db4339d245211bdd836aa2d6d2b,Hylobates_moloch,Hylobates_moloch,retained,1
Placentalia,PRANK,c0d3ea9536eb9e85ba2defe30494efe02a0373218f1a492daa20762680b4d244,Symphalangus_syndactylus,Symphalangus_syndactylus,retained,1
Placentalia,PRANK,95e2b310b388589811b2afab8af7d9322e9414a4a0e6a377d896df407f470fb2,Nomascus_leucogenys,Nomascus_leucogenys,retained,1
Placentalia,PRANK,a444a7d99c0be80b5114d9979f6765e7d030f2420467cff103a5a3492e42b70a,Eulemur_rufifrons,Eulemur_rufifrons,retained,1
Placentalia,PRANK,a084e64f342e36c7e6f7b7479aab1cae7c089f3c019458eb99370e67bf9df701,Lemur_catta,Lemur_catta,retained,1
Placentalia,PRANK,fec99abd009ee38aee6f8a47ff134203c4cf58577e02e4784b19803d8c4696ab,Microcebus_murinus,Microcebus_murinus,retained,1
Placentalia,PRANK,99b1a78396ee5382f685ec352796ca6448d3fdca4196d35b0a648d2f201ba6fd,Propithecus_coquereli,Propithecus_coquereli,retained,1
Placentalia,PRANK,d2d1823b6625cc6c448e3cbb65eda9c50017c60fa0ae2b03ba02c6041c604ed9,Nycticebus_coucang,Nycticebus_coucang,retained,1
Placentalia,PRANK,f1d0493d3c1418f867c8fd4f60dd98f3849157cdfd31b06ea103116c3d7be591,Otolemur_garnettii,Otolemur_garnettii,retained,1
Placentalia,PRANK,d974a52fac37108372182094e99d9369545ddf17fd98b50c609882d03289a9f7,Carlito_syrichta,Carlito_syrichta,retained,1
Placentalia,PRANK,316d3e5ae214d915b30d6775aa6e6d1f06e90eb1075e716a6be3a59473177846,Cynocephalus_volans,Cynocephalus_volans,retained,1
Placentalia,PRANK,48dc5f0f4de39314a25c81d10dd2cab13c1b9d794c50c7f4236e23c430e05437,Tupaia_chinensis,Tupaia_chinensis,retained,1
Placentalia,PRANK,e9694df5f60143240e85b5537f37f3a1ef79ab4786b291ab42400e17842ba8cc,Erinaceus_europaeus,Erinaceus_europaeus,retained,1
Placentalia,PRANK,790d2a04392752f4e19f3d0a3ec9a601db973ed0243b711eec9a1fd9d7a6e042,Sorex_araneus,Sorex_araneus,retained,1
Placentalia,PRANK,3b4b9f1eef042201fb54bcd12bdbbc47047373a6480d1765fb99f3290abf71bb,Sorex_fumeus,Sorex_fumeus,retained,1
Placentalia,PRANK,47f63dcf54d5c7c85225380e1ee3b333dd29c93c3bfa188216a7bdd0a39e299c,Talpa_occidentalis,Talpa_occidentalis,retained,1
Euarchontoglires,MACSE,e675f32733188bfe651413012e082d63c8d1f4c5dd45c694b270d17f9845232c,Acomys_russatus,Acomys_russatus,retained,1
Euarchontoglires,MACSE,78e3c5d268b7db1ff833129e2a97209d964ed88aa59fdd4c0f3b67e4eac4c89c,Meriones_unguiculatus,Meriones_unguiculatus,retained,1
Euarchontoglires,MACSE,33e09b503936322f625a5ecb4c1ec461f835cc10d10ca1e4ef1940b5402b94a7,Psammomys_obesus,Psammomys_obesus,retained,1
Euarchontoglires,MACSE,b4ead23a78dfa93f774c2cbe608f0332eb5c37d8c71405cffb29089deedc6d14,Apodemus_sylvaticus,Apodemus_sylvaticus,retained,1
Euarchontoglires,MACSE,148f946dc70b7680b1900f3dc9685582f5ee11a080e5dbfc9a7faf95cdcc687f,Mastomys_coucha,Mastomys_coucha,retained,1
Euarchontoglires,MACSE,eb5b5cac9543c0c237fb31771f9a56dc1630aae73aff24ed1581f9c962849cd1,Arvicanthis_niloticus,Arvicanthis_niloticus,retained,1
Euarchontoglires,MACSE,7ca09d3838e8eebb3df2bac8328449726df8b9137e203f146282358f92484b10,Rattus_norvegicus,Rattus_norvegicus,retained,1
Euarchontoglires,MACSE,5d9b17c45f2a78cb8c94af6e079fc684db19fbf67b3f2978533277b199971cac,Rattus_rattus,Rattus_rattus,retained,1
Euarchontoglires,MACSE,6383887420418d4d860270c4f36f985f2edd368786625c4c888d25defdf62ce6,Micromys_minutus,Micromys_minutus,retained,1
Euarchontoglires,MACSE,09aebb0777d687cf03aa7ecd9549094b077eb90769990a83487ea1eefe7618ae,Mus_caroli,Mus_caroli,retained,1
Euarchontoglires,MACSE,efdeeb59655254a642e2cae6530b8efa6ad44f309737a6d1b6db5929ae1f0618,Mus_musculus,Mus_musculus,retained,1
Euarchontoglires,MACSE,72efbeee7eccbb9028efaed00873f72ae608f05b7a22bc79d661aa25cce49417,Mus_pahari,Mus_pahari,retained,1
Euarchontoglires,MACSE,af92b1199cc4593f74d2c82ef331f29ee576ad70e6d1687a0930b516267dc789,Arvicola_amphibius,Arvicola_amphibius,retained,1
Euarchontoglires,MACSE,0d164b43acb19226e0ae59c582f8c82fcd0f7c61a804c48742b1b39417e9c034,Myodes_glareolus,Myodes_glareolus,retained,1
Euarchontoglires,MACSE,2ded38648cad9f16c75e898ae96c43a569e96ff68fb7968bc3a5727c58a4cb41,Chionomys_nivalis,Chionomys_nivalis,retained,1
Euarchontoglires,MACSE,1546457ffc577fcbc00c81b13d415c3944e594f4012205efc546e64cffef530b,Microtus_ochrogaster,Microtus_ochrogaster,retained,1
Euarchontoglires,MACSE,a771dea6a17c6615c9260313452d6ed1192a64c1930f3092aa022a12f417a834,Microtus_oregoni,Microtus_oregoni,retained,1
Euarchontoglires,MACSE,528be36ba2d3b3aed9d7854a40910d25bad5e99fdca2d07d394bfd43ab5875aa,Microtus_pennsylvanicus,Microtus_pennsylvanicus,retained,1
Euarchontoglires,MACSE,d92e0bc6a298efb5022588536c81de31c1663c9fa5a8e8b5edfee9e9d0ecce94,Phodopus_roborovskii,Phodopus_roborovskii,retained,1
Euarchontoglires,MACSE,5c0561e5c98ddf31a604fc835330cff80f5d038d1c6c15f764ea7c72acf4099f,Cricetulus_griseus,Cricetulus_griseus,retained,1
Euarchontoglires,MACSE,0fb28186923dfeca9022f9c86a372db02eaf6562c11bce6601cdc7328d2bbb89,Mesocricetus_auratus,Mesocricetus_auratus,retained,1
Euarchontoglires,MACSE,5248555894b1f33c784910ec58c51357b799e1d47a3f0b675f403686aef2e9ff,Peromyscus_californicus_insignis,Peromyscus_californicus_insignis,retained,1
Euarchontoglires,MACSE,1ef3ae9f018bc4f546e731ee35771cb85679ea57f56d33d7218f6b45edd60a79,Peromyscus_eremicus,Peromyscus_eremicus,retained,1
Euarchontoglires,MACSE,2630d39d82ac129be9b94111d0fa339623417a9f518ee36eec13713e3c782dca,Peromyscus_leucopus,Peromyscus_leucopus,retained,1
Euarchontoglires,MACSE,88e6fa0bf063deaed7369495310f0b391e3def6c0d7bdfc2aa8e80b9956997bf,Peromyscus_maniculatus_bairdii,Peromyscus_maniculatus_bairdii,retained,1
Euarchontoglires,MACSE,1fc54a7f180701b92230b3726f0696dbf35c49796e6dd6956077669e9cb0a57a,Onychomys_torridus,Onychomys_torridus,retained,1
Euarchontoglires,MACSE,cbb06507b5cce4a516f5f030032a5fe58e221a3cd51c02046d42fe286a627c8c,Nannospalax_galili,Nannospalax_galili,retained,1
Euarchontoglires,MACSE,0b88c9abd20e5978aaba4e57829e5f1bc98b9956841ca4028f2b2415f1d58640,Jaculus_jaculus,Jaculus_jaculus,retained,1
Euarchontoglires,MACSE,96820cd91649bcd1ed76d5f9baea642a05a51c3b8ab1348a98f3d3ed42ca5fad,Aotus_nancymaae,Aotus_nancymaae,retained,1
Euarchontoglires,MACSE,e3b5f3837a103a9a0ea561fe6305c5c5488ddd52ec18bd13e54038428e9b9aef,Callithrix_jacchus,Callithrix_jacchus,retained,1
Euarchontoglires,MACSE,c8828062493ff58ebba3e584c075abdebb0b83e680fcb7c3601ddb0480e0e895,Cebus_imitator,Cebus_imitator,retained,1
Euarchontoglires,MACSE,16c58683b825da42346f6bdf4e898c0bbc5046536dd1c00a3dbef872d88360e9,Sapajus_apella,Sapajus_apella,retained,1
Euarchontoglires,MACSE,be2faae1fc8c52230bada1c0211a3062041693a432fe27fa5717c5cf110a0d2c,Saimiri_boliviensis,Saimiri_boliviensis,retained,1
Euarchontoglires,MACSE,45351f8e884c1690b50269674cbb7d9d6ba885b809b3a230c9907e639349b569,Cercocebus_atys,Cercocebus_atys,retained,1
Euarchontoglires,MACSE,7fe9f71b4c7945aa5abd50baddf1fb828238353802b82ef3b05e79059c342c17,Chlorocebus_sabaeus,Chlorocebus_sabaeus,retained,1
Euarchontoglires,MACSE,20e4a6ae48376ed124bedd1b35f2bec4b57042fe4ea27648201b8d041b4998cf,Colobus_angolensis_palliatus,Colobus_angolensis_palliatus,retained,1
Euarchontoglires,MACSE,6156e032bc8559e22ee5c8f23bbfb15a7fddb28d67b683308a18ed449bc1245a,Mandrillus_leucophaeus,Mandrillus_leucophaeus,retained,1
Euarchontoglires,MACSE,25eeb2d8ef65ea6bea8054ce05f22e33ea246a36a4e7d94c9e032b344fe63bb4,Theropithecus_gelada,Theropithecus_gelada,retained,1
Euarchontoglires,MACSE,990051cfb56132c0437838520c0f9dd3e3e6c129fbb804b6b04d5ceca6855ca0,Papio_anubis,Papio_anubis,retained,1
Euarchontoglires,MACSE,5f6b81ac4f7d11f70f6b5ed479bf7a128d37750a5b92a535f6b5dc1bacd60208,Rhinopithecus_roxellana,Rhinopithecus_roxellana,retained,1
Euarchontoglires,MACSE,ae206870fc6f13ac60425246d7f41c4f2b42d89baa67867cee6e6ab235fba5c7,Rhinopithecus_bieti,Rhinopithecus_bieti,retained,1
Euarchontoglires,MACSE,f1f0c03ff4bc040ac600a3340a86a1fa01124e13c78b2095f3360264b5ec8de1,Trachypithecus_francoisi,Trachypithecus_francoisi,retained,1
Euarchontoglires,MACSE,4b03ada81f99f6988cdb725a35f65aff5409d5a2b4994b4f0e666c26d592c0e8,Macaca_fascicularis,Macaca_fascicularis,retained,1
Euarchontoglires,MACSE,6f5c2fd81cf0b5e49f30a48e9510f0f22152906cd95b56d7ff43e9e8d7b8ef59,Macaca_nemestrina,Macaca_nemestrina,retained,1
Euarchontoglires,MACSE,f022c76671af4c34adc082375dfcd4aae5704481161957779afc8ee3ad6d4fb0,Macaca_thibetana_thibetana,Macaca_thibetana_thibetana,retained,1
Euarchontoglires,MACSE,9691de0bc9b192918fcfa36003866cdd5e733762f3eb82c90208f72a71ad670e,Piliocolobus_tephrosceles,Piliocolobus_tephrosceles,retained,1
Euarchontoglires,MACSE,72ddc1e6e3d8e84ebc7d260904840af7fed7dc81c2c74731ddbd2e140acb2468,Gorilla_gorilla_gorilla,Gorilla_gorilla_gorilla,retained,1
Euarchontoglires,MACSE,e3e3355a616286a73ea4c2558f62fa4405d9d820bd13215332d99f16f675b535,Homo_sapiens,Homo_sapiens,retained,1
Euarchontoglires,MACSE,d9816d73c411a7187ec4d90f2e4768c8b62e13a4c70d588bf3852748c6fe6584,Pan_paniscus,Pan_paniscus,retained,1
Euarchontoglires,MACSE,4444673403da7fe0923196ee4812ddcfe35a33dfd456a05c769aa39459bcf847,Pan_troglodytes,Pan_troglodytes,retained,1
Euarchontoglires,MACSE,30fc2ce540b5f3c481eecbdb7b60a81edf707ab81dd57f88937a5c623e0785cd,Hylobates_moloch,Hylobates_moloch,retained,1
Euarchontoglires,MACSE,b9ecffb2ba333c4e71e2ef72a4b34a3c6af1c744325a876bb756e7accd0d576c,Symphalangus_syndactylus,Symphalangus_syndactylus,retained,1
Euarchontoglires,MACSE,baa5bd9b612cd81429629fb5436c35d94170e4bab2e204e755929b4cc6f20605,Nomascus_leucogenys,Nomascus_leucogenys,retained,1
Euarchontoglires,MACSE,c9d22f85e56153d94e44aaebf31e727f4ba3cda83a0087649ec30304b67c4195,Pongo_abelii,Pongo_abelii,retained,2
Euarchontoglires,MACSE,c9d22f85e56153d94e44aaebf31e727f4ba3cda83a0087649ec30304b67c4195,Pongo_abelii,Pongo_pygmaeus,removed_exact_duplicate,2
Euarchontoglires,MACSE,314467426dfcc044f7c63f1f0bd158dccdae2286527a060e51ddb9ccdb39bf20,Macaca_mulatta,Macaca_mulatta,retained,1
Euarchontoglires,MACSE,15b950724d40ad73d465782265dc30d3ddec1fcc73990e16e9037c692d495382,Carlito_syrichta,Carlito_syrichta,retained,1
Euarchontoglires,MACSE,7ce0d1dc0a87450565e4a386d0a08dd9d8cdc4b90ed4bcd4537d27f40ea36d77,Tupaia_chinensis,Tupaia_chinensis,retained,1
Euarchontoglires,MACSE,79b04580490be6c7224676d6009b60618b79b097e382fab7a9426b669a4c513b,Microcebus_murinus,Microcebus_murinus,retained,1
Euarchontoglires,MACSE,3ba53054e89d50502ac9a3ba7e8f3fba73120ce8d36531d5ae90deb7df97ca19,Propithecus_coquereli,Propithecus_coquereli,retained,1
Euarchontoglires,MACSE,2f4ffb86a5c862c68afeb1123f1167e0fec84e9122ee8856bfb65c59637b4df3,Lemur_catta,Lemur_catta,retained,1
Euarchontoglires,MACSE,cafc9a7a1660eb86230e596c64fcdda4f0a45cc138da6bac1b908231b5b4c064,Eulemur_rufifrons,Eulemur_rufifrons,retained,1
Euarchontoglires,MACSE,b1508f4a55ff7739646fce7c463ad3e9ecc1662dee7cb985c7d0859d3099248e,Otolemur_garnettii,Otolemur_garnettii,retained,1
Euarchontoglires,MACSE,a150cac844a233c1b5cd93b8e0ca342308dafcdc67a562052a70db048e4351d9,Nycticebus_coucang,Nycticebus_coucang,retained,1
Euarchontoglires,MACSE,82b0fb5fc5b105e34238c099b31f3e1f4e44c34bee2c922f36eab2176723807f,Cynocephalus_volans,Cynocephalus_volans,retained,1
Euarchontoglires,MACSE,ae7ee6a759fc47444e033e05ea6f8183357ae88fd3f3b9941662dbb6e0179087,Castor_canadensis,Castor_canadensis,retained,1
Euarchontoglires,MACSE,f51784a886c56c1077c398b414fe5e9f683b1c49bdc15c6fdabd2a591bef0f9e,Oryctolagus_cuniculus,Oryctolagus_cuniculus,retained,1
Euarchontoglires,MACSE,57099d45e7dfeb30a00180d826421a85f0e0991d0e400c0a488ad6518bd068c7,Lepus_europaeus,Lepus_europaeus,retained,1
Euarchontoglires,MACSE,d9a2bf2cff2c94f49b02b44d5d675c2bf28a84e8a86fa3fb1483272a345350fd,Octodon_degus,Octodon_degus,retained,1
Euarchontoglires,MACSE,ad6bfa059af841ee36b9e181b1f13d357ab2ac9080e31ffd1e59d25ce92520e0,Cavia_porcellus,Cavia_porcellus,retained,1
Euarchontoglires,MACSE,5085b272652c1be8cf2e3a5241d27ff1ae8d954994f9ff55ac55259b96b6578f,Chinchilla_lanigera,Chinchilla_lanigera,retained,1
Euarchontoglires,MACSE,8e6d8aaecdd01e7eff6b0e774d972c097983d76d4d4b386b2afba1452bbc3f05,Fukomys_damarensis,Fukomys_damarensis,retained,1
Euarchontoglires,MACSE,91f2ffde0660d3793be906c97d0ba33f6e9c4c635fa7d86ce8353ba37db4c36c,Heterocephalus_glaber,Heterocephalus_glaber,retained,1
Euarchontoglires,MACSE,a559cf070a830c0c354f8721643f80b73d01ae8131030a0575b5ddd55aa89790,Muscardinus_avellanarius,Muscardinus_avellanarius,retained,1
Euarchontoglires,MACSE,0c5211db9f151c079b3088213c4c2d0dffed5c36d079e9240cabefe5e84948b9,Callospermophilus_lateralis,Callospermophilus_lateralis,retained,1
Euarchontoglires,MACSE,a3b15b8b418810d84c8ca867adbae1a53caf1b6585371d649c565c71a89e472e,Ictidomys_tridecemlineatus,Ictidomys_tridecemlineatus,retained,1
Euarchontoglires,MACSE,cfb1b48945d40d1160507e24ca653d440c283fc0db01e163caa5ee3fc2a12e39,Marmota_flaviventris,Marmota_flaviventris,retained,1
Euarchontoglires,MACSE,ab6997548ac5677c01d0091bde06f70707873e36d9afb42cdb94d8e7ac53f926,Marmota_monax,Marmota_monax,retained,1
Euarchontoglires,MACSE,44bf56e2021d288b0f30934b5c88848b7609a16053151728bcb608fe3b35a597,Spermophilus_citellus,Spermophilus_citellus,retained,1
Euarchontoglires,MACSE,4ec94f9bd4f6b1193fb93a3ed644c112bb04639f2aed3ed22436e71f60f6abd3,Ochotona_curzoniae,Ochotona_curzoniae,retained,1
Euarchontoglires,MACSE,35cc495df597dc0d7ee4fb17bd3cb8515300253825b09fc50915f2549a8f9553,Ochotona_princeps,Ochotona_princeps,retained,1
Euarchontoglires,MACSE,a22b5773813c0fea9c89b23c06ebdbb379b3f9930f693b8ba05bd7b73239708b,Dipodomys_merriami,Dipodomys_merriami,retained,1
Euarchontoglires,MACSE,c93d57f7b0534dd41514c189eb9159f08a8ce0e2576b50237675d722ffdd7be5,Dipodomys_spectabilis,Dipodomys_spectabilis,retained,1
Euarchontoglires,MACSE,741bf4536aa369628fe656b51b13125f0eef0b91b8f42f3f8d6827025168372a,Dipodomys_ordii,Dipodomys_ordii,retained,1
Euarchontoglires,MAFFT,71c096adcdf5ee31e291d62b7ff05726ce2fdcc978b2ffc55964361f1d679217,Acomys_russatus,Acomys_russatus,retained,1
Euarchontoglires,MAFFT,aceb40ccce7bbfd37813ac5139bea968588eb8a4221780b9ad20f8c72ba78fe1,Aotus_nancymaae,Aotus_nancymaae,retained,1
Euarchontoglires,MAFFT,6a35386b09cfc950951e99cacb94d0994d1091f79d951e51e8671f816b40da3e,Apodemus_sylvaticus,Apodemus_sylvaticus,retained,1
Euarchontoglires,MAFFT,9f631350249ab3a4c74be42b521a110bbe181de742f8e4667e9d299dc482c663,Arvicanthis_niloticus,Arvicanthis_niloticus,retained,1
Euarchontoglires,MAFFT,b35975eca698a59b435aa0cf3a5988b0f6d585ca390471a7d5606e1935daafe7,Arvicola_amphibius,Arvicola_amphibius,retained,1
Euarchontoglires,MAFFT,e3b5f3837a103a9a0ea561fe6305c5c5488ddd52ec18bd13e54038428e9b9aef,Callithrix_jacchus,Callithrix_jacchus,retained,1
Euarchontoglires,MAFFT,fda933a8dc8a1501a24e0f8e6d72557e8719c363f8ae07ccc29158532aa6112b,Callospermophilus_lateralis,Callospermophilus_lateralis,retained,1
Euarchontoglires,MAFFT,15b950724d40ad73d465782265dc30d3ddec1fcc73990e16e9037c692d495382,Carlito_syrichta,Carlito_syrichta,retained,1
Euarchontoglires,MAFFT,4a31dbe564282cd0160278594bd1d22c5d52aa6613edde4b476f12607fb7769f,Castor_canadensis,Castor_canadensis,retained,1
Euarchontoglires,MAFFT,055006d38b833a474655c60c292d2d6e7f6c380ab26a60c05464c48d00ba3427,Cavia_porcellus,Cavia_porcellus,retained,1
Euarchontoglires,MAFFT,c8828062493ff58ebba3e584c075abdebb0b83e680fcb7c3601ddb0480e0e895,Cebus_imitator,Cebus_imitator,retained,1
Euarchontoglires,MAFFT,10cd67815ffbdc5b076f1cd424f709bab727b2a15dd8ad9f35a1cc76d5f557eb,Cercocebus_atys,Cercocebus_atys,retained,1
Euarchontoglires,MAFFT,1fa345853be832ffc927c350bd5ad9b1d9209568c0660d9c68c4e791d13566ad,Chinchilla_lanigera,Chinchilla_lanigera,retained,1
Euarchontoglires,MAFFT,e82924139c21adcd1cd4e809b365f11231f1e08ecf019191f3d42403fbc085c5,Chionomys_nivalis,Chionomys_nivalis,retained,1
Euarchontoglires,MAFFT,7fe9f71b4c7945aa5abd50baddf1fb828238353802b82ef3b05e79059c342c17,Chlorocebus_sabaeus,Chlorocebus_sabaeus,retained,1
Euarchontoglires,MAFFT,20e4a6ae48376ed124bedd1b35f2bec4b57042fe4ea27648201b8d041b4998cf,Colobus_angolensis_palliatus,Colobus_angolensis_palliatus,retained,1
Euarchontoglires,MAFFT,ac4bede8372856e6ce1a386208667d8e346a1b17be890127263af4cd858db977,Cricetulus_griseus,Cricetulus_griseus,retained,1
Euarchontoglires,MAFFT,670be5c4373cd57a1f25464a8627d3e0a274fae7e47bee7c282da63d9d0fc97b,Cynocephalus_volans,Cynocephalus_volans,retained,1
Euarchontoglires,MAFFT,1cfba9589722b3f0736a7badbebe7d34e90cc36b27259978f720620163d90339,Dipodomys_merriami,Dipodomys_merriami,retained,1
Euarchontoglires,MAFFT,6ed82b0ea11796950c3953a02dfee97ef9cd6c1cc918f06cf0594816f724a446,Dipodomys_ordii,Dipodomys_ordii,retained,1
Euarchontoglires,MAFFT,92d219fce1619be072d7dfd98e4409df5e639cf98ae62bf3fffbb3517372572e,Dipodomys_spectabilis,Dipodomys_spectabilis,retained,1
Euarchontoglires,MAFFT,46d62188bd76c64cad66d0d12fc3505ff7e911ee17676d1a154a257d2552d963,Eulemur_rufifrons,Eulemur_rufifrons,retained,1
Euarchontoglires,MAFFT,9d15969370bf5cec02d507ac4da9219984bf28efd1288339cacfbfeced3e1620,Fukomys_damarensis,Fukomys_damarensis,retained,1
Euarchontoglires,MAFFT,72ddc1e6e3d8e84ebc7d260904840af7fed7dc81c2c74731ddbd2e140acb2468,Gorilla_gorilla_gorilla,Gorilla_gorilla_gorilla,retained,1
Euarchontoglires,MAFFT,613c2bf032b4e7f76411dda5c577903e7f49e34ab1bcec71b65a9ae9eef1d239,Heterocephalus_glaber,Heterocephalus_glaber,retained,1
Euarchontoglires,MAFFT,e3e3355a616286a73ea4c2558f62fa4405d9d820bd13215332d99f16f675b535,Homo_sapiens,Homo_sapiens,retained,1
Euarchontoglires,MAFFT,3d16aff935196719e4a1e0722b951ba1ad44330db91f33ebe2bca7171687102f,Hylobates_moloch,Hylobates_moloch,retained,1
Euarchontoglires,MAFFT,f32d996db974ae23f9294bed8bc20f38898468d2cbb13d4aab8d9b496d2df622,Ictidomys_tridecemlineatus,Ictidomys_tridecemlineatus,retained,1
Euarchontoglires,MAFFT,49d582b6d33c74714a1636a1f2487d77fca64837e20c7d124e6e5d155a5b86eb,Jaculus_jaculus,Jaculus_jaculus,retained,1
Euarchontoglires,MAFFT,2321d7abee34d9af4346c4ccd32dd75107327d2d6f9b84c8844757b05569ee8b,Lemur_catta,Lemur_catta,retained,1
Euarchontoglires,MAFFT,1b253bf1d50613993a021c7f0ed66b67e1781cd4c073acb8cbd3f298cd64aa41,Lepus_europaeus,Lepus_europaeus,retained,1
Euarchontoglires,MAFFT,e63f8557d901a1bf6cf8942310ab6e03a07e5e32da82d9f73e84de28304dd1a2,Macaca_fascicularis,Macaca_fascicularis,retained,1
Euarchontoglires,MAFFT,23f9556bf5f15e1aa614102de71540a4ac4b8d2a44cd5c1902d8e16315887bda,Macaca_mulatta,Macaca_mulatta,retained,1
Euarchontoglires,MAFFT,6f5c2fd81cf0b5e49f30a48e9510f0f22152906cd95b56d7ff43e9e8d7b8ef59,Macaca_nemestrina,Macaca_nemestrina,retained,1
Euarchontoglires,MAFFT,f022c76671af4c34adc082375dfcd4aae5704481161957779afc8ee3ad6d4fb0,Macaca_thibetana_thibetana,Macaca_thibetana_thibetana,retained,1
Euarchontoglires,MAFFT,6156e032bc8559e22ee5c8f23bbfb15a7fddb28d67b683308a18ed449bc1245a,Mandrillus_leucophaeus,Mandrillus_leucophaeus,retained,1
Euarchontoglires,MAFFT,44d63ddd686fa94070f4137c5bbc08a2ff799a56e7d05f1a6369712a76aa0bbd,Marmota_flaviventris,Marmota_flaviventris,retained,1
Euarchontoglires,MAFFT,5bfa2a6b4c2e2893d0e1d0e8f6532c2f960dc2d1a6e20e0f7fc12b60aab0d050,Marmota_monax,Marmota_monax,retained,1
Euarchontoglires,MAFFT,5330ee014fb74e5c889bf41a2d1940f88833b46c00d40fe9c14390a70d657a4b,Mastomys_coucha,Mastomys_coucha,retained,1
Euarchontoglires,MAFFT,2cc84f14c8cd5cf30eb43f2946d56f219405f20405138a10077e214e8a56d350,Meriones_unguiculatus,Meriones_unguiculatus,retained,1
Euarchontoglires,MAFFT,21fa10c70a2d6e1106f6ca136b3b823fcbda402cdd18bcaf793db52d75c7f8b2,Mesocricetus_auratus,Mesocricetus_auratus,retained,1
Euarchontoglires,MAFFT,edbcc3ea2160823636526441656aa2ed9a790810e87ada7d2216233bd27ce310,Microcebus_murinus,Microcebus_murinus,retained,1
Euarchontoglires,MAFFT,eb5e1b5657c45f06bf9e22055d68dab18778566a4751f6f400fe28df77f2a7df,Micromys_minutus,Micromys_minutus,retained,1
Euarchontoglires,MAFFT,c853211a84a5af17ebf7cf90ddfb4da8094ad1fb82d68a2407014ee895c2e19c,Microtus_ochrogaster,Microtus_ochrogaster,retained,1
Euarchontoglires,MAFFT,70a9e46f1b45b6f6cc24759ebc167ea3c074e82c51e8349289694a36b1c03517,Microtus_oregoni,Microtus_oregoni,retained,1
Euarchontoglires,MAFFT,04d82aac8666f04abf77f07d9b99f07bbb9ee7952807a809cbcd0d9f5d634f07,Microtus_pennsylvanicus,Microtus_pennsylvanicus,retained,1
Euarchontoglires,MAFFT,ac360a7858dd3d5fce77003f7f722dc912bfa061713dc273484c3784b9e3e8dc,Mus_caroli,Mus_caroli,retained,1
Euarchontoglires,MAFFT,cc42952d2272d3c69df53a20e0aa432ce20456ff9613d532fd1f28522577227e,Mus_musculus,Mus_musculus,retained,1
Euarchontoglires,MAFFT,fc2a37569d90e0a60c3ac8b8438df89ee10ac2cad888803d8dadf9e30f82902d,Mus_pahari,Mus_pahari,retained,1
Euarchontoglires,MAFFT,87684e9e41ba0b19921aadcd4be0940f8cff05aa87764fd80a439a3653a4c23a,Muscardinus_avellanarius,Muscardinus_avellanarius,retained,1
Euarchontoglires,MAFFT,d51abb0f9102d93c4685459c1c8ea661ad8deb5d89d0e848124445d229bf8573,Myodes_glareolus,Myodes_glareolus,retained,1
Euarchontoglires,MAFFT,b1807ffc8e36238026a8244a48e766e7de3a0aa9f7dc9959a6406c023c9d2fd7,Nannospalax_galili,Nannospalax_galili,retained,1
Euarchontoglires,MAFFT,bee1cddf9d1326240b598df699e0333aa458a9b6b85ce41cbf97f0fad0399a14,Nomascus_leucogenys,Nomascus_leucogenys,retained,1
Euarchontoglires,MAFFT,2bfb20b060309f8bacd2739254e15c3ee60d6b10d18c67e047d2266777e40480,Nycticebus_coucang,Nycticebus_coucang,retained,1
Euarchontoglires,MAFFT,69a197232c1da125ea37ac39246a6bd9edacec788f77bff5a1f2c8732b84741e,Ochotona_curzoniae,Ochotona_curzoniae,retained,1
Euarchontoglires,MAFFT,aa31f712a123dfd398873a33a57a2f13da60e756e62c8404cfcb22ec8e66391a,Ochotona_princeps,Ochotona_princeps,retained,1
Euarchontoglires,MAFFT,179ae5b0bd9d174f0d05faf88029993e42856c65c3241618f080d2ec512abfae,Octodon_degus,Octodon_degus,retained,1
Euarchontoglires,MAFFT,ebad3ace0c8d1fc0626ba78ef4c926376827b0b7874a3fac75c0827c6d155c54,Onychomys_torridus,Onychomys_torridus,retained,1
Euarchontoglires,MAFFT,fed84f505eb1a1cef774b0fdca85ba5269f4e5678ccd356d4cd1b33673f0e063,Oryctolagus_cuniculus,Oryctolagus_cuniculus,retained,1
Euarchontoglires,MAFFT,5a3b77f7d66b6cebeba67e9cb2771001e7ed59122a1566e27ea64b28d0cbffca,Otolemur_garnettii,Otolemur_garnettii,retained,1
Euarchontoglires,MAFFT,d9816d73c411a7187ec4d90f2e4768c8b62e13a4c70d588bf3852748c6fe6584,Pan_paniscus,Pan_paniscus,retained,1
Euarchontoglires,MAFFT,4444673403da7fe0923196ee4812ddcfe35a33dfd456a05c769aa39459bcf847,Pan_troglodytes,Pan_troglodytes,retained,1
Euarchontoglires,MAFFT,990051cfb56132c0437838520c0f9dd3e3e6c129fbb804b6b04d5ceca6855ca0,Papio_anubis,Papio_anubis,retained,1
Euarchontoglires,MAFFT,a4e8eea7311a944ae91529aae9d644f814d9e5293c5214abf95026060317c60f,Peromyscus_californicus_insignis,Peromyscus_californicus_insignis,retained,1
Euarchontoglires,MAFFT,10e4844057b8879366dc568c01ee9cad0a36fc3ae9d85037f7a0d07075f8293d,Peromyscus_eremicus,Peromyscus_eremicus,retained,1
Euarchontoglires,MAFFT,58caf3e60a22beec34456be6bfe5d10ae4972fd7b0ea6a54dd54ec6352d3e669,Peromyscus_leucopus,Peromyscus_leucopus,retained,1
Euarchontoglires,MAFFT,875ae7863d9f9cdbbfcd41872a57438ea84716a897406b6e6cd277e6fdfe4fea,Peromyscus_maniculatus_bairdii,Peromyscus_maniculatus_bairdii,retained,1
Euarchontoglires,MAFFT,9ac2763860db478af98becac3b6f38c5561eff65c71ca35c42be02cef61411a1,Phodopus_roborovskii,Phodopus_roborovskii,retained,1
Euarchontoglires,MAFFT,9691de0bc9b192918fcfa36003866cdd5e733762f3eb82c90208f72a71ad670e,Piliocolobus_tephrosceles,Piliocolobus_tephrosceles,retained,1
Euarchontoglires,MAFFT,c9d22f85e56153d94e44aaebf31e727f4ba3cda83a0087649ec30304b67c4195,Pongo_abelii,Pongo_abelii,retained,2
Euarchontoglires,MAFFT,c9d22f85e56153d94e44aaebf31e727f4ba3cda83a0087649ec30304b67c4195,Pongo_abelii,Pongo_pygmaeus,removed_exact_duplicate,2
Euarchontoglires,MAFFT,48250dd410e0f9c24aeabe5e9d1d4e353bd8fcf68765a88875f6ebf563a154f9,Propithecus_coquereli,Propithecus_coquereli,retained,1
Euarchontoglires,MAFFT,a26c5266faa90cffd2af420abec57d4c414d8fe635909814a86aafa3ba782e7e,Psammomys_obesus,Psammomys_obesus,retained,1
Euarchontoglires,MAFFT,89d72904a82da3ede0d9d8a0628f3921dbeaf1865d9c9328c0d375e4330f5b1d,Rattus_norvegicus,Rattus_norvegicus,retained,1
Euarchontoglires,MAFFT,7ae9a4e6e97526e4d51659100d3fd7b458047224097798dc7d918c78aa7a4894,Rattus_rattus,Rattus_rattus,retained,1
Euarchontoglires,MAFFT,ae206870fc6f13ac60425246d7f41c4f2b42d89baa67867cee6e6ab235fba5c7,Rhinopithecus_bieti,Rhinopithecus_bieti,retained,1
Euarchontoglires,MAFFT,5f6b81ac4f7d11f70f6b5ed479bf7a128d37750a5b92a535f6b5dc1bacd60208,Rhinopithecus_roxellana,Rhinopithecus_roxellana,retained,1
Euarchontoglires,MAFFT,be2faae1fc8c52230bada1c0211a3062041693a432fe27fa5717c5cf110a0d2c,Saimiri_boliviensis,Saimiri_boliviensis,retained,1
Euarchontoglires,MAFFT,16c58683b825da42346f6bdf4e898c0bbc5046536dd1c00a3dbef872d88360e9,Sapajus_apella,Sapajus_apella,retained,1
Euarchontoglires,MAFFT,35a2be9f19406f9d5f742998e8b5b200da7c84b9ba8b657dd166adb4e8f4e839,Spermophilus_citellus,Spermophilus_citellus,retained,1
Euarchontoglires,MAFFT,cd54442f6be0f4ae68012a9956d15e571ddb2ff3adc6743eb3af9860e90bdd65,Symphalangus_syndactylus,Symphalangus_syndactylus,retained,1
Euarchontoglires,MAFFT,25eeb2d8ef65ea6bea8054ce05f22e33ea246a36a4e7d94c9e032b344fe63bb4,Theropithecus_gelada,Theropithecus_gelada,retained,1
Euarchontoglires,MAFFT,f1f0c03ff4bc040ac600a3340a86a1fa01124e13c78b2095f3360264b5ec8de1,Trachypithecus_francoisi,Trachypithecus_francoisi,retained,1
Euarchontoglires,MAFFT,7ce0d1dc0a87450565e4a386d0a08dd9d8cdc4b90ed4bcd4537d27f40ea36d77,Tupaia_chinensis,Tupaia_chinensis,retained,1
Euarchontoglires,PRANK,916f3fdbe3a2c8a6fa27fc2ae0f2243aeea5ad0bb75ab9485d3b71543752eb3a,Acomys_russatus,Acomys_russatus,retained,1
Euarchontoglires,PRANK,652c2e933899507a8bc795945b1b8965fa8571abedf323e345ec2fadac37950a,Meriones_unguiculatus,Meriones_unguiculatus,retained,1
Euarchontoglires,PRANK,f622bad10201b7094bef23a20b326717bfa312ddcb5cede2cbcb8297164345ba,Psammomys_obesus,Psammomys_obesus,retained,1
Euarchontoglires,PRANK,089afc881c10cee94f051ccd4a0a2f2751ca34bcd54909bed4f2d75eef7c277b,Arvicola_amphibius,Arvicola_amphibius,retained,1
Euarchontoglires,PRANK,89700b5f6d21e5898978845dfa629fa1679bed4f35ade72435fa2e65fff8e1fc,Chionomys_nivalis,Chionomys_nivalis,retained,1
Euarchontoglires,PRANK,fb1dbdf636b863cded2546923e215499779f4307562fb8a8c8acdcd106ab1e94,Microtus_ochrogaster,Microtus_ochrogaster,retained,1
Euarchontoglires,PRANK,d81ac47bf2d7e22082d4032ab129191408f459b88e43d1cb47dd97af7c7ea393,Microtus_oregoni,Microtus_oregoni,retained,1
Euarchontoglires,PRANK,d51d3adaa0a2038134b25fcf903fd18fee642d0966d038b75d610ed5a7cb4951,Microtus_pennsylvanicus,Microtus_pennsylvanicus,retained,1
Euarchontoglires,PRANK,4fac2385c8215099e35a4436b6e7e21366224d0287658d36bd4af65aead1aa85,Myodes_glareolus,Myodes_glareolus,retained,1
Euarchontoglires,PRANK,c66c537c8603b77d7f854bd8a860b1c7603568dd5159472660646b2272eb3a18,Onychomys_torridus,Onychomys_torridus,retained,1
Euarchontoglires,PRANK,01034816f06fde357a1ecab155d067d8bab4f7ffc8be8db714222ab9f6d64b63,Peromyscus_californicus_insignis,Peromyscus_californicus_insignis,retained,1
Euarchontoglires,PRANK,29353ac4ef8bd6558f43960ca36049e3652ef661e1a12b9b9891d5db870fd8e0,Peromyscus_eremicus,Peromyscus_eremicus,retained,1
Euarchontoglires,PRANK,9bf98d1f23d2c0bf8699c4757da9073c3bd6d205486dd10417188fd50a2c822a,Peromyscus_leucopus,Peromyscus_leucopus,retained,1
Euarchontoglires,PRANK,467261d9b19a436f5b5179cd88b98bda9390722ba9825735e6b407a62db8a9b2,Peromyscus_maniculatus_bairdii,Peromyscus_maniculatus_bairdii,retained,1
Euarchontoglires,PRANK,2a1916b9b4befd77bddd156ac38eccb465cf44a7b1f98d27b6f89cafd78ef4aa,Cricetulus_griseus,Cricetulus_griseus,retained,1
Euarchontoglires,PRANK,dae2bed257c8936cd9a0bb9b8abaf79180b290a5b3867bc21f14ea6fa1333e4c,Mesocricetus_auratus,Mesocricetus_auratus,retained,1
Euarchontoglires,PRANK,0a7ceccc2052abdca4ebe506507e1d52dd8d85d67c473e1ddab754aed0b49420,Phodopus_roborovskii,Phodopus_roborovskii,retained,1
Euarchontoglires,PRANK,2bec6f657dcdce442e1b961e2d12f04a192051cf0d9827918cbdd76d575deb09,Apodemus_sylvaticus,Apodemus_sylvaticus,retained,1
Euarchontoglires,PRANK,e34dbafa0e6888d1439db6e47c27bdc502ee493818d9d5dceaed8d4b6dc01b9f,Mus_caroli,Mus_caroli,retained,1
Euarchontoglires,PRANK,e312a6353c0bdfc5bbe3fae83f7886b715c98d66385873243b53ba3605cb158f,Mus_musculus,Mus_musculus,retained,1
Euarchontoglires,PRANK,3fbbe0587f5536bdddaeed6b5c3df373f01cbd95471568481782f4eb3079f926,Mus_pahari,Mus_pahari,retained,1
Euarchontoglires,PRANK,d4eba3fcabc7e71d28348a974b09755268845ed19209073b0bb09ee73e87123a,Mastomys_coucha,Mastomys_coucha,retained,1
Euarchontoglires,PRANK,75aa4fe5757e7aa29db8e7fb2d6fe22c27d2b66a8f118cd132185a2e8b70a922,Arvicanthis_niloticus,Arvicanthis_niloticus,retained,1
Euarchontoglires,PRANK,fdc4b643b4be69afedb32eda75ef35abdacec1fd94ac7524dfb5c5ab6a0c16bc,Rattus_norvegicus,Rattus_norvegicus,retained,1
Euarchontoglires,PRANK,83c9b01bde6bc8f3ca70dae7058c3f3c09d2e1192eae836f6cd04c33463a6c48,Rattus_rattus,Rattus_rattus,retained,1
Euarchontoglires,PRANK,706c672afbca8d8c4944a0060dce5382d18eb4e88a528696a1f9911b3519a597,Micromys_minutus,Micromys_minutus,retained,1
Euarchontoglires,PRANK,71362936d4e0b439f70fd78db44a601cc041c03867671ff08cc568c6976d6c58,Nannospalax_galili,Nannospalax_galili,retained,1
Euarchontoglires,PRANK,ead35f513558fd4d2cbaa491dc05a403987b2aada8995fcc04550975334cf1d5,Jaculus_jaculus,Jaculus_jaculus,retained,1
Euarchontoglires,PRANK,bfc8014d6b3bfea1e1bc9dd1dbb05398eec1ebe04411963a9613c6b52a2f5c5e,Castor_canadensis,Castor_canadensis,retained,1
Euarchontoglires,PRANK,9552a61924a27751aa75dde637f02bced5ff3ee718d2b1493c77d153dccb0144,Cavia_porcellus,Cavia_porcellus,retained,1
Euarchontoglires,PRANK,cbfea9f21c57a7ecb7853d6bd0dca2e7be94fef93b5a068b3b6c2c430e778e65,Octodon_degus,Octodon_degus,retained,1
Euarchontoglires,PRANK,ffa3a378a1731deaf3894f716eb88bf8d35e0a16a5f140ee08b0d70d2295d269,Chinchilla_lanigera,Chinchilla_lanigera,retained,1
Euarchontoglires,PRANK,6a621f7f2d3784a85f36f9f81fb25488adc8f25d97ec7fcd54b18d1935cb62ef,Fukomys_damarensis,Fukomys_damarensis,retained,1
Euarchontoglires,PRANK,30f68ac76028824a37730a5effe149d2e569957fc09080dbd7ee4d26af8f12e6,Heterocephalus_glaber,Heterocephalus_glaber,retained,1
Euarchontoglires,PRANK,a937d8d853a0d72b3e4febe8ba4b02d8b4b513e3eb31345df6acb0a6d2b765fd,Chlorocebus_sabaeus,Chlorocebus_sabaeus,retained,1
Euarchontoglires,PRANK,d3a8bd317d8d5d1a2b022661de008f6abd8d650617717f4bf19dd8deabf772d1,Mandrillus_leucophaeus,Mandrillus_leucophaeus,retained,1
Euarchontoglires,PRANK,95de6f3d5111a74db379f75f0ccbaee7fda36d330fc99267334553c320c2416a,Macaca_fascicularis,Macaca_fascicularis,retained,1
Euarchontoglires,PRANK,d5b373b5d9f244d5b7912bf131924c0c2daef2dc98323aea2710f545fa98f5b2,Macaca_thibetana_thibetana,Macaca_thibetana_thibetana,retained,1
Euarchontoglires,PRANK,081708430e47f06dd9c76802fa05ab80fea3f488d77e6e532e60285c2a2c34c9,Macaca_nemestrina,Macaca_nemestrina,retained,1
Euarchontoglires,PRANK,60daaa0a0e7e411047ebed829f1ba38923f53961ba2b836f67d38b7007cf5744,Macaca_mulatta,Macaca_mulatta,retained,1
Euarchontoglires,PRANK,4ebdd157eb957e7595162761dc003cad3819c9fc32b42f06aaa08c863e70bba0,Papio_anubis,Papio_anubis,retained,1
Euarchontoglires,PRANK,debb36adc1f99c0eaa7e546b7f00cdc2d674942f51880bf9aa555081f8a7c2aa,Theropithecus_gelada,Theropithecus_gelada,retained,1
Euarchontoglires,PRANK,6ff44f3ca65bfca834fea21435bb0b00f054ec424959327cb311e548f3a758d5,Cercocebus_atys,Cercocebus_atys,retained,1
Euarchontoglires,PRANK,4d8f84379dc1c4698ecd95563ed1537abf28f44252bfbd5dc900ceaca373eb7e,Rhinopithecus_bieti,Rhinopithecus_bieti,retained,1
Euarchontoglires,PRANK,ab79f11afd79f9d51048acef6afd30735870093b209575c1ba4a389597ebe30d,Rhinopithecus_roxellana,Rhinopithecus_roxellana,retained,1
Euarchontoglires,PRANK,05dc293a94bd5a299cd5d460a67d5d571f096a490510521dfb51eff30823dfe9,Trachypithecus_francoisi,Trachypithecus_francoisi,retained,1
Euarchontoglires,PRANK,82c0699f6ad1dd368ace0096292ce2f2e9eaae10f6d5cc85d6edb1e511882e48,Piliocolobus_tephrosceles,Piliocolobus_tephrosceles,retained,1
Euarchontoglires,PRANK,71ac8aca73034c587a0b2794d6f09caa2d51792d19e452b24d31707f8ae3fe22,Colobus_angolensis_palliatus,Colobus_angolensis_palliatus,retained,1
Euarchontoglires,PRANK,c4455fdda93e7278c7b5d19498cb05d25dd39a8ed2bf8f831ea74bad17b26348,Gorilla_gorilla_gorilla,Gorilla_gorilla_gorilla,retained,1
Euarchontoglires,PRANK,88be056f4770143b53ff6a4168e0b61462b9918c2313cd009f8741977127f727,Homo_sapiens,Homo_sapiens,retained,1
Euarchontoglires,PRANK,3c797297d50d7c2ab19e1d317c6cef7e04af18e60129c4814656b0bd517d35f2,Pan_paniscus,Pan_paniscus,retained,1
Euarchontoglires,PRANK,3876ad5a0762c9275837b86f9f64ae6c566c3b915c60e6bd73e3976e50636c1f,Pan_troglodytes,Pan_troglodytes,retained,1
Euarchontoglires,PRANK,dd7b2dbaea818056eb7db5e5289339217b25ca4086355b5b645246496eab9558,Pongo_abelii,Pongo_abelii,retained,2
Euarchontoglires,PRANK,dd7b2dbaea818056eb7db5e5289339217b25ca4086355b5b645246496eab9558,Pongo_abelii,Pongo_pygmaeus,removed_exact_duplicate,2
Euarchontoglires,PRANK,c9fa2d12c1c77e1f3b72b50836f145d7604873e7e8cacc34bda0a38d301b4357,Hylobates_moloch,Hylobates_moloch,retained,1
Euarchontoglires,PRANK,705219ade33f94e3772b3256934936e9cc3e3d61dd9eb9a79733439d6e76e0d1,Nomascus_leucogenys,Nomascus_leucogenys,retained,1
Euarchontoglires,PRANK,9bd7d67c6da912cc07da50b2fb1205da7e84d4cf83bde977030c979280b2c67e,Symphalangus_syndactylus,Symphalangus_syndactylus,retained,1
Euarchontoglires,PRANK,bd00e4e0678c0fc9e4166ef4ef2b211c567665a3ebf98f75a3d6e5e14ecc4a42,Aotus_nancymaae,Aotus_nancymaae,retained,1
Euarchontoglires,PRANK,4143f546b415ba33acea1c104d60341fd708dce2de24ed56dc850a93dd939315,Cebus_imitator,Cebus_imitator,retained,1
Euarchontoglires,PRANK,cde29c1374553e9469f8f2e1209521886df82d56e00f3dbecb9d4350592d6806,Sapajus_apella,Sapajus_apella,retained,1
Euarchontoglires,PRANK,47a186840c3ef3dc0cd0e7b973dafc80d531e19ef55de10d872dd7821196cb8f,Callithrix_jacchus,Callithrix_jacchus,retained,1
Euarchontoglires,PRANK,03fc845129c14d67c6dce0d1f9a8ffe0ab70b2ce89af6867dc1c472db29a1752,Saimiri_boliviensis,Saimiri_boliviensis,retained,1
Euarchontoglires,PRANK,0c702fcae7a658d9eb1c0ef9aff0820ecdaaf1042c45190bd7a19b57bf1ad202,Carlito_syrichta,Carlito_syrichta,retained,1
Euarchontoglires,PRANK,856848cade18afb072de5763fd0732fd3c639743dc9a008fe6a59c2f189af899,Eulemur_rufifrons,Eulemur_rufifrons,retained,1
Euarchontoglires,PRANK,700fc45342b2fb9dbe6e7df9188e8ef95c6a07436a7881c1101d976bf309b8c7,Lemur_catta,Lemur_catta,retained,1
Euarchontoglires,PRANK,e25c10aeafdcadd1341a821f56a52ba7cc671368016c40868efc86239fdfd05a,Microcebus_murinus,Microcebus_murinus,retained,1
Euarchontoglires,PRANK,0dc1e3798780db9b5ad059990eec5c93f3dd45d048836efd007b7e93242728c4,Propithecus_coquereli,Propithecus_coquereli,retained,1
Euarchontoglires,PRANK,38c036652c57f45a930090ff129699a4962af42492e14143e12fe3f7cef50d55,Nycticebus_coucang,Nycticebus_coucang,retained,1
Euarchontoglires,PRANK,8fa067bbe79ba6460818dfcffc29d9d2d6135b36637a13b2851aaa3028a72828,Otolemur_garnettii,Otolemur_garnettii,retained,1
Euarchontoglires,PRANK,79d9918413907f891ad57aa0581501bafe53e43c643fcf716540ea677308c1cf,Cynocephalus_volans,Cynocephalus_volans,retained,1
Euarchontoglires,PRANK,34e1370ae0d32123668142e93b9ca3d9181641f73c122324a77b437d3b7b169f,Tupaia_chinensis,Tupaia_chinensis,retained,1
Euarchontoglires,PRANK,6ba34ac0356a28bebcffc36ae32673fa23cd7ac6821e25acf9c9de54e27cd6e8,Ochotona_curzoniae,Ochotona_curzoniae,retained,1
Euarchontoglires,PRANK,59070dade1f96fc459a7e062e178bfe3af53bf407d40697022252a637fb9cb40,Ochotona_princeps,Ochotona_princeps,retained,1
Euarchontoglires,PRANK,e0634298686de4ae75e70756af62e81b4893680d8b82c78d7ecebe03efbd782c,Lepus_europaeus,Lepus_europaeus,retained,1
Euarchontoglires,PRANK,eb6c248d2b36cfeae235bb618d5da7fd1b58413aa6a58f48c24649c665e9507e,Oryctolagus_cuniculus,Oryctolagus_cuniculus,retained,1
Euarchontoglires,PRANK,456a180ab60fc2cac31afd451cde9d5730d580a65e612e064acea2582c642efe,Dipodomys_merriami,Dipodomys_merriami,retained,1
Euarchontoglires,PRANK,205047ccf8badedaeecd97aa640eedae40a14f87fd142035401f405d3fd1c115,Dipodomys_ordii,Dipodomys_ordii,retained,1
Euarchontoglires,PRANK,1717d2e1bcf058aa17d8528c5c3d0f3569352a5ee7cded85ad905edcc20e3080,Dipodomys_spectabilis,Dipodomys_spectabilis,retained,1
Euarchontoglires,PRANK,c4c1f3d5365c59958f21d4cc27bae75eb2927ef647635acc8d59672d4710464a,Callospermophilus_lateralis,Callospermophilus_lateralis,retained,1
Euarchontoglires,PRANK,63e66fc13e026d0c47e061fab1850d7498c55b89c2769bece022c96730c6f2f2,Marmota_flaviventris,Marmota_flaviventris,retained,1
Euarchontoglires,PRANK,cd0c7b3d5a0cd7578ef6bae701c6c9dd662719918df97fd3531f900d2bf08823,Marmota_monax,Marmota_monax,retained,1
Euarchontoglires,PRANK,ebd24b9f0bea60ac6e83ce33efa32f9142d4ea7ea9dd6c1d18014b8aa942e443,Ictidomys_tridecemlineatus,Ictidomys_tridecemlineatus,retained,1
Euarchontoglires,PRANK,5466676a8c609d0d9c035eae30b143373e7b977da3e864a361bcb530f77a59cb,Spermophilus_citellus,Spermophilus_citellus,retained,1
Euarchontoglires,PRANK,60bef9a27912954b1e5ab31dba1ac4bb04c846642943ec3e1d564ec5e91c8fcc,Muscardinus_avellanarius,Muscardinus_avellanarius,retained,1
Laurasiatheria,MACSE,39c51ba9e874548e84d54c6dea309a5bd09f3ca6e6ef3d4ec006308c683d058f,Acinonyx_jubatus,Acinonyx_jubatus,retained,1
Laurasiatheria,MACSE,d8c0efe1521c2f457024333e6d0bc461c5ad2ca4e09be9c86e09064a94f6fa3b,Felis_catus,Felis_catus,retained,1
Laurasiatheria,MACSE,08e0c81a3def1385a099f69c87096bc40b992b365f70aa18cc76e96352771ef9,Prionailurus_bengalensis,Prionailurus_bengalensis,retained,1
Laurasiatheria,MACSE,be8a9bbb8a80551a95055956c6b42431d1e02cd89f44c858d28e0b7e26d87a15,Prionailurus_viverrinus,Prionailurus_viverrinus,retained,1
Laurasiatheria,MACSE,64e2c775a26b37dd9aa54dc1a8bb4b482ba3aae2ef3a6a77b3a7417d7e7e293d,Leopardus_geoffroyi,Leopardus_geoffroyi,retained,1
Laurasiatheria,MACSE,af5f62b42c78278561aa1998cd68f682e3359c6c6e32cc4b98e37aa1a951467b,Panthera_leo,Panthera_leo,retained,2
Laurasiatheria,MACSE,af5f62b42c78278561aa1998cd68f682e3359c6c6e32cc4b98e37aa1a951467b,Panthera_leo,Panthera_pardus,removed_exact_duplicate,2
Laurasiatheria,MACSE,7f53086f8b6c16bbc9682a5374e6b2e0b9bcf1cc009cae77c9578da9f788e784,Panthera_tigris,Panthera_tigris,retained,1
Laurasiatheria,MACSE,2c69aa915a17b900d752d289bbd268fd7c316378fc1f0994b47abef8ef01284b,Panthera_onca,Panthera_onca,retained,1
Laurasiatheria,MACSE,51ef89d14a6615edadf0b41ed57047420e97f2d0440a6c1a78e63a2f9c5f6b50,Panthera_uncia,Panthera_uncia,retained,1
Laurasiatheria,MACSE,9411237000fad35d3245a9c08df75c00cacc4340fb8fb592fcb1f34caecf1af9,Herpailurus_yagouaroundi,Herpailurus_yagouaroundi,retained,1
Laurasiatheria,MACSE,5c86ac8b882de82a789f32be21de7e4b235036b3da0bd3f7a356736f0fde3e21,Neofelis_nebulosa,Neofelis_nebulosa,retained,1
Laurasiatheria,MACSE,73d1661e0e1b9e1a9103fb3828ecb86595cd6e6f8807dec93ce8f650492f75ca,Lynx_canadensis,Lynx_canadensis,retained,1
Laurasiatheria,MACSE,23fbee31d1136624e67a234ef6d2dae6ecd28a1b05308e2c1006c91b43ed74f7,Lynx_rufus,Lynx_rufus,retained,1
Laurasiatheria,MACSE,07d6ee3e3a7ba7ca6c9b66bed239c49bb101961cf0d746468c1e59038b5c95c2,Suricata_suricatta,Suricata_suricatta,retained,1
Laurasiatheria,MACSE,229b8c15c02e1f3439949d0317748ba6f3f1642e31eda28261dd091fd44fcc42,Hyaena_hyaena,Hyaena_hyaena,retained,1
Laurasiatheria,MACSE,4ac10879629f4e547572598c2fcf55d12c707bc03abe133b15d955f7cefbfd94,Ailuropoda_melanoleuca,Ailuropoda_melanoleuca,retained,1
Laurasiatheria,MACSE,49c576e91a4619dd3588cf2cdfcf272e73a6f66663f43166b23abad68f87f981,Ursus_maritimus,Ursus_maritimus,retained,1
Laurasiatheria,MACSE,255fd5caaa833a336a090be6857e5053c3b6d2755b0526284e0ee953c8d65bec,Ursus_arctos,Ursus_arctos,retained,1
Laurasiatheria,MACSE,a96ad78ed87b5cca7d64b504ebec9251b44be89e2a9dcca730f3383c30b5e1f4,Mirounga_leonina,Mirounga_leonina,retained,1
Laurasiatheria,MACSE,7c9a54d178adc6b4ffdd47f81fb4c0081e4b25f55069fef647a67b52fc94dd5f,Callorhinus_ursinus,Callorhinus_ursinus,retained,1
Laurasiatheria,MACSE,e0410ac3b5934715fbff0f6072f68a751f70ebc3afff758e81e77c6e7a2b1235,Zalophus_californianus,Zalophus_californianus,retained,1
Laurasiatheria,MACSE,438cc1baa6a3fbc6d97e4e89f537650cf00ebfffce0f039d0555a49f1b2398a0,Eumetopias_jubatus,Eumetopias_jubatus,retained,1
Laurasiatheria,MACSE,3b41e87b6ee20eb960911d2dfab9987ce1a71e46bbc0c7f1450022af983d018d,Odobenus_rosmarus_divergens,Odobenus_rosmarus_divergens,retained,1
Laurasiatheria,MACSE,d8e655e614b08975d9cca655a67e0b65e76162938a253953de7f67c90d25eef2,Mirounga_angustirostris,Mirounga_angustirostris,retained,1
Laurasiatheria,MACSE,861cf254944ecd3a1200124623b283bf08ef40fb8920819e5f27e43986a55039,Phoca_vitulina,Phoca_vitulina,retained,1
Laurasiatheria,MACSE,7f5666ed0858dc8f55822e47d219dd8e9d4eb7647190480543283a8de4d4bbec,Neomonachus_schauinslandi,Neomonachus_schauinslandi,retained,1
Laurasiatheria,MACSE,8991967ee0ebdf3cf7f7a944e63458f79c711293ba8504b24439d88c66c0b06d,Halichoerus_grypus,Halichoerus_grypus,retained,1
Laurasiatheria,MACSE,ac58ae483c5a27d4d32ad5cc121a49fceee2ccca145942e6eee862fd748908bf,Mustela_nivalis,Mustela_nivalis,retained,1
Laurasiatheria,MACSE,c287237473ba7808d35eaf57a0391c9eeeb01db8f4a3b76aea1f6afc71d8f5d4,Mustela_lutreola,Mustela_lutreola,retained,1
Laurasiatheria,MACSE,36281f3f0490a3fc2836b799a9f611e7106eff9c43875e6169a24099d22434f9,Martes_martes,Martes_martes,retained,1
Laurasiatheria,MACSE,393b7cd5ed0f939845ecab1acc8c69294451f02119fd884e5ffc49afcc2d28a9,Enhydra_lutris_kenyoni,Enhydra_lutris_kenyoni,retained,1
Laurasiatheria,MACSE,0003b01fa61418e368751aebcf8af258848693ec259c869339ce9be07030a969,Balaenoptera_acutorostrata,Balaenoptera_acutorostrata,retained,1
Laurasiatheria,MACSE,9c9f524da873863c7f6471d5e2dad523a4ce6f0f8bc6d41ea49eac7ca52b908e,Balaenoptera_borealis,Balaenoptera_borealis,retained,1
Laurasiatheria,MACSE,9d02016e3d1c91701f8329170df2e27aa410ae20d2ce6276ed10003eb4c16c6e,Balaenoptera_ricei,Balaenoptera_ricei,retained,1
Laurasiatheria,MACSE,710efd6c882086f16bc02dd1ca964ddba711993309bbe9815276e63be5dc2d7d,Balaenoptera_musculus,Balaenoptera_musculus,retained,1
Laurasiatheria,MACSE,ddeee7eec98b2f9ce8321a0c27528273428fb2a14066de97e3a43302bb2b7333,Eubalaena_glacialis,Eubalaena_glacialis,retained,1
Laurasiatheria,MACSE,5336162e254a52de7742f8c6cbad70f01546e5ca39c34cd87d5b2774115766c7,Eschrichtius_robustus,Eschrichtius_robustus,retained,1
Laurasiatheria,MACSE,aa1d1c91ffddb9ccf8985efc9104018c0f1ca854bfc0a033a1283a3777f05e96,Physeter_macrocephalus,Physeter_macrocephalus,retained,1
Laurasiatheria,MACSE,0be0450f464c6786986b1c086b6aa57ef00f99176817569df4bf0d1e81f34233,Balaenoptera_physalus,Balaenoptera_physalus,retained,1
Laurasiatheria,MACSE,0c47861d442b3c4a6b2e2c74c0b673285d1786277dec4c8dc97a08ffefff5cb5,Monodon_monoceros,Monodon_monoceros,retained,1
Laurasiatheria,MACSE,abcfd182f482200d7760e3e251337a6c293dc4a8e763ce5190ceab3323132cc2,Neophocaena_asiaeorientalis_asiaeorientalis,Neophocaena_asiaeorientalis_asiaeorientalis,retained,1
Laurasiatheria,MACSE,e493f82660cd1f6f0f999bb1b78f4733ad1d893a5270c9200d29de8abce611a3,Phocoena_phocoena,Phocoena_phocoena,retained,1
Laurasiatheria,MACSE,54288fc61bc0675ec3db0f4d754a3c551c8480052317c84713cf5862bb34b2cc,Phocoena_sinus,Phocoena_sinus,retained,1
Laurasiatheria,MACSE,6e0324bbc68de707765de12d75e24c7fd3c2e9a3aef6fd59368ffa9728b92a29,Stenella_coeruleoalba,Stenella_coeruleoalba,retained,1
Laurasiatheria,MACSE,c01a874b206c9b9a934a102683382644b67dd65a334a728b92a8bc60f09ff21a,Tursiops_truncatus,Tursiops_truncatus,retained,1
Laurasiatheria,MACSE,8b5efc0eb0b2cc2f277691d2fe36edf7f24a2d25c6cc00f3cbcd57d77d71b36d,Globicephala_melas,Globicephala_melas,retained,1
Laurasiatheria,MACSE,b866e38fffe077c09ac4a1381d658572d6c19c0147bca517dd55e1b3bd4f3de6,Grampus_griseus,Grampus_griseus,retained,1
Laurasiatheria,MACSE,a8e332a08d0c42ccfec455d08a279eff6ca680651c8f0b21a94c97c7f993d5f3,Leucopleurus_acutus,Leucopleurus_acutus,retained,1
Laurasiatheria,MACSE,622afdf3042d8a173f463aa5677d92728fb4d28ed0da264ef8fdfa94a8220cf3,Orcinus_orca,Orcinus_orca,retained,1
Laurasiatheria,MACSE,aca889fdcdd86430ea966c51ecaed5f237ea7e6724cd125ec289f9cbcac364a1,Delphinus_delphis,Delphinus_delphis,retained,1
Laurasiatheria,MACSE,ad51b9f7aba4ca8f6a935b811468007638d7d6372052490a9c6b718d2136973d,Lagenorhynchus_albirostris,Lagenorhynchus_albirostris,retained,1
Laurasiatheria,MACSE,264ba19495d804da0ece520e94c13d28188da4ff51c0434decb9ee76da3ecee2,Sagmatias_obliquidens,Sagmatias_obliquidens,retained,1
Laurasiatheria,MACSE,20c1fe56a8bdf120ef5147841ef089df3ad815b15e3de4871606be7c531e2574,Lipotes_vexillifer,Lipotes_vexillifer,retained,1
Laurasiatheria,MACSE,f6a97493f2346d7975039268d35c7f785c26fc661c64bc3638ec8b0506d6398a,Mesoplodon_densirostris,Mesoplodon_densirostris,retained,1
Laurasiatheria,MACSE,50dfa78baeae4b3c3ff83cedb1e685a9d33d761e867d77dfb423afa9fba99ef6,Hyperoodon_ampullatus,Hyperoodon_ampullatus,retained,1
Laurasiatheria,MACSE,90ac38b05190bb98c45cead39607f35c58177e1cf1e8992f78f8b5acc63bf318,Mesoplodon_bidens,Mesoplodon_bidens,retained,1
Laurasiatheria,MACSE,0c96bf4f389d755b8917f14371f231b7641f047884cd6bd78274007e95336bd6,Mesoplodon_mirus,Mesoplodon_mirus,retained,1
Laurasiatheria,MACSE,811de2a6226fbb0721f9ad9814024263d252a398116df4bbbf0bbaf00732db97,Bison_bison_bison,Bison_bison_bison,retained,1
Laurasiatheria,MACSE,04a155403f842688656cc4e21e66ae544d6daa28a50f628c85fa39c8ed917129,Bos_javanicus,Bos_javanicus,retained,1
Laurasiatheria,MACSE,6448611b3cd12bcbfcbb8ce8bf933e231ba7c89ccb7e7021408beb0443a557ae,Bos_taurus,Bos_taurus,retained,1
Laurasiatheria,MACSE,bc6c97b861fbac28114b98284eebe5a7742d497bf2acb8462ab42fdd9cabb8a6,Bubalus_bubalis,Bubalus_bubalis,retained,1
Laurasiatheria,MACSE,5208618ec1e5781f77e2ce66aeb8fb2a2ffcb076fdf5f9f13cdeb91d75b20cea,Bubalus_kerabau,Bubalus_kerabau,retained,1
Laurasiatheria,MACSE,22b0422e9b524271f4bf0324d62cc89fccc903d4738121ffd81cbd3526fe584c,Bos_indicus,Bos_indicus,retained,1
Laurasiatheria,MACSE,58c23ad18c8522db88782c9f709fd3cc4d723d66e6025e3cbf749a5ff418fae8,Moschus_berezovskii,Moschus_berezovskii,retained,1
Laurasiatheria,MACSE,f72576d64bb422de2776eeefa9abdc4a789536f9660b6ef23e015f6077526a38,Oryx_dammah,Oryx_dammah,retained,1
Laurasiatheria,MACSE,c78eb9da9038df804814594a70d7e09384c1aa03b76b56d52e0c085e34905685,Bos_mutus,Bos_mutus,retained,1
Laurasiatheria,MACSE,d336b98ea56d4b8f311c9372724ff2239c8be73dcde5f82e14a1e260ca19cd38,Budorcas_taxicolor,Budorcas_taxicolor,retained,1
Laurasiatheria,MACSE,36b6fc8836ba858c8f1f275de70b2cb8b192709fa9d3e5b079001ec72fee922f,Capra_hircus,Capra_hircus,retained,1
Laurasiatheria,MACSE,0f7f318676e3e2fd69e833aef5791fc7c23c501b9cad8ac337e668af7766ed67,Capricornis_sumatraensis,Capricornis_sumatraensis,retained,1
Laurasiatheria,MACSE,fbd150ce5417e36f5688387e661c8814ccdad08f69d36c2240bc97f668ea8899,Ovis_aries,Ovis_aries,retained,1
Laurasiatheria,MACSE,0276690ce68bdf9960af99bbca317a29eb41bf419b7ff7118a04350d5e6374a8,Ovis_canadensis,Ovis_canadensis,retained,1
Laurasiatheria,MACSE,c895bc52ca45aaac6b5880fd1f8c7eaf612b474dedcbafa164236177a54c3387,Cervus_canadensis,Cervus_canadensis,retained,1
Laurasiatheria,MACSE,ffed458e11967319737415eb865cff3b109dd41f1c6e72111ad1692e18004f2c,Cervus_elaphus,Cervus_elaphus,retained,1
Laurasiatheria,MACSE,7e642c4e6b1b73f7db5d3ed1a11778ffe9825c3b91ab5fb6a489f0acbadde7ff,Muntiacus_reevesi,Muntiacus_reevesi,retained,1
Laurasiatheria,MACSE,15eefa120aff1d194f15b837cc4339a6db25d2565ae99cbafaf6a929a377ee4b,Dama_dama,Dama_dama,retained,1
Laurasiatheria,MACSE,443db2e93d344295dac6c39572fd265310e43c4a82b39f0d75ea3f8f4c5dd053,Odocoileus_virginianus,Odocoileus_virginianus,retained,1
Laurasiatheria,MACSE,41bd46852e1d551a991dfe8916b2d060a47e12e4f720899a026da8416b6fd8db,Giraffa_tippelskirchi,Giraffa_tippelskirchi,retained,1
Laurasiatheria,MACSE,b03b48320e9d03297fc9c95f0ba999377110befeae654e65cfa98cce00eec133,Camelus_bactrianus,Camelus_bactrianus,retained,1
Laurasiatheria,MACSE,ae6da71c74c80f1a4b3d47542ef0d65bf03c69be40830159eff1015b1d5da049,Camelus_ferus,Camelus_ferus,retained,1
Laurasiatheria,MACSE,11931efb6f35da8ed55362a2a4d5fe798a38c0f68349705f524ab94ee4bf5723,Vicugna_pacos,Vicugna_pacos,retained,1
Laurasiatheria,MACSE,6a72bca33b84d32151319ea961b43e42c5bfc21a1de11acb24dea858f0ad2816,Camelus_dromedarius,Camelus_dromedarius,retained,1
Laurasiatheria,MACSE,61e112990e7434f189a77dc5ef6c621ae88c346e38484b87773432011b2442fc,Hippopotamus_amphibius_kiboko,Hippopotamus_amphibius_kiboko,retained,1
Laurasiatheria,MACSE,9453ca62ef5f9e608572d481bfef698da7dca1e8df9a418a149b61a03693ebd7,Ceratotherium_simum_simum,Ceratotherium_simum_simum,retained,1
Laurasiatheria,MACSE,bec174fa8ae44cd34347cb0c5b0ef2387d55317dfd24a703a3859d7f3e27f8e4,Diceros_bicornis_minor,Diceros_bicornis_minor,retained,1
Laurasiatheria,MACSE,a171cf463d6b43d8f44c7e82adad574c6e37a0d69855553bac83fffe79b49311,Equus_asinus,Equus_asinus,retained,1
Laurasiatheria,MACSE,48565eda79e4e86b55844ab9dee6fc69d427999430c12f40725d458da7ce776b,Equus_caballus,Equus_caballus,retained,2
Laurasiatheria,MACSE,48565eda79e4e86b55844ab9dee6fc69d427999430c12f40725d458da7ce776b,Equus_caballus,Equus_przewalskii,removed_exact_duplicate,2
Laurasiatheria,MACSE,88e277c1b3d13a04e33799a36f1820319e59b0b7f55be18a4930456b2419c5b5,Saccopteryx_bilineata,Saccopteryx_bilineata,retained,1
Laurasiatheria,MACSE,d6d359c736a14109571cc31d93e13c348e61b3da970b4415658079eef616413e,Saccopteryx_leptura,Saccopteryx_leptura,retained,1
Laurasiatheria,MACSE,424e732af0c765486561a16f7cd2f2c66ac4153e56e33bb8a799f823ce2c9876,Miniopterus_natalensis,Miniopterus_natalensis,retained,1
Laurasiatheria,MACSE,41727bd21315da25f36803f49d8555be45713465fa65edaec1e293bb91dd1ada,Miniopterus_schreibersii,Miniopterus_schreibersii,retained,1
Laurasiatheria,MACSE,143d95736244b147c4dc5fef83df4698deef594286579bfa5d6a71dabe1c811c,Nyctereutes_procyonoides,Nyctereutes_procyonoides,retained,1
Laurasiatheria,MACSE,93e0f6d2ca646d1694a19a59ccb00c7b9228b51bc9d4a4f6c5a017672a7269ce,Vulpes_lagopus,Vulpes_lagopus,retained,1
Laurasiatheria,MACSE,bf22811d01b82876239981b55a12c902e36d6d02f5221867504081e30d64a3f2,Vulpes_vulpes,Vulpes_vulpes,retained,1
Laurasiatheria,MACSE,2c343079a9f19f6fd5a8556176df813e0af1e4a5694e494780dc935b46e20ad4,Canis_lupus_baileyi,Canis_lupus_baileyi,retained,1
Laurasiatheria,MACSE,54a59e30dfe811e675225bebef56254b4cdfb8a979bf136337fff3925610d5d9,Rhinolophus_hipposideros,Rhinolophus_hipposideros,retained,1
Laurasiatheria,MACSE,9001abbd79180b11b0038bf562f345a30515323488c14ad5d6519724c12eeb92,Rhinolophus_sinicus,Rhinolophus_sinicus,retained,1
Laurasiatheria,MACSE,25a8d200b69ac79df3489408dc8279eedc0f057ac2e5fe516d493843c593e76e,Rhinolophus_ferrumequinum,Rhinolophus_ferrumequinum,retained,1
Laurasiatheria,MACSE,b1cc9543da5125b0171d2de2330b230f9530e82f8f4df78e5544b29b63404bcd,Hipposideros_armiger,Hipposideros_armiger,retained,1
Laurasiatheria,MACSE,741f64b58efa293cc93c124a3ad5806d9550e9fe8615e94a8c136cdea9a2d6d1,Rousettus_aegyptiacus,Rousettus_aegyptiacus,retained,1
Laurasiatheria,MACSE,b42cbaa6e3cf27d81729b9f7d58dcff53fed45ba42f46ce533a824d48d8dc075,Pteropus_medius,Pteropus_medius,retained,1
Laurasiatheria,MACSE,4b9b3c91448de3bae01d21fdc75cddfa14acc0685bfd3202e5707ee7225274cb,Sus_scrofa,Sus_scrofa,retained,1
Laurasiatheria,MACSE,4891275bda3bc23667327d36e7417d9a05390b7e670922efbffe29e375aa7999,Phacochoerus_africanus,Phacochoerus_africanus,retained,1
Laurasiatheria,MACSE,57ac1fdfe45cdd45d9a6b00f5328c307a17908dd5b94faedd1b3c34d6d5e9d7a,Cnephaeus_nilssonii,Cnephaeus_nilssonii,retained,1
Laurasiatheria,MACSE,1a860a13ab882be17c3e1eb52651f65f43c6063a0d21489a1af4574ef58e7cea,Eptesicus_fuscus,Eptesicus_fuscus,retained,1
Laurasiatheria,MACSE,f8932dce7d2075bbcf15441e49fc03804dc3e305bdbeb798a125bee998560255,Plecotus_auritus,Plecotus_auritus,retained,1
Laurasiatheria,MACSE,ced8cd55b9ac89400e72aacfa5c405f11da1a702d0ea4609577264195cc72627,Myotis_nattereri,Myotis_nattereri,retained,1
Laurasiatheria,MACSE,dc583675996f22c09ace21801ecb3343b443841fd2dee6bb485ebc5d0e60536b,Artibeus_jamaicensis,Artibeus_jamaicensis,retained,1
Laurasiatheria,MACSE,13cb7756f63d2b6f75b7345e550c140fdefa126d2270289360b0709a3470307d,Sturnira_hondurensis,Sturnira_hondurensis,retained,1
Laurasiatheria,MACSE,6ef74660e4ea319fbf2562577a442c90fc5f2c7b6bb7b84d65e92c79d9f4778f,Desmodus_rotundus,Desmodus_rotundus,retained,1
Laurasiatheria,MACSE,44e989ebe35d40b5ca608de3b03a2b0bac93c00eb492415f686aa344cded0b3a,Pteronotus_mesoamericanus,Pteronotus_mesoamericanus,retained,1
Laurasiatheria,MACSE,a6ad6376f25874f7585093277cc92ce82e62322454926f1fd9b95cb25a00b6fc,Phyllostomus_hastatus,Phyllostomus_hastatus,retained,1
Laurasiatheria,MACSE,29cfe91794eaba5c5d378ba4e5141749ae58ff2ae1b425e63d4e52799264f0a6,Phyllostomus_discolor,Phyllostomus_discolor,retained,1
Laurasiatheria,MACSE,4cdd52c3e03d0c41d84c2082f760022e2c6a1dfd704e4d83880febbf9155bf02,Talpa_occidentalis,Talpa_occidentalis,retained,1
Laurasiatheria,MACSE,66b84acdf9769d25a52d211429dbd77e3ce4ced9156728966ed3cff27f610b25,Meles_meles,Meles_meles,retained,1
Laurasiatheria,MACSE,e69ec58f8a0f390425a37470c0452314a5c68f1f94bd46b4aa4b349c2bf076cf,Sorex_araneus,Sorex_araneus,retained,1
Laurasiatheria,MACSE,ded44a033df44fbbcb31d20b1c35c27c8fcb61faca9cd2c55eedf95690552a50,Sorex_fumeus,Sorex_fumeus,retained,1
Laurasiatheria,MACSE,355fe9f4a707f3a80630e6dc726723730bd1cce865d5431b40240ba90c9a0988,Erinaceus_europaeus,Erinaceus_europaeus,retained,1
Laurasiatheria,MAFFT,ddae685ada43dfaa9bf882ef65a6ac6b247fa515c2da4b551d66b0b51f4a8422,Acinonyx_jubatus,Acinonyx_jubatus,retained,1
Laurasiatheria,MAFFT,9df9b87295f3214ed556e92ac748b5df1f0fbdc045e5a57f312b27d27a42717a,Ailuropoda_melanoleuca,Ailuropoda_melanoleuca,retained,1
Laurasiatheria,MAFFT,d42e4a22a41de0968503aba7c58cf755d818472e6cbce55d8d661eac3062a6d9,Artibeus_jamaicensis,Artibeus_jamaicensis,retained,1
Laurasiatheria,MAFFT,6a1006feb6d2aa0a565d2c5d4a3d33a9e62e3bbb3058366ef42b205855a4c945,Balaenoptera_acutorostrata,Balaenoptera_acutorostrata,retained,1
Laurasiatheria,MAFFT,d12c3be560123a0fcd1bf5bc14b400c5b47361782a0d40611b1061c4472641e1,Balaenoptera_borealis,Balaenoptera_borealis,retained,1
Laurasiatheria,MAFFT,f5e0577e74ba42c6e97aca789c16c7e7f6782c0bf36baecbbf1bed43877190fd,Balaenoptera_musculus,Balaenoptera_musculus,retained,1
Laurasiatheria,MAFFT,856b775eaf0529d08e738c3bf5c87412e34f9d60c32c504d9446bdb634958e0c,Balaenoptera_physalus,Balaenoptera_physalus,retained,1
Laurasiatheria,MAFFT,3b6ffc4ab11d3b5770720b30d8fb43ffad0dae8c762348ac500b0628caef4635,Balaenoptera_ricei,Balaenoptera_ricei,retained,1
Laurasiatheria,MAFFT,02c2a05d38d0ca6f8fa32d222bc70d807d1c2f01ff64aeae1775a7eb4ab499ba,Bison_bison_bison,Bison_bison_bison,retained,1
Laurasiatheria,MAFFT,398b5ff20527455e79439dba28ebe323a4257a7203987b46c78f533d4f599de6,Bos_indicus,Bos_indicus,retained,1
Laurasiatheria,MAFFT,f1877e675342ff14a834580cae4e890b4730170f20c2ddaf4dab41555f36171f,Bos_javanicus,Bos_javanicus,retained,1
Laurasiatheria,MAFFT,eaf09970490abf51be5ad956b8cebb13a23f4c020df867609ab175dd59790b91,Bos_mutus,Bos_mutus,retained,1
Laurasiatheria,MAFFT,af0eceb268fe53291537e87416845c9d3c0fdd5b822c651503e9437ff76c960f,Bos_taurus,Bos_taurus,retained,1
Laurasiatheria,MAFFT,c32cb40669e5a2651ad49ca2254cdede0e0174261c5b81838b36bb6bf23588fa,Bubalus_bubalis,Bubalus_bubalis,retained,1
Laurasiatheria,MAFFT,88332084ec9e4e5fdd62b670331249a240c971f0b32fb41ebe49a722119e24ac,Bubalus_kerabau,Bubalus_kerabau,retained,1
Laurasiatheria,MAFFT,d336b98ea56d4b8f311c9372724ff2239c8be73dcde5f82e14a1e260ca19cd38,Budorcas_taxicolor,Budorcas_taxicolor,retained,1
Laurasiatheria,MAFFT,ba437a22a95a94bef10832f820c4c2469521932837fc262e2f5207ad558c6def,Callorhinus_ursinus,Callorhinus_ursinus,retained,1
Laurasiatheria,MAFFT,85979be22f4a78dd07965f78e88aa10b4b40c4ab2ca4e49e9715b00fd4cf8277,Camelus_bactrianus,Camelus_bactrianus,retained,1
Laurasiatheria,MAFFT,0e8e885fc1b9c045f988e992714299a33e950106353d622ba35841ee4cd599f5,Camelus_dromedarius,Camelus_dromedarius,retained,1
Laurasiatheria,MAFFT,cbd043f5298ea49b37e73b2963083cdbc9b89db9bca52523dfab45b70bf9a6c8,Camelus_ferus,Camelus_ferus,retained,1
Laurasiatheria,MAFFT,d07b5e3a398d946709966ab81668918cf11b656bdcd424194d215ac94c284578,Canis_lupus_baileyi,Canis_lupus_baileyi,retained,1
Laurasiatheria,MAFFT,f22e0d8f893d7bf0f20ec6b759d9b617ca0318c2f7a7e3a029aaaff69e341612,Capra_hircus,Capra_hircus,retained,1
Laurasiatheria,MAFFT,c829dd760b3c0085f0b04b70e8eb1814b1b7e0546172e841b469af823598f266,Capricornis_sumatraensis,Capricornis_sumatraensis,retained,1
Laurasiatheria,MAFFT,9453ca62ef5f9e608572d481bfef698da7dca1e8df9a418a149b61a03693ebd7,Ceratotherium_simum_simum,Ceratotherium_simum_simum,retained,1
Laurasiatheria,MAFFT,c895bc52ca45aaac6b5880fd1f8c7eaf612b474dedcbafa164236177a54c3387,Cervus_canadensis,Cervus_canadensis,retained,1
Laurasiatheria,MAFFT,ffed458e11967319737415eb865cff3b109dd41f1c6e72111ad1692e18004f2c,Cervus_elaphus,Cervus_elaphus,retained,1
Laurasiatheria,MAFFT,0de3107fda830615dcdfb358c026a68fe766154ff31ed1c51f7affcea1cd1562,Cnephaeus_nilssonii,Cnephaeus_nilssonii,retained,1
Laurasiatheria,MAFFT,0a95fbba81c4cb351f8d36683cb68d64e63c0a7cd5ea65b274b1768ca5c91854,Dama_dama,Dama_dama,retained,1
Laurasiatheria,MAFFT,448d2391dcf11778bd7ebf819791ca575fcf3ddab3ef3dbceb0b6380df454811,Delphinus_delphis,Delphinus_delphis,retained,1
Laurasiatheria,MAFFT,eb8a6c4bea6b5b06ae0cf372771489ecc07a82ab1e13c5bb07f25798d02fc704,Desmodus_rotundus,Desmodus_rotundus,retained,1
Laurasiatheria,MAFFT,0e0383ab71f0b361daaf3d67eeaf22b3b4d8b69612c47fa6f61f186318e2c567,Diceros_bicornis_minor,Diceros_bicornis_minor,retained,1
Laurasiatheria,MAFFT,45578d2618bbf3aebd2372e3cd94274a7c582ee72d32769c3fb3823620581485,Enhydra_lutris_kenyoni,Enhydra_lutris_kenyoni,retained,1
Laurasiatheria,MAFFT,bdd7ce947d01bddaba5ee07825429c9e196ae9b2a51c178ccc6dad83c451cccb,Eptesicus_fuscus,Eptesicus_fuscus,retained,1
Laurasiatheria,MAFFT,c71e91532376a2ae6a3b8cc82b64a0bc0dcf2a606a3b21e54e48cd3267c84275,Equus_asinus,Equus_asinus,retained,1
Laurasiatheria,MAFFT,f4a8208472967b2d2b510b02cb594a3ce109a15853ae431f0f6f12b05fea1a8a,Equus_caballus,Equus_caballus,retained,2
Laurasiatheria,MAFFT,f4a8208472967b2d2b510b02cb594a3ce109a15853ae431f0f6f12b05fea1a8a,Equus_caballus,Equus_przewalskii,removed_exact_duplicate,2
Laurasiatheria,MAFFT,4ffa65c92e6b9ba1c3a2d3e32c94e00f58a75af6648db0eff3fae84901ead31e,Erinaceus_europaeus,Erinaceus_europaeus,retained,1
Laurasiatheria,MAFFT,48801a7a46cea876776373d554705a4e60deefdeb8a44be7831fafab63180fbd,Eschrichtius_robustus,Eschrichtius_robustus,retained,1
Laurasiatheria,MAFFT,8a3377ab47ef035470a677f732a193050341b1bb565a76266853a2a39491cd3c,Eubalaena_glacialis,Eubalaena_glacialis,retained,1
Laurasiatheria,MAFFT,3e52ba43e43c4eb484d46d908799e352ad5da15e8938047bb89e610353b2d5ec,Eumetopias_jubatus,Eumetopias_jubatus,retained,1
Laurasiatheria,MAFFT,f2c14ac40353a1db86cb7675c6d1d7f72d859ebe99b8e16a8c7d6f6a19da65a7,Felis_catus,Felis_catus,retained,1
Laurasiatheria,MAFFT,eeef6203e870721a764bc081183e0f2deb41f79be13288d3733596915aeb578d,Giraffa_tippelskirchi,Giraffa_tippelskirchi,retained,1
Laurasiatheria,MAFFT,c882822a38c61fb3588ee82cb08311fc82aba1892633855ba4c6c9ac0094c7fd,Globicephala_melas,Globicephala_melas,retained,1
Laurasiatheria,MAFFT,5f4791efe2151f47d756cdb6ce4c3f82cad997bc6c9d7595ac92458ef2410ec4,Grampus_griseus,Grampus_griseus,retained,1
Laurasiatheria,MAFFT,bbfb9f18247157d6b29e1ee376f01acd52905d6332cf3b85dfb54dc309d91b09,Halichoerus_grypus,Halichoerus_grypus,retained,1
Laurasiatheria,MAFFT,aa9a4cc1301be8e559a24909c6453668d234330ad6492d42735ed207876e1549,Herpailurus_yagouaroundi,Herpailurus_yagouaroundi,retained,1
Laurasiatheria,MAFFT,e4563372332449cd415dec110d678311fca27949c3f4ae378daabf7df0ae462e,Hippopotamus_amphibius_kiboko,Hippopotamus_amphibius_kiboko,retained,1
Laurasiatheria,MAFFT,e79ebeb9080380a804b109ef4d479e24b386bf50cbe27d1d0d659b9e1b1e3381,Hipposideros_armiger,Hipposideros_armiger,retained,1
Laurasiatheria,MAFFT,d07e7770e8731150d6ece705a9070b68f45e5a54c9aee535686e8b804b1cb64b,Hyaena_hyaena,Hyaena_hyaena,retained,1
Laurasiatheria,MAFFT,2d1015cb550b282247387424b6baed5e93bb7394ccb16b942ab5388ab85c6b16,Hyperoodon_ampullatus,Hyperoodon_ampullatus,retained,1
Laurasiatheria,MAFFT,7bfafb91f2553ee40d9e08d18d95672a15c689252d67d0cf1aea114f1d855ca6,Lagenorhynchus_albirostris,Lagenorhynchus_albirostris,retained,1
Laurasiatheria,MAFFT,92040cf121b87e786ab52eeed27047d5b63beda10a2d026b22947e73bb900a78,Leopardus_geoffroyi,Leopardus_geoffroyi,retained,1
Laurasiatheria,MAFFT,9951fd115ed2731f515b14e947f7bfb7c24a6afa9dd8815386daea0083d31582,Leucopleurus_acutus,Leucopleurus_acutus,retained,1
Laurasiatheria,MAFFT,c152b2df49e4a6f54699dddf754d50581069098d6a9a2d2f8e7ce3a8b4624cda,Lipotes_vexillifer,Lipotes_vexillifer,retained,1
Laurasiatheria,MAFFT,19b4a18e92aae1cd6c3833f7787f062dde00b94d87778cc54e53552857edc5e7,Lynx_canadensis,Lynx_canadensis,retained,1
Laurasiatheria,MAFFT,84783cc9475d233953f68d4e6064f60c867d866b2141ac0baf9a588d7263f55f,Lynx_rufus,Lynx_rufus,retained,1
Laurasiatheria,MAFFT,2964433d6b837a366cd400ee3fc99fe7e15fd82a735cc4ef69e0492735f4ebc0,Martes_martes,Martes_martes,retained,1
Laurasiatheria,MAFFT,4314003d6ee9b18253fc7fac87ca47b8a389b5097122b20f3815d7c2b7ce0264,Meles_meles,Meles_meles,retained,1
Laurasiatheria,MAFFT,ddefed1aadf68d02556a03efb470bee7df3f2c9bf638791544f8a9f40e3862c4,Mesoplodon_bidens,Mesoplodon_bidens,retained,1
Laurasiatheria,MAFFT,0a4b33cab675841bad4f73307e68d1badb09c763147b20e184efe555e19e82c0,Mesoplodon_densirostris,Mesoplodon_densirostris,retained,1
Laurasiatheria,MAFFT,567cb5e1b99b4fd695fd76959b24622dfaf1e785bcd434602f1cfde111ccb7d8,Mesoplodon_mirus,Mesoplodon_mirus,retained,1
Laurasiatheria,MAFFT,bf356967fa2cf5f348883b3e4f3531f9114f13ddc7307b1cbba8189a5928918b,Miniopterus_natalensis,Miniopterus_natalensis,retained,1
Laurasiatheria,MAFFT,13caf628146ab54012c83fb6e5bb33faeacd5efdbdedac3ae91662ec1523816f,Miniopterus_schreibersii,Miniopterus_schreibersii,retained,1
Laurasiatheria,MAFFT,a8e754606bd97811b91c23081b07d948edc2f846dd1e8936c960c56ff2ffc6e9,Mirounga_angustirostris,Mirounga_angustirostris,retained,1
Laurasiatheria,MAFFT,ccf71971f1573a103559fa8848629286c882762ffb9f1b8a95d011874baacd92,Mirounga_leonina,Mirounga_leonina,retained,1
Laurasiatheria,MAFFT,1eaa85983168f1adbac9652586a6a51cd8904438c65d1141314e6a27c020ec98,Monodon_monoceros,Monodon_monoceros,retained,1
Laurasiatheria,MAFFT,58c23ad18c8522db88782c9f709fd3cc4d723d66e6025e3cbf749a5ff418fae8,Moschus_berezovskii,Moschus_berezovskii,retained,1
Laurasiatheria,MAFFT,b536d7e3970e9c0e7880dd1b3e9a31eaafd3e29b066d85edbb1db8fbd407000a,Muntiacus_reevesi,Muntiacus_reevesi,retained,1
Laurasiatheria,MAFFT,8df488083f5a1c61a73ae2a41ea33fa87d3b8b61e7e8d10e2899aaf67fcd222e,Mustela_lutreola,Mustela_lutreola,retained,1
Laurasiatheria,MAFFT,abcdd3ed54f84add222bc0085ec117aa2c351ac3f4e2c6f671a43336460f2065,Mustela_nivalis,Mustela_nivalis,retained,1
Laurasiatheria,MAFFT,c3e8dee21ebdce3cd4c5021998d3063adce3d98bc971ba4a77f9e641f069cb42,Myotis_nattereri,Myotis_nattereri,retained,1
Laurasiatheria,MAFFT,89e3daa11431cd814e183b47105a56a6a19e9805eefe952c0d712293b1704a7a,Neofelis_nebulosa,Neofelis_nebulosa,retained,1
Laurasiatheria,MAFFT,5bb8137b44a6e959ac7034bf64fa5c16c00f4cf37739128859d768aa294b05c7,Neomonachus_schauinslandi,Neomonachus_schauinslandi,retained,1
Laurasiatheria,MAFFT,e14e7572964e4b5b9eda61de60b20c3563cf121671c5c0814b23c4fbb3709af5,Neophocaena_asiaeorientalis_asiaeorientalis,Neophocaena_asiaeorientalis_asiaeorientalis,retained,1
Laurasiatheria,MAFFT,8d3038bcdd6db7442f1e78d1df4b6bce157f6a7a1ff95ab0e555eacc9a91d946,Nyctereutes_procyonoides,Nyctereutes_procyonoides,retained,1
Laurasiatheria,MAFFT,98369e3bdaadb11a5a2507ec6597b5b381e143bd9969ab83c9e9af75217a6c78,Odobenus_rosmarus_divergens,Odobenus_rosmarus_divergens,retained,1
Laurasiatheria,MAFFT,7ce507054c5c107228365d071b51f5f4aefca47499de93ec294a8a3de8a26880,Odocoileus_virginianus,Odocoileus_virginianus,retained,1
Laurasiatheria,MAFFT,044ceb5791373b53c252146ecbb40c6ba69060fc92668bced4dea21a2d090852,Orcinus_orca,Orcinus_orca,retained,1
Laurasiatheria,MAFFT,0ddbfe0953a4b9f04710413d35d10805dd79f51c42536fc538c846cdbfc223b0,Oryx_dammah,Oryx_dammah,retained,1
Laurasiatheria,MAFFT,fbd150ce5417e36f5688387e661c8814ccdad08f69d36c2240bc97f668ea8899,Ovis_aries,Ovis_aries,retained,1
Laurasiatheria,MAFFT,0276690ce68bdf9960af99bbca317a29eb41bf419b7ff7118a04350d5e6374a8,Ovis_canadensis,Ovis_canadensis,retained,1
Laurasiatheria,MAFFT,39f5db5f865c4a3f70a14477693ff4251d3ff9b149ed068df5cb9e81c9e1c92d,Panthera_leo,Panthera_leo,retained,1
Laurasiatheria,MAFFT,23b38fb9df75c9f8a8bbd46ec2357f68362ad9c5c797d9852270169a86ba4290,Panthera_onca,Panthera_onca,retained,1
Laurasiatheria,MAFFT,287782e756c11749188cdf4d28cafebeed0326c835a1abf392e536a17fe7b102,Panthera_pardus,Panthera_pardus,retained,1
Laurasiatheria,MAFFT,f7f2e28aabd1ab673ac6274283bd12474db175d16c088d9cc072768c3295be9d,Panthera_tigris,Panthera_tigris,retained,1
Laurasiatheria,MAFFT,8863154133163ead4996da9d6ba9044ab05a2b4c5bf8b03f41ed6a26b5800766,Panthera_uncia,Panthera_uncia,retained,1
Laurasiatheria,MAFFT,63e96faaeb336d10d6bc2b33d5b10434cbd4ae374404782ddab8407cd77250a7,Phacochoerus_africanus,Phacochoerus_africanus,retained,1
Laurasiatheria,MAFFT,a2f5928d2f5e5beae2d27256e9040e92d586c61a97d3881e0f248f6a15511795,Phoca_vitulina,Phoca_vitulina,retained,1
Laurasiatheria,MAFFT,63f31c983d5bb735f2cb712d0340d3bcf340d5ee242063adc40cf23c382a9302,Phocoena_phocoena,Phocoena_phocoena,retained,1
Laurasiatheria,MAFFT,fb5647d86068fac586d27d9423a093cf15073b75c8825ab5829b889ab6641546,Phocoena_sinus,Phocoena_sinus,retained,1
Laurasiatheria,MAFFT,3dfcfd9066feef33e28d8b5a3c411251409c4449b3f4daa8bee0a8c80f4d7a12,Phyllostomus_discolor,Phyllostomus_discolor,retained,1
Laurasiatheria,MAFFT,bb00b8714182c7604d9e58f4d593e8bfa1d6b84886aee73c711c89aaef5747f0,Phyllostomus_hastatus,Phyllostomus_hastatus,retained,1
Laurasiatheria,MAFFT,0a9b0953d994ac131ca9bce7d7e27bee48a489dd9a9a630ba3b21179391db45f,Physeter_macrocephalus,Physeter_macrocephalus,retained,1
Laurasiatheria,MAFFT,fbfd3a4f4fdba1fdd4ec180c504ad9ada2ec5131d00eef9d91f9c5d9ca4ae7ea,Plecotus_auritus,Plecotus_auritus,retained,1
Laurasiatheria,MAFFT,935385e819a455eada4aba30ff63808e5bfcb35106831541885ba563f45e07d0,Prionailurus_bengalensis,Prionailurus_bengalensis,retained,1
Laurasiatheria,MAFFT,5664c1fa36460d05e2709d263c27e73642408c6788731fe6d7a495c6829c7e69,Prionailurus_viverrinus,Prionailurus_viverrinus,retained,1
Laurasiatheria,MAFFT,fa383e93f2bbc8fdd4962ae2cc6aac878268acae82e71ec84695dbc433ba6e05,Pteronotus_mesoamericanus,Pteronotus_mesoamericanus,retained,1
Laurasiatheria,MAFFT,3b6362d1e06be66826727c2f831488b4738c2b74a340c8d81e244ae64e8966ed,Pteropus_medius,Pteropus_medius,retained,1
Laurasiatheria,MAFFT,2f3812c6095be5c2d67e9af9380d36707312405d9e76f55d12b53b38bdeb58ae,Rhinolophus_ferrumequinum,Rhinolophus_ferrumequinum,retained,1
Laurasiatheria,MAFFT,9bcc97b8d9add11924d47efc7c2b28a355bfc62bfddc4ba93a78e6d67cb9d9dc,Rhinolophus_hipposideros,Rhinolophus_hipposideros,retained,1
Laurasiatheria,MAFFT,6f3496972b657dc23941dd5be26f7d314f64a1e68fb35c1ef72def17536857c4,Rhinolophus_sinicus,Rhinolophus_sinicus,retained,1
Laurasiatheria,MAFFT,fc61ab6e213b483ea02f0c8558ffc55fb12a476ec07d2acc7397ece673c39bda,Rousettus_aegyptiacus,Rousettus_aegyptiacus,retained,1
Laurasiatheria,MAFFT,46bb997d5cbccc437141f8875b93ea1caef5559dddc0bf8f985ee66329d7b7c8,Saccopteryx_bilineata,Saccopteryx_bilineata,retained,1
Laurasiatheria,MAFFT,12d3909c60db1e00bf7baa822ec4dd42d091d5e5324ce1fe5c2793944a47e2b9,Saccopteryx_leptura,Saccopteryx_leptura,retained,1
Laurasiatheria,MAFFT,264ba19495d804da0ece520e94c13d28188da4ff51c0434decb9ee76da3ecee2,Sagmatias_obliquidens,Sagmatias_obliquidens,retained,1
Laurasiatheria,MAFFT,a2417b0513345f69409941764ca2c28817297e6f091a8713bc7f55e500965f7e,Sorex_araneus,Sorex_araneus,retained,1
Laurasiatheria,MAFFT,dedfcd6def8a1ce5f033795572a9fb4f3a04969766764acfc535fa1360e714ae,Sorex_fumeus,Sorex_fumeus,retained,1
Laurasiatheria,MAFFT,f67e68619022be936cd7ca95e76cd2a62f4add5168bbf4b27c583584e75d665c,Stenella_coeruleoalba,Stenella_coeruleoalba,retained,1
Laurasiatheria,MAFFT,c0cf3e4f3d50e7650f1b5a48897f0db1c4b411c47c11a5cb65982608613d7c32,Sturnira_hondurensis,Sturnira_hondurensis,retained,1
Laurasiatheria,MAFFT,07d6ee3e3a7ba7ca6c9b66bed239c49bb101961cf0d746468c1e59038b5c95c2,Suricata_suricatta,Suricata_suricatta,retained,1
Laurasiatheria,MAFFT,6dfcacf2aee7a2f6353eb5610870dddef5ce0200ee26012d840d23718c5af14d,Sus_scrofa,Sus_scrofa,retained,1
Laurasiatheria,MAFFT,d5e2e6f5efbf60f04e1cf9f913b01e822994813705d0835c5e1430cc67377b74,Talpa_occidentalis,Talpa_occidentalis,retained,1
Laurasiatheria,MAFFT,c01a874b206c9b9a934a102683382644b67dd65a334a728b92a8bc60f09ff21a,Tursiops_truncatus,Tursiops_truncatus,retained,1
Laurasiatheria,MAFFT,3d13d99016a3bf50bf3c99fe2ba8f1d21ad52eae3da60df5a6e73300b12fa7bb,Ursus_arctos,Ursus_arctos,retained,1
Laurasiatheria,MAFFT,f2d8d5e89f1d617f57a84a7cbd3481f4f8108afdc7cd8c70cc3f22f4b9054a42,Ursus_maritimus,Ursus_maritimus,retained,1
Laurasiatheria,MAFFT,4334b69e1fa310f5cc0a62b5526bc578659e17b393f86bba37758cca198fa222,Vicugna_pacos,Vicugna_pacos,retained,1
Laurasiatheria,MAFFT,23406bb7eb89ff6d303ef42f9eed3e9b742d0e1dabe883dcd1a5e3ddb73262bd,Vulpes_lagopus,Vulpes_lagopus,retained,1
Laurasiatheria,MAFFT,c33e21a034c876b71155b8e00fe524c585d43a842c554d4cb1818ca575c7a49b,Vulpes_vulpes,Vulpes_vulpes,retained,1
Laurasiatheria,MAFFT,9c58fc62a9328791529fac7ee950deca9353a72f7225e3b495cdc2a7f6f2a190,Zalophus_californianus,Zalophus_californianus,retained,1
Laurasiatheria,PRANK,2105170c8ee5fc4cdf90b61ab83aabea5a0a77b130d87ce6cd9c875358a2b99c,Erinaceus_europaeus,Erinaceus_europaeus,retained,1
Laurasiatheria,PRANK,9673c7343531d8d08cf0a334d7db47401419ba0404e9d60a4fb39af04e591111,Sorex_araneus,Sorex_araneus,retained,1
Laurasiatheria,PRANK,10bb5358d7d0a3efaa489bf0c367c24894c02ab2237c0833f67109f7e4056093,Sorex_fumeus,Sorex_fumeus,retained,1
Laurasiatheria,PRANK,0549778ff59bc89075deab264ac2f05780a1547682aa61fa38f51e5a8b61b0ba,Talpa_occidentalis,Talpa_occidentalis,retained,1
Laurasiatheria,PRANK,dcfa2245bc581c2acc0d1e19e3e5f60ba465b57e2bd236e06362af673432468c,Delphinus_delphis,Delphinus_delphis,retained,1
Laurasiatheria,PRANK,98fbd754a524d56197d11a5d03d28fbef667d88377f87cda05a61266dc47322f,Tursiops_truncatus,Tursiops_truncatus,retained,1
Laurasiatheria,PRANK,8c1328225e4983bb4b388ee0f90042bcfed10f5666c1d518f10cb848be433a8a,Stenella_coeruleoalba,Stenella_coeruleoalba,retained,1
Laurasiatheria,PRANK,4c926702c5c60b756232bb6884b0d3b0d56e044828aeaa69eff702364184188b,Sagmatias_obliquidens,Sagmatias_obliquidens,retained,1
Laurasiatheria,PRANK,e2d42c910e838b258bd3af0219abfce34abbb8cadc0ea99b6487457c7df28e10,Globicephala_melas,Globicephala_melas,retained,1
Laurasiatheria,PRANK,fe8311221885e517c0ef5b6435510e056b481eb98191aeaae2fa1f10937a7a05,Grampus_griseus,Grampus_griseus,retained,1
Laurasiatheria,PRANK,32e547515c8579b0a406d80a91d564aec84734badbcd8b52ece91456807ae2d7,Orcinus_orca,Orcinus_orca,retained,1
Laurasiatheria,PRANK,1d25302201103d920b40bb8303ee12e5854709ffa1d4f6aa08dd7c4576592b7d,Leucopleurus_acutus,Leucopleurus_acutus,retained,1
Laurasiatheria,PRANK,09e0343adbf0e27e4db86e6340b471c1a484a12d64776b3589e051a269bf6378,Lagenorhynchus_albirostris,Lagenorhynchus_albirostris,retained,1
Laurasiatheria,PRANK,dabdecdc28b012e80ea10685db228496eadb4fd03a90f86e5cc2799ea4a02f27,Monodon_monoceros,Monodon_monoceros,retained,1
Laurasiatheria,PRANK,b80dd331b96a23077082563732705bfadfffded5cb70aea39894612d03c6ecce,Neophocaena_asiaeorientalis_asiaeorientalis,Neophocaena_asiaeorientalis_asiaeorientalis,retained,1
Laurasiatheria,PRANK,35cc805c6e5fb597b665726db6c4f6901f6876c57d107ed2c14bcd8f367a2b2d,Phocoena_phocoena,Phocoena_phocoena,retained,1
Laurasiatheria,PRANK,e545c71d69fe33ce28f7c48fdd7c4019688b41d17ea8c25b5aafc8d0ab539f59,Phocoena_sinus,Phocoena_sinus,retained,1
Laurasiatheria,PRANK,8c2d1a589c0df207e00ce55638085da25a458edda4688edd9e4a24755651999c,Lipotes_vexillifer,Lipotes_vexillifer,retained,1
Laurasiatheria,PRANK,0e8f41aafb6f936a4c6a3e5882533de9dccb7ec17d6901b4583ef80b7767af21,Hyperoodon_ampullatus,Hyperoodon_ampullatus,retained,1
Laurasiatheria,PRANK,230fe9f6135665ce00c27e1618dd9964e7c6b8d2429ac765457e54151aa1d938,Mesoplodon_mirus,Mesoplodon_mirus,retained,1
Laurasiatheria,PRANK,27132763fce05a27a5e6ef5fc7484e67590f1790ebeefbe076dceccee61a5519,Mesoplodon_bidens,Mesoplodon_bidens,retained,1
Laurasiatheria,PRANK,73db4622096f05728429104af29f35f49972d2bb35529523ee4d967d72490174,Mesoplodon_densirostris,Mesoplodon_densirostris,retained,1
Laurasiatheria,PRANK,bc0a109ddcae64ed2a69e9d296eab6c553fde9108c8ca41d2c1819af468484f1,Balaenoptera_acutorostrata,Balaenoptera_acutorostrata,retained,1
Laurasiatheria,PRANK,7453ebc284807b65d8d74981219928b7c5521e8edea03b7c1dc73fac566e0194,Balaenoptera_physalus,Balaenoptera_physalus,retained,1
Laurasiatheria,PRANK,998a1dd5aecfe6001e8ade48fc4f6762087d3df05d9f6c012883371f2ea29347,Balaenoptera_borealis,Balaenoptera_borealis,retained,1
Laurasiatheria,PRANK,5fc20d02319ba0af0864914286be35845aad746b73e5b52c7cbfe9b70d77a5a0,Balaenoptera_ricei,Balaenoptera_ricei,retained,1
Laurasiatheria,PRANK,c8505838ce66bde8d59c069b04e96b6d3d165ba1224ff9c96c94ad245367fdb8,Balaenoptera_musculus,Balaenoptera_musculus,retained,1
Laurasiatheria,PRANK,27e0ac65fe7ba047343d3dd01af71bb171fb81f67c6a8886def592b2108cca92,Eschrichtius_robustus,Eschrichtius_robustus,retained,1
Laurasiatheria,PRANK,2f9c9fd75f803de32d6ec73838572a3efd30fcad926fc487b89b7ac553dbac60,Eubalaena_glacialis,Eubalaena_glacialis,retained,1
Laurasiatheria,PRANK,36f33c81f6803e932527ca3f2a0515d2c2552195846609d7c1d53ceb02cb80a3,Physeter_macrocephalus,Physeter_macrocephalus,retained,1
Laurasiatheria,PRANK,8549aa4513fb4cc8943265d183ec38f7921417b94c33855f1abc1cb5959066ba,Hippopotamus_amphibius_kiboko,Hippopotamus_amphibius_kiboko,retained,1
Laurasiatheria,PRANK,c156fa06a87e8ec0882b5c68cd78c26ad0975f09110b1e21b1bb3743602b98f6,Bos_indicus,Bos_indicus,retained,1
Laurasiatheria,PRANK,9008578d960152b545c6db2bafcebf8c81b86e8ef8748058270f52bb41e0c288,Bos_javanicus,Bos_javanicus,retained,1
Laurasiatheria,PRANK,e3d4a3ffb3081accc6ba227e9667030a4ad72f28b5fd508a6825f7ba3500392c,Bison_bison_bison,Bison_bison_bison,retained,1
Laurasiatheria,PRANK,6cccd8f085904779a499bc3642a387b82360a8e11641b76946f725e87dd4ee5f,Bos_mutus,Bos_mutus,retained,1
Laurasiatheria,PRANK,6a1d9facc4a50d980d89f322a712054c7cfc3fef2ae3d2ba41ebf580134f2286,Bos_taurus,Bos_taurus,retained,1
Laurasiatheria,PRANK,54e401ef5dd891eb777cf83e232cbd89716d33af4e45f6cf7cf1f0baad28d271,Bubalus_kerabau,Bubalus_kerabau,retained,1
Laurasiatheria,PRANK,26973c1e0b9672810fdf38159eb0c14508d672e6de63a87ce3ef4f38b4e50129,Bubalus_bubalis,Bubalus_bubalis,retained,1
Laurasiatheria,PRANK,b3337dfc8852475fd935c85476ab6a1f2aaa227cb9e9f99986527715acb7e613,Oryx_dammah,Oryx_dammah,retained,1
Laurasiatheria,PRANK,2c5ef19bd5a4540a06c57753a5248f91f57e9ece235fda73dc30ed5ec9253027,Budorcas_taxicolor,Budorcas_taxicolor,retained,1
Laurasiatheria,PRANK,44ac63efac87e60e08475018306551c372a27c86b546f4398392729d41fa8149,Capra_hircus,Capra_hircus,retained,1
Laurasiatheria,PRANK,6e53997e15ab37ce923e38fb4e00c6b8d43cece1985dc0e0147a66f200d0452b,Ovis_aries,Ovis_aries,retained,1
Laurasiatheria,PRANK,33b48606866405f29e5405b391bfcfb6ecb51cb548149fc6216c8b03fa4239d4,Ovis_canadensis,Ovis_canadensis,retained,1
Laurasiatheria,PRANK,220271657e7a5462cd0e58e1986af85c2e15b7f098a9ea8346791b1387632dd4,Capricornis_sumatraensis,Capricornis_sumatraensis,retained,1
Laurasiatheria,PRANK,e320f7f7c3e1356ffb9a23827f5d50a6c0c10f2d85fb024cda159cc7003cb957,Moschus_berezovskii,Moschus_berezovskii,retained,1
Laurasiatheria,PRANK,5556c83e96a643827ac5946cb424fa9e63054fd3164284982379372ee7a168a2,Cervus_canadensis,Cervus_canadensis,retained,1
Laurasiatheria,PRANK,6eede525ec3ffed1a5efd755b71035f4df7fbc0109dfd4feceef79f5ea829a8f,Dama_dama,Dama_dama,retained,1
Laurasiatheria,PRANK,cc2649ca269efb998deca159d46bc86f267665304022ef23af1e469abb7a017a,Cervus_elaphus,Cervus_elaphus,retained,1
Laurasiatheria,PRANK,e862bc79710d58a949dfcd41d93da450b209acf02136226c20b87eb7cb26d298,Muntiacus_reevesi,Muntiacus_reevesi,retained,1
Laurasiatheria,PRANK,aff3ba7f06473bb6b304af319ab209112e90de3e597da7b0c9cb5e628bffd5c3,Odocoileus_virginianus,Odocoileus_virginianus,retained,1
Laurasiatheria,PRANK,69ae93427d9e03a416779b919e4ac68bd0b01ea93ed5100a94192596644aa909,Giraffa_tippelskirchi,Giraffa_tippelskirchi,retained,1
Laurasiatheria,PRANK,f14ba93b28a4477b03dfbd90360e5f36fad017f0cd6ba4429dc388336596ec4d,Phacochoerus_africanus,Phacochoerus_africanus,retained,1
Laurasiatheria,PRANK,3274bbd0ba7708b5ddfd091238b061e25331c554ab1cd460504411e8a76f6860,Sus_scrofa,Sus_scrofa,retained,1
Laurasiatheria,PRANK,341951c64aa7fffd3815ab0d3037f8292cef251404cddb87099de171c3489893,Camelus_bactrianus,Camelus_bactrianus,retained,1
Laurasiatheria,PRANK,2d1e18dc5cb5bf5a30aa5e8298251b07acec40659b48aa5acbd4944794819c91,Camelus_ferus,Camelus_ferus,retained,1
Laurasiatheria,PRANK,f8ad8fedd59cee371cc7e0fa095593206cbaf3c333008ba406b04dcbe02e15e2,Camelus_dromedarius,Camelus_dromedarius,retained,1
Laurasiatheria,PRANK,fbbe704903faa2206ce8fb43fe47586eaa69cb82613433fc592f140524baaa73,Vicugna_pacos,Vicugna_pacos,retained,1
Laurasiatheria,PRANK,0486bf68ddb5ee297de1d0548c292e740a2cc2990981d5f9bcc4a26d45aa6d6c,Ceratotherium_simum_simum,Ceratotherium_simum_simum,retained,1
Laurasiatheria,PRANK,f8f42b728f14cf2051d194a4eed28e22569a622fd821bd625532ef2f220a8ae6,Diceros_bicornis_minor,Diceros_bicornis_minor,retained,1
Laurasiatheria,PRANK,b8ba6c534a403ccb2d691dda667c75b502e2a62b747e4c4d4fa537072be1daf8,Equus_asinus,Equus_asinus,retained,1
Laurasiatheria,PRANK,883763cc3071b866927f403ff97c73a2b3597324d14c3ac17128b4709c99a1ec,Equus_caballus,Equus_caballus,retained,2
Laurasiatheria,PRANK,883763cc3071b866927f403ff97c73a2b3597324d14c3ac17128b4709c99a1ec,Equus_caballus,Equus_przewalskii,removed_exact_duplicate,2
Laurasiatheria,PRANK,31b235731d3a5b9a1641a3d033df2d9b2775a00cf75a22cfa304182b82660133,Artibeus_jamaicensis,Artibeus_jamaicensis,retained,1
Laurasiatheria,PRANK,3837eb95867bc0b7f17ee9e4d9e8a76560b14f94e0918d2d68777b14e9d83398,Sturnira_hondurensis,Sturnira_hondurensis,retained,1
Laurasiatheria,PRANK,783a3f1dd9d4e6875ef6005b35bd460f77c1e98eba99731aa206583c28712392,Phyllostomus_discolor,Phyllostomus_discolor,retained,1
Laurasiatheria,PRANK,4313f734a40c70c28d97a82b299184f314fbd80fdf651552c9b100b0dfff7daf,Phyllostomus_hastatus,Phyllostomus_hastatus,retained,1
Laurasiatheria,PRANK,ea4b1ddcb52261d86d7b0076935ad48d0f0c498c261e48bc40db6afe791afa46,Desmodus_rotundus,Desmodus_rotundus,retained,1
Laurasiatheria,PRANK,f2c217718eda598c02d49baf15ec289914092b181927f2e3cd1ade76136632bb,Pteronotus_mesoamericanus,Pteronotus_mesoamericanus,retained,1
Laurasiatheria,PRANK,46b723166a6dec8b478a85f32feab06831ec9a2f0607b81461f98dc6b979f65f,Cnephaeus_nilssonii,Cnephaeus_nilssonii,retained,1
Laurasiatheria,PRANK,e06c3a3f984a4d8dd5503e36738e43e2986544835e99021ecc7c48e13fc9f3ed,Eptesicus_fuscus,Eptesicus_fuscus,retained,1
Laurasiatheria,PRANK,0fa0ed747a32fe3161008938d45219ba7cca3cdd9cb4244c15bf11d756148d88,Plecotus_auritus,Plecotus_auritus,retained,1
Laurasiatheria,PRANK,f7c90fd6e4d9a1a64c56195d56501bd52064648b890e57c65d66659a2f5103f1,Myotis_nattereri,Myotis_nattereri,retained,1
Laurasiatheria,PRANK,5bb640fe1a1af9dcb616754bd603b75dcb43b1aec0676381edbc8cdebe2a85a3,Miniopterus_natalensis,Miniopterus_natalensis,retained,1
Laurasiatheria,PRANK,8236f68c08a0aa0093baad7afd2c3f63f8eb3dffeb07adb572169d04d2a7113c,Miniopterus_schreibersii,Miniopterus_schreibersii,retained,1
Laurasiatheria,PRANK,f553dd333f3723ec350bdd05694e74c029228d406aa302e9f5682f87b519355e,Saccopteryx_bilineata,Saccopteryx_bilineata,retained,1
Laurasiatheria,PRANK,04f921f9c5b1bef4e83486904a10648ba530b6755fc3ae6decb2ad8c22fc1dc3,Saccopteryx_leptura,Saccopteryx_leptura,retained,1
Laurasiatheria,PRANK,ec804f0e94920367fb3de4a21cd33b5d7169c1fde37204a436a2d4a9a55c64c6,Hipposideros_armiger,Hipposideros_armiger,retained,1
Laurasiatheria,PRANK,0c55b181f52421b216a4ce242047a5c9d419a31ed7e460bf365486370c6930d3,Rhinolophus_ferrumequinum,Rhinolophus_ferrumequinum,retained,1
Laurasiatheria,PRANK,14649bbde7148d1fe996ddd76cb90b9e56c6d09f5966e0f0fddeb6ee00da0d70,Rhinolophus_sinicus,Rhinolophus_sinicus,retained,1
Laurasiatheria,PRANK,b3047b2e1daf0ca755873f4733eb1b5aa04ffd6a800a678e3bbc34eeaadbbeb0,Rhinolophus_hipposideros,Rhinolophus_hipposideros,retained,1
Laurasiatheria,PRANK,aa36c7c66432779e89a7945f4c46dad1a8e1211ad430b7806d205a1810970b49,Acinonyx_jubatus,Acinonyx_jubatus,retained,1
Laurasiatheria,PRANK,9861f1f46fb85feabd5ad98da3d65088206a16a96155f9fba911584a65bf5a54,Felis_catus,Felis_catus,retained,1
Laurasiatheria,PRANK,7d041aadcac21840ce05cd78d4411ff2b527278deb69d52d4583815427cc314c,Leopardus_geoffroyi,Leopardus_geoffroyi,retained,1
Laurasiatheria,PRANK,2b9edd332515ea35fa0b34e3dd5b3d66d8d5109ba24e4c273f63e296f808bd11,Lynx_canadensis,Lynx_canadensis,retained,1
Laurasiatheria,PRANK,fe533b751af8d92f65bf69c91546fd063c252f07d9cff29e2d3a18143a270e59,Lynx_rufus,Lynx_rufus,retained,1
Laurasiatheria,PRANK,a5b458c25f91218cccf0dbc8c6f44bf200f7b933e5129302215548a6c3230a52,Herpailurus_yagouaroundi,Herpailurus_yagouaroundi,retained,1
Laurasiatheria,PRANK,485dffff9dd4fb4971532f5efb74e4d44be196c1c04ab1e21997310b97da34d9,Panthera_leo,Panthera_leo,retained,2
Laurasiatheria,PRANK,485dffff9dd4fb4971532f5efb74e4d44be196c1c04ab1e21997310b97da34d9,Panthera_leo,Panthera_pardus,removed_exact_duplicate,2
Laurasiatheria,PRANK,5b1fc9c0ca79ed6e08068c4fe476b92c585f1b54db76fa330a9647d99a998dd2,Panthera_tigris,Panthera_tigris,retained,1
Laurasiatheria,PRANK,638827f611c0d2dade2bf5efb5bec90055fc9f1c288251dcd37c82d504910db0,Panthera_onca,Panthera_onca,retained,1
Laurasiatheria,PRANK,e97ea4f15e3be643087ad42661b9ca91b38f490cb30716e25c5d60781ab92d79,Panthera_uncia,Panthera_uncia,retained,1
Laurasiatheria,PRANK,98a74211b3d99307e94973479ab035922cccfa6afffcf3127e0bf63face5b922,Neofelis_nebulosa,Neofelis_nebulosa,retained,1
Laurasiatheria,PRANK,c907cc1b7a953681bd7ab0cac0bc3d67c2ff346ea1440edb603785d70d5feab4,Prionailurus_bengalensis,Prionailurus_bengalensis,retained,1
Laurasiatheria,PRANK,8ff09fd71761116e9407d89a79d18e82def7ea2016d45fc78b98e415f9e45027,Prionailurus_viverrinus,Prionailurus_viverrinus,retained,1
Laurasiatheria,PRANK,09d627e8d292bb07038a4865503ff2e9f3a61179ae568428b1306fbd467ae1eb,Hyaena_hyaena,Hyaena_hyaena,retained,1
Laurasiatheria,PRANK,5bd6a7a9417474cf42711552f1915443713189a785a13bf5654eebd209274a03,Suricata_suricatta,Suricata_suricatta,retained,1
Laurasiatheria,PRANK,66e7aa51fea99064451ee5a0302f2a098c7f324cde8ded348610fb8b77fa5e78,Ailuropoda_melanoleuca,Ailuropoda_melanoleuca,retained,1
Laurasiatheria,PRANK,8d9c3685e10a4c2f6d27bf8fdfe4159adf991c2f105c5ba39757885c407591e2,Ursus_arctos,Ursus_arctos,retained,1
Laurasiatheria,PRANK,7bb6c4ed89c2b35021ba3a67d5bc701f9353d70ff2f037fe9fa70589063cf870,Ursus_maritimus,Ursus_maritimus,retained,1
Laurasiatheria,PRANK,c483d47e51a989ea490e52bc354922dd488f6563bad27f24c0762b7ffa8b7d38,Callorhinus_ursinus,Callorhinus_ursinus,retained,1
Laurasiatheria,PRANK,5d08d9bb6d474185c3c262aa1896fa4197912dd39223ed4af20794f4937a5318,Eumetopias_jubatus,Eumetopias_jubatus,retained,1
Laurasiatheria,PRANK,d40bb1e8250898a0efb49c81d45b51dc6713c558ac01275421e14570afd587b0,Zalophus_californianus,Zalophus_californianus,retained,1
Laurasiatheria,PRANK,7f466e949681a732291ebaaf3604a8a0b3cfeb2d10b0359d793e6e92357142af,Odobenus_rosmarus_divergens,Odobenus_rosmarus_divergens,retained,1
Laurasiatheria,PRANK,38a490d96ba9faafd3177427dfb70235a91844a552defc2e639efec8027ec5e0,Mirounga_angustirostris,Mirounga_angustirostris,retained,1
Laurasiatheria,PRANK,8e1459d5c94fd89c2116cc7f076cffa521e373e093b4ec66cec269b5ea56df27,Mirounga_leonina,Mirounga_leonina,retained,1
Laurasiatheria,PRANK,c814f755e2087f55021860ce5e47316853c87928edd7249a2df475e003c579ad,Neomonachus_schauinslandi,Neomonachus_schauinslandi,retained,1
Laurasiatheria,PRANK,4afeafb5761065015df572748247fa7bef69b5d2b11c794ff9526003f4e85e0e,Phoca_vitulina,Phoca_vitulina,retained,1
Laurasiatheria,PRANK,37878ae6538d63538c065c1b1df9eccabe546faade2cebe1e86f7779a8429dd6,Halichoerus_grypus,Halichoerus_grypus,retained,1
Laurasiatheria,PRANK,ad1e440fc5ccd430066b7433ff58ee7706f5a04a85cfade7f31f1ca4043112ec,Enhydra_lutris_kenyoni,Enhydra_lutris_kenyoni,retained,1
Laurasiatheria,PRANK,beceea490a028ec961a08f8d8aba090d5a2a51946d739e0940cf31f929603fbb,Mustela_lutreola,Mustela_lutreola,retained,1
Laurasiatheria,PRANK,e120d59a128e17ca15dd1ebfbab87dd19ebc1964abfd00378f153f552f8327db,Mustela_nivalis,Mustela_nivalis,retained,1
Laurasiatheria,PRANK,8b65b9ba2eba027d94e22f29629818d96a368f5e3ebaf593d4e97fb00c6d7864,Martes_martes,Martes_martes,retained,1
Laurasiatheria,PRANK,7c6b4c6387296fbfc53229f355227fd6b154ea6a86767551f933b770e355d79a,Meles_meles,Meles_meles,retained,1
Laurasiatheria,PRANK,5f5f69cfb0a6bebc222155c2905460aec0fc0f2729d2ba603497e0b9f086ecdf,Canis_lupus_baileyi,Canis_lupus_baileyi,retained,1
Laurasiatheria,PRANK,71c8277371f9b028f501a57ba31588e49fc38cab16f095f02b0b2655b62af958,Vulpes_lagopus,Vulpes_lagopus,retained,1
Laurasiatheria,PRANK,e8df3a9ec160d888a253fbf7e810b0d68e5d98bdf580fe8bf335200eaf0d1b3b,Vulpes_vulpes,Vulpes_vulpes,retained,1
Laurasiatheria,PRANK,e05f25e0a972b79e261c592fb19d30f7210f54dfd0c9435852be5534e188d121,Nyctereutes_procyonoides,Nyctereutes_procyonoides,retained,1
Laurasiatheria,PRANK,272ed62973ed855732b9f01325eb34ef81afaa710b72440dc04fa7ec7f97fef4,Pteropus_medius,Pteropus_medius,retained,1
Laurasiatheria,PRANK,cc63e930836e863d86ad65a78a5f2ad97718320d6aa1047c6c95c3e428e776fc,Rousettus_aegyptiacus,Rousettus_aegyptiacus,retained,1
Sauropsida,MACSE,ffc2a691b8f81660af29c4356eb85a0ade1ac780fdc45f4940e3200d3e7d31c3,Ahaetulla_prasina,Ahaetulla_prasina,retained,1
Sauropsida,MACSE,cea08743c755b1fa013e45d6d44934a05acf55f5b63c5435450d955bc18c595b,Pituophis_catenifer_annectens,Pituophis_catenifer_annectens,retained,1
Sauropsida,MACSE,6d8703dc982ecdc5ac455993126a0f754cf6dba76bc90e184becc984d29e7c4a,Natrix_helvetica,Natrix_helvetica,retained,1
Sauropsida,MACSE,b1527cb38e1ab4888231ed48075efed2216c3d55397f50eb6d62312ddbbad059,Notechis_scutatus,Notechis_scutatus,retained,1
Sauropsida,MACSE,9a827aeb9bbe37c7d4b53f40a929a509a15f67697ab22744a1fd103496cbcf7d,Pseudonaja_textilis,Pseudonaja_textilis,retained,1
Sauropsida,MACSE,7a807015a58341d41c81484f6978aa5144d0cf58a0de721b57d257821a8799ba,Protobothrops_mucrosquamatus,Protobothrops_mucrosquamatus,retained,1
Sauropsida,MACSE,578021f81a7531c5726a327ea31ef4aa0fd63817f9e0c8b1fd5cc4877a29c4af,Crotalus_tigris,Crotalus_tigris,retained,1
Sauropsida,MACSE,59da58f1f0e50940c9269539534be94cfb91954632294c7e92358ed79fc5eb5d,Vipera_berus,Vipera_berus,retained,1
Sauropsida,MACSE,f63082b95010bd254586cb5acdb3234617b80319889c9add3f09a6bbbe5a6ead,Erythrolamprus_reginae,Erythrolamprus_reginae,retained,1
Sauropsida,MACSE,b9006f24e6bdb3f0a7e106b0b4f6ef943e1f35085b2754dc397d97166c9f24d0,Candoia_aspera,Candoia_aspera,retained,1
Sauropsida,MACSE,467a11267762255a98e1d821166a78e2919233d753eef28b4e03b9418f7f9807,Pogona_vitticeps,Pogona_vitticeps,retained,1
Sauropsida,MACSE,55424de2b9770eeba6bf31bfaa2b283be69034603c4d631d5c58b7424081e787,Rhineura_floridana,Rhineura_floridana,retained,1
Sauropsida,MACSE,e413bb3cce1f7e0f209dc0d4f4ac33724990d70b9a2713a2f0f45d2c83ddd405,Lacerta_agilis,Lacerta_agilis,retained,1
Sauropsida,MACSE,52336816fa0097d0772044557735339313711eea1a2a72c5a45c95890478f26d,Zootoca_vivipara,Zootoca_vivipara,retained,1
Sauropsida,MACSE,3c4c48679faaf646a04522108c4233bcf12bc0c9eac04cab582243ef37807e31,Podarcis_bocagei,Podarcis_bocagei,retained,1
Sauropsida,MACSE,03d5e6da329ceef107567d16ba00eb7b295c2fd03431ebd55ef13c52e0e4ce2f,Podarcis_vaucheri,Podarcis_vaucheri,retained,1
Sauropsida,MACSE,988c1832c2adef6d606c63f92dee124b550d94a67de0fdde2c981c84eec46204,Podarcis_cretensis,Podarcis_cretensis,retained,1
Sauropsida,MACSE,42c8d2d823769bbc1c9398a10e867aae5d5b48a6a25267d777ef1581e93427f7,Podarcis_erhardii,Podarcis_erhardii,retained,1
Sauropsida,MACSE,625e72a02b141499eacc74931e784dfed9cafcd12508158c9940586db7bde3b5,Podarcis_pityusensis,Podarcis_pityusensis,retained,1
Sauropsida,MACSE,b1dd96cf35cf9e25d344d1a6d9b7a077a0ed48bc0b01f784105062836fba753a,Podarcis_muralis,Podarcis_muralis,retained,1
Sauropsida,MACSE,2049c9abbd82a78bad06fc6c27f79889c201cec8170f73a7e7275c7c9c648857,Podarcis_melisellensis,Podarcis_melisellensis,retained,1
Sauropsida,MACSE,d22c18b74dc5d751da1de32cbad096ec3004ffe5f5996fbc985c6a70c9910a66,Podarcis_raffonei,Podarcis_raffonei,retained,1
Sauropsida,MACSE,061e328b6dff17d67d729e1e790162fddccb346815efac19e0d8f03780fbd976,Eublepharis_macularius,Eublepharis_macularius,retained,1
Sauropsida,MACSE,a048a728fed8bb6f89941c7303e76d64db284dd3569670cf5f8524ab27a5da16,Paroedura_picta,Paroedura_picta,retained,1
Sauropsida,MACSE,9ffb0908a646a8cc5eda364d3cc665b6c6c34458c8ebf185fa281d32e03290bd,Heteronotia_binoei,Heteronotia_binoei,retained,1
Sauropsida,MACSE,cad56da7ba2947dcbcfb9b8d1742e96751b8a3186e01897c545dd7636284d825,Euleptes_europaea,Euleptes_europaea,retained,1
Sauropsida,MACSE,dd7d209f44f48e3aa6810f0797220496afe1ab3dffbebf4e62722afa2499e7c6,Gekko_japonicus,Gekko_japonicus,retained,1
Sauropsida,MACSE,ddb20a82c8f300c2ecb3b6e3ca5e66e8a5903d2bec9e62cee443b6c5fdb7497d,Sphaerodactylus_townsendi,Sphaerodactylus_townsendi,retained,1
Sauropsida,MACSE,96d9712a09812e5cbe7813ccfdd700fb856eea9de41a5c59ba14b9bc84d9ae44,Elgaria_multicarinata_webbii,Elgaria_multicarinata_webbii,retained,1
Sauropsida,MACSE,536586eba19193bfd45e45d868b49c5eab147e40856ecaa1ada2d68a116de6c5,Hemicordylus_capensis,Hemicordylus_capensis,retained,1
Sauropsida,MACSE,639d5352f4af04a7fa8556f29b4f9ac57bb152f956d7676b185d96780e2cac74,Sceloporus_undulatus,Sceloporus_undulatus,retained,1
Sauropsida,MACSE,f5499dc6e84ae9db9a7c670f214ac397eb59e4e803f65532c00e5a3d05a40881,Alligator_sinensis,Alligator_sinensis,retained,1
Sauropsida,MACSE,792fe9e5eaec5ff585ceed52d6314df8e34cd5e9ad10fed27651e5c76b9e76ae,Crocodylus_porosus,Crocodylus_porosus,retained,1
Sauropsida,MACSE,1bf1eb0a2100a53570bbcab44c8320b476bbfd4d39da2b42991e06800c5ae943,Caretta_caretta,Caretta_caretta,retained,1
Sauropsida,MACSE,001848519683336cef769f61c9ec93160ccc8ee2752e1b5f4a2075216409c40b,Eretmochelys_imbricata,Eretmochelys_imbricata,retained,1
Sauropsida,MACSE,a951186f3caa4c03b648ca135eb3f864fea78ad0a2c0d9a39b0d8f07ec01da4a,Lepidochelys_kempii,Lepidochelys_kempii,retained,1
Sauropsida,MACSE,229c6b993b47cf3d68035db657ed15b0817907b00f1bb0174552978e1a4e64e3,Chelonia_mydas,Chelonia_mydas,retained,1
Sauropsida,MACSE,e53f2eca1e0094d1c8008ecc50320e9d85f9839ddc7faaa1780a07198eea9de1,Natator_depressus,Natator_depressus,retained,1
Sauropsida,MACSE,99b9cbacea1f47f8e3bb642442b4097d4258868161f2496e0943c035e49f6e8d,Mauremys_mutica,Mauremys_mutica,retained,1
Sauropsida,MACSE,8443b38436bed700c8c402dedfc0265d7ca0a37c95df62a3afcf23d40f28bef8,Malaclemys_terrapin_pileata,Malaclemys_terrapin_pileata,retained,1
Sauropsida,MACSE,4d619b2d82586719c13c62371b6836388753d8e3cbf9e56ef85d5c907267ab3a,Trachemys_scripta_elegans,Trachemys_scripta_elegans,retained,1
Sauropsida,MACSE,0c912f11bd2720ce0d64e713ff28875e784af4d0c197377b6ddf5beedd622e17,Emydura_macquarii_macquarii,Emydura_macquarii_macquarii,retained,1
Sauropsida,MAFFT,62b55c542786083afa713f7dac1ac9eaea6105913d3ab15c8751a82f573937be,Ahaetulla_prasina,Ahaetulla_prasina,retained,1
Sauropsida,MAFFT,431aa79bb64b7da41b43914ac94ebd5bc411900a225dc01ef672847c08543dd7,Alligator_sinensis,Alligator_sinensis,retained,1
Sauropsida,MAFFT,644f676c283a1272b43f3d87b3cd91c082f206410b55259d887c820abecede33,Candoia_aspera,Candoia_aspera,retained,1
Sauropsida,MAFFT,8e5d4167c596b27b0014c989f2d35eafc268d9321b528fd30f7b31a37965493c,Caretta_caretta,Caretta_caretta,retained,1
Sauropsida,MAFFT,901e901c37d6220f45b71303186167538c4986eb569e8bd6e7189d5942942f14,Chelonia_mydas,Chelonia_mydas,retained,1
Sauropsida,MAFFT,5aa99958b3cf09ba6df26dba538c296d28aa4f874f7cf990fd9f79779049e9c6,Crocodylus_porosus,Crocodylus_porosus,retained,1
Sauropsida,MAFFT,5f5e9bd283bbde77bcacccbc09d9d1e6e3074c94467aff686b5494770ec029ac,Crotalus_tigris,Crotalus_tigris,retained,1
Sauropsida,MAFFT,3762106f6e7c322b1a27903b4aaf3e66eb89f1a7f087b2a3d427ca4eb6cc0a5b,Elgaria_multicarinata_webbii,Elgaria_multicarinata_webbii,retained,1
Sauropsida,MAFFT,2c793b97a921fdf70f8ce2d53e08e02e93e52c31aed54d7632385d49d2b8d416,Emydura_macquarii_macquarii,Emydura_macquarii_macquarii,retained,1
Sauropsida,MAFFT,66558c3de93a01febc390dc9369be07b5347df377a0ab155e65f995335168e0e,Eretmochelys_imbricata,Eretmochelys_imbricata,retained,1
Sauropsida,MAFFT,6d1a1bdc1eeb2d7670b678f14d007e04654737f14d0e1327714da849c5caa8a6,Erythrolamprus_reginae,Erythrolamprus_reginae,retained,1
Sauropsida,MAFFT,b6b3af2e7205b55a730e95fa7eae2efc0aa70db4eaae0eeaab16e7654572a012,Eublepharis_macularius,Eublepharis_macularius,retained,1
Sauropsida,MAFFT,e7d1de4cf61952b315a3a233476cd096bc53ee50612944a3e55528591c6341ce,Euleptes_europaea,Euleptes_europaea,retained,1
Sauropsida,MAFFT,8554d71d3fc211e17ebf209aae3bb261a9cafbe9f1df8eaa9e9794e8f065d188,Gekko_japonicus,Gekko_japonicus,retained,1
Sauropsida,MAFFT,a548b080d9bc7f2296a39d0be78cf6a73abc3dca079b8e3a46603b68b4128565,Hemicordylus_capensis,Hemicordylus_capensis,retained,1
Sauropsida,MAFFT,9246344fcfab52611c8c576deff744d82a616b6e6f3b3a70e141ed1de665427c,Heteronotia_binoei,Heteronotia_binoei,retained,1
Sauropsida,MAFFT,282e2ccfd7849789abfc3048aaed18bd01c36fbc363121e9b6dbb886bf6f35b7,Lacerta_agilis,Lacerta_agilis,retained,1
Sauropsida,MAFFT,7dc36c9e1e1dbd74d5c79c9164a3de36db31a4a93255f00512747e2247e9d22b,Lepidochelys_kempii,Lepidochelys_kempii,retained,1
Sauropsida,MAFFT,24fdc44aae77d5320ae54a5f7894fbc39a77920384bde5776c7695be189b892d,Malaclemys_terrapin_pileata,Malaclemys_terrapin_pileata,retained,1
Sauropsida,MAFFT,4efee6d5584bff1f153601a52b8dadc45b53e28d941190c5716aef6b6e4bf5be,Mauremys_mutica,Mauremys_mutica,retained,1
Sauropsida,MAFFT,219e32e68115ffe8af7251c3b32e560748dcd03673abc3b47f14371640352f8f,Natator_depressus,Natator_depressus,retained,1
Sauropsida,MAFFT,fcbb849501e00f673abd5a43a3bc2264677210820c54b75cc8a4b957cf391f8d,Natrix_helvetica,Natrix_helvetica,retained,1
Sauropsida,MAFFT,c5995205c3cdb874a56cce911309f0b2b70c3ed7ed2646f1a1d0c317ca931fd2,Notechis_scutatus,Notechis_scutatus,retained,1
Sauropsida,MAFFT,71b2b804d98daf5870fd1bcb4d217d2a720159175cf2c6410eb1273805447b13,Paroedura_picta,Paroedura_picta,retained,1
Sauropsida,MAFFT,e947c6cf7d09abddc6a290b45c9c1f5d936e2685237de764146c099fc03f9759,Pituophis_catenifer_annectens,Pituophis_catenifer_annectens,retained,1
Sauropsida,MAFFT,ed7b3b5f8a4b0591e69bc1f68d7e936b8d547559eeb6ce486aef2955748d2e6f,Podarcis_bocagei,Podarcis_bocagei,retained,1
Sauropsida,MAFFT,a793cdccb612a39cbd93b33285294addd32404fe3d6eb887de108984d3037912,Podarcis_cretensis,Podarcis_cretensis,retained,1
Sauropsida,MAFFT,331c771b3fad5dbc4a1dae67b52b81ac0b0cc927a407dd78da21dc71459163bf,Podarcis_erhardii,Podarcis_erhardii,retained,1
Sauropsida,MAFFT,f11b91c0111b2243ea71717d4560ebda3ccc134c49fe24d2aa4b752d7df1220e,Podarcis_melisellensis,Podarcis_melisellensis,retained,1
Sauropsida,MAFFT,63534f670abd13d7a408e256a35e424a8d9b5539cdcdce302f073b2b5b3b96c6,Podarcis_muralis,Podarcis_muralis,retained,1
Sauropsida,MAFFT,5e2b2ba79797054ef7d75491fb8bcdda7d4e225dce8ae4c3bcaa1f92f4f6b3a5,Podarcis_pityusensis,Podarcis_pityusensis,retained,1
Sauropsida,MAFFT,7ed7c9f5559268f1163b785e7985d70cee268dc57ead6bbb05a6c68f3080b808,Podarcis_raffonei,Podarcis_raffonei,retained,1
Sauropsida,MAFFT,c2939745a41c8e0a5dea32aeb398e91b46e728c002b964a5b2ebd486d85336ca,Podarcis_vaucheri,Podarcis_vaucheri,retained,1
Sauropsida,MAFFT,1f318bdf955d37cc1f61ef1c6c89ba12dd08fe67696c9d40075e42d32a7d2bd5,Pogona_vitticeps,Pogona_vitticeps,retained,1
Sauropsida,MAFFT,ea8ea1b522a1c539be66eca16a0eb05a22f8086d3e8fbf92a933804559e8660c,Protobothrops_mucrosquamatus,Protobothrops_mucrosquamatus,retained,1
Sauropsida,MAFFT,83a2e36cf495abe97fe10b39b41dffadc1d84252705f97de09c639bd761c109b,Pseudonaja_textilis,Pseudonaja_textilis,retained,1
Sauropsida,MAFFT,0834156921256466716ee3421c3344f47bd58036febc1069e7d410d0357cf674,Rhineura_floridana,Rhineura_floridana,retained,1
Sauropsida,MAFFT,7c77c1a8c27a84861d0edb9a8cae01081804226a1aa8bbea726b896e30371cc2,Sceloporus_undulatus,Sceloporus_undulatus,retained,1
Sauropsida,MAFFT,d992d621d7af513f4302d9492672f36ba1feb6072ac3cf80c9807b21da973082,Sphaerodactylus_townsendi,Sphaerodactylus_townsendi,retained,1
Sauropsida,MAFFT,1a3d2bf50050189d29f2338fcec68b4172813e2951c8fb6a984d4ada2deff084,Trachemys_scripta_elegans,Trachemys_scripta_elegans,retained,1
Sauropsida,MAFFT,328d451c05c13c91e3d2b35b5f27e796e5defceecfa1c209f868892a1c17eab4,Vipera_berus,Vipera_berus,retained,1
Sauropsida,MAFFT,0c6caf514b4aa2593356257f35697ee28b057d405b4b87f817cb358ee8014419,Zootoca_vivipara,Zootoca_vivipara,retained,1
Sauropsida,PRANK,b44dc4b64cbd12a643c86c0ed7104e06842c16a4cc2d62281293018fa43c9edc,Alligator_sinensis,Alligator_sinensis,retained,1
Sauropsida,PRANK,9a8097f728c4cac04cabf1d96a5ce71f8ca6c5df0e385450fea7532dca7df2a1,Crocodylus_porosus,Crocodylus_porosus,retained,1
Sauropsida,PRANK,5ac407397d41b62cdcc09691de23de9439dbde9558f02436b80106b7b0a9cb6b,Caretta_caretta,Caretta_caretta,retained,1
Sauropsida,PRANK,8856622c77f75949a17e7b53bef34f23d81ef1d8460326914a9d9dd8f481179e,Eretmochelys_imbricata,Eretmochelys_imbricata,retained,1
Sauropsida,PRANK,b6ff03d3d3002245f1160e894623c515bca208ca81826dd2c5a6cfa7cafe0e61,Lepidochelys_kempii,Lepidochelys_kempii,retained,1
Sauropsida,PRANK,93f0fb46e98c2ee0cc7bd46387313a858c80d928f043af1de806600bd9103a51,Chelonia_mydas,Chelonia_mydas,retained,1
Sauropsida,PRANK,458f8d28975553e2a0c1abd1dc516d09e79aed04b966207a7028a6b570b3be48,Natator_depressus,Natator_depressus,retained,1
Sauropsida,PRANK,ebb3b2a188f0a423e5081bc9fca9c9db8ab1a60c473a65715360ad0a609a2153,Mauremys_mutica,Mauremys_mutica,retained,1
Sauropsida,PRANK,aa1bdfc1ea7ccaf2bd1de759d454ee829f401f210365131fdecbd95bec379f91,Malaclemys_terrapin_pileata,Malaclemys_terrapin_pileata,retained,1
Sauropsida,PRANK,ee276ae2081b07e682fbc2494ca347bc54d4e13c94277bcb5a9a99ea173d69a0,Trachemys_scripta_elegans,Trachemys_scripta_elegans,retained,1
Sauropsida,PRANK,552f6a00b2fb641955101aa24f7aeeaa815d95c46f8880abecf627df82199067,Emydura_macquarii_macquarii,Emydura_macquarii_macquarii,retained,1
Sauropsida,PRANK,c84f829add57fa4f57d25e99a316d5bb46753b79406b1940d20e11e3c2b9d26f,Podarcis_erhardii,Podarcis_erhardii,retained,1
Sauropsida,PRANK,f04eb600e1f71f9b8aa1ca5b840bf1219b629b810a8c430479edfc3a9eedf0fb,Podarcis_pityusensis,Podarcis_pityusensis,retained,1
Sauropsida,PRANK,339f438114dce682c80ca9ad8ea0b1a7c1c335178cb4963a04ecae4ea0f6b9d1,Podarcis_cretensis,Podarcis_cretensis,retained,1
Sauropsida,PRANK,666e1a3674ab3ceec1f45674d48d2812ecc88ce3499dc70cdb8e57237d402ae2,Podarcis_bocagei,Podarcis_bocagei,retained,1
Sauropsida,PRANK,b767f0d6c5ebb1f73adc6f6135ef745701750b794198e8b28a943d80b8a1b586,Podarcis_vaucheri,Podarcis_vaucheri,retained,1
Sauropsida,PRANK,cc6b392a59275aa19ff0218f20164ee53b56b624d5b01dcff10d97aa50380f99,Podarcis_melisellensis,Podarcis_melisellensis,retained,1
Sauropsida,PRANK,44f5c99bcbcd54cdeba66ef04bc349ce45b9280a19a93b58a70c153561df8e2f,Lacerta_agilis,Lacerta_agilis,retained,1
Sauropsida,PRANK,a4ec5750ebbcc665f7fddeff9c15e60e7d9460808f51c75206b3ac172c859878,Zootoca_vivipara,Zootoca_vivipara,retained,1
Sauropsida,PRANK,e9841661dbbb28a168c196921230e56ffa59f150e075e3928866b22f76e23cf3,Podarcis_muralis,Podarcis_muralis,retained,1
Sauropsida,PRANK,11abb003040eabba6921c87235b13ac4a944debf97278a3e8eb208cca18217fe,Podarcis_raffonei,Podarcis_raffonei,retained,1
Sauropsida,PRANK,b01e61d32cc6287943edd4a0142648c471544952554b23f11b55606be6abfeab,Rhineura_floridana,Rhineura_floridana,retained,1
Sauropsida,PRANK,2df6cb4fd83477d16f93d5b2dfae7a07e76c1bc3d07fe76992a4f43e8b6656ae,Hemicordylus_capensis,Hemicordylus_capensis,retained,1
Sauropsida,PRANK,685f48d5581818fc3df9172b4ebc3f0eec9df7a367296ecd884d2b3ce468f4b7,Ahaetulla_prasina,Ahaetulla_prasina,retained,1
Sauropsida,PRANK,9a242020f6f5e2b67b41b4dcc507dc183cf491d2f8414f15a7c52b4230050f17,Pituophis_catenifer_annectens,Pituophis_catenifer_annectens,retained,1
Sauropsida,PRANK,868d163a2cd4c84a2954eb056f823625bc8ac93e7985e6ddf21267aaa259da35,Natrix_helvetica,Natrix_helvetica,retained,1
Sauropsida,PRANK,2bd15012e2254a6c491cd6474dc41e0f31968e5e38dc6330310d100dc5a57c8a,Crotalus_tigris,Crotalus_tigris,retained,1
Sauropsida,PRANK,81f56f1e6a2345202421d76aac3e11854d7c7bb76baa6464be0ff4defee23113,Protobothrops_mucrosquamatus,Protobothrops_mucrosquamatus,retained,1
Sauropsida,PRANK,e02aa98c4f49bfc5e1ae94021de55fdadc270be02b68c7117126ee3c2a7f185f,Vipera_berus,Vipera_berus,retained,1
Sauropsida,PRANK,c375b2623161ed4bd882ed40d41de5c2a8dadc6cdc1d6f59f863c329c94975f1,Notechis_scutatus,Notechis_scutatus,retained,1
Sauropsida,PRANK,76a721db2993def0f38afdc7b3a06a4f5c01e4025b50674259a7870d4d0ddab4,Pseudonaja_textilis,Pseudonaja_textilis,retained,1
Sauropsida,PRANK,a5a172f88f9af20b8aab1910e92cc9bd9ead8c9ee81922eb24cc774dad94b1cc,Erythrolamprus_reginae,Erythrolamprus_reginae,retained,1
Sauropsida,PRANK,cf7ecaf0f348ec52b28c6a1c44299732afdc509a920dc32c6c80e53b7266c18f,Candoia_aspera,Candoia_aspera,retained,1
Sauropsida,PRANK,215ca0859257ccc41082b90c562d93b59718fb460373f4d6ec61fcde711283b4,Elgaria_multicarinata_webbii,Elgaria_multicarinata_webbii,retained,1
Sauropsida,PRANK,189b60ee27f90d9bc0e3be39029144214cb01021db73853386fa5ebea8a2f463,Pogona_vitticeps,Pogona_vitticeps,retained,1
Sauropsida,PRANK,4764f9ae4ed57173fd2cf08ab896e8fe08f2e6128d17865cdbb55594ef400ae3,Sceloporus_undulatus,Sceloporus_undulatus,retained,1
Sauropsida,PRANK,dc3f2595e8065671a6ac81e3af1b658eeacf3e96b7702b672e8a58ce489f740d,Eublepharis_macularius,Eublepharis_macularius,retained,1
Sauropsida,PRANK,e9c398bf8514e56fbe20894d5f884a093e93015b2b012e1ffb27e9b2e0720694,Euleptes_europaea,Euleptes_europaea,retained,1
Sauropsida,PRANK,993df2deae1c0f54dfe38eafa9e03d109149dab1318281aed9ec9b463c00a56d,Gekko_japonicus,Gekko_japonicus,retained,1
Sauropsida,PRANK,e490553658ad04db77d638bee1cf5c722b5a88e3780758d61d15008d8e9ab38e,Heteronotia_binoei,Heteronotia_binoei,retained,1
Sauropsida,PRANK,a7d1555ae2da0332675509833a50cda3251d05240d5ff00f0b6ae0295ec4d845,Paroedura_picta,Paroedura_picta,retained,1
Sauropsida,PRANK,2ae12cab6a1782e4040e1f1345ad2e2dd0dd99890a9ff1875b2d0259a7395448,Sphaerodactylus_townsendi,Sphaerodactylus_townsendi,retained,1
