Scope,Aligner,Dataset,Filtered_Site,Human_Position,FUBAR_PP_positive,FEL_p,FEL_q,MEME_p,MEME_q,Joint_Pervasive_q10,Joint_Pervasive_q05,MEME_q10,MEME_q05,Domain,Structural_Region,SpeciesTree_FUBAR_alpha,SpeciesTree_FUBAR_beta,SpeciesTree_FUBAR_PP_negative,SpeciesTree_FUBAR_PP_positive,SpeciesTree_FEL_alpha,SpeciesTree_FEL_beta,SpeciesTree_FEL_p,SpeciesTree_FEL_q,SpeciesTree_MEME_p,SpeciesTree_MEME_q,SpeciesTree_Joint_Pervasive_q10,SpeciesTree_Joint_Pervasive_q05,SpeciesTree_MEME_q10,SpeciesTree_MEME_q05
Euarchontoglires,MACSE,Euarchontoglires_MACSE,1,1,0.0349068972679763,0.953629254682897,0.9948672765070224,0.6484995466138498,0.6825817860300618,False,False,False,False,N_terminal,other,2.219977990761639,0.1314346334650253,0.9438142026262077,0.03449949500456361,0.01246169656711898,0.03240448341313889,0.9535156825765009,0.9894006813831433,0.6479965002275758,0.6825817860300618,False,False,False,False
Euarchontoglires,MACSE,Euarchontoglires_MACSE,2,2,6.698877021196949e-07,4.734467977884904e-06,3.5833424303207316e-05,0.6666666666666666,0.6825817860300618,False,False,False,False,N_terminal,other,3.090012145777872,0.578672878009818,0.9999873362629836,1.193232972475103e-06,2.341013280604376,0.2883583001073527,7.757760505211486e-06,4.829831540341345e-05,0.6666666666666666,0.6825817860300618,False,False,False,False
Euarchontoglires,MACSE,Euarchontoglires_MACSE,3,3,0.0018960603533262,0.1175928713817765,0.1966575998315959,2.633304545229809e-05,0.010164555544587,False,False,True,True,N_terminal,other,6.009525373258226,2.730594051576649,0.7881734089690074,0.000365792017985034,2.875893040566214,1.408513097385135,0.06626470545296415,0.12238361868346488,7.701801920678708e-05,0.014864477706909907,False,False,True,True
Euarchontoglires,MACSE,Euarchontoglires_MACSE,4,4,0.8177782473036372,0.070876711205435,0.1266593079874904,0.0001971201929725,0.0380441972437074,False,False,True,True,N_terminal,other,1.171689433454813,4.796024502433651,0.000482176145250754,0.8948570711229087,0.975678576979533,2.470622997693131,0.07303578546019263,0.13193186125336076,6.790201563056097e-05,0.014864477706909907,False,False,True,True
Euarchontoglires,MACSE,Euarchontoglires_MACSE,5,5,0.000407013842812,0.0593842781936536,0.1091539589654777,0.5959843371004441,0.6825817860300618,False,False,False,False,N_terminal,other,2.796998383843738,1.167260151468696,0.9953910706124989,0.0006398884757565585,1.34738498684344,0.6862854813969846,0.09771869412318823,0.1690014539166381,0.5057719574354483,0.6825817860300618,False,False,False,False
Euarchontoglires,MACSE,Euarchontoglires_MACSE,6,6,0.0949971933017973,0.8118881334540033,0.8740818195827341,0.2856848733932059,0.6825817860300618,False,False,False,False,N_terminal,other,2.59042453899658,1.375041880358634,0.8467552802914113,0.0864156972336485,1.174957962160756,1.044659411735175,0.7990413961636782,0.8737393170515009,0.07424027718595094,0.6825817860300618,False,False,False,False
Euarchontoglires,MACSE,Euarchontoglires_MACSE,7,7,0.1751572439671865,0.5588440612072652,0.6657833568703838,0.1020159467949148,0.6825817860300618,False,False,False,False,N_terminal,other,1.215392278634345,0.8548207162207511,0.6750500554454577,0.1999503667734029,0.7066240664471667,0.546353151576506,0.6620216547089168,0.7560365642533784,0.03637402782045496,0.6825817860300618,False,False,False,False
Euarchontoglires,MACSE,Euarchontoglires_MACSE,8,8,0.2711298791335185,0.638043043339142,0.737379086014697,0.6666666666666666,0.6825817860300618,False,False,False,False,N_terminal,other,1.104243360594512,0.7869697488129849,0.6064240444710236,0.3062031177161662,0.5963727201243032,0.4280762322362385,0.692250974051367,0.7813125028766891,0.6666666666666666,0.6825817860300618,False,False,False,False
Euarchontoglires,MACSE,Euarchontoglires_MACSE,9,9,0.1858966919489019,0.5722507312070868,0.6791020466143012,0.6666666666666666,0.6825817860300618,False,False,False,False,N_terminal,other,0.8162036201154449,0.6607020803257596,0.6220036222993695,0.2876762266958163,0.4183923831601014,0.3664791181575257,0.8348199804721513,0.8951125346173623,0.6666666666666666,0.6825817860300618,False,False,False,False
Euarchontoglires,MACSE,Euarchontoglires_MACSE,10,10,0.0181343096171914,0.0331381640928785,0.0710629518880616,0.6666666666666666,0.6825817860300618,False,False,False,False,N_terminal,other,2.11896895645911,0.4190395311969274,0.974335203310838,0.01667551307907077,1.178217902292516,0.1852724139486495,0.03100961573837968,0.06435328857534708,0.6666666666666666,0.6825817860300618,False,False,False,False
Euarchontoglires,MACSE,Euarchontoglires_MACSE,11,11,0.0080440753792114,0.0353374712383257,0.0745369611912226,0.1117944047738494,0.6825817860300618,False,False,False,False,N_terminal,other,2.235172859792126,0.7913921375467415,0.9700065293690318,0.0105979305839145,1.096894753946803,0.4050521444502266,0.03583603542814628,0.07216152709989195,0.2613221976166352,0.6825817860300618,False,False,False,False
Euarchontoglires,MACSE,Euarchontoglires_MACSE,12,12,1.914010458501498e-06,9.290217738433526e-07,8.150054652353047e-06,0.6666666666666666,0.6825817860300618,False,False,False,False,N_terminal,other,3.994679754820965,0.1685001564049255,0.9999946569054537,2.178505760354353e-06,2.602811989041567,0.04140234290383144,1.108446083808445e-06,8.764649983072008e-06,0.6666666666666666,0.6825817860300618,False,False,False,False
Euarchontoglires,MACSE,Euarchontoglires_MACSE,13,13,0.1247498083114022,0.6523209080620302,0.7507169019010698,0.2677383474321136,0.6825817860300618,False,False,False,False,N_terminal,other,2.768228282774416,1.311043654185415,0.9299829015252736,0.0288150989130264,1.743565107102995,1.051757292096903,0.3431370924164251,0.4501536425623704,0.2649370281785147,0.6825817860300618,False,False,False,False
Euarchontoglires,MACSE,Euarchontoglires_MACSE,14,14,0.0012622575793334,0.0021892446430916,0.0077024807592024,0.6666666666666666,0.6825817860300618,False,False,False,False,N_terminal,other,3.286991576004872,0.9016836364840546,0.9974936378251561,0.0007786138421071677,2.605254702630062,0.4276887461290854,0.0009627433459712398,0.0036079507916980443,0.6666666666666666,0.6825817860300618,False,False,False,False
Euarchontoglires,MACSE,Euarchontoglires_MACSE,15,15,0.2742099664655598,0.9690961741413568,1.0,0.6666666666666666,0.6825817860300618,False,False,False,False,N_terminal,other,1.862176003440489,1.11073753407339,0.6257474055971,0.2863438064298209,0.626019399044515,0.6781158530752309,0.9306080961393401,0.9708506084048252,0.6523228710104758,0.6825817860300618,False,False,False,False
Euarchontoglires,MACSE,Euarchontoglires_MACSE,16,16,2.5355557398192644e-08,1.195771104356425e-08,2.098034755825364e-07,0.6666666666666666,0.6825817860300618,False,False,False,False,N_terminal,other,7.828033418235764,0.5092877704651887,0.9999999798783121,1.55016936831397e-09,5.202782017077045,0.2466033995929543,8.449170252333715e-10,2.174253144933876e-08,0.6666666666666666,0.6825817860300618,False,False,False,False
Euarchontoglires,MACSE,Euarchontoglires_MACSE,17,17,0.032323807563038,0.3361966838503783,0.4521669685235053,0.6666666666666666,0.6825817860300618,False,False,False,False,N_terminal,other,2.761027406192477,1.163738856485289,0.9846836007512044,0.004124918141728422,1.530424125942766,0.6932716439502988,0.1056586256240274,0.17809707201255276,0.6143148442159134,0.6825817860300618,False,False,False,False
Euarchontoglires,MACSE,Euarchontoglires_MACSE,18,18,0.0725246600807369,0.1698614826746324,0.2591562541992415,0.6666666666666666,0.6825817860300618,False,False,False,False,N_terminal,other,0.9979298330741618,0.5668181288932936,0.8318198768579078,0.1159965253708465,0.5517215190749983,0.2701393670706841,0.3001995170874714,0.4080176535062111,0.6666666666666666,0.6825817860300618,False,False,False,False
Euarchontoglires,MACSE,Euarchontoglires_MACSE,19,19,0.0335560134227835,0.0704206642942425,0.1266213927052036,0.6666666666666666,0.6825817860300618,False,False,False,False,N_terminal,other,0.7888541994965507,0.2472802546876823,0.9482155055915451,0.0329030864457245,0.4066888312970035,0.0719291918474944,0.06970388421117846,0.12812237764530895,0.6666666666666666,0.6825817860300618,False,False,False,False
Euarchontoglires,MACSE,Euarchontoglires_MACSE,20,20,0.0975520196915643,0.2509023592423009,0.354653890213024,0.6666666666666666,0.6825817860300618,False,False,False,False,N_terminal,other,1.015743939822192,0.6263128249410859,0.8084442496574676,0.1291769531252335,0.5851029165892994,0.3160299130303234,0.3306959207502742,0.4371528267452255,0.6666666666666666,0.6825817860300618,False,False,False,False
Euarchontoglires,MACSE,Euarchontoglires_MACSE,21,21,0.0591654159269152,0.1985841749671472,0.29482112129738,0.6666666666666666,0.6825817860300618,False,False,False,False,N_terminal,other,0.8090309036439385,0.315964669552941,0.9108087973372121,0.0579171681596985,0.391464022849029,0.1307117833219879,0.1977595765942142,0.2902478956858049,0.6666666666666666,0.6825817860300618,False,False,False,False
Euarchontoglires,MACSE,Euarchontoglires_MACSE,22,22,0.0733720054483066,0.1601647081458303,0.249288618323752,0.1429560274612672,0.6825817860300618,False,False,False,False,N_terminal,other,1.602690581598729,0.6878922473208302,0.9205159506940293,0.04315501910751034,0.9619869422859484,0.3731212478668992,0.0854330708397737,0.15066165516996893,0.1572775042049547,0.6825817860300618,False,False,False,False
Euarchontoglires,MACSE,Euarchontoglires_MACSE,23,23,9.933752852876189e-06,0.0005629681857437,0.0022174053030315,0.6666666666666666,0.6825817860300618,False,False,False,False,N_terminal,other,3.531778100500039,1.154545709892345,0.9998148741075048,6.429416382311685e-06,3.098792046193603,0.6622342166858775,0.0002818084859731451,0.0012503227078808508,0.6666666666666666,0.6825817860300618,False,False,False,False
Euarchontoglires,MACSE,Euarchontoglires_MACSE,24,24,0.2758684908354646,0.8198015330284321,0.8790094215249299,0.6666666666666666,0.6825817860300618,False,False,False,False,N_terminal,other,1.108564164673136,0.7570675513516913,0.6371688695345458,0.2808165958472966,0.5085493251524829,0.4157106367282832,0.8089004070206602,0.8770661716572328,0.6666666666666666,0.6825817860300618,False,False,False,False
Euarchontoglires,MACSE,Euarchontoglires_MACSE,25,25,0.2226813933921166,0.7953211872417136,0.8625255494706953,0.5917141559562218,0.6825817860300618,False,False,False,False,N_terminal,other,2.187396344917932,1.457856289966541,0.6765429939142356,0.2128411979774558,0.942476381601993,1.027037942276019,0.8537262404512309,0.9128485562719533,0.6406655062566728,0.6825817860300618,False,False,False,False
Euarchontoglires,MACSE,Euarchontoglires_MACSE,26,26,0.0090767829086864,0.2028671551230656,0.3000257543199361,0.6666666666666666,0.6825817860300618,False,False,False,False,N_terminal,other,2.564984780537934,1.094243125529982,0.9526146863512157,0.0142577725480156,1.139905668264889,0.6545871556485082,0.2374319229221067,0.3381871669665431,0.6666666666666666,0.6825817860300618,False,False,False,False
Euarchontoglires,MACSE,Euarchontoglires_MACSE,27,27,0.0022546334013166,0.106642203042428,0.1813387241161991,0.6666666666666666,0.6825817860300618,False,False,False,False,N_terminal,other,2.777136381230621,1.177066098197036,0.9885706412425752,0.002657407266635154,1.51468866862161,0.7269765494720639,0.1027822350486962,0.17477507810042614,0.6666666666666666,0.6825817860300618,False,False,False,False
Euarchontoglires,MACSE,Euarchontoglires_MACSE,28,28,0.0001881405650803,0.0031136196325767,0.0100996401527278,0.6666666666666666,0.6825817860300618,False,False,False,False,N_terminal,other,2.822054710047532,0.8611013113060063,0.9992729556937487,0.0001134400519970534,1.827792827964495,0.4336624528594611,0.001854327940802536,0.006448383649998008,0.6666666666666666,0.6825817860300618,False,False,False,False
Euarchontoglires,MACSE,Euarchontoglires_MACSE,29,29,0.0007207382662606,0.1660612343883807,0.2563985458956597,0.6666666666666666,0.6825817860300618,False,False,False,False,N_terminal,other,2.803781365442539,1.215457658006851,0.9921278542348184,0.0009786366248495026,1.487196566231033,0.9150267475648857,0.2062577407395801,0.2995941351680864,0.6230038187218281,0.6825817860300618,False,False,False,False
Euarchontoglires,MACSE,Euarchontoglires_MACSE,30,30,0.0002464747626181,0.0343088599727822,0.0731669610469278,0.6666666666666666,0.6825817860300618,False,False,False,False,N_terminal,other,2.767461883928627,1.032119577833752,0.9957285983707669,0.0005919878479100545,1.233177199363521,0.545857921414499,0.05761280700503135,0.10743257731372996,0.6666666666666666,0.6825817860300618,False,False,False,False
Euarchontoglires,MACSE,Euarchontoglires_MACSE,31,31,0.0024281512565531,0.0373832111460684,0.0775467695533288,0.6666666666666666,0.6825817860300618,False,False,False,False,N_terminal,other,2.785792294567015,1.063713701910977,0.9950336224766299,0.001084854097698358,1.710102752245396,0.5701180972102452,0.01822632839654603,0.041629365450099216,0.6666666666666666,0.6825817860300618,False,False,False,False
Euarchontoglires,MACSE,Euarchontoglires_MACSE,32,32,8.932177296603036e-05,0.0073803091005404,0.0206434732812218,0.6666666666666666,0.6825817860300618,False,False,False,False,N_terminal,other,3.056100705468514,1.163640343524894,0.9992483363706488,4.367736391933382e-05,2.503518152952251,0.7318028636792395,0.007833718065436646,0.02144549768268472,0.6666666666666666,0.6825817860300618,False,False,False,False
Euarchontoglires,MACSE,Euarchontoglires_MACSE,33,33,0.9111321422863974,0.0277552223365231,0.0608722489880565,0.0246742757370798,0.6825817860300618,True,False,False,False,N_terminal,other,0.8949552338556168,1.88671403683528,0.05872885134131119,0.8171727760476598,0.4436796959287787,1.079514697960137,0.07806029945757509,0.14014546786336737,0.06371542548075271,0.6825817860300618,False,False,False,False
Euarchontoglires,MACSE,Euarchontoglires_MACSE,34,34,0.0359924440552951,0.1548638291501764,0.2429977156584068,0.6666666666666666,0.6825817860300618,False,False,False,False,N_terminal,other,0.6244602426533871,0.1613802613327568,0.9348435053663254,0.03488727625435502,0.2423053738873202,0.04381995183786632,0.1553853406110873,0.24581451424540862,0.6666666666666666,0.6825817860300618,False,False,False,False
Euarchontoglires,MACSE,Euarchontoglires_MACSE,35,35,0.0210937367629376,0.1435886156539385,0.229980106400084,0.6666666666666666,0.6825817860300618,False,False,False,False,N_terminal,other,0.3523979091950923,0.03249613680728072,0.9475257163160972,0.01896957642004452,0.07237386525645728,7.555475220730171e-08,0.1434891895462932,0.23167570204857738,0.6666666666666666,0.6825817860300618,False,False,False,False
Euarchontoglires,MACSE,Euarchontoglires_MACSE,36,36,0.0216334875241998,0.0254567491322541,0.0574637728950298,0.6666666666666666,0.6825817860300618,False,False,False,False,N_terminal,other,2.230420433963522,0.6074883001906871,0.9774077099069418,0.01207712740248418,1.260771132960073,0.2881864136827587,0.01643651449956474,0.038186387923718174,0.6666666666666666,0.6825817860300618,False,False,False,False
Euarchontoglires,MACSE,Euarchontoglires_MACSE,37,37,0.0130661116194018,0.2472537531289066,0.3508821643667572,0.4872876526645657,0.6825817860300618,False,False,False,False,N_terminal,other,2.660482227309007,1.174741501300784,0.9506103797612858,0.01571372198388793,1.237772309825946,0.7534015201933928,0.2835116994292801,0.3908411284989362,0.5127126099939555,0.6825817860300618,False,False,False,False
Euarchontoglires,MACSE,Euarchontoglires_MACSE,38,38,0.0050059159098319,0.005634500643755,0.016730132680688,0.6666666666666666,0.6825817860300618,False,False,False,False,N_terminal,other,1.445321533787726,0.2907086566727998,0.9931333476038606,0.003574781252490853,0.8768133824883809,0.1171333316099027,0.003908916261355255,0.011974933943516893,0.6666666666666666,0.6825817860300618,False,False,False,False
Euarchontoglires,MACSE,Euarchontoglires_MACSE,39,39,7.303141018021111e-05,0.0025639803816425,0.0086815476080176,0.6666666666666666,0.6825817860300618,False,False,False,False,N_terminal,other,2.809711190365169,1.018101049762159,0.9986907718792497,0.000194017541939003,1.55975974982107,0.5032629290292974,0.01083780530721978,0.0273424369188682,0.4679850946008252,0.6825817860300618,False,False,False,False
Euarchontoglires,MACSE,Euarchontoglires_MACSE,40,40,0.0001152804817794,7.434796230365581e-05,0.0003878150466109,0.6666666666666666,0.6825817860300618,False,False,False,False,N_terminal,other,2.821022880170346,0.4927927961922173,0.9998291299809253,4.468254498176559e-05,2.010905223339231,0.2312699400927626,3.83185630437044e-05,0.0002026159634913685,0.6666666666666666,0.6825817860300618,False,False,False,False
Euarchontoglires,MACSE,Euarchontoglires_MACSE,41,41,0.0039239374124789,0.0225712588599301,0.0528030661814123,0.6666666666666666,0.6825817860300618,False,False,False,False,ADD,other,0.5886978293929801,0.03315890946865849,0.9905574207620209,0.003523370849936038,0.2048354349592193,1.678743413260787e-06,0.02278793127770551,0.04997807655224049,0.6666666666666666,0.6825817860300618,False,False,False,False
Euarchontoglires,MACSE,Euarchontoglires_MACSE,42,42,0.1188007783044251,0.4295369406459203,0.5418341800304747,0.6666666666666666,0.6825817860300618,False,False,False,False,ADD,other,0.6178783093131641,0.2709309889925365,0.8311380870105622,0.1147231951128023,0.2358742124137045,0.1039509718691501,0.4217383454451512,0.5321833720422011,0.6666666666666666,0.6825817860300618,False,False,False,False
Euarchontoglires,MACSE,Euarchontoglires_MACSE,43,43,0.0005950466204341,0.0088233734874819,0.0241547671359435,0.6666666666666666,0.6825817860300618,False,False,False,False,ADD,other,2.838430383492384,1.096883786048902,0.9983152957103306,0.000296022095473842,1.878716885947593,0.5311954262973748,0.005701241699744286,0.016422979821651452,0.6666666666666666,0.6825817860300618,False,False,False,False
Euarchontoglires,MACSE,Euarchontoglires_MACSE,44,44,0.0590310086343506,0.1403903409572174,0.2267392117551711,0.6666666666666666,0.6825817860300618,False,False,False,False,ADD,other,1.000828760873748,0.4705337221996516,0.9076407577368267,0.05954156175835556,0.585816742352756,0.210365539992686,0.1368927676232038,0.223900882637952,0.6666666666666666,0.6825817860300618,False,False,False,False
Euarchontoglires,MACSE,Euarchontoglires_MACSE,45,45,0.0098486942700551,0.0415341461209823,0.0822163097574317,0.6666666666666666,0.6825817860300618,False,False,False,False,ADD,other,1.121528457080622,0.1840294361107891,0.982388963347813,0.009062923093073171,0.631848365742527,0.06602727710958013,0.0415113030674894,0.08051941198015532,0.6666666666666666,0.6825817860300618,False,False,False,False
Euarchontoglires,MACSE,Euarchontoglires_MACSE,46,46,0.5328748569371569,0.5113344908807229,0.6246047894935413,0.4518016559726552,0.6825817860300618,False,False,False,False,ADD,other,0.8720696678657788,0.8922909102531729,0.3676595723908995,0.5190461492739045,0.3575375600966032,0.5488277740729192,0.5660446339290139,0.6601003888114785,0.4851915921617648,0.6825817860300618,False,False,False,False
Euarchontoglires,MACSE,Euarchontoglires_MACSE,47,47,5.930493222262054e-07,9.279976543874468e-07,8.150054652353047e-06,0.6666666666666666,0.6825817860300618,False,False,False,False,ADD,other,2.552314698799422,0.03436487623053342,0.999997926229688,7.100475410011013e-07,1.053159494415799,8.515581363091759e-09,9.9395072250541e-07,8.209577272986072e-06,0.6666666666666666,0.6825817860300618,False,False,False,False
Euarchontoglires,MACSE,Euarchontoglires_MACSE,48,48,0.1101467325172574,0.1697639672537932,0.2591562541992415,0.6666666666666666,0.6825817860300618,False,False,False,False,ADD,other,1.633086749391807,0.78806398129518,0.8242204416492523,0.1179000558878341,1.030296826764474,0.3932282751856968,0.165740802390513,0.2579675392045888,0.6666666666666666,0.6825817860300618,False,False,False,False
Euarchontoglires,MACSE,Euarchontoglires_MACSE,49,49,7.47158294836566e-06,1.578365483179134e-05,9.670620262018186e-05,0.6666666666666666,0.6825817860300618,False,False,False,False,ADD,other,3.023748531181992,0.2390492264607957,0.9999987598585823,4.225280043267081e-07,1.91440521447585,0.09555766976082895,5.327244377850704e-07,4.769883947365226e-06,0.6666666666666666,0.6825817860300618,False,False,False,False
Euarchontoglires,MACSE,Euarchontoglires_MACSE,50,50,0.0831869680674661,0.3785796324075924,0.4970467282630294,0.0104803223831654,0.5779149199859794,False,False,False,False,ADD,other,0.6974093351758364,0.2120142755656192,0.9397812362745676,0.03434263630200721,0.2840759171473282,0.07729137658235531,0.1521350843197441,0.24242126957749727,0.01242474774377567,0.5806429849982687,False,False,False,False
Euarchontoglires,MACSE,Euarchontoglires_MACSE,51,51,0.0250850114645424,0.0574050925889535,0.1070452451175655,0.6666666666666666,0.6825817860300618,False,False,False,False,ADD,other,1.31527766950547,0.3500736092280479,0.9612692316313216,0.02398971052946583,0.7684186891428648,0.1522005679607169,0.05638600175596653,0.10565532367865572,0.6666666666666666,0.6825817860300618,False,False,False,False
Euarchontoglires,MACSE,Euarchontoglires_MACSE,52,52,0.3872284635795012,0.91454724736432,0.9645225067831352,0.6537100811190657,0.6825817860300618,False,False,False,False,ADD,other,0.8025963978282574,0.7086481120106605,0.5219346262749247,0.3903453340283833,0.3521764744358082,0.3805496801831581,0.9233359128414731,0.9658744237311886,0.6666666666666666,0.6825817860300618,False,False,False,False
Euarchontoglires,MACSE,Euarchontoglires_MACSE,53,53,4.09337918692407e-06,5.372469794595602e-06,3.988025655219043e-05,0.6666666666666666,0.6825817860300618,False,False,False,False,ADD,other,2.423240664383771,0.02174735806782411,0.9999901950065319,3.429169060752101e-06,1.455240632945841,5.694791427843167e-07,5.223391332909166e-06,3.4173373805134544e-05,0.6666666666666666,0.6825817860300618,False,False,False,False
Euarchontoglires,MACSE,Euarchontoglires_MACSE,54,54,0.0083410067356841,0.0237182081494673,0.0544954068196095,0.6666666666666666,0.6825817860300618,False,False,False,False,ADD,other,0.8289054151227756,0.1704737734521973,0.9851092569978438,0.007778632157897376,0.451917640652985,0.04949555582123672,0.02348017350020615,0.05063322330212053,0.3190011592511659,0.6825817860300618,False,False,False,False
Euarchontoglires,MACSE,Euarchontoglires_MACSE,55,55,0.0310662476988609,0.0746115104150363,0.1327190922590047,0.24514736576762,0.6825817860300618,False,False,False,False,ADD,other,2.094810777147992,0.4116284121629689,0.9898572028535404,0.005627358271266654,1.306784113769224,0.1945825223403291,0.00565545860575023,0.016422979821651452,0.545983505377574,0.6825817860300618,False,False,False,False
Euarchontoglires,MACSE,Euarchontoglires_MACSE,56,56,1.434121404395955e-08,4.503853734405538e-09,9.302558185752512e-08,0.6666666666666666,0.6825817860300618,False,False,False,False,ADD,other,2.772568838528112,0.01978189033653575,0.9999999558196521,1.427865839790709e-08,1.698820702195691,5.505013264611483e-10,4.67904970324895e-09,9.505858870811025e-08,0.6666666666666666,0.6825817860300618,False,False,False,False
Euarchontoglires,MACSE,Euarchontoglires_MACSE,57,57,0.00099350927,0.002195007470239,0.0077024807592024,0.6666666666666666,0.6825817860300618,False,False,False,False,ADD,other,0.9881779759605768,0.1654949212593676,0.9979975088059917,0.0009418957116050227,0.5479412967400158,0.04541176477888603,0.002262427352781482,0.007528422053221138,0.6077401739693672,0.6825817860300618,False,False,False,False
Euarchontoglires,MACSE,Euarchontoglires_MACSE,58,58,0.0140798055778793,0.0123082448408171,0.0318857886480229,0.5787781612850803,0.6825817860300618,False,False,False,False,ADD,other,1.346229323736826,0.3872476534578479,0.9833975458829547,0.008962628266577441,0.8878417902133591,0.1670109932636225,0.00792133365846348,0.02153263938145707,0.4372850682607116,0.6825817860300618,False,False,False,False
Euarchontoglires,MACSE,Euarchontoglires_MACSE,59,59,0.6886815739423542,0.2277766028812152,0.32929501390318,0.0937842338979075,0.6825817860300618,False,False,False,False,ADD,other,0.6216931234417469,0.8797884550861039,0.2137641691282942,0.711539674785511,0.1744161968335694,0.5799320701458417,0.2072322126680805,0.2995941351680864,0.08460167578454947,0.6825817860300618,False,False,False,False
Euarchontoglires,MACSE,Euarchontoglires_MACSE,60,60,0.5385286357468394,0.2670561456387526,0.3708045763185557,0.0773311045508955,0.6825817860300618,False,False,False,False,ADD,other,0.5886529092103794,0.6337923082133674,0.3966146624778572,0.5414142320954897,2.991661378955792e-06,0.3413797266237757,0.2679082826736399,0.37198775939577344,0.0681300550691114,0.6825817860300618,False,False,False,False
Euarchontoglires,MACSE,Euarchontoglires_MACSE,61,61,0.0134298478787018,0.0271965829627067,0.0603326495609471,0.6666666666666666,0.6825817860300618,False,False,False,False,ADD,other,0.9945167300724235,0.2715761292508101,0.9781588273861791,0.0126173701497081,0.6004433080088049,0.1020821556558701,0.02571873926002222,0.05515240752426988,0.6666666666666666,0.6825817860300618,False,False,False,False
Euarchontoglires,MACSE,Euarchontoglires_MACSE,62,62,0.0193225199594678,0.0200752172095457,0.0477978682643245,0.3140999611708732,0.6825817860300618,False,False,False,False,ADD,other,2.846957564078074,0.557648175160805,0.99461748228929,0.002730567648224362,2.217079650391811,0.2762482346862907,0.001797909844605927,0.006309029091071707,0.6666666666666666,0.6825817860300618,False,False,False,False
Euarchontoglires,MACSE,Euarchontoglires_MACSE,63,63,2.137192167715485e-07,1.697778565401542e-06,1.4563167249888785e-05,0.6666666666666666,0.6825817860300618,False,False,False,False,ADD,other,3.149407703449165,0.5351292349395455,0.9999976558700342,2.065299997059263e-07,2.236426746636471,0.2680881867604901,1.176832964078223e-06,8.996037083338257e-06,0.6666666666666666,0.6825817860300618,False,False,False,False
Euarchontoglires,MACSE,Euarchontoglires_MACSE,64,64,0.4276657421634691,0.6588602065210707,0.7546588715641938,0.4533604784689849,0.6825817860300618,False,False,False,False,ADD,other,0.744197997810019,0.7200523554747834,0.4423438978419911,0.4776262985866507,0.2171402843504128,0.390446027205903,0.5718203538728311,0.6648272789003398,0.3253437169963843,0.6825817860300618,False,False,False,False
Euarchontoglires,MACSE,Euarchontoglires_MACSE,65,65,0.0003868225826775,0.0027719353114251,0.0092238537087078,0.6666666666666666,0.6825817860300618,False,False,False,False,ADD,other,1.139352227622993,0.02580684292234856,0.9989083023065206,0.0003459393791041691,0.6101845170758837,5.579368666257606e-07,0.002817261316235276,0.008987296430304268,0.6666666666666666,0.6825817860300618,False,False,False,False
Euarchontoglires,MACSE,Euarchontoglires_MACSE,66,66,0.0003156878054718,0.0014199304672616,0.0052701265419518,0.6666666666666666,0.6825817860300618,False,False,False,False,ADD,other,0.7782442507790085,0.03020831439028903,0.9992034702509272,0.0002758343002863104,0.4170112198265433,3.728325839982681e-08,0.001411171113789966,0.005090766821709597,0.6666666666666666,0.6825817860300618,False,False,False,False
Euarchontoglires,MACSE,Euarchontoglires_MACSE,67,67,0.0021762718541902,0.0025594525952062,0.0086815476080176,0.6666666666666666,0.6825817860300618,False,False,False,False,ADD,other,0.8331843040338798,0.07021504532651822,0.9964771615525418,0.001916527321563803,0.4809065200318697,1.3222526947542e-10,0.002352069858531758,0.007759820217036398,0.6666666666666666,0.6825817860300618,False,False,False,False
Euarchontoglires,MACSE,Euarchontoglires_MACSE,68,68,0.0001783546377932,0.0002282412876717,0.0010488230600153,0.6666666666666666,0.6825817860300618,False,False,False,False,ADD,other,0.9571889039834103,0.03958353454515175,0.9996137148165029,0.0001578418573362401,0.6361929287701595,1.238862701392212e-07,0.0002256168436396422,0.0010126523447081615,0.6666666666666666,0.6825817860300618,False,False,False,False
Euarchontoglires,MACSE,Euarchontoglires_MACSE,69,69,0.0040083617694528,0.0060324492954119,0.0176403441517348,0.6666666666666666,0.6825817860300618,False,False,False,False,ADD,other,2.682286861417622,0.4528848006461094,0.9939993652390119,0.003282359354784073,1.622029011225445,0.2137327370465881,0.005002852913885136,0.014854624805843559,0.6666666666666666,0.6825817860300618,False,False,False,False
Euarchontoglires,MACSE,Euarchontoglires_MACSE,70,70,0.0001003800400597,0.0002013458258128,0.000936379382696,0.6666666666666666,0.6825817860300618,False,False,False,False,ADD,other,0.9783801322074883,0.04261510017437232,0.9998141782216917,7.781047870756502e-05,0.5621473392281037,4.979212777741578e-11,0.0001590531309408894,0.000730887006466468,0.6666666666666666,0.6825817860300618,False,False,False,False
Euarchontoglires,MACSE,Euarchontoglires_MACSE,71,71,8.306570392216206e-08,1.183625388812004e-07,1.4277481252544797e-06,0.6666666666666666,0.6825817860300618,False,False,False,False,ADD,other,2.696309247043545,0.02741245576612633,0.9999996861316852,9.909302523736203e-08,1.167784974125192,4.746298829979436e-08,1.159565310437927e-07,1.3987256557157495e-06,0.6666666666666666,0.6825817860300618,False,False,False,False
Euarchontoglires,MACSE,Euarchontoglires_MACSE,72,72,0.1962282871373873,0.5911630551198691,0.6964135863879288,0.6666666666666666,0.6825817860300618,False,False,False,False,ADD,other,2.166379491693707,1.12121042572777,0.7596316827785676,0.1671468459185564,0.9055426718092634,0.6401158788895591,0.6815637769219165,0.7737753467407641,0.6666666666666666,0.6825817860300618,False,False,False,False
Euarchontoglires,MACSE,Euarchontoglires_MACSE,73,73,2.5581893689001522e-09,5.930784752194994e-10,1.7609868571902062e-08,0.6666666666666666,0.6825817860300618,False,False,False,False,ADD,other,2.806092300714672,0.01945860835192185,0.9999999845616389,4.839515769481066e-09,1.907399563857425,4.674348606695298e-07,1.405036642587731e-09,3.389650900242901e-08,0.6666666666666666,0.6825817860300618,False,False,False,False
Euarchontoglires,MACSE,Euarchontoglires_MACSE,74,74,0.0771740398672525,0.2623230594352286,0.3655476568303186,0.4334370715405452,0.6825817860300618,False,False,False,False,ADD,other,1.858334720915031,0.9879031264889031,0.8013866493848008,0.09987784919989943,0.9359106175149219,0.5753671940331566,0.3265762086497255,0.4333560676351072,0.3457595593865731,0.6825817860300618,False,False,False,False
Euarchontoglires,MACSE,Euarchontoglires_MACSE,75,75,8.422100409212184e-12,6.115487005686759e-09,1.1802889920975447e-07,0.6666666666666666,0.6825817860300618,False,False,False,False,ADD,other,6.936708939943093,0.5331178883087817,0.9999999994387099,7.135173503653507e-12,3.35129944609432,0.2934897531206141,3.596886788415077e-09,8.167048825460115e-08,0.6666666666666666,0.6825817860300618,False,False,False,False
Euarchontoglires,MACSE,Euarchontoglires_MACSE,76,76,9.969513763170036e-05,0.0001563999288134,0.0007362240551462,0.6666666666666666,0.6825817860300618,False,False,False,False,ADD,other,0.9899080706989452,0.03225476826983875,0.9996428251752456,0.000128197950434194,0.6460427995707618,3.666454945158068e-09,0.0002924543452264006,0.0012683974972740521,0.6666666666666666,0.6825817860300618,False,False,False,False
Euarchontoglires,MACSE,Euarchontoglires_MACSE,77,77,0.0353627094253336,1.0,1.0,1.0,1.0,False,False,False,False,ADD,other,0.4923763431734353,0.02995645687379936,0.9024255806076829,0.03239138581008406,0.0,0.0,1.0,1.0,1.0,1.0,False,False,False,False
Euarchontoglires,MACSE,Euarchontoglires_MACSE,78,78,0.0062258629458605,0.0275138885879951,0.0606877771140922,0.6666666666666666,0.6825817860300618,False,False,False,False,ADD,other,0.997353319365658,0.1420615073699023,0.9877394806833868,0.005623153675503729,0.5592962453459834,0.0362146470773172,0.02665272459348256,0.05652720710485862,0.6666666666666666,0.6825817860300618,False,False,False,False
Euarchontoglires,MACSE,Euarchontoglires_MACSE,79,79,0.037287568976585,0.0705274596674061,0.1266213927052036,0.6666666666666666,0.6825817860300618,False,False,False,False,ADD,other,2.323845439477406,0.7788577685940107,0.9345992141795615,0.04012750434964072,1.365417456694272,0.3698708038005442,0.07314357074668187,0.13193186125336076,0.6666666666666666,0.6825817860300618,False,False,False,False
Euarchontoglires,MACSE,Euarchontoglires_MACSE,80,80,0.0394748216714108,0.1415336255501879,0.2276332477598855,0.6666666666666666,0.6825817860300618,False,False,False,False,ADD,other,1.028785687299144,0.2881200138716484,0.9411508085626255,0.0373176988002825,0.5558701632730216,0.1246405830610989,0.1407980474741293,0.22835313581938618,0.6666666666666666,0.6825817860300618,False,False,False,False
Euarchontoglires,MACSE,Euarchontoglires_MACSE,81,81,0.019078034363642,0.0395014312946584,0.0802502762091482,0.6666666666666666,0.6825817860300618,False,False,False,False,ADD,other,0.6335444008201908,0.06721070678559014,0.9845968291541629,0.008523583595283194,0.2906451643521587,3.070479717920278e-07,0.01652105384264491,0.038186387923718174,0.6666666666666666,0.6825817860300618,False,False,False,False
Euarchontoglires,MACSE,Euarchontoglires_MACSE,82,82,0.0236716972080254,0.0324668037198818,0.0704055406509797,0.6666666666666666,0.6825817860300618,False,False,False,False,ADD,other,2.233384799782332,0.6722624025093157,0.9540980862071373,0.02749409437895331,1.407868004988485,0.321587710012871,0.03580896153613711,0.07216152709989195,0.6666666666666666,0.6825817860300618,False,False,False,False
Euarchontoglires,MACSE,Euarchontoglires_MACSE,83,83,0.1036709916977607,0.2259074659943742,0.3286229120298894,0.6666666666666666,0.6825817860300618,False,False,False,False,ADD,other,1.220266781170861,0.7640432866562548,0.784017062816281,0.1334993319251632,0.7679243054711054,0.4335338520549029,0.2917772537981178,0.39938304952508324,0.6666666666666666,0.6825817860300618,False,False,False,False
Euarchontoglires,MACSE,Euarchontoglires_MACSE,84,84,0.109207023920405,0.3622512887414354,0.4788664296376509,0.5782777595950448,0.6825817860300618,False,False,False,False,ADD,other,0.7251653275031599,0.4369008569723584,0.7661121276722649,0.1712177512109627,0.3293594785923572,0.2014609126551629,0.531571004269646,0.6313427927633334,0.6666666666666666,0.6825817860300618,False,False,False,False
Euarchontoglires,MACSE,Euarchontoglires_MACSE,85,85,2.536456374753293e-05,4.566510586501149e-05,0.0002448157064429,0.6666666666666666,0.6825817860300618,False,False,False,False,ADD,other,2.145259189777789,0.02716456380892604,0.9999384254770162,2.312781885963412e-05,1.260481837114493,4.567713517045472e-07,4.692947155326976e-05,0.000241530346927495,0.6666666666666666,0.6825817860300618,False,False,False,False
Euarchontoglires,MACSE,Euarchontoglires_MACSE,86,86,0.026033725903835,0.0509845987094995,0.0974939925916618,0.6666666666666666,0.6825817860300618,False,False,False,False,ADD,other,2.030711748664961,0.5403708098843278,0.9863277983085199,0.005247591037258294,1.063409397218265,0.2551347786434967,0.01104224144417099,0.027645598126827937,0.6666666666666666,0.6825817860300618,False,False,False,False
Euarchontoglires,MACSE,Euarchontoglires_MACSE,87,87,1.276633721086464e-13,1.0991207943789051e-14,2.1213031331512866e-12,0.6666666666666666,0.6825817860300618,False,False,False,False,ADD,other,8.629454449369094,0.06688631875428419,0.999999999999714,1.842681753031188e-14,6.140503219716584,2.440450383022414e-07,1.332267629550188e-15,2.571276525031863e-13,0.6666666666666666,0.6825817860300618,False,False,False,False
Euarchontoglires,MACSE,Euarchontoglires_MACSE,88,88,3.083561848739132e-10,1.129440985181418e-11,1.0899105507000684e-09,0.6666666666666666,0.6825817860300618,False,False,False,False,ADD,other,4.477988461963778,0.03464409887564322,0.999999999776491,5.969772391326435e-11,3.631724458566391,2.899133948896343e-06,1.701527807540515e-12,2.1892991123687958e-10,0.6666666666666666,0.6825817860300618,False,False,False,False
Euarchontoglires,MACSE,Euarchontoglires_MACSE,89,89,0.0202077267252503,0.086892554040189,0.1510834498176259,0.6666666666666666,0.6825817860300618,False,False,False,False,ADD,other,2.683821355071912,1.122484902611571,0.9471590069684398,0.02754484299096679,1.605769703032466,0.5984312206747328,0.1450779128453064,0.232365453768831,0.6666666666666666,0.6825817860300618,False,False,False,False
Euarchontoglires,MACSE,Euarchontoglires_MACSE,90,90,1.6354913027329259e-10,5.685119042198039e-12,7.314853167628144e-10,0.6666666666666666,0.6825817860300618,False,False,False,False,ADD,other,3.401604032901567,0.02502206912116203,0.9999999981772867,5.450203434036457e-10,3.058033087097763,1.576827203048587e-07,3.188749264637636e-11,1.3676191290556972e-09,0.6666666666666666,0.6825817860300618,False,False,False,False
Euarchontoglires,MACSE,Euarchontoglires_MACSE,91,91,4.715582849552559e-09,2.288742750877759e-09,5.5215918864925946e-08,0.6666666666666666,0.6825817860300618,False,False,False,False,ADD,other,2.888460745297051,0.02527513812411359,0.9999999973923318,6.358570720223533e-10,2.113527399334195,4.815435211577956e-07,3.143341142930467e-10,9.333305239778156e-09,0.6666666666666666,0.6825817860300618,False,False,False,False
Euarchontoglires,MACSE,Euarchontoglires_MACSE,92,92,0.0004437244601768,0.0005130104426733,0.002041464235793,0.6666666666666666,0.6825817860300618,False,False,False,False,ADD,other,2.065992377914202,0.2347990352332879,0.9969169699789715,0.001623406463782863,1.325400748534708,0.08671906105182457,0.002091412293132477,0.0070814486416590884,0.6666666666666666,0.6825817860300618,False,False,False,False
Euarchontoglires,MACSE,Euarchontoglires_MACSE,93,93,0.0012739181732385,0.0020805127660951,0.0074359067380806,0.6666666666666666,0.6825817860300618,False,False,False,False,ADD,other,1.685391266901683,0.1816607698267778,0.9976091716288161,0.001211414979295627,0.9492767327514066,0.04601607961554639,0.001945373759965507,0.00670459170845255,0.6666666666666666,0.6825817860300618,False,False,False,False
Euarchontoglires,MACSE,Euarchontoglires_MACSE,94,94,0.0069097501036445,0.0096057430565446,0.0259287889498336,0.6666666666666666,0.6825817860300618,False,False,False,False,ADD,other,1.744182057893549,0.5096284271436762,0.9763236942830097,0.01261701471339267,1.031308156385924,0.2500873182388805,0.01605988618648502,0.037744900183051724,0.6666666666666666,0.6825817860300618,False,False,False,False
Euarchontoglires,MACSE,Euarchontoglires_MACSE,95,95,0.0956915016925298,0.1801255428425025,0.2737340926661653,0.6666666666666666,0.6825817860300618,False,False,False,False,ADD,other,1.331884556441814,0.6602168374141348,0.8182426218445688,0.1279149900248501,0.8188445828631018,0.3310058008132725,0.2413833563071459,0.3412966136797008,0.6666666666666666,0.6825817860300618,False,False,False,False
Euarchontoglires,MACSE,Euarchontoglires_MACSE,96,96,5.078825252258631e-08,1.5393138985686512e-08,2.583370281945649e-07,0.6666666666666666,0.6825817860300618,False,False,False,False,ADD,other,3.460903450187351,0.0225638427984708,0.9999998597476321,4.83313618952476e-08,3.119724771031768,5.439989097642828e-07,2.037670254750878e-08,2.848158958362086e-07,0.6666666666666666,0.6825817860300618,False,False,False,False
Euarchontoglires,MACSE,Euarchontoglires_MACSE,97,97,0.134904826083343,0.5432718815429436,0.6532802064659696,0.6666666666666666,0.6825817860300618,False,False,False,False,ADD,other,0.7398544072697577,0.2899983665997876,0.9043654660278809,0.06040620657659339,0.3457299918446638,0.1268956604431929,0.235127784191547,0.3361456470293968,0.6666666666666666,0.6825817860300618,False,False,False,False
Euarchontoglires,MACSE,Euarchontoglires_MACSE,98,98,0.0009968891357925,0.0022156648452604,0.0077049245970319,0.6666666666666666,0.6825817860300618,False,False,False,False,ADD,other,1.265717810880296,0.147888166583166,0.9979209250266263,0.0009208677939499887,0.7617564532496071,0.03771692503295284,0.00216890462232544,0.007279975514935824,0.6666666666666666,0.6825817860300618,False,False,False,False
Euarchontoglires,MACSE,Euarchontoglires_MACSE,99,99,0.0029387031805305,0.0407105398186671,0.0814210796373342,0.6666666666666666,0.6825817860300618,False,False,False,False,ADD,other,0.7509293735098546,0.02890361313067463,0.9922458159621165,0.002605249531028611,0.2686420759567183,7.486228971346331e-06,0.04074178857842148,0.07982908828056189,0.6666666666666666,0.6825817860300618,False,False,False,False
Euarchontoglires,MACSE,Euarchontoglires_MACSE,100,100,0.1650211002803039,0.4272572218750254,0.5407255332582288,0.6666666666666666,0.6825817860300618,False,False,False,False,ADD,other,0.9676048028988183,0.6481213778100589,0.7201348594053052,0.2077950376357172,0.543281820651422,0.3437339299210372,0.5243890560334151,0.6286154522636591,0.6666666666666666,0.6825817860300618,False,False,False,False
Euarchontoglires,MACSE,Euarchontoglires_MACSE,101,101,6.299197976760207e-11,8.490421143925175e-09,1.5606202674071988e-07,0.6666666666666666,0.6825817860300618,False,False,False,False,ADD,other,7.076673782331871,0.5603469583103482,0.9999999969564399,3.40608979116288e-11,3.701310563355674,0.3134754900594331,1.539808125450293e-08,2.3774637456952526e-07,0.6666666666666666,0.6825817860300618,False,False,False,False
Euarchontoglires,MACSE,Euarchontoglires_MACSE,102,102,0.0002141483984115,0.0005069475992189,0.002038351805193,0.6666666666666666,0.6825817860300618,False,False,False,False,ADD,other,0.9230207297438082,0.0401815712433427,0.9995260155029865,0.0001949953304024925,0.5186447789500874,5.392739611519609e-07,0.0005240721108730195,0.0020854828329586136,0.6666666666666666,0.6825817860300618,False,False,False,False
Euarchontoglires,MACSE,Euarchontoglires_MACSE,103,103,0.0122041766835689,0.1637259860708041,0.2538081551137766,0.6666666666666666,0.6825817860300618,False,False,False,False,ADD,other,2.611215430340163,1.18732579458774,0.9178382223105545,0.03993477645888786,1.334786839486272,0.7595163176167515,0.349329584366896,0.4555446606946684,0.5765479730762684,0.6825817860300618,False,False,False,False
Euarchontoglires,MACSE,Euarchontoglires_MACSE,104,104,2.706110380138683e-06,1.988988220125165e-06,1.669020549931117e-05,0.6666666666666666,0.6825817860300618,False,False,False,False,ADD,other,2.860589765912222,0.2694309550170204,0.9999924485218289,2.623802518918131e-06,1.981747201388198,0.112973962269086,1.420988073208562e-06,1.0548103774202018e-05,0.6666666666666666,0.6825817860300618,False,False,False,False
Euarchontoglires,MACSE,Euarchontoglires_MACSE,105,105,0.0200159934089649,0.040524238240811,0.0814210796373342,0.6666666666666666,0.6825817860300618,False,False,False,False,ADD,other,0.5310151435074522,0.06816027986099535,0.9666570278738689,0.01846755654784086,0.211136465512505,5.445455221379107e-07,0.04047878586765497,0.07971842522915724,0.6666666666666666,0.6825817860300618,False,False,False,False
Euarchontoglires,MACSE,Euarchontoglires_MACSE,106,106,0.0050931495406911,0.0136524268156287,0.0346699786238992,0.6666666666666666,0.6825817860300618,False,False,False,False,ADD,other,1.561945654824345,0.1711756901962904,0.9990918776374013,0.0004223719457790967,0.9549425721417759,0.04703069776114615,0.0004671307690017334,0.0019240598598909806,0.6666666666666666,0.6825817860300618,False,False,False,False
Euarchontoglires,MACSE,Euarchontoglires_MACSE,107,107,0.0594914175597261,0.2526679269652374,0.354653890213024,0.6666666666666666,0.6825817860300618,False,False,False,False,ADD,other,0.8075901373353808,0.2795119366521401,0.9126181219967364,0.05585988568871375,0.3603440492206746,0.1160300922377121,0.2474509397584622,0.34733113726096876,0.6666666666666666,0.6825817860300618,False,False,False,False
Euarchontoglires,MACSE,Euarchontoglires_MACSE,108,108,4.269463420001837e-09,5.466121999475604e-10,1.7582692431646525e-08,0.6666666666666666,0.6825817860300618,False,False,False,False,ADD,other,3.213853858877155,0.02193553530297603,0.9999999976134165,7.378565274698618e-10,2.893808797855282,7.994108613776428e-08,6.133760166449065e-11,2.367631424249339e-09,0.6666666666666666,0.6825817860300618,False,False,False,False
Euarchontoglires,MACSE,Euarchontoglires_MACSE,109,109,0.0050002621916827,0.020184073904365,0.0477978682643245,0.6666666666666666,0.6825817860300618,False,False,False,False,ADD,other,0.9412856281301638,0.1532257530089945,0.9906440151927507,0.00451239114042919,0.4850460019052321,0.04058860429666573,0.0198293305888847,0.04502424474887938,0.6666666666666666,0.6825817860300618,False,False,False,False
Euarchontoglires,MACSE,Euarchontoglires_MACSE,110,110,0.1720822763354759,0.4168986416715204,0.5310985996211448,0.4749243140814676,0.6825817860300618,False,False,False,False,ADD,other,0.9984551321211538,0.5926816734193492,0.7462653347479378,0.1929748082350966,0.5435596318116235,0.2848716454401091,0.4637053969895965,0.5682231213904262,0.5928258018379102,0.6825817860300618,False,False,False,False
Euarchontoglires,MACSE,Euarchontoglires_MACSE,111,111,8.858355309694038e-11,1.048637843226174e-10,5.5118258568409564e-09,0.6666666666666666,0.6825817860300618,False,False,False,False,ADD,other,6.784084882803968,0.2562852798890491,0.999999999827522,1.233189728390824e-11,3.653634523454394,0.1220554054716083,2.069111548763658e-11,9.98346322278465e-10,0.6666666666666666,0.6825817860300618,False,False,False,False
Euarchontoglires,MACSE,Euarchontoglires_MACSE,112,112,1.801418790752612e-05,6.516319111415925e-06,4.463395577738566e-05,0.6666666666666666,0.6825817860300618,False,False,False,False,ADD,other,3.373048055223919,0.214187761484039,0.9999886328813296,4.553337708751005e-06,2.652505909923728,0.07493041357086172,1.112611008213804e-06,8.764649983072008e-06,0.6666666666666666,0.6825817860300618,False,False,False,False
Euarchontoglires,MACSE,Euarchontoglires_MACSE,113,113,0.0007108352901054,0.0037329468645999,0.0117147763393135,0.6666666666666666,0.6825817860300618,False,False,False,False,ADD,other,0.8272403509484635,0.03009119483492428,0.9975623468993347,0.0008365107907663424,0.4365207898758946,5.587904965804937e-07,0.005692006122101523,0.016422979821651452,0.6666666666666666,0.6825817860300618,False,False,False,False
Euarchontoglires,MACSE,Euarchontoglires_MACSE,114,114,0.0007851078343201,0.0014512935393927,0.0053352314876724,0.6666666666666666,0.6825817860300618,False,False,False,False,ADD,other,1.108758816368287,0.1399905756072485,0.9991995629935132,0.0003276542519229905,0.7142404478467379,0.03673638001416561,0.0005597252480495918,0.002182363088354974,0.6666666666666666,0.6825817860300618,False,False,False,False
Euarchontoglires,MACSE,Euarchontoglires_MACSE,115,115,7.88552905025536e-07,7.978744996917086e-07,7.332846592404751e-06,0.6666666666666666,0.6825817860300618,False,False,False,False,ADD,other,2.536173395428187,0.03218334946526133,0.9999985181861684,4.849250195994776e-07,1.027998053359569,4.562754635870867e-07,4.819747745354874e-07,4.56378959722579e-06,0.6666666666666666,0.6825817860300618,False,False,False,False
Euarchontoglires,MACSE,Euarchontoglires_MACSE,116,116,0.0070733955799387,0.0358317545796563,0.0751687894986269,0.6666666666666666,0.6825817860300618,False,False,False,False,ADD,other,0.9229683930340159,0.141056911363304,0.9856031431939145,0.006602372488557791,0.4909432363319612,0.03830774884993086,0.03589381658854729,0.07216152709989195,0.6666666666666666,0.6825817860300618,False,False,False,False
Euarchontoglires,MACSE,Euarchontoglires_MACSE,117,117,7.215933309343314e-05,8.434736814444399e-05,0.00043410778805,0.6666666666666666,0.6825817860300618,False,False,False,False,ADD,other,2.058832457076371,0.03571975339359003,0.999861645104937,5.934237999997345e-05,1.189661261879534,3.383006303407891e-06,7.671075408710593e-05,0.00037961988561054983,0.6666666666666666,0.6825817860300618,False,False,False,False
Euarchontoglires,MACSE,Euarchontoglires_MACSE,118,118,5.107168943275691e-06,3.089907884001875e-06,2.3854088864494477e-05,0.6666666666666666,0.6825817860300618,False,False,False,False,ADD,other,2.348449508376369,0.02408782161601549,0.9999970217461581,1.073626464933623e-06,1.226409002579874,2.60408093089973e-07,5.437173411504403e-07,4.769883947365226e-06,0.6666666666666666,0.6825817860300618,False,False,False,False
Euarchontoglires,MACSE,Euarchontoglires_MACSE,119,119,2.0987607820989827e-10,4.3625991708040595e-11,2.806605466550612e-09,0.6666666666666666,0.6825817860300618,False,False,False,False,ADD,other,7.287157369034452,0.2244040291982521,0.9999999994742167,5.747533682427702e-11,4.871798250174434,0.08987476624166314,1.536637483923187e-11,8.473458125633575e-10,0.6666666666666666,0.6825817860300618,False,False,False,False
Euarchontoglires,MACSE,Euarchontoglires_MACSE,120,120,0.0561662100270248,0.3109150267344896,0.4240749127897985,0.4173670271201375,0.6825817860300618,False,False,False,False,ADD,other,0.9742376376900673,0.24952075469448,0.9216850109809833,0.05267660358548795,0.4040470675454538,0.09975969487528812,0.3061123501308342,0.4145942707035158,0.3777583372831524,0.6825817860300618,False,False,False,False
Euarchontoglires,MACSE,Euarchontoglires_MACSE,121,121,0.0033259332402914,0.0172530452506151,0.0424183150747607,0.6666666666666666,0.6825817860300618,False,False,False,False,ADD,other,0.5962586916445713,0.03128314434510434,0.9917723621996177,0.002945371296538561,0.2416184604825617,1.156130912448507e-06,0.01715167146044705,0.03940800704602715,0.6666666666666666,0.6825817860300618,False,False,False,False
Euarchontoglires,MACSE,Euarchontoglires_MACSE,122,122,0.1309106148087081,0.3537789085735018,0.4725213104130508,0.6228568832244188,0.6825817860300618,False,False,False,False,ADD,other,0.8949201295252024,0.5932600479358024,0.7366645515379643,0.196462004277122,0.4766579737663142,0.2948622215018791,0.5301513219437137,0.6313427927633334,0.6666666666666666,0.6825817860300618,False,False,False,False
Euarchontoglires,MACSE,Euarchontoglires_MACSE,123,123,1.5596536217119161e-09,1.550360950730578e-10,6.095223858970655e-09,0.6666666666666666,0.6825817860300618,False,False,False,False,ADD,other,2.863323960895336,0.02129522639359356,0.9999999946475138,1.583311031050168e-09,2.275185729023483,8.466031694925806e-06,1.799295157312031e-10,5.787732756020367e-09,0.6666666666666666,0.6825817860300618,False,False,False,False
Euarchontoglires,MACSE,Euarchontoglires_MACSE,124,124,0.5399078277505222,0.5580191704991007,0.6657833568703838,0.4801316610431764,0.6825817860300618,False,False,False,False,ADD,other,0.7267670423314724,0.8924267447869917,0.2641424888626442,0.6364453004989324,0.2942022981470501,0.5509922507699007,0.3955731330648989,0.5056000972286456,0.3802090331803974,0.6825817860300618,False,False,False,False
Euarchontoglires,MACSE,Euarchontoglires_MACSE,125,125,0.0187080365113611,0.0381038580220055,0.0782345170026284,0.6666666666666666,0.6825817860300618,False,False,False,False,ADD,other,0.5368623607674767,0.06698307244677013,0.9686498055424992,0.01723557801080857,0.2154295094654875,7.640861713726917e-11,0.03809496327364115,0.07579719496714167,0.6666666666666666,0.6825817860300618,False,False,False,False
Euarchontoglires,MACSE,Euarchontoglires_MACSE,126,126,0.0238884249576713,0.0623743246027121,0.1135683457389005,0.6666666666666666,0.6825817860300618,False,False,False,False,ADD,other,0.9102588148915086,0.2730700786781464,0.9623184517270307,0.02279811944426513,0.5047270107216966,0.1033732779148901,0.06178059658771562,0.11465053020604918,0.6666666666666666,0.6825817860300618,False,False,False,False
Euarchontoglires,MACSE,Euarchontoglires_MACSE,127,127,0.2663909145658198,0.7287866419033919,0.8152407985789335,0.1429888628220161,0.6825817860300618,False,False,False,False,ADD,other,0.7891431537868583,0.6042760141097141,0.6471054299433975,0.273265824187538,0.3873747702288475,0.3008733295569495,0.732842239497153,0.8082202984168602,0.1059499311618177,0.6825817860300618,False,False,False,False
Euarchontoglires,MACSE,Euarchontoglires_MACSE,128,128,7.808650488909499e-17,4.440892098500626e-16,1.7141843500212417e-13,0.6666666666666666,0.6825817860300618,False,False,False,False,ADD,other,7.481387979006957,0.1370724218938028,0.9999999999999987,3.291692848180516e-17,4.961288079176409,0.03987091143836579,2.220446049250313e-16,8.570921750106208e-14,0.6666666666666666,0.6825817860300618,False,False,False,False
Euarchontoglires,MACSE,Euarchontoglires_MACSE,129,129,0.0036523847606383,0.0201474524073277,0.0477978682643245,0.6666666666666666,0.6825817860300618,False,False,False,False,ADD,other,0.6413928739793511,0.03684782446900043,0.9918165495076734,0.003235978391009094,0.246279533723738,4.376343887258834e-07,0.02007597705825659,0.045317702599339434,0.6666666666666666,0.6825817860300618,False,False,False,False
Euarchontoglires,MACSE,Euarchontoglires_MACSE,130,130,0.0003473501562691,0.0003447804246904,0.0014787249325612,0.6666666666666666,0.6825817860300618,False,False,False,False,ADD,other,1.616074823970344,0.1987169917287056,0.9992178663518158,0.0003436802378836593,0.9647430814438305,0.07318301120577095,0.0003589981919862595,0.0015227835396340237,0.6666666666666666,0.6825817860300618,False,False,False,False
Euarchontoglires,MACSE,Euarchontoglires_MACSE,131,131,3.866434389015254e-07,2.59897297549827e-06,2.0473542215149636e-05,0.6666666666666666,0.6825817860300618,False,False,False,False,ADD,other,2.807783966670838,0.2651434543058435,0.9999961335305565,8.399016758127035e-07,1.649684965376498,0.1076999901718744,4.796842065890594e-06,3.19238109902374e-05,0.6666666666666666,0.6825817860300618,False,False,False,False
Euarchontoglires,MACSE,Euarchontoglires_MACSE,132,132,0.127043040193091,0.3339638724554163,0.4507344572300373,0.6666666666666666,0.6825817860300618,False,False,False,False,ADD,other,1.113946507748573,0.5490166111534142,0.8290609205576579,0.1242287574701645,0.6017633929500477,0.2616125540611779,0.325439829391534,0.4333560676351072,0.6666666666666666,0.6825817860300618,False,False,False,False
Euarchontoglires,MACSE,Euarchontoglires_MACSE,133,133,8.639421887815523e-06,5.079957237152932e-05,0.0002686114374713,0.6666666666666666,0.6825817860300618,False,False,False,False,ADD,other,2.871480811495682,0.4549004391779897,0.9999854042378522,2.13102019052448e-06,1.863037266819907,0.2103538160179857,1.346675307367651e-05,7.997179517598667e-05,0.6666666666666666,0.6825817860300618,False,False,False,False
Euarchontoglires,MACSE,Euarchontoglires_MACSE,134,134,0.0040377746676147,0.0050538766652921,0.0152405968187715,0.6666666666666666,0.6825817860300618,False,False,False,False,ADD,other,2.599516110261157,0.4094336685398066,0.9980806434916164,0.0009125343030092789,1.490256283660784,0.1875670232239345,0.000979996557076479,0.003637294913764624,0.6666666666666666,0.6825817860300618,False,False,False,False
Euarchontoglires,MACSE,Euarchontoglires_MACSE,135,135,0.0001218107139232,9.045865031753753e-05,0.0004594347239811,0.6666666666666666,0.6825817860300618,False,False,False,False,ADD,other,3.715283075621761,0.8099557129178905,0.9998498729093028,2.459308879628023e-05,3.067356244175254,0.3902325930913452,1.866066089895035e-05,0.00010592669274992405,0.6666666666666666,0.6825817860300618,False,False,False,False
Euarchontoglires,MACSE,Euarchontoglires_MACSE,136,136,0.2890366292270196,0.779560947805278,0.8548594484455605,0.1393658302230635,0.6825817860300618,False,False,False,False,ADD,other,1.041048355829051,0.6943141212381317,0.7646381739346797,0.1593396275417906,0.6486632258812987,0.3819455928999875,0.3693874554812683,0.48007931924501535,0.3339913169086487,0.6825817860300618,False,False,False,False
Euarchontoglires,MACSE,Euarchontoglires_MACSE,137,137,0.0944267859051761,0.5917711304021779,0.6964135863879288,0.6666666666666666,0.6825817860300618,False,False,False,False,ADD,other,2.425836587272947,0.2980609332735504,0.8864499829824224,0.0879355536732951,2.391845416370922,0.1294794780607016,0.5926612391182405,0.6849318511965294,0.4477637188401762,0.6825817860300618,False,False,False,False
Euarchontoglires,MACSE,Euarchontoglires_MACSE,138,138,0.0636991732524959,0.1236990049007778,0.2040504952636762,0.4412007591189056,0.6825817860300618,False,False,False,False,ADD,other,1.952572191892597,0.9235391488749305,0.8543286217362449,0.08456943812802427,1.082592939655239,0.4812010632032566,0.1704661462763342,0.2617026552688228,0.35782750713448,0.6825817860300618,False,False,False,False
Euarchontoglires,MACSE,Euarchontoglires_MACSE,139,139,0.7056625087650835,0.1158823960210309,0.1961868634391137,0.0250170700925411,0.6825817860300618,False,False,False,False,ADD,other,0.434703055300487,0.7130663699453529,0.2073319621547925,0.7423276418754674,1.154868175637415e-05,0.3793424726554147,0.09807338258374854,0.1690014539166381,0.01792348096869434,0.6289512412650923,False,False,False,False
Euarchontoglires,MACSE,Euarchontoglires_MACSE,140,140,0.0130625841408373,1.0,1.0,1.0,1.0,False,False,False,False,ADD,other,2.594616630252204,0.04783747161577957,0.9742974312522699,0.01178109673144762,0.0,0.0,1.0,1.0,1.0,1.0,False,False,False,False
Euarchontoglires,MACSE,Euarchontoglires_MACSE,141,141,0.0138290031955285,0.0231906605550206,0.0536023651151973,0.6666666666666666,0.6825817860300618,False,False,False,False,ADD,other,1.528302665001359,0.3747293820138465,0.9867336627962132,0.007008827436533896,0.8846258093931275,0.1605402649552287,0.0099204453397842,0.025699945645346993,0.6666666666666666,0.6825817860300618,False,False,False,False
Euarchontoglires,MACSE,Euarchontoglires_MACSE,142,142,0.0005816131760316,0.003858825443565,0.0120121501710977,0.6666666666666666,0.6825817860300618,False,False,False,False,ADD,other,1.049610035339952,0.02880075666835839,0.998495346373004,0.0005088144687095448,0.5495321412685538,1.340012602736833e-08,0.003800160180117196,0.011734894636201901,0.6666666666666666,0.6825817860300618,False,False,False,False
Euarchontoglires,MACSE,Euarchontoglires_MACSE,143,143,0.1704308743468716,0.7046387476558432,0.7952940251320336,0.0315258348896833,0.6825817860300618,False,False,False,False,ADD,other,0.7541271053037876,0.3725480957624546,0.7776266823151576,0.1668291834125115,0.2665688747005323,0.1691773949302736,0.7015114520486166,0.7871611060778083,0.02200758039584028,0.6825817860300618,False,False,False,False
Euarchontoglires,MACSE,Euarchontoglires_MACSE,144,144,0.0886360830304132,0.239815469922941,0.3441218267295733,0.6666666666666666,0.6825817860300618,False,False,False,False,ADD,other,0.3014466414684473,0.07208596642026555,0.8492701632304062,0.08270823542993444,0.06852740693960174,6.670681690795029e-07,0.2395091515181008,0.3398916635514224,0.6666666666666666,0.6825817860300618,False,False,False,False
Euarchontoglires,MACSE,Euarchontoglires_MACSE,145,145,0.0028997800755421,0.0403250183922979,0.0814210796373342,0.6666666666666666,0.6825817860300618,False,False,False,False,ADD,other,0.7572374420569701,0.02887220276372868,0.9923773974966393,0.00255673414050849,0.2750768451833535,3.260907200480393e-06,0.04022636225888276,0.07962756836886535,0.6666666666666666,0.6825817860300618,False,False,False,False
Euarchontoglires,MACSE,Euarchontoglires_MACSE,146,146,0.2513855141583276,0.6758749434153076,0.7714655073049859,0.0744791566696992,0.6825817860300618,False,False,False,False,ADD,other,0.654918658137975,0.4763944265547139,0.6636682524830806,0.2591414610453124,0.2949889599483933,0.2135477871650211,0.6759272623799266,0.7696398916774385,0.06179288169910813,0.6825817860300618,False,False,False,False
Euarchontoglires,MACSE,Euarchontoglires_MACSE,147,147,7.597269184356123e-07,6.690923388674719e-07,6.794839591035722e-06,0.6666666666666666,0.6825817860300618,False,False,False,False,ADD,other,2.332680233181238,0.02310234864228183,0.9999983208009241,5.816847401687021e-07,1.158861609274125,2.645722614502688e-07,5.392971741402519e-07,4.769883947365226e-06,0.6666666666666666,0.6825817860300618,False,False,False,False
Euarchontoglires,MACSE,Euarchontoglires_MACSE,148,148,0.074925207186369,0.1532156517460979,0.241392822750995,0.5170980106884584,0.6825817860300618,False,False,False,False,ADD,other,1.314161568031062,0.5285192838850157,0.8903996227098236,0.07510111998109106,0.8054043345422613,0.257924733206809,0.1526123536459374,0.24242126957749727,0.4813177523205708,0.6825817860300618,False,False,False,False
Euarchontoglires,MACSE,Euarchontoglires_MACSE,149,149,0.0010118236708741,0.005916918096402,0.0174345830932151,0.6666666666666666,0.6825817860300618,False,False,False,False,ADD,other,2.804055265115722,1.072371993955197,0.9983590892468029,0.0002374423724490978,1.747400380704803,0.5519635504212805,0.00664548073891269,0.0187237632497832,0.6666666666666666,0.6825817860300618,False,False,False,False
Euarchontoglires,MACSE,Euarchontoglires_MACSE,150,150,0.0450342391429869,0.1479942316525388,0.2341220222044261,0.6666666666666666,0.6825817860300618,False,False,False,False,ADD,other,1.95960084493794,0.8842872447987824,0.9001903086617412,0.04513640303662886,0.9848956686733557,0.4814545828366109,0.1570359014045752,0.24741166507006543,0.6666666666666666,0.6825817860300618,False,False,False,False
Euarchontoglires,MACSE,Euarchontoglires_MACSE,151,151,2.8496864876141082e-08,2.619754080335213e-09,5.948382794172897e-08,0.6666666666666666,0.6825817860300618,False,False,False,False,ADD,other,9.86625940791382,0.4811270365173984,0.9999997630759752,5.608070806138306e-08,6.736720434533347,0.2295381736162188,5.200512909198096e-09,9.559038014049833e-08,0.6666666666666666,0.6825817860300618,False,False,False,False
Euarchontoglires,MACSE,Euarchontoglires_MACSE,152,152,8.048190896837788e-06,6.591024557800473e-06,4.463395577738566e-05,0.6666666666666666,0.6825817860300618,False,False,False,False,ADD,other,2.580226211950399,0.02779981921489435,0.9999985517407456,5.311557577969415e-07,1.187534425923421,1.111676262148134e-07,4.058675033835613e-07,4.1227593764751226e-06,0.6666666666666666,0.6825817860300618,False,False,False,False
Euarchontoglires,MACSE,Euarchontoglires_MACSE,153,153,0.0006397555009207,0.0004817431989307,0.0019782220722051,0.6666666666666666,0.6825817860300618,False,False,False,False,ADD,other,0.9748608484399196,0.07264068130514452,0.9988123473062088,0.0006099564530726169,0.6323016066063543,3.193722222330468e-07,0.0004791193699533736,0.0019264591333541898,0.6666666666666666,0.6825817860300618,False,False,False,False
Euarchontoglires,MACSE,Euarchontoglires_MACSE,154,154,0.0090719942722339,0.0165180987247212,0.0408717058188614,0.6666666666666666,0.6825817860300618,False,False,False,False,ADD,other,0.6350815731208783,0.06645949858561274,0.9851565307932774,0.008153134643855123,0.289075277291871,1.034761386234189e-06,0.01613447805752211,0.037744900183051724,0.6666666666666666,0.6825817860300618,False,False,False,False
Euarchontoglires,MACSE,Euarchontoglires_MACSE,155,155,0.4168544294202805,0.7574041701009626,0.8377020334067954,0.5827641098079548,0.6825817860300618,False,False,False,False,ADD,other,0.8037286679875946,0.7380048139039441,0.4894489691299644,0.4209515804475046,0.3271998008314653,0.4124459009772214,0.7713531521286554,0.8458588543229005,0.5904685221317391,0.6825817860300618,False,False,False,False
Euarchontoglires,MACSE,Euarchontoglires_MACSE,156,156,2.4594960878024426e-10,1.1423473278426849e-10,5.5118258568409564e-09,0.6666666666666666,0.6825817860300618,False,False,False,False,ADD,other,3.430850408958793,0.02629455171386839,0.9999999998790716,2.482497618368998e-11,2.589280991090881,1.015529009775369e-06,1.08785203067896e-11,8.398217676841571e-10,0.6666666666666666,0.6825817860300618,False,False,False,False
Euarchontoglires,MACSE,Euarchontoglires_MACSE,157,157,1.851653100366136e-07,1.852884691233569e-07,2.1035690906357575e-06,0.6666666666666666,0.6825817860300618,False,False,False,False,ADD,other,2.705522313051779,0.02513650280644706,0.9999994751825845,1.93008404695133e-07,1.323249262450344,4.757109305093282e-07,2.136842852662468e-07,2.4259451209638605e-06,0.6666666666666666,0.6825817860300618,False,False,False,False
Euarchontoglires,MACSE,Euarchontoglires_MACSE,158,158,0.0001168192418978,0.0003575027974899,0.0015044171909361,0.6666666666666666,0.6825817860300618,False,False,False,False,ADD,other,3.075866451003773,0.5608999825724729,0.9996045035407319,0.0001292506755213396,1.95830838404572,0.2730744318182348,0.0003380283927614247,0.0014497662178434437,0.6666666666666666,0.6825817860300618,False,False,False,False
Euarchontoglires,MACSE,Euarchontoglires_MACSE,159,159,0.311719219212949,0.9136173822646516,0.9645225067831352,0.6432160689708052,0.6825817860300618,False,False,False,False,ADD,other,0.7613076418830932,0.665072555166257,0.5088449450555537,0.4145489792061435,0.2296685679607675,0.3361550282729536,0.7157294663498495,0.7984727572573465,0.5601820204567642,0.6825817860300618,False,False,False,False
Euarchontoglires,MACSE,Euarchontoglires_MACSE,160,160,0.0130625841408373,1.0,1.0,1.0,1.0,False,False,False,False,ADD,other,2.594616630252204,0.04783747161577957,0.9742974312522699,0.01178109673144762,0.0,0.0,1.0,1.0,1.0,1.0,False,False,False,False
Euarchontoglires,MACSE,Euarchontoglires_MACSE,161,161,8.108438767846278e-11,1.8194268314175588e-10,6.384534153883434e-09,0.6666666666666666,0.6825817860300618,False,False,False,False,ADD,other,5.562082587737041,0.1588660347996221,0.9999999999538922,2.223310941119426e-12,2.78279230800497,0.04369984154552777,6.478706460200101e-12,6.251951734093097e-10,0.6666666666666666,0.6825817860300618,False,False,False,False
Euarchontoglires,MACSE,Euarchontoglires_MACSE,162,162,0.3795785756145345,0.9261633834103628,0.9703915816780748,0.6666666666666666,0.6825817860300618,False,False,False,False,ADD,other,1.366341583525293,1.080464350064325,0.4266833574950861,0.4159840458620134,0.6150200480321695,0.7156970221652152,0.8113554285067073,0.8772638526711177,0.6176723539726852,0.6825817860300618,False,False,False,False
Euarchontoglires,MACSE,Euarchontoglires_MACSE,163,163,0.2278306962677481,0.7534494287276298,0.8357226422093825,0.6604416890826097,0.6825817860300618,False,False,False,False,ADD,other,1.420492665328861,0.8866959989076548,0.6676086478372145,0.2366507632159007,0.6749626904415478,0.5110646666314518,0.7070289507557442,0.7910526811354124,0.6535257136327465,0.6825817860300618,False,False,False,False
Euarchontoglires,MACSE,Euarchontoglires_MACSE,164,164,0.0325601779047927,0.0821590502220483,0.1434995175824012,0.6666666666666666,0.6825817860300618,False,False,False,False,ADD,other,0.4449269236684993,0.06314193365269842,0.9437891889167483,0.02969470231652117,0.1481776548771456,2.971007127843599e-08,0.08081401144938849,0.1444176315715924,0.6666666666666666,0.6825817860300618,False,False,False,False
Euarchontoglires,MACSE,Euarchontoglires_MACSE,165,165,0.0027535424551496,0.0414921594565517,0.0822163097574317,0.6666666666666666,0.6825817860300618,False,False,False,False,ADD,other,0.7987759563124872,0.02932021167339476,0.9929490492440446,0.002399527814396235,0.2523144688662929,4.678925707759161e-07,0.04125257842647267,0.08042169329605278,0.6666666666666666,0.6825817860300618,False,False,False,False
Euarchontoglires,MACSE,Euarchontoglires_MACSE,166,166,0.4004565888555275,0.6889615562361555,0.7798802366778769,0.5478689331177868,0.6825817860300618,False,False,False,False,ADD,other,0.4442186571204153,0.3777988094039582,0.5065000832983236,0.3990109886019539,0.112955164907524,0.1721931057587425,0.691418952248717,0.7813125028766891,0.5487206759200584,0.6825817860300618,False,False,False,False
Euarchontoglires,MACSE,Euarchontoglires_MACSE,167,167,0.000694423947412,0.004024234255972,0.0124268353824418,0.6666666666666666,0.6825817860300618,False,False,False,False,ADD,other,1.131910651632177,0.03219027711708372,0.99834452571884,0.0006057020666362053,0.5946728702749805,4.475997857624643e-08,0.003948943825090367,0.012002301704605365,0.6666666666666666,0.6825817860300618,False,False,False,False
Euarchontoglires,MACSE,Euarchontoglires_MACSE,168,168,1.365993035354176e-05,0.0001053141929241,0.0005279386814119,0.6666666666666666,0.6825817860300618,False,False,False,False,ADD,other,4.480760287639319,1.031469659505341,0.9999523773364991,2.915899554303065e-06,3.555927016780843,0.5676743317635391,3.375845191722071e-05,0.00018356168590791998,0.6666666666666666,0.6825817860300618,False,False,False,False
Euarchontoglires,MACSE,Euarchontoglires_MACSE,169,169,0.0007617984481401,0.0003585657553526,0.0015044171909361,0.4931536708786023,0.6825817860300618,False,False,False,False,ADD,other,2.785420664500357,0.3650124272876649,0.9994854473844825,0.0002350849465113432,2.011663759185542,0.1628495473280793,9.904728071652436e-05,0.00048395253615922027,0.4669406144165178,0.6825817860300618,False,False,False,False
Euarchontoglires,MACSE,Euarchontoglires_MACSE,170,170,0.0020753319492203,0.0679149782625293,0.1230759699968841,0.3997938117457488,0.6825817860300618,False,False,False,False,ADD,other,2.767980256547605,1.077215530650184,0.9926977818504317,0.001393959942325619,1.379212262476449,0.5595151690986606,0.04950414882378795,0.09506766888548333,0.5100485691655194,0.6825817860300618,False,False,False,False
Euarchontoglires,MACSE,Euarchontoglires_MACSE,171,171,0.2647201839915788,0.970109975568714,1.0,0.002729778938561,0.2107389340569151,False,False,False,False,ADD,other,0.8170412584171228,0.528483003152899,0.671735959291162,0.2643387820742668,0.2613422657355233,0.2498138530185191,0.9711644970529527,1.0,0.003993859190203231,0.3543148880242604,False,False,False,False
Euarchontoglires,MACSE,Euarchontoglires_MACSE,172,172,0.2855479129693274,0.8929795264887928,0.9469508165513022,0.1832264971744878,0.6825817860300618,False,False,False,False,ADD,other,0.8027464950146744,0.740196268492496,0.5027729024818748,0.3992948507893904,0.3707021546127455,0.4309351383567632,0.8217365535551184,0.8835384670536928,0.3762569067235073,0.6825817860300618,False,False,False,False
Euarchontoglires,MACSE,Euarchontoglires_MACSE,173,173,0.3833544433316675,0.6845757600899322,0.7771948335138642,0.5610393824764107,0.6825817860300618,False,False,False,False,ADD,other,1.149082983999438,1.013775014761687,0.4107704242765956,0.4142673065024682,0.5426149336591518,0.6746076886863153,0.7004553942729034,0.7871611060778083,0.5679063460447722,0.6825817860300618,False,False,False,False
Euarchontoglires,MACSE,Euarchontoglires_MACSE,174,174,0.0611695381762493,0.0795915343431081,0.140284622175524,0.6666666666666666,0.6825817860300618,False,False,False,False,linker,other,1.515222912111733,0.7885061653261767,0.8421806865985672,0.09227404398170573,0.9528007343315468,0.3999206073085214,0.1236999184505647,0.20581107121516368,0.6002015500326736,0.6825817860300618,False,False,False,False
Euarchontoglires,MACSE,Euarchontoglires_MACSE,175,175,0.0103521652764159,0.0193839763627937,0.0467638429752399,0.6666666666666666,0.6825817860300618,False,False,False,False,linker,other,1.468067213087974,0.4870941939856753,0.9774775248995898,0.01164860877177543,0.8967641923495273,0.2467674494609538,0.02066593009953932,0.0463781919675708,0.6666666666666666,0.6825817860300618,False,False,False,False
Euarchontoglires,MACSE,Euarchontoglires_MACSE,176,176,0.245099102252536,0.9276541285989888,0.9703915816780748,0.2454999560771226,0.6825817860300618,False,False,False,False,linker,other,1.203072519520272,0.9393469727831453,0.5686361730466227,0.2691650505930489,0.6720290176800088,0.6339145687044009,0.9218107947934792,0.9658744237311886,0.2881873837795148,0.6825817860300618,False,False,False,False
Euarchontoglires,MACSE,Euarchontoglires_MACSE,177,177,0.0079648337540713,0.0116412568665411,0.0303616564221951,0.6666666666666666,0.6825817860300618,False,False,False,False,linker,other,2.46965053364773,0.455695602417602,0.9883824606081704,0.006808987300760214,1.481795185278003,0.2120484374798575,0.009994241274838944,0.025718514213918884,0.6666666666666666,0.6825817860300618,False,False,False,False
Euarchontoglires,MACSE,Euarchontoglires_MACSE,178,178,0.0798213053066132,0.0971540435278336,0.165935667264353,0.6666666666666666,0.6825817860300618,False,False,False,False,C_terminal_MTase_like,other,2.277705066057738,0.6283143677308197,0.897089778671913,0.0766731376580759,1.920486529578393,0.3072718511589682,0.09358737858255606,0.16369141755852848,0.6666666666666666,0.6825817860300618,False,False,False,False
Euarchontoglires,MACSE,Euarchontoglires_MACSE,179,179,3.152734371895325e-05,1.062987232891555e-05,6.726443801576069e-05,0.6666666666666666,0.6825817860300618,False,False,False,False,C_terminal_MTase_like,other,4.173707354493809,0.2454974478488911,0.9999860254725761,5.540181593851231e-06,3.265581074394642,0.09158990767914518,1.188595573187179e-06,8.996037083338257e-06,0.6666666666666666,0.6825817860300618,False,False,False,False
Euarchontoglires,MACSE,Euarchontoglires_MACSE,180,180,0.0227344359905302,0.0375679945763536,0.0775467695533288,0.6666666666666666,0.6825817860300618,False,False,False,False,C_terminal_MTase_like,other,1.802465023916902,0.4858792589605326,0.9826096105479571,0.009121412908920627,0.9450378946924045,0.2186569413542013,0.01204847220787841,0.02962235842191762,0.6666666666666666,0.6825817860300618,False,False,False,False
Euarchontoglires,MACSE,Euarchontoglires_MACSE,181,181,4.280871523681199e-07,7.256504276353937e-07,7.002526626681549e-06,0.6666666666666666,0.6825817860300618,False,False,False,False,C_terminal_MTase_like,other,2.812169497187472,0.2073467225427853,0.9999997698185062,5.634801845261023e-08,1.622129650594397,0.07255565448381468,1.000358773595167e-07,1.2456080213152726e-06,0.6666666666666666,0.6825817860300618,False,False,False,False
Euarchontoglires,MACSE,Euarchontoglires_MACSE,182,182,0.0098119289831637,0.0186194342552716,0.0454879849527523,0.6666666666666666,0.6825817860300618,False,False,False,False,C_terminal_MTase_like,other,1.307072683934468,0.2774821102743196,0.990600605609822,0.005093286063316672,0.7813206662779899,0.1041434514451817,0.007761571250353705,0.02139976073311807,0.4064299942900449,0.6825817860300618,False,False,False,False
Euarchontoglires,MACSE,Euarchontoglires_MACSE,183,183,1.485958334376596e-08,6.140541752852613e-08,8.465175416432531e-07,0.6666666666666666,0.6825817860300618,False,False,False,False,C_terminal_MTase_like,other,2.808813463011315,0.2745064755733906,0.9999994452363782,9.4225800721779e-08,1.667880620396786,0.1238714895389567,4.847548535913404e-07,4.56378959722579e-06,0.6666666666666666,0.6825817860300618,False,False,False,False
Euarchontoglires,MACSE,Euarchontoglires_MACSE,184,184,0.0036655967308066,0.0098094609076017,0.0262948049328767,0.6666666666666666,0.6825817860300618,False,False,False,False,C_terminal_MTase_like,other,2.639540100748688,0.6098287911374087,0.9969057348620357,0.001046368779059786,1.39393804073621,0.2978890122459892,0.003529665087208533,0.010987505835987852,0.6666666666666666,0.6825817860300618,False,False,False,False
Euarchontoglires,MACSE,Euarchontoglires_MACSE,185,185,0.1008752894081113,0.8745244403896398,0.9325039612994502,0.6241693271919144,0.6825817860300618,False,False,False,False,C_terminal_MTase_like,other,2.115109021713952,0.2768898785834666,0.8758366572859416,0.09558425756341797,0.007880474793607407,0.1084811085550803,0.8777222622732859,0.9307714099930998,0.6254286923628213,0.6825817860300618,False,False,False,False
Euarchontoglires,MACSE,Euarchontoglires_MACSE,186,186,0.0013186993514313,0.0036077575115233,0.0114147081921967,0.6666666666666666,0.6825817860300618,False,False,False,False,C_terminal_MTase_like,other,1.699603565083365,0.2025435695030239,0.9971445989866631,0.001392438423682938,0.8896890350601699,0.07173079728891898,0.004057375024364762,0.012175478128775655,0.6666666666666666,0.6825817860300618,False,False,False,False
Euarchontoglires,MACSE,Euarchontoglires_MACSE,187,187,0.1113485174814473,0.5038589263496738,0.6193934572324016,0.6245795331081199,0.6825817860300618,False,False,False,False,C_terminal_MTase_like,other,0.4720978153646839,0.1982013530638938,0.817115636693208,0.1090707633271621,0.1435103041693391,0.0724143794392624,0.5033097884295091,0.6071174322930954,0.618082516960027,0.6825817860300618,False,False,False,False
Euarchontoglires,MACSE,Euarchontoglires_MACSE,188,188,0.2613766081609223,0.7642295408791855,0.8428360079410445,0.6666666666666666,0.6825817860300618,False,False,False,False,C_terminal_MTase_like,other,1.179903146929709,0.8185852924945015,0.6073299278327168,0.3031471554929833,0.5242132807339857,0.4595827823886325,0.873652244942937,0.9307714099930998,0.6666666666666666,0.6825817860300618,False,False,False,False
Euarchontoglires,MACSE,Euarchontoglires_MACSE,189,189,1.150804489851871e-06,5.953007860215465e-06,4.255298211191055e-05,0.6666666666666666,0.6825817860300618,False,False,False,False,C_terminal_MTase_like,other,2.781240670271723,0.2117056696998339,0.9999993747644539,1.459433906758478e-07,1.330338328841534,0.08074243303384854,9.996117404931226e-07,8.209577272986072e-06,0.6666666666666666,0.6825817860300618,False,False,False,False
Euarchontoglires,MACSE,Euarchontoglires_MACSE,190,190,0.325328311598039,0.7964995323454998,0.8625255494706953,0.6331089879879496,0.6825817860300618,False,False,False,False,C_terminal_MTase_like,other,2.103192389229978,1.522985922190321,0.6234344887791222,0.2753731795993188,0.8768982223415965,1.005373274459044,0.8037384180943399,0.8750932450322502,0.6259355696862418,0.6825817860300618,False,False,False,False
Euarchontoglires,MACSE,Euarchontoglires_MACSE,191,191,0.0003100323119758,0.0007082957610111,0.0027616380176799,0.6666666666666666,0.6825817860300618,False,False,False,False,C_terminal_MTase_like,other,2.26905245677466,0.3937177361414413,0.9975111995159224,0.001055609241991066,1.058491388774134,0.18486503843945,0.002403010640297798,0.007860695823347034,0.6666666666666666,0.6825817860300618,False,False,False,False
Euarchontoglires,MACSE,Euarchontoglires_MACSE,192,192,0.0067607326902822,0.0292807406404888,0.0638551745041168,0.6666666666666666,0.6825817860300618,False,False,False,False,C_terminal_MTase_like,other,0.6291693617531058,0.04716703561477918,0.9866453344472517,0.006106337402885052,0.2338524634347115,5.95679906985318e-08,0.02940300353389125,0.06201945007695094,0.6666666666666666,0.6825817860300618,False,False,False,False
Euarchontoglires,MACSE,Euarchontoglires_MACSE,193,193,0.0040968528710554,0.0065236424158359,0.0186527849815752,0.6666666666666666,0.6825817860300618,False,False,False,False,C_terminal_MTase_like,other,0.7346089007557093,0.06716927100722674,0.993047889227113,0.00380259879589231,0.3725331392184714,7.520156864440364e-07,0.006534439168618067,0.018546275875636575,0.6666666666666666,0.6825817860300618,False,False,False,False
Euarchontoglires,MACSE,Euarchontoglires_MACSE,194,194,0.0553563676842299,0.1234249027802528,0.2040504952636762,0.6666666666666666,0.6825817860300618,False,False,False,False,C_terminal_MTase_like,other,1.0795317147173,0.5713001733809558,0.8757409127048298,0.08068677424664433,0.6728258830735807,0.2907657534410113,0.1769171146355296,0.26761891944777827,0.3932950954015535,0.6825817860300618,False,False,False,False
Euarchontoglires,MACSE,Euarchontoglires_MACSE,195,195,0.000273562377112,0.0005063926170236,0.002038351805193,0.6666666666666666,0.6825817860300618,False,False,False,False,C_terminal_MTase_like,other,0.8798646337767101,0.04531855860087098,0.9994079735616958,0.0002615971486659682,0.5190788146715123,2.384668768206951e-06,0.0005381896026942501,0.0021198080269385767,0.6666666666666666,0.6825817860300618,False,False,False,False
Euarchontoglires,MACSE,Euarchontoglires_MACSE,196,196,6.955516521825316e-06,2.578915044182395e-06,2.0473542215149636e-05,0.6666666666666666,0.6825817860300618,False,False,False,False,C_terminal_MTase_like,other,1.9589381782881,0.03446504836329907,0.999982366447674,7.018556013455177e-06,1.076779544088392,2.297368997892256e-07,2.597555805561313e-06,1.8230118926303033e-05,0.6666666666666666,0.6825817860300618,False,False,False,False
Euarchontoglires,MACSE,Euarchontoglires_MACSE,197,197,0.1584482161855295,0.4149771084942164,0.5310985996211448,0.6666666666666666,0.6825817860300618,False,False,False,False,C_terminal_MTase_like,other,1.098615121979833,0.7353188737927066,0.7467972508113289,0.1690309287178488,0.6441514724330224,0.4029048618950055,0.4246903891707288,0.5339755381755743,0.6666666666666666,0.6825817860300618,False,False,False,False
Euarchontoglires,MACSE,Euarchontoglires_MACSE,198,198,0.354573031799322,0.8843050345130397,0.9403353810524334,0.6666666666666666,0.6825817860300618,False,False,False,False,C_terminal_MTase_like,other,0.865657386737348,0.7763494567139819,0.4921222443939603,0.4125717141511011,0.4251342967376366,0.4252013825090767,0.9990602870768756,1.0,0.6666666666666666,0.6825817860300618,False,False,False,False
Euarchontoglires,MACSE,Euarchontoglires_MACSE,199,199,1.731948375961731e-05,1.373084519562529e-05,8.548558460502197e-05,0.6666666666666666,0.6825817860300618,False,False,False,False,C_terminal_MTase_like,other,2.042962770181176,0.02869148173953658,0.9999875583994853,4.684610875439049e-06,1.053899490338994,2.037316452292092e-05,2.909621211411029e-06,2.0055603350083165e-05,0.6666666666666666,0.6825817860300618,False,False,False,False
Euarchontoglires,MACSE,Euarchontoglires_MACSE,200,200,0.7045608134230632,0.2264603487045352,0.3286229120298894,0.2446319671114695,0.6825817860300618,False,False,False,False,C_terminal_MTase_like,other,0.7220808707791783,0.9827223396333366,0.1876426264873458,0.719187558406479,0.1961574974171129,0.6145546227453715,0.2107660507100216,0.303566028261449,0.1636557012343886,0.6825817860300618,False,False,False,False
Euarchontoglires,MACSE,Euarchontoglires_MACSE,201,201,0.1845651665450129,0.5939380713361823,0.6968391961573445,0.1759765892382577,0.6825817860300618,False,False,False,False,C_terminal_MTase_like,other,0.7969146539965827,0.4286501503754623,0.8465196202177199,0.1043093289074405,0.3622683949564136,0.1809936207621751,0.3140485951968995,0.42237894685018534,0.2068667808664627,0.6825817860300618,False,False,False,False
Euarchontoglires,MACSE,Euarchontoglires_MACSE,202,202,0.0021861776996165,0.0074886234022013,0.0207957455629476,0.6666666666666666,0.6825817860300618,False,False,False,False,C_terminal_MTase_like,other,1.252974448105481,0.1550260964510637,0.995173271340324,0.002289550626258002,0.6845326014261727,0.04023221186591881,0.00847790138422222,0.022324367339477017,0.6666666666666666,0.6825817860300618,False,False,False,False
Euarchontoglires,MACSE,Euarchontoglires_MACSE,203,203,0.0004167622371005,0.0002877823190898,0.0012916741298685,0.6666666666666666,0.6825817860300618,False,False,False,False,C_terminal_MTase_like,other,1.051813362520216,0.07827849808067928,0.9993796978033352,0.0002953857081822075,0.6747133851448106,2.418432485527242e-07,0.0002012876463438618,0.0009140827233968313,0.6666666666666666,0.6825817860300618,False,False,False,False
Euarchontoglires,MACSE,Euarchontoglires_MACSE,204,204,0.0325664218131463,0.1393820650312969,0.2260566264793302,0.6666666666666666,0.6825817860300618,False,False,False,False,C_terminal_MTase_like,other,2.308979004687243,1.007719423521396,0.9120251754390057,0.0423361199382558,1.112920550231967,0.5185979701889316,0.1631423421791586,0.2549511906119645,0.6666666666666666,0.6825817860300618,False,False,False,False
Euarchontoglires,MACSE,Euarchontoglires_MACSE,205,205,7.165759845777903e-05,2.439677262489059e-05,0.0001426841550486,0.6666666666666666,0.6825817860300618,False,False,False,False,C_terminal_MTase_like,other,1.886706775267239,0.1896692715837313,0.9997885312423161,8.56982334781356e-05,1.130767178659372,0.06407385888639366,3.376393704523917e-05,0.00018356168590791998,0.6666666666666666,0.6825817860300618,False,False,False,False
Euarchontoglires,MACSE,Euarchontoglires_MACSE,206,206,6.18443236393449e-05,2.917160680648845e-05,0.0001680632869746,0.6666666666666666,0.6825817860300618,False,False,False,False,C_terminal_MTase_like,other,2.25099807895678,0.06393678620185532,0.999921083898749,3.144195746824924e-05,1.099007593116192,6.119531259133151e-06,1.342172773965977e-05,7.997179517598667e-05,0.6666666666666666,0.6825817860300618,False,False,False,False
Euarchontoglires,MACSE,Euarchontoglires_MACSE,207,207,0.0004459097247807,0.0011199855033029,0.0042803406363855,0.6666666666666666,0.6825817860300618,False,False,False,False,C_terminal_MTase_like,other,0.8401626378647074,0.03842488158824726,0.9989751993785022,0.0004130411951648815,0.4779554929092232,5.237735109679557e-07,0.001167248394919218,0.004250546041875643,0.6666666666666666,0.6825817860300618,False,False,False,False
Euarchontoglires,MACSE,Euarchontoglires_MACSE,208,208,0.0001345111687327,0.0001370502754199,0.0006567809412564,0.6666666666666666,0.6825817860300618,False,False,False,False,C_terminal_MTase_like,other,1.128123424993757,0.04005891249403942,0.9998172735497588,7.477892391228699e-05,0.7728310424620549,2.390806365337145e-08,6.44153662029412e-05,0.00032291339421214673,0.6666666666666666,0.6825817860300618,False,False,False,False
Euarchontoglires,MACSE,Euarchontoglires_MACSE,209,209,0.0032635669552587,0.0042537596990051,0.0130313590779045,0.6666666666666666,0.6825817860300618,False,False,False,False,C_terminal_MTase_like,other,1.750016507548859,0.3669717537909405,0.9919487809483741,0.003649653887434306,1.007163511400616,0.1415784475561166,0.004069006939409481,0.012175478128775655,0.6666666666666666,0.6825817860300618,False,False,False,False
Euarchontoglires,MACSE,Euarchontoglires_MACSE,210,210,0.0664917294761451,0.2521779077454802,0.354653890213024,0.6666666666666666,0.6825817860300618,False,False,False,False,C_terminal_MTase_like,other,0.7273035039271387,0.2932796988638404,0.8970751646030436,0.06564607756875765,0.3070975238360062,0.1176317155666611,0.255723195210442,0.3563507341199661,0.6666666666666666,0.6825817860300618,False,False,False,False
Euarchontoglires,MACSE,Euarchontoglires_MACSE,211,211,0.000475243575746,0.0141282958781304,0.0356439360062637,0.5632287133937387,0.6825817860300618,False,False,False,False,C_terminal_MTase_like,other,2.851063130626517,1.202842250819413,0.9982149262392479,0.0001954207962152383,2.326025210225213,0.7614657946034812,0.01050479816243421,0.026831999389256664,0.6666666666666666,0.6825817860300618,False,False,False,False
Euarchontoglires,MACSE,Euarchontoglires_MACSE,212,212,0.0079920323670747,0.0102227118240929,0.027213563890344,0.6666666666666666,0.6825817860300618,False,False,False,False,C_terminal_MTase_like,other,1.268996701880502,0.401508477405941,0.9837489439610039,0.008417254323942528,0.8050614329996959,0.1726550144120828,0.01056596867141713,0.026831999389256664,0.6666666666666666,0.6825817860300618,False,False,False,False
Euarchontoglires,MACSE,Euarchontoglires_MACSE,213,213,0.0031741023212823,0.006098099699908,0.0176982442418383,0.1515475987041487,0.6825817860300618,False,False,False,False,C_terminal_MTase_like,other,2.326124325504357,0.5220664461689455,0.9958472285319797,0.001457256951268529,1.163906731343529,0.2660431273244294,0.002848396793705299,0.009012140675165946,0.129859414623386,0.6825817860300618,False,False,False,False
Euarchontoglires,MACSE,Euarchontoglires_MACSE,214,214,0.1888553568257227,0.8299050018998695,0.8873776474608023,0.0473894066525203,0.6825817860300618,False,False,False,False,C_terminal_MTase_like,other,2.583026738959706,1.188267521280153,0.9050952361556477,0.04641475653645251,1.217248502302108,0.7706367774580691,0.4339762259284803,0.5403703974464302,0.1825939858787075,0.6825817860300618,False,False,False,False
Euarchontoglires,MACSE,Euarchontoglires_MACSE,215,215,0.0022761179916187,0.2063521990039209,0.3040150718149368,0.6666666666666666,0.6825817860300618,False,False,False,False,C_terminal_MTase_like,other,2.751433302384873,1.168791646631473,0.9834442644039152,0.003294559765959569,1.189937329410944,0.6956879721919136,0.1932359228799365,0.28746619087610653,0.6666666666666666,0.6825817860300618,False,False,False,False
Euarchontoglires,MACSE,Euarchontoglires_MACSE,216,216,0.0024132622228854,0.0043434771610916,0.0132014345211131,0.6666666666666666,0.6825817860300618,False,False,False,False,C_terminal_MTase_like,other,1.441331049838234,0.4211265913667352,0.9908245294740771,0.004051009817475362,0.8077659295174273,0.1864302034754844,0.00802651625476114,0.021665980939425178,0.6666666666666666,0.6825817860300618,False,False,False,False
Euarchontoglires,MACSE,Euarchontoglires_MACSE,217,217,0.0002995537956126,0.0053287402389466,0.0159449126529722,0.6666666666666666,0.6825817860300618,False,False,False,False,C_terminal_MTase_like,other,2.753617945163088,0.8336617071689574,0.997573538593959,0.0004670014282819602,1.327363574292253,0.389909351144841,0.005960780234163465,0.017043416076941462,0.6666666666666666,0.6825817860300618,False,False,False,False
Euarchontoglires,MACSE,Euarchontoglires_MACSE,218,218,0.8363244643814596,0.0884824814216658,0.1531580171693408,0.0651077314501114,0.6825817860300618,False,False,False,False,C_terminal_MTase_like,other,0.1862017776683771,0.524227510479746,0.1096990838824411,0.8449033284410165,4.32098258277381e-06,0.2711316857437703,0.08547895829845054,0.15066165516996893,0.05959270425723551,0.6825817860300618,False,False,False,False
Euarchontoglires,MACSE,Euarchontoglires_MACSE,219,219,0.0295144335778784,0.059291307688451,0.1091539589654777,0.6666666666666666,0.6825817860300618,False,False,False,False,C_terminal_MTase_like,other,2.125793647837545,0.7247633533384837,0.9365461716843069,0.03846500736118526,1.185179762728815,0.3494498730985025,0.07059579583695885,0.12914681134154557,0.6666666666666666,0.6825817860300618,False,False,False,False
Euarchontoglires,MACSE,Euarchontoglires_MACSE,220,220,4.890255815305721e-05,1.705861390988161e-05,0.0001028847651439,0.6666666666666666,0.6825817860300618,False,False,False,False,C_terminal_MTase_like,other,3.388527615188517,0.4196430834693035,0.9998742911863746,4.814526469739921e-05,2.677059593239552,0.1991788115826774,1.673807198854238e-05,9.789236041783877e-05,0.6666666666666666,0.6825817860300618,False,False,False,False
Euarchontoglires,MACSE,Euarchontoglires_MACSE,221,221,0.0337214486066714,0.0915706385410557,0.1577958324859264,0.6666666666666666,0.6825817860300618,False,False,False,False,C_terminal_MTase_like,other,1.493995339869366,0.753903952836328,0.8826752851685872,0.05628404350597692,0.8935080460715729,0.4161686663428559,0.1624766673869231,0.25494306346078177,0.3034392404086452,0.6825817860300618,False,False,False,False
Euarchontoglires,MACSE,Euarchontoglires_MACSE,222,222,0.1041597032596745,0.2109568140902025,0.3096172252426546,0.6666666666666666,0.6825817860300618,False,False,False,False,C_terminal_MTase_like,other,1.775691879298288,0.8204704449513657,0.8761314346001245,0.06993021554902032,0.9588992053920692,0.4151960386618894,0.1440470686312398,0.23167570204857738,0.6666666666666666,0.6825817860300618,False,False,False,False
Euarchontoglires,MACSE,Euarchontoglires_MACSE,223,223,8.145729941147956e-09,8.481546576177833e-10,2.1825846522697623e-08,0.6666666666666666,0.6825817860300618,False,False,False,False,C_terminal_MTase_like,other,3.300118574276833,0.1682282866943308,0.99999997654905,5.323590355748629e-09,2.546638235969518,0.03831566560557863,4.163670519474749e-10,1.1479834432266095e-08,0.6666666666666666,0.6825817860300618,False,False,False,False
Euarchontoglires,MACSE,Euarchontoglires_MACSE,224,224,0.1169628450084499,0.4213813856349943,0.5350434699181177,0.0754532641059987,0.6825817860300618,False,False,False,False,C_terminal_MTase_like,other,0.6162168875186915,0.2692494314216536,0.8318338769890209,0.1139866785189508,0.235215318290156,0.1029424935481357,0.4182867349102853,0.5321833720422011,0.066844367130932,0.6825817860300618,False,False,False,False
Euarchontoglires,MACSE,Euarchontoglires_MACSE,225,225,2.072212718345496e-05,3.506281885645723e-05,0.0001961485228781,0.2872840005202351,0.6825817860300618,False,False,False,False,C_terminal_MTase_like,other,2.124658975954675,0.2037150839201736,0.9999395955590137,2.16141736199316e-05,0.9604423442313696,0.0732651527417241,2.992147065439266e-05,0.00016738677786370387,0.251011726293179,0.6825817860300618,False,False,False,False
Euarchontoglires,MACSE,Euarchontoglires_MACSE,226,226,0.0091177827984256,0.0069781300403635,0.0196610087268636,0.6666666666666666,0.6825817860300618,False,False,False,False,C_terminal_MTase_like,other,2.468540929958297,0.565886379212569,0.9920751517627687,0.003825263826878403,1.592577429842769,0.2687216510084329,0.002557215948360558,0.008225711300559794,0.6666666666666666,0.6825817860300618,False,False,False,False
Euarchontoglires,MACSE,Euarchontoglires_MACSE,227,227,0.0013026553952994,0.0188607851008256,0.0457878179177277,0.6666666666666666,0.6825817860300618,False,False,False,False,C_terminal_MTase_like,other,2.713013810213662,0.7847458405324274,0.9963839996338225,0.0008386914168764468,1.327405013863562,0.3719850735250144,0.008330898281115995,0.022289950807552472,0.6666666666666666,0.6825817860300618,False,False,False,False
Euarchontoglires,MACSE,Euarchontoglires_MACSE,228,228,0.0061319802055524,0.0267503403520023,0.059685730496375,0.6666666666666666,0.6825817860300618,False,False,False,False,C_terminal_MTase_like,other,0.6495732923202739,0.04732446012816123,0.9879970183270892,0.005491338249839082,0.2494075327457426,7.038147165572012e-09,0.02664649364236626,0.05652720710485862,0.6666666666666666,0.6825817860300618,False,False,False,False
Euarchontoglires,MACSE,Euarchontoglires_MACSE,229,229,4.56120258596276e-06,7.984523609727567e-06,5.302832831302664e-05,0.6666666666666666,0.6825817860300618,False,False,False,False,C_terminal_MTase_like,other,2.417687754980883,0.02393569531242325,0.9999970811077795,1.085954427049845e-06,1.069869358508911,3.258553658794521e-06,1.709349053635734e-06,1.2449221409497989e-05,0.6666666666666666,0.6825817860300618,False,False,False,False
Euarchontoglires,MACSE,Euarchontoglires_MACSE,230,230,0.0278025956924596,0.1582543025425537,0.2473123918276345,0.6666666666666666,0.6825817860300618,False,False,False,False,C_terminal_MTase_like,other,0.5766327385641202,0.1396720546068304,0.9394664504310851,0.02862873885750582,0.1855134627866423,0.03610769182604085,0.1666526008107391,0.25834499563431845,0.6666666666666666,0.6825817860300618,False,False,False,False
Euarchontoglires,MACSE,Euarchontoglires_MACSE,231,231,8.668264875812169e-07,2.490842018199046e-07,2.6707361639578656e-06,0.6666666666666666,0.6825817860300618,False,False,False,False,C_terminal_MTase_like,other,2.965034224322332,0.2837979756993307,0.9999980912193518,4.949286941785448e-07,2.282268689145066,0.1153016822158029,1.360375173620199e-07,1.5912267182345358e-06,0.6666666666666666,0.6825817860300618,False,False,False,False
Euarchontoglires,MACSE,Euarchontoglires_MACSE,232,232,0.0447315434607917,0.189916303357748,0.284138345333685,0.6666666666666666,0.6825817860300618,False,False,False,False,C_terminal_MTase_like,other,0.6592203941809393,0.1839489573857002,0.927030096911424,0.04265940885841858,0.2445784866787081,0.05179568365378669,0.1891670920915479,0.28301743235402127,0.6666666666666666,0.6825817860300618,False,False,False,False
Euarchontoglires,MACSE,Euarchontoglires_MACSE,233,233,9.432120834750768e-06,5.645366169759747e-06,4.111530833070306e-05,0.6666666666666666,0.6825817860300618,False,False,False,False,C_terminal_MTase_like,other,3.488568572866072,0.2279335992890568,0.9999763486930584,1.011745773281213e-05,2.347558625521309,0.08186755982649484,6.088867506526263e-06,3.917171429198563e-05,0.6666666666666666,0.6825817860300618,False,False,False,False
Euarchontoglires,MACSE,Euarchontoglires_MACSE,234,234,0.0364230608551411,0.4594616316018547,0.5739553067906664,0.6666666666666666,0.6825817860300618,False,False,False,False,C_terminal_MTase_like,other,2.202538608422588,1.150506793324477,0.7668520619699282,0.1223263883729779,0.8559603202407757,0.7180891170226078,0.7408601132631754,0.814735053332153,0.6666666666666666,0.6825817860300618,False,False,False,False
Euarchontoglires,MACSE,Euarchontoglires_MACSE,235,235,0.0130625841408373,1.0,1.0,1.0,1.0,False,False,False,False,C_terminal_MTase_like,other,2.594616630252204,0.04783747161577957,0.9742974312522699,0.01178109673144762,0.0,0.0,1.0,1.0,1.0,1.0,False,False,False,False
Euarchontoglires,MACSE,Euarchontoglires_MACSE,236,236,1.396543574306227e-06,7.906318133521495e-07,7.332846592404751e-06,0.6666666666666666,0.6825817860300618,False,False,False,False,C_terminal_MTase_like,other,2.427074181520501,0.02897614702854234,0.9999960576219059,1.506962535041963e-06,1.170594931157671,2.370768253310541e-06,8.795572774555893e-07,7.544646868841277e-06,0.6666666666666666,0.6825817860300618,False,False,False,False
Euarchontoglires,MACSE,Euarchontoglires_MACSE,237,237,2.771372767188588e-08,2.924499165057881e-08,4.1856977108213883e-07,0.6666666666666666,0.6825817860300618,False,False,False,False,C_terminal_MTase_like,other,2.749278830331901,0.01876590256128555,0.9999999488773704,1.630265725956196e-08,1.458935110680553,1.308128411403188e-09,2.066022042335192e-08,2.848158958362086e-07,0.6666666666666666,0.6825817860300618,False,False,False,False
Euarchontoglires,MACSE,Euarchontoglires_MACSE,238,238,1.153899238714543e-07,2.9278196422843912e-08,4.1856977108213883e-07,0.6666666666666666,0.6825817860300618,False,False,False,False,C_terminal_MTase_like,other,2.850198915606463,0.1772111316989702,0.9999989570425507,3.377819436404969e-07,2.01000649847611,0.04191200055674911,7.750524577687656e-08,9.972341623291451e-07,0.6666666666666666,0.6825817860300618,False,False,False,False
Euarchontoglires,MACSE,Euarchontoglires_MACSE,239,239,0.0003456925533498,0.0003155948079135,0.0013843135892571,0.6666666666666666,0.6825817860300618,False,False,False,False,C_terminal_MTase_like,other,2.129538783311279,0.2117596998387625,0.9990021482924137,0.0004754255754279183,1.352486159956817,0.0756625531419718,0.0004660950129732333,0.0019240598598909806,0.6666666666666666,0.6825817860300618,False,False,False,False
Euarchontoglires,MACSE,Euarchontoglires_MACSE,240,240,7.500961125351981e-07,6.865252436538682e-07,6.794839591035722e-06,0.6666666666666666,0.6825817860300618,False,False,False,False,C_terminal_MTase_like,other,2.810190211161164,0.2006419242915865,0.999997697222563,6.224967823454334e-07,1.840385359281096,0.05286668726634197,4.56650186664298e-07,4.519665950062026e-06,0.6666666666666666,0.6825817860300618,False,False,False,False
Euarchontoglires,MACSE,Euarchontoglires_MACSE,241,241,0.3470965662770134,0.9826906397137708,1.0,0.6666666666666666,0.6825817860300618,False,False,False,False,C_terminal_MTase_like,other,0.8718559991310335,0.7797218892932111,0.529032312652888,0.3612997329620606,0.4572201590425219,0.4657604402773743,0.9743370637389898,1.0,0.6666666666666666,0.6825817860300618,False,False,False,False
Euarchontoglires,MACSE,Euarchontoglires_MACSE,242,242,5.523786314580733e-10,1.5790735385934338e-10,6.095223858970655e-09,0.6666666666666666,0.6825817860300618,False,False,False,False,C_terminal_MTase_like,other,6.718433968166886,0.2364680127882913,0.9999999965630075,3.397324777840691e-10,4.377198269067938,0.09174674807930264,8.260248041125351e-11,2.898596130794896e-09,0.6666666666666666,0.6825817860300618,False,False,False,False
Euarchontoglires,MACSE,Euarchontoglires_MACSE,243,243,0.0003671248647331,0.0007968556641217,0.0030758628635101,0.6666666666666666,0.6825817860300618,False,False,False,False,C_terminal_MTase_like,other,0.8744310013202167,0.03862094093907178,0.9991707517758297,0.0003341392680638559,0.5224188618798762,5.025899069875879e-09,0.0008323549582262002,0.0031810793453001317,0.6666666666666666,0.6825817860300618,False,False,False,False
Euarchontoglires,MACSE,Euarchontoglires_MACSE,244,244,2.512123540437928e-09,2.329041837167978e-08,3.745875621445165e-07,0.6666666666666666,0.6825817860300618,False,False,False,False,C_terminal_MTase_like,other,3.497480432398653,0.2486350899304956,0.9999999772957706,1.881288492347586e-09,2.386189564695651,0.09992642685550608,1.370825652990959e-08,2.2047445918937925e-07,0.6666666666666666,0.6825817860300618,False,False,False,False
Euarchontoglires,MACSE,Euarchontoglires_MACSE,245,245,2.59823521985668e-08,2.905257256990978e-08,4.1856977108213883e-07,0.6666666666666666,0.6825817860300618,False,False,False,False,C_terminal_MTase_like,other,2.70381671680044,0.0187234829765549,0.9999999550050513,1.346667129714643e-08,1.164193566536204,6.967640405311002e-09,1.730497134477815e-08,2.569122668878602e-07,0.6666666666666666,0.6825817860300618,False,False,False,False
Euarchontoglires,MACSE,Euarchontoglires_MACSE,246,246,0.0067592274593332,0.011324519573964,0.0297364935751709,0.2475358604262544,0.6825817860300618,False,False,False,False,C_terminal_MTase_like,other,1.972527436680945,0.4551243390677767,0.9885860901760346,0.005829418689871797,1.05401813506198,0.2229352551557339,0.009155332365440527,0.023878096574730022,0.2373615201469765,0.6825817860300618,False,False,False,False
Euarchontoglires,MACSE,Euarchontoglires_MACSE,247,247,0.0604187698461248,0.1466744220624152,0.2329889996547006,0.6666666666666666,0.6825817860300618,False,False,False,False,C_terminal_MTase_like,other,1.084046353746041,0.616826358249524,0.8671962041264476,0.08353710246258356,0.688399902509657,0.3362354168568105,0.2019410187601047,0.2952622471265167,0.6666666666666666,0.6825817860300618,False,False,False,False
Euarchontoglires,MACSE,Euarchontoglires_MACSE,248,248,0.1629831117609378,0.7307598868090959,0.8152407985789335,0.6666666666666666,0.6825817860300618,False,False,False,False,C_terminal_MTase_like,other,1.433426635687359,0.940416898981867,0.7235620796793019,0.1133755872711803,0.8256509851491936,0.6219289988005481,0.5436161730081124,0.6436682293899736,0.6666666666666666,0.6825817860300618,False,False,False,False
Euarchontoglires,MACSE,Euarchontoglires_MACSE,249,249,0.0660571367291099,0.1673584434086155,0.2573719488275919,0.6666666666666666,0.6825817860300618,False,False,False,False,C_terminal_MTase_like,other,0.8661791773146974,0.3970973236469825,0.8990020995995736,0.06627683005271501,0.4747086003994329,0.1717861051528048,0.1680827717025812,0.2595197995087854,0.6666666666666666,0.6825817860300618,False,False,False,False
Euarchontoglires,MACSE,Euarchontoglires_MACSE,250,250,0.0090351869287706,0.0500401244518796,0.0970627539619374,0.6395915237858002,0.6825817860300618,False,False,False,False,C_terminal_MTase_like,other,2.656687272094297,1.166344433360985,0.9414152271549853,0.02729214692722447,1.597695301343903,0.6973099065567461,0.1756729604729305,0.26761891944777827,0.4698011497240358,0.6825817860300618,False,False,False,False
Euarchontoglires,MACSE,Euarchontoglires_MACSE,251,251,0.7044517960966246,0.2415311640844869,0.3453001086541183,0.2580475152352047,0.6825817860300618,False,False,False,False,C_terminal_MTase_like,other,0.7321381573409239,0.8115079313471134,0.3477958056515945,0.5501137492384778,0.3380254334427503,0.4951387650774174,0.550727676352551,0.6481124483905022,0.474047329372032,0.6825817860300618,False,False,False,False
Euarchontoglires,MACSE,Euarchontoglires_MACSE,252,252,0.0275787726735198,0.0545304740636528,0.1026768926271707,0.6666666666666666,0.6825817860300618,False,False,False,False,C_terminal_MTase_like,other,1.972393132138364,0.8257179409547324,0.9278966314994928,0.03314996224444474,1.123818594812865,0.4212609348418869,0.05366817574975236,0.10154860705590399,0.6666666666666666,0.6825817860300618,False,False,False,False
Euarchontoglires,MACSE,Euarchontoglires_MACSE,253,253,0.319540477250965,0.9625119030538216,0.9987810587369363,0.6666666666666666,0.6825817860300618,False,False,False,False,C_terminal_MTase_like,other,1.422750889800736,1.001222158370427,0.5382047329666998,0.3452381067579887,0.6335596057003885,0.6035976931471654,0.9472347862890067,0.9855326886996135,0.637236311357491,0.6825817860300618,False,False,False,False
Euarchontoglires,MACSE,Euarchontoglires_MACSE,254,254,0.1780606866234515,0.7664137523907162,0.8428367761333802,0.6666666666666666,0.6825817860300618,False,False,False,False,C_terminal_MTase_like,other,2.517899146057406,1.179816314845419,0.8877859117450995,0.04012887145564766,1.083094397655012,0.772310770196301,0.4503304213723016,0.553590900158307,0.6666666666666666,0.6825817860300618,False,False,False,False
Euarchontoglires,MACSE,Euarchontoglires_MACSE,255,255,0.000218807441818,0.0003329504071588,0.0014440321029586,0.6666666666666666,0.6825817860300618,False,False,False,False,C_terminal_MTase_like,other,2.665973699465916,0.3466520220003957,0.9998281264537076,6.036120512191195e-05,1.37905167418783,0.1667637899345855,0.0001089476534597011,0.0005256724279430579,0.6666666666666666,0.6825817860300618,False,False,False,False
Euarchontoglires,MACSE,Euarchontoglires_MACSE,256,256,3.235321760005712e-09,4.578979417857454e-09,9.302558185752512e-08,0.6666666666666666,0.6825817860300618,False,False,False,False,C_terminal_MTase_like,other,2.77556096975827,0.01843553186694864,0.9999999867027615,3.857110331552346e-09,1.430395118419113,1.815955998821016e-06,5.599288033231176e-09,9.824205367396517e-08,0.6666666666666666,0.6825817860300618,False,False,False,False
Euarchontoglires,MACSE,Euarchontoglires_MACSE,257,257,0.0155019727779076,0.0231642112357894,0.0536023651151973,0.6666666666666666,0.6825817860300618,False,False,False,False,C_terminal_MTase_like,other,2.251435833070522,0.6361357703327797,0.9820162385490973,0.008271365918959881,1.244767930357967,0.3159123904255898,0.01298642350111245,0.031526789128486825,0.6666666666666666,0.6825817860300618,False,False,False,False
Euarchontoglires,MACSE,Euarchontoglires_MACSE,258,258,0.0130625841408373,1.0,1.0,1.0,1.0,False,False,False,False,C_terminal_MTase_like,other,2.594616630252204,0.04783747161577957,0.9742974312522699,0.01178109673144762,0.0,0.0,1.0,1.0,1.0,1.0,False,False,False,False
Euarchontoglires,MACSE,Euarchontoglires_MACSE,259,259,0.0182128759849882,0.0327690815356032,0.070664052920351,0.6666666666666666,0.6825817860300618,False,False,False,False,C_terminal_MTase_like,other,1.473843199168629,0.3320218589128836,0.9697031265727784,0.01879438774397276,0.9020995960963778,0.1365028554621598,0.03554471229934397,0.07216152709989195,0.6666666666666666,0.6825817860300618,False,False,False,False
Euarchontoglires,MACSE,Euarchontoglires_MACSE,260,260,0.4062036919373443,0.7127265465032694,0.8020771048112594,0.556621923433021,0.6825817860300618,False,False,False,False,C_terminal_MTase_like,other,0.4228472827587372,0.4668315111176081,0.3778589672543978,0.5361485910603146,0.101901581110948,0.2101504843948241,0.4993076168997552,0.6041778687250957,0.4428583957589545,0.6825817860300618,False,False,False,False
Euarchontoglires,MACSE,Euarchontoglires_MACSE,261,261,0.265023457279089,0.4448317188539513,0.557483907394887,0.4074070553991552,0.6825817860300618,False,False,False,False,C_terminal_MTase_like,other,0.4557052769393214,0.2134000842726168,0.6591784842854455,0.2617918446381003,4.643670469397219e-06,0.08212895295719401,0.4462503983467441,0.5503279672902339,0.4084239224095823,0.6825817860300618,False,False,False,False
Euarchontoglires,MACSE,Euarchontoglires_MACSE,262,262,1.000019053924163e-06,3.08464824905208e-07,3.2180384436056833e-06,0.6666666666666666,0.6825817860300618,False,False,False,False,C_terminal_MTase_like,other,6.413621875300227,0.1711289015425757,0.9999997925304914,7.27536958607333e-08,3.992480628999329,0.04536067064664989,1.261910975713931e-08,2.1178158114155535e-07,0.6666666666666666,0.6825817860300618,False,False,False,False
Euarchontoglires,MACSE,Euarchontoglires_MACSE,263,263,0.0001396113025585,0.0004296698921436,0.0017833610577145,0.6666666666666666,0.6825817860300618,False,False,False,False,C_terminal_MTase_like,other,1.536854139616779,0.030827216265046,0.9996304827080923,0.0001373787597487465,0.8782248577898756,6.93183845964678e-07,0.0004714174608730914,0.0019240598598909806,0.6666666666666666,0.6825817860300618,False,False,False,False
Euarchontoglires,MACSE,Euarchontoglires_MACSE,264,264,0.0107863520467413,0.0505051576239037,0.0974749542141342,0.1258533089225009,0.6825817860300618,False,False,False,False,C_terminal_MTase_like,other,1.074893160502378,0.1851814424556096,0.9805406390390866,0.01010615819897093,0.604023711124306,0.0713637560896851,0.05133370933946468,0.09809312774768993,0.1131168851886407,0.6825817860300618,False,False,False,False
Euarchontoglires,MACSE,Euarchontoglires_MACSE,265,265,0.0005171554643534,0.0020118895420168,0.0072578445160606,0.6666666666666666,0.6825817860300618,False,False,False,False,C_terminal_MTase_like,other,0.8013578440082926,0.03758532270955132,0.9988038739094396,0.000477817331918356,0.4145300995933957,1.681998462373288e-07,0.002088436090558976,0.0070814486416590884,0.6666666666666666,0.6825817860300618,False,False,False,False
Euarchontoglires,MACSE,Euarchontoglires_MACSE,266,266,0.1544489283384082,0.3323215984111167,0.4507344572300373,0.5759101790820753,0.6825817860300618,False,False,False,False,C_terminal_MTase_like,other,0.922746004318377,0.5953462665798588,0.75998456682523,0.1756987189586554,0.5296145414643213,0.2998316588412822,0.4285324271126491,0.5360301071963735,0.6666666666666666,0.6825817860300618,False,False,False,False
Euarchontoglires,MACSE,Euarchontoglires_MACSE,267,267,0.2006793370219205,0.5490068504124358,0.658126224407454,0.6224387494424123,0.6825817860300618,False,False,False,False,C_terminal_MTase_like,other,0.4176270282234962,0.2355707679019484,0.7111258512036006,0.1991657294752499,0.1406314834462407,0.06851135851577964,0.5475483477045302,0.6463414746603935,0.619644702839137,0.6825817860300618,False,False,False,False
Euarchontoglires,MACSE,Euarchontoglires_MACSE,268,268,0.1415059131113251,0.6534737798931591,0.7507169019010698,0.027551525290333,0.6825817860300618,False,False,False,False,C_terminal_MTase_like,other,0.7908427233017088,0.3469214326713876,0.8115802445853025,0.1390154387079766,0.2504499231637749,0.1424634137902786,0.656702791011942,0.7544264206268143,0.01546655775362937,0.5970091292900936,False,False,False,False
Euarchontoglires,MACSE,Euarchontoglires_MACSE,269,269,5.846335478744726e-07,1.454707373449438e-07,1.7015668065196458e-06,0.6666666666666666,0.6825817860300618,False,False,False,False,C_terminal_MTase_like,other,2.740788869055084,0.02959832501773997,0.9999976446239726,9.529349565662113e-07,1.882519702672046,1.143125540839541e-07,3.194403936923607e-07,3.332540323385169e-06,0.6666666666666666,0.6825817860300618,False,False,False,False
Euarchontoglires,MACSE,Euarchontoglires_MACSE,270,270,1.794492716821608e-08,1.92191383252549e-07,2.119596398156683e-06,0.6666666666666666,0.6825817860300618,False,False,False,False,C_terminal_MTase_like,other,5.471681590638105,0.363283893189242,0.9999999930895027,2.563456974858211e-10,2.83355094261718,0.1761817659270695,4.132683639745949e-09,8.862310471899646e-08,0.5456088877344876,0.6825817860300618,False,False,False,False
Euarchontoglires,MACSE,Euarchontoglires_MACSE,271,271,0.002317255501586,0.006480444067862,0.0186527849815752,0.6666666666666666,0.6825817860300618,False,False,False,False,C_terminal_MTase_like,other,2.327022129754153,0.4874469819226762,0.993687650323228,0.002773008291681176,1.114364037019149,0.2392495346653848,0.006804051790043397,0.01903162312287501,0.6666666666666666,0.6825817860300618,False,False,False,False
Euarchontoglires,MACSE,Euarchontoglires_MACSE,272,272,0.0030346155140089,0.0068967068538745,0.0195744768058498,0.2146932752601649,0.6825817860300618,False,False,False,False,C_terminal_MTase_like,other,1.180112451285267,0.2715628726549198,0.9942068857461286,0.002864133410554839,0.7296522389746153,0.1217561960935022,0.006929204474956485,0.01924225127577844,0.3454012809733575,0.6825817860300618,False,False,False,False
Euarchontoglires,MACSE,Euarchontoglires_MACSE,273,273,0.2003129884182511,0.9625558389900007,0.9987810587369363,0.4300689794902732,0.6825817860300618,False,False,False,False,C_terminal_MTase_like,other,2.551983930075077,1.487007102557946,0.8059498960963699,0.1306399262088346,1.230959099481677,1.139045305215201,0.8842088014253353,0.9350810886306287,0.4176813725772902,0.6825817860300618,False,False,False,False
Euarchontoglires,MACSE,Euarchontoglires_MACSE,274,274,0.0002058668208714,0.0424910036967133,0.0836812623823027,0.6666666666666666,0.6825817860300618,False,False,False,False,C_terminal_MTase_like,other,2.81460599282427,1.190322766013322,0.9988286337697613,0.0001019325579112545,1.759828924643042,0.7709059733667948,0.03586901134554665,0.07216152709989195,0.6666666666666666,0.6825817860300618,False,False,False,False
Euarchontoglires,MACSE,Euarchontoglires_MACSE,275,275,0.3694871457947988,0.9887136134711756,1.0,0.4482523556204078,0.6825817860300618,False,False,False,False,C_terminal_MTase_like,other,0.8404966963989641,0.6540846406016909,0.635908561153731,0.2819053936670974,0.4321592389885283,0.3351052448986412,0.7240675108691952,0.8054468564712084,0.6666666666666666,0.6825817860300618,False,False,False,False
Euarchontoglires,MACSE,Euarchontoglires_MACSE,276,276,0.0359510174546862,0.0577783878950629,0.1072233544591071,0.6666666666666666,0.6825817860300618,False,False,False,False,C_terminal_MTase_like,other,1.694989092480061,0.5075584408424166,0.9640438096243391,0.02140600477430002,1.066957021798734,0.2402058733811154,0.02346529017665278,0.05063322330212053,0.5720301149534709,0.6825817860300618,False,False,False,False
Euarchontoglires,MACSE,Euarchontoglires_MACSE,277,277,0.021565555159091,0.0484018991606421,0.0943592579596358,0.6666666666666666,0.6825817860300618,False,False,False,False,C_terminal_MTase_like,other,2.0921752301659,0.682866043688964,0.9654046376698093,0.01730856156883345,1.086494663718145,0.3560954306420194,0.04500017949188184,0.08685034641933197,0.6666666666666666,0.6825817860300618,False,False,False,False
Euarchontoglires,MACSE,Euarchontoglires_MACSE,278,278,0.0103174020041725,0.1841867748173809,0.2777191214043321,0.6666666666666666,0.6825817860300618,False,False,False,False,C_terminal_MTase_like,other,2.695409746652212,1.157186808813428,0.9639730182634231,0.01339082522508165,1.297048076841299,0.6751902394693313,0.217567001962344,0.3121965158270066,0.6666666666666666,0.6825817860300618,False,False,False,False
Euarchontoglires,MACSE,Euarchontoglires_MACSE,279,279,0.0007185395898922,0.0012296753131523,0.0046082977755028,0.6666666666666666,0.6825817860300618,False,False,False,False,C_terminal_MTase_like,other,1.337737953979873,0.2009161465942927,0.9986429650431252,0.000611163084472217,0.8406304262930964,0.08068541547704125,0.00107503090583605,0.003952018377644908,0.6666666666666666,0.6825817860300618,False,False,False,False
Euarchontoglires,MACSE,Euarchontoglires_MACSE,280,280,2.315422646835546e-05,4.012181267010195e-05,0.0002181270378966,0.6666666666666666,0.6825817860300618,False,False,False,False,C_terminal_MTase_like,other,2.150441534131463,0.02707532703527429,0.9999408267690506,2.225105207610173e-05,1.267517402383079,6.499474328388733e-07,4.337156960365629e-05,0.00022623548468934227,0.6666666666666666,0.6825817860300618,False,False,False,False
Euarchontoglires,MACSE,Euarchontoglires_MACSE,281,281,0.0419679515023362,1.0,1.0,1.0,1.0,False,False,False,False,C_terminal_MTase_like,other,0.4725827381928581,0.03341975651470695,0.8916564265511489,0.03861840594415661,0.0,0.0,1.0,1.0,1.0,1.0,False,False,False,False
Euarchontoglires,MACSE,Euarchontoglires_MACSE,282,282,0.0130625841408373,1.0,1.0,1.0,1.0,False,False,False,False,C_terminal_MTase_like,other,2.594616630252204,0.04783747161577957,0.9742974312522699,0.01178109673144762,0.0,0.0,1.0,1.0,1.0,1.0,False,False,False,False
Euarchontoglires,MACSE,Euarchontoglires_MACSE,283,283,0.1397148531220842,0.4166488752836049,0.5310985996211448,0.2017138524765515,0.6825817860300618,False,False,False,False,C_terminal_MTase_like,other,1.329353768549679,0.450737359433367,0.8146470993075605,0.1502135974883837,0.6812568851847525,0.2049355292512725,0.5134182452017029,0.6173814412705836,0.174096006481373,0.6825817860300618,False,False,False,False
Euarchontoglires,MACSE,Euarchontoglires_MACSE,284,284,1.492244987734927e-10,1.493372092653544e-11,1.152883255528536e-09,0.6666666666666666,0.6825817860300618,False,False,False,False,C_terminal_MTase_like,other,3.399017026232104,0.0288125733437653,0.9999999993732992,1.434295066853567e-10,2.925540535760468,6.88703441209782e-07,1.40067957232759e-11,8.473458125633575e-10,0.6666666666666666,0.6825817860300618,False,False,False,False
Euarchontoglires,MACSE,Euarchontoglires_MACSE,285,285,0.5317310510628548,0.4613638796050513,0.5744724436372575,0.4184905470591856,0.6825817860300618,False,False,False,False,C_terminal_MTase_like,other,0.519241551405037,0.607505396952585,0.3438432948036529,0.5812713735805883,0.1279908894358564,0.3060679069184785,0.3813372280802688,0.49229488307352426,0.3648363656865162,0.6825817860300618,False,False,False,False
Euarchontoglires,MACSE,Euarchontoglires_MACSE,286,286,0.0005790745549352,0.0034026544370482,0.0109452051058384,0.6666666666666666,0.6825817860300618,False,False,False,False,C_terminal_MTase_like,other,1.114762761243527,0.02951235735596637,0.998562850385974,0.0004970439226424653,0.594126856023193,2.776809759814303e-06,0.003179797118143757,0.009978875508971466,0.6666666666666666,0.6825817860300618,False,False,False,False
Euarchontoglires,MACSE,Euarchontoglires_MACSE,287,287,0.0048443971148954,0.0030693030499598,0.0100402625193603,0.6666666666666666,0.6825817860300618,False,False,False,False,C_terminal_MTase_like,other,2.577672195100758,0.527033999337325,0.9971852013301596,0.001222491084430894,1.586686798553324,0.2434882844945868,0.0006049977684121632,0.00233529138607095,0.6666666666666666,0.6825817860300618,False,False,False,False
Euarchontoglires,MACSE,Euarchontoglires_MACSE,288,288,0.0080130045913595,0.0111507666632672,0.0294807940549393,0.6666666666666666,0.6825817860300618,False,False,False,False,C_terminal_MTase_like,other,0.9668775001607485,0.2404217585788644,0.9859584598063496,0.007918334896321549,0.5878930199747244,0.06937957276115317,0.01110121168305267,0.027645598126827937,0.6666666666666666,0.6825817860300618,False,False,False,False
Euarchontoglires,MACSE,Euarchontoglires_MACSE,289,289,0.8271924840832358,0.0952811130448388,0.1634600428235902,0.1198884198895837,0.6825817860300618,False,False,False,False,C_terminal_MTase_like,other,0.4662950689811867,0.8302428547599972,0.1114414289887937,0.8388420200420924,0.156429270468372,0.5243853283367157,0.09371969761770671,0.16369141755852848,0.1182291541887101,0.6825817860300618,False,False,False,False
Euarchontoglires,MACSE,Euarchontoglires_MACSE,290,290,0.1336937071881465,0.3581745773418159,0.4751044221784912,0.5984597365959545,0.6825817860300618,False,False,False,False,C_terminal_MTase_like,other,0.6510985782812685,0.4628187835768252,0.6763807859107757,0.2473603412009185,0.2898161133977997,0.2038454691478439,0.6480475315459302,0.7467055139603852,0.6666666666666666,0.6825817860300618,False,False,False,False
Euarchontoglires,MACSE,Euarchontoglires_MACSE,291,291,0.0479246074451512,0.076891620955907,0.1361475490320189,0.6401554273172044,0.6825817860300618,False,False,False,False,C_terminal_MTase_like,other,1.201607360940791,0.6048369108712041,0.9013188258219774,0.05983834678070388,0.7737685771139684,0.3020367085779082,0.1002801281184212,0.17203613090538036,0.6666666666666666,0.6825817860300618,False,False,False,False
Euarchontoglires,MACSE,Euarchontoglires_MACSE,292,292,0.0060677546912486,0.1945199300489889,0.28990228957108,0.6666666666666666,0.6825817860300618,False,False,False,False,C_terminal_MTase_like,other,2.770752084197411,1.182908279114853,0.984113162264585,0.00455000994167017,1.423862129099144,0.6837368002988731,0.1342238160363761,0.22046975740443053,0.6666666666666666,0.6825817860300618,False,False,False,False
Euarchontoglires,MACSE,Euarchontoglires_MACSE,293,293,0.1327734958392503,0.3930117737455158,0.5125085968438146,0.6666666666666666,0.6825817860300618,False,False,False,False,C_terminal_MTase_like,other,1.643981091314124,0.9227971451116589,0.7760598055769796,0.1260503041818352,0.8616073971444701,0.4948657479848698,0.3074002590193398,0.41488286706806005,0.6666666666666666,0.6825817860300618,False,False,False,False
Euarchontoglires,MACSE,Euarchontoglires_MACSE,294,294,0.0243488776153932,0.1859232820567135,0.2792466415326514,0.6666666666666666,0.6825817860300618,False,False,False,False,C_terminal_MTase_like,other,0.7560814805512169,0.140683732014463,0.9530642029063802,0.02280477140537049,0.2803990175916592,0.0365224653991718,0.1847875054674212,0.2775407669666326,0.6666666666666666,0.6825817860300618,False,False,False,False
Euarchontoglires,MACSE,Euarchontoglires_MACSE,295,295,0.0292655424807627,0.1176888745106183,0.1966575998315959,0.3151388144974097,0.6825817860300618,False,False,False,False,C_terminal_MTase_like,other,2.544980217133959,0.9502833874291992,0.9703096336079935,0.01243128252360511,1.329229957883941,0.4559739451421397,0.05267554125265539,0.10016137400751222,0.2858831105684916,0.6825817860300618,False,False,False,False
Euarchontoglires,MACSE,Euarchontoglires_MACSE,296,296,0.1358449520576369,0.5332025947960826,0.6451918545181438,0.6234877395346727,0.6825817860300618,False,False,False,False,C_terminal_MTase_like,other,2.173034171089768,1.097946246300075,0.8156904007696724,0.08617462285095433,0.9853094082912842,0.6703394873038985,0.4413271594382437,0.5460009087921861,0.6666666666666666,0.6825817860300618,False,False,False,False
Euarchontoglires,MACSE,Euarchontoglires_MACSE,297,297,4.119155118668193e-05,0.0023132237995089,0.0079723605947361,0.6666666666666666,0.6825817860300618,False,False,False,False,C_terminal_MTase_like,other,2.818713051610177,1.00652359729885,0.9997412533364275,2.058311605094955e-05,1.704730987314154,0.4775988855877929,0.001797231320433301,0.006309029091071707,0.6666666666666666,0.6825817860300618,False,False,False,False
Euarchontoglires,MACSE,Euarchontoglires_MACSE,298,298,2.146742249590468e-06,9.842552627037373e-06,6.332042190060709e-05,0.6666666666666666,0.6825817860300618,False,False,False,False,C_terminal_MTase_like,other,2.769590939954003,0.2866938396476741,0.9999895051864018,2.759467948346092e-06,1.389982451103277,0.1262618073413109,1.044337449462862e-05,6.398638976074043e-05,0.6666666666666666,0.6825817860300618,False,False,False,False
Euarchontoglires,MACSE,Euarchontoglires_MACSE,299,299,0.9861740895897284,0.0603418141344617,0.1103883424450342,0.0575077546354015,0.6825817860300618,False,False,False,False,C_terminal_MTase_like,other,1.005377435814176,2.807686360335014,0.001349353768107237,0.9834125917580936,0.6761892091404836,1.419642830005821,0.1008530815751668,0.17225349330979817,0.09081115969396791,0.6825817860300618,False,False,False,False
Euarchontoglires,MACSE,Euarchontoglires_MACSE,300,300,0.0001261956605888,0.0002919771828652,0.001295438995241,0.6666666666666666,0.6825817860300618,False,False,False,False,C_terminal_MTase_like,other,0.9346351276995691,0.03481660253725564,0.9997059837968983,0.0001106466639583553,0.5790534230688055,4.365331577550588e-06,0.0002870007388763307,0.0012588896046166324,0.6666666666666666,0.6825817860300618,False,False,False,False
Euarchontoglires,MACSE,Euarchontoglires_MACSE,301,301,0.0419679515023362,1.0,1.0,1.0,1.0,False,False,False,False,C_terminal_MTase_like,other,0.4725827381928581,0.03341975651470695,0.8916564265511489,0.03861840594415661,0.0,0.0,1.0,1.0,1.0,1.0,False,False,False,False
Euarchontoglires,MACSE,Euarchontoglires_MACSE,302,302,0.0285672499019803,0.0561365788036329,0.105187958340788,0.6666666666666666,0.6825817860300618,False,False,False,False,C_terminal_MTase_like,other,1.583575110673593,0.5806923861400376,0.9662835695204637,0.0150454349817682,0.9330674656875091,0.2884781885149865,0.03057371268293274,0.06409985735984701,0.6666666666666666,0.6825817860300618,False,False,False,False
Euarchontoglires,MACSE,Euarchontoglires_MACSE,303,303,0.1798556807754983,0.5735421429954979,0.6791020466143012,0.4847219344967434,0.6825817860300618,False,False,False,False,C_terminal_MTase_like,other,0.476011489533118,0.2272672265977606,0.6603916905393953,0.2640473216986055,1.354395512704251e-05,0.08517898646166007,0.4218863001163563,0.5321833720422011,0.3923364441637971,0.6825817860300618,False,False,False,False
Euarchontoglires,MACSE,Euarchontoglires_MACSE,304,304,0.0309356267135457,0.5410233851143462,0.6526094582941802,0.6666666666666666,0.6825817860300618,False,False,False,False,C_terminal_MTase_like,other,2.589976758476922,1.339579835716969,0.879674674565242,0.09300326356716714,1.057840665938172,0.9330664315216574,0.8766231717544362,0.9307714099930998,0.6666666666666666,0.6825817860300618,False,False,False,False
Euarchontoglires,MACSE,Euarchontoglires_MACSE,305,305,0.01872619482931,0.0346761558488787,0.0735439349322373,0.5993580929156774,0.6825817860300618,False,False,False,False,C_terminal_MTase_like,other,2.185047769878218,0.4670227297405691,0.9718738164700026,0.0178397960441747,1.249296410661286,0.2178695947843627,0.03421108240042392,0.07061752837734564,0.5467205633302549,0.6825817860300618,False,False,False,False
Euarchontoglires,MACSE,Euarchontoglires_MACSE,306,306,1.183704398398691e-06,6.275189493920585e-06,4.404042081187901e-05,0.6666666666666666,0.6825817860300618,False,False,False,False,C_terminal_MTase_like,other,2.860848804780242,0.5642481166475867,0.9999797591926959,2.508066941894784e-06,2.057136002240011,0.2988996417305376,1.772632487329062e-05,0.0001021247970311967,0.6666666666666666,0.6825817860300618,False,False,False,False
Euarchontoglires,MACSE,Euarchontoglires_MACSE,307,307,0.0431850365677321,0.182397097477946,0.2760991357901457,0.6666666666666666,0.6825817860300618,False,False,False,False,C_terminal_MTase_like,other,2.087558428371701,0.9512982265478545,0.8913600530176605,0.05151028069154202,1.047551929242291,0.5139760983204985,0.1771925141809512,0.26761891944777827,0.6666666666666666,0.6825817860300618,False,False,False,False
Euarchontoglires,MACSE,Euarchontoglires_MACSE,308,308,0.1433559137668607,0.7255715256301807,0.8141587467827027,0.6666666666666666,0.6825817860300618,False,False,False,False,C_terminal_MTase_like,other,0.4571268615843789,0.1934630805345071,0.773318974831463,0.1401951368185777,0.1147176123224669,0.07391199117101682,0.7266070709280001,0.8059492223511726,0.6666666666666666,0.6825817860300618,False,False,False,False
Euarchontoglires,MACSE,Euarchontoglires_MACSE,309,309,0.0340552116325978,0.0473869836810559,0.0928496228471452,0.2604503611717655,0.6825817860300618,False,False,False,False,C_terminal_MTase_like,other,1.215429811262484,0.5269675224874284,0.9212313723183955,0.04899923606229117,0.7817833581445864,0.2531950967706529,0.0854790219746715,0.15066165516996893,0.2570006278257452,0.6825817860300618,False,False,False,False
Euarchontoglires,MACSE,Euarchontoglires_MACSE,310,310,0.0240828465687637,0.0529358610312716,0.1001957561722031,0.6666666666666666,0.6825817860300618,False,False,False,False,C_terminal_MTase_like,other,1.896056396078473,0.5830959191670727,0.9560182943964517,0.02582477230680657,1.017783856230071,0.2847301558316032,0.05395773242557955,0.10159846203060345,0.6666666666666666,0.6825817860300618,False,False,False,False
Euarchontoglires,MACSE,Euarchontoglires_MACSE,311,311,8.24573134868749e-06,2.542596843180256e-06,2.0473542215149636e-05,0.6666666666666666,0.6825817860300618,False,False,False,False,C_terminal_MTase_like,other,3.082892575275553,0.4170925897790737,0.9999734027190633,7.591785285185915e-06,2.507286569608395,0.1924851622252096,2.19237896414981e-06,1.567144963262642e-05,0.6666666666666666,0.6825817860300618,False,False,False,False
Euarchontoglires,MACSE,Euarchontoglires_MACSE,312,312,0.1630443194830737,0.3992494082641791,0.5188898033332429,0.6666666666666666,0.6825817860300618,False,False,False,False,C_terminal_MTase_like,other,1.192318403041749,0.6870713265126108,0.8352778560525395,0.1016236828176624,0.7655901874019265,0.3652875091761396,0.2071800371089638,0.2995941351680864,0.6666666666666666,0.6825817860300618,False,False,False,False
Euarchontoglires,MACSE,Euarchontoglires_MACSE,313,313,4.808016515244057e-11,9.588282035011277e-08,1.233692288504784e-06,0.6666666666666666,0.6825817860300618,False,False,False,False,C_terminal_MTase_like,other,6.912575927838089,0.7718838857692439,0.9999998700992263,2.283591402497807e-10,3.594730417348841,0.467543579567188,2.21916959586288e-07,2.447427040008776e-06,0.6666666666666666,0.6825817860300618,False,False,False,False
Euarchontoglires,MACSE,Euarchontoglires_MACSE,314,314,0.0712004356219685,0.1343562488903285,0.2197521697951983,0.6666666666666666,0.6825817860300618,False,False,False,False,C_terminal_MTase_like,other,1.065681919529462,0.6075539796199089,0.8457083769415019,0.1017581425205858,0.6783522069353702,0.3017422346811124,0.1936300767559267,0.28746619087610653,0.6666666666666666,0.6825817860300618,False,False,False,False
Euarchontoglires,MACSE,Euarchontoglires_MACSE,315,315,0.1253548532316039,0.3642408852719479,0.4798531799145798,0.622695657367788,0.6825817860300618,False,False,False,False,C_terminal_MTase_like,other,1.028240510808387,0.6795604296047553,0.7942428287752342,0.136202181317491,0.5898088556650737,0.3475632318418614,0.376622981691229,0.48784050648595434,0.6023270400871109,0.6825817860300618,False,False,False,False
Euarchontoglires,MACSE,Euarchontoglires_MACSE,316,316,0.6164229919626447,0.4083718491580313,0.525833099307796,0.3830840095828354,0.6825817860300618,False,False,False,False,C_terminal_MTase_like,other,0.7719452850928565,0.9631406803196183,0.2293645585229465,0.6510471764570283,0.3655709755574353,0.6616511974399821,0.3440293382277183,0.4501536425623704,0.337676562018637,0.6825817860300618,False,False,False,False
Euarchontoglires,MACSE,Euarchontoglires_MACSE,317,317,0.0053131263012045,0.0260805948351201,0.0585297070136998,0.6666666666666666,0.6825817860300618,False,False,False,False,C_terminal_MTase_like,other,2.52426638867519,0.7904785278778077,0.9885873473256095,0.003138985205993334,1.265027313808921,0.3954623514855791,0.01608995056554563,0.037744900183051724,0.6666666666666666,0.6825817860300618,False,False,False,False
Euarchontoglires,MACSE,Euarchontoglires_MACSE,318,318,0.1934281784717934,0.5326434511992961,0.6451918545181438,0.6666666666666666,0.6825817860300618,False,False,False,False,C_terminal_MTase_like,other,1.380457952513344,0.5940576926775354,0.8451102365946379,0.1122244920985557,0.7861119089649186,0.2864310836260293,0.2492982045634622,0.3486561846431029,0.6666666666666666,0.6825817860300618,False,False,False,False
Euarchontoglires,MACSE,Euarchontoglires_MACSE,319,319,9.148691868803324e-07,8.105366244737233e-06,5.302832831302664e-05,0.6666666666666666,0.6825817860300618,False,False,False,False,C_terminal_MTase_like,other,4.475978259804493,1.056879561964388,0.9999795554543413,2.373251106238761e-07,3.423754401369023,0.5726804432290549,7.572821929979767e-06,4.791982401593754e-05,0.6666666666666666,0.6825817860300618,False,False,False,False
Euarchontoglires,MACSE,Euarchontoglires_MACSE,320,320,0.0001553779900728,0.0001308057887553,0.0006391270184755,0.6666666666666666,0.6825817860300618,False,False,False,False,C_terminal_MTase_like,other,1.550601725727567,0.1613525589917759,0.9997016133413448,0.0001268489659295216,0.9373280121069837,0.0433087302067535,0.0001107685517178769,0.0005278600118901294,0.6666666666666666,0.6825817860300618,False,False,False,False
Euarchontoglires,MACSE,Euarchontoglires_MACSE,321,321,0.1115890681343228,0.2827607105322547,0.3898058366623225,0.6666666666666666,0.6825817860300618,False,False,False,False,C_terminal_MTase_like,other,1.243133471182998,0.702668511001141,0.8187375870719575,0.1160181822581143,0.739673422647714,0.3749173116683142,0.2737085636418914,0.37867923141853077,0.6666666666666666,0.6825817860300618,False,False,False,False
Euarchontoglires,MACSE,Euarchontoglires_MACSE,322,322,3.361381703345684e-09,1.01885406444957e-07,1.2686376415404323e-06,0.6666666666666666,0.6825817860300618,False,False,False,False,C_terminal_MTase_like,other,4.940862363473967,0.5457438503669383,0.9999997668552748,7.931481671442029e-09,2.708528355202744,0.2758064928285378,2.678191898253246e-07,2.871616868682647e-06,0.6666666666666666,0.6825817860300618,False,False,False,False
Euarchontoglires,MACSE,Euarchontoglires_MACSE,323,323,0.0014179877305087,0.0016175576976349,0.0058903516159159,0.6666666666666666,0.6825817860300618,False,False,False,False,C_terminal_MTase_like,other,1.364373611959854,0.1943474785236044,0.9972331596275545,0.001408489805789286,0.8259091516177415,0.05274950868024917,0.001640431769519113,0.005863024657725719,0.6666666666666666,0.6825817860300618,False,False,False,False
Euarchontoglires,MACSE,Euarchontoglires_MACSE,324,324,0.0130625841408373,1.0,1.0,1.0,1.0,False,False,False,False,C_terminal_MTase_like,other,2.594616630252204,0.04783747161577957,0.9742974312522699,0.01178109673144762,0.0,0.0,1.0,1.0,1.0,1.0,False,False,False,False
Euarchontoglires,MACSE,Euarchontoglires_MACSE,325,325,0.0403209717380794,0.1448427447698186,0.2310301631452478,0.2259257145303109,0.6825817860300618,False,False,False,False,C_terminal_MTase_like,other,1.024787054977697,0.2969975369810366,0.9402880803126682,0.0372663237171736,0.5490211214078007,0.1280113983222216,0.1375909694951726,0.2240933089668212,0.2494834245067817,0.6825817860300618,False,False,False,False
Euarchontoglires,MACSE,Euarchontoglires_MACSE,326,326,0.0087922118424493,0.0217969551566296,0.0513025895759696,0.015221786122492,0.6528454936979915,False,False,False,False,C_terminal_MTase_like,other,1.449612825335835,0.2081898614435803,0.9857826343342025,0.00801005031089611,0.9340786548209244,0.06998093707313958,0.02125199251792675,0.04687582349668415,0.02420310844978568,0.6825817860300618,False,False,False,False
Euarchontoglires,MACSE,Euarchontoglires_MACSE,327,327,0.0050527762186093,0.0076811338007826,0.0211779831935863,0.6666666666666666,0.6825817860300618,False,False,False,False,C_terminal_MTase_like,other,1.425607097446985,0.2922571493352156,0.9899936807807135,0.005408387877741413,0.8457930132071341,0.1198630603464172,0.008501766836536584,0.022324367339477017,0.6666666666666666,0.6825817860300618,False,False,False,False
Euarchontoglires,MACSE,Euarchontoglires_MACSE,328,328,2.389431167366054e-08,6.736709745602809e-08,8.966792971733395e-07,0.6666666666666666,0.6825817860300618,False,False,False,False,C_terminal_MTase_like,other,2.731693345690873,0.01897192102471309,0.9999999711310219,8.333059202820469e-09,1.164193566536216,6.967640405279765e-09,2.95470151678856e-08,3.932809605104773e-07,0.6666666666666666,0.6825817860300618,False,False,False,False
Euarchontoglires,MACSE,Euarchontoglires_MACSE,329,329,3.444564444527706e-05,3.903707830021919e-05,0.0002152616031983,0.6666666666666666,0.6825817860300618,False,False,False,False,C_terminal_MTase_like,other,2.46967841112844,0.2310533128505636,0.9998998133475038,3.890342272493374e-05,1.218128530449654,0.08652565441808056,3.783322269135247e-05,0.0002026159634913685,0.6666666666666666,0.6825817860300618,False,False,False,False
Euarchontoglires,MACSE,Euarchontoglires_MACSE,330,330,0.3374642240744625,0.9739227346648388,1.0,0.0676636935609532,0.6825817860300618,False,False,False,False,C_terminal_MTase_like,other,0.751033581370125,0.6422497004000742,0.5633834494592621,0.3540117223912334,0.3342074458504033,0.3304904358292671,1.0,1.0,0.05984555920542056,0.6825817860300618,False,False,False,False
Euarchontoglires,MACSE,Euarchontoglires_MACSE,331,331,0.2605576370517886,0.8129413814253926,0.8740818195827341,0.6666666666666666,0.6825817860300618,False,False,False,False,C_terminal_MTase_like,other,0.8739717972296985,0.6259766896097599,0.6589063022563387,0.2682620703703217,0.3725158786372956,0.3092090887662253,0.8211625340822893,0.8835384670536928,0.6666666666666666,0.6825817860300618,False,False,False,False
Euarchontoglires,MACSE,Euarchontoglires_MACSE,332,332,0.0347233588328081,0.1383401877604417,0.2253135547490738,0.0019005550783276,0.183403565058618,False,False,False,False,C_terminal_MTase_like,other,0.9624929348817569,0.2462872044658404,0.9364343133021074,0.04061733358988676,0.5061951547097443,0.1006652703465014,0.1708525106936356,0.2617026552688228,0.005507485306076587,0.3543148880242604,False,False,False,False
Euarchontoglires,MACSE,Euarchontoglires_MACSE,333,334,0.0007595944498546,0.0011743139236695,0.0044439722993767,0.6666666666666666,0.6825817860300618,False,False,False,False,C_terminal_MTase_like,other,2.728538199547351,0.4286305025602279,0.9988497987661057,0.0005357510548476297,1.560495683504936,0.1986438316001904,0.0008665432197841882,0.003279271400359771,0.6666666666666666,0.6825817860300618,False,False,False,False
Euarchontoglires,MACSE,Euarchontoglires_MACSE,334,335,0.0002056550306369,0.0001275552818501,0.0006312351127456,0.4258463721447276,0.6825817860300618,False,False,False,False,C_terminal_MTase_like,other,3.142247472770789,0.3185798715382775,0.9995777973207054,0.0002027380060013571,2.42502417322224,0.1468009821567865,0.0001330352098193321,0.0006262389145153925,0.5652834834488547,0.6825817860300618,False,False,False,False
Euarchontoglires,MACSE,Euarchontoglires_MACSE,335,336,0.7683280122344498,0.1342270333614953,0.2197521697951983,0.1624669708611951,0.6825817860300618,False,False,False,False,C_terminal_MTase_like,other,1.315365848053702,2.815987772513087,0.0004285695379700443,0.854777973494575,0.962471513830627,1.884970157186183,0.1281343985939005,0.21227415389375792,0.155077346844822,0.6825817860300618,False,False,False,False
Euarchontoglires,MACSE,Euarchontoglires_MACSE,336,337,0.0937984864131836,0.2594319976026965,0.3628288082414523,0.1487573428617019,0.6825817860300618,False,False,False,False,C_terminal_MTase_like,other,1.68852432617528,0.7883883017787302,0.8909122640006656,0.0561803756198439,0.9762432308753705,0.4291677527675422,0.1225452408458846,0.20477256695459506,0.1613133235966622,0.6825817860300618,False,False,False,False
Euarchontoglires,MACSE,Euarchontoglires_MACSE,337,338,0.1178590353863468,0.3098765302780241,0.4240749127897985,0.0305017077776504,0.6825817860300618,False,False,False,False,C_terminal_MTase_like,other,0.9242426830499323,0.5756404041037225,0.8124961703540221,0.1270749614906442,0.5380538118154179,0.2809086442108112,0.3159390045093926,0.42344602687717203,0.03718120278592907,0.6825817860300618,False,False,False,False
Euarchontoglires,MACSE,Euarchontoglires_MACSE,338,339,0.0019678660356203,0.1173257755130109,0.1966575998315959,0.5650272544553062,0.6825817860300618,False,False,False,False,C_terminal_MTase_like,other,2.75454386397531,1.144437447363428,0.9872216168236583,0.002456557762639372,1.283355761024353,0.6360153976797865,0.09567687181607742,0.16635708342795444,0.6344777022901156,0.6825817860300618,False,False,False,False
Euarchontoglires,MACSE,Euarchontoglires_MACSE,339,340,3.812911295587345e-06,0.0002620573613453,0.0011900487232858,0.6666666666666666,0.6825817860300618,False,False,False,False,C_terminal_MTase_like,other,2.925372792612435,0.7922107554313674,0.9999886313663652,5.424404369419353e-07,2.102628554589023,0.4056906055825086,4.81157417555611e-05,0.000244377319969034,0.6666666666666666,0.6825817860300618,False,False,False,False
Euarchontoglires,MACSE,Euarchontoglires_MACSE,340,341,0.0060829736609471,0.0142862242158965,0.0358083282294549,0.6666666666666666,0.6825817860300618,False,False,False,False,C_terminal_MTase_like,switching_helix,2.561427228228153,0.7683053583016374,0.9882626920529374,0.004718732242794731,1.324301667732792,0.3608180120627659,0.01334791446610673,0.032001832198243464,0.6666666666666666,0.6825817860300618,False,False,False,False
Euarchontoglires,MACSE,Euarchontoglires_MACSE,341,342,0.0054091031630157,0.0091568005768091,0.0248910212862557,0.1881758844181056,0.6825817860300618,False,False,False,False,C_terminal_MTase_like,switching_helix,2.061240599996756,0.3696962951132355,0.9915091455589412,0.004698869424813391,1.094023768599617,0.1632705929678042,0.008373168049469193,0.022289950807552472,0.1655584791355794,0.6825817860300618,False,False,False,False
Euarchontoglires,MACSE,Euarchontoglires_MACSE,342,343,7.515614327016318e-06,3.022147873266157e-05,0.0001715513351589,0.0193762572531469,0.6825817860300618,False,False,False,False,C_terminal_MTase_like,switching_helix,2.881363252459362,0.8526141686652537,0.9997139167721885,3.81315417937541e-05,1.90740372044306,0.38288711855851,0.0004735380484187646,0.0019240598598909806,0.08133319258520666,0.6825817860300618,False,False,False,False
Euarchontoglires,MACSE,Euarchontoglires_MACSE,343,344,0.0945300354237758,0.6258391251275139,0.7276322358410252,0.4189394047802452,0.6825817860300618,False,False,False,False,C_terminal_MTase_like,switching_helix,2.200484127472333,1.201357208405924,0.751988896113347,0.1357211333921504,0.9084001927484672,0.8585523414172139,0.9136789445104458,0.9609811241989976,0.3300114852860339,0.6825817860300618,False,False,False,False
Euarchontoglires,MACSE,Euarchontoglires_MACSE,344,345,0.0138448384896346,0.1189545528196823,0.197915764605161,0.6666666666666666,0.6825817860300618,False,False,False,False,C_terminal_MTase_like,switching_helix,2.339069238613107,1.052070140893223,0.9080892026424797,0.0363301893838955,1.104307749407004,0.5952816696519305,0.1977036625977516,0.2902478956858049,0.04612343950921782,0.6825817860300618,False,False,False,False
Euarchontoglires,MACSE,Euarchontoglires_MACSE,345,346,0.5824336899155365,0.5087316584593194,0.623398159254912,0.24725534140955,0.6825817860300618,False,False,False,False,C_terminal_MTase_like,switching_helix,0.542739104616296,0.7305435341711912,0.2393508016475696,0.6838554277111513,0.2137683756840707,0.4226503278380516,0.3267010768958969,0.4333560676351072,0.02903810780372662,0.6825817860300618,False,False,False,False
Euarchontoglires,MACSE,Euarchontoglires_MACSE,346,347,0.5345445731649626,0.6059604072096363,0.7087900520694533,0.5036224764943178,0.6825817860300618,False,False,False,False,C_terminal_MTase_like,switching_helix,0.6083706798325947,0.6819953402518182,0.3595483569432382,0.5527746042568392,0.2455685818505856,0.3678066777685141,0.5737871642532868,0.6651106468521583,0.05822221395440297,0.6825817860300618,False,False,False,False
Euarchontoglires,MACSE,Euarchontoglires_MACSE,347,348,0.0072456370716604,0.3338256074348592,0.4507344572300373,0.1681165619476617,0.6825817860300618,False,False,False,False,C_terminal_MTase_like,switching_helix,2.781263110236799,1.209510448642214,0.9845236925699715,0.00335961359930178,1.371006999277737,0.8488598938600099,0.2464901077757365,0.3472451883264025,0.06917023652399557,0.6825817860300618,False,False,False,False
Euarchontoglires,MACSE,Euarchontoglires_MACSE,348,349,0.1338167866050296,0.4825160930748351,0.5969590125861742,0.2978304511465182,0.6825817860300618,False,False,False,False,C_terminal_MTase_like,switching_helix,1.716156842178278,0.9480588625482248,0.7507581172707191,0.1561457831942102,0.8054137054974028,0.5212516214357561,0.4837087005063933,0.5889954523516335,0.2074256736503446,0.6825817860300618,False,False,False,False
Euarchontoglires,MACSE,Euarchontoglires_MACSE,349,350,0.034720196151278,0.441609518153009,0.5552484495344021,0.6666666666666666,0.6825817860300618,False,False,False,False,C_terminal_MTase_like,switching_helix,2.666545956480954,1.331990316507194,0.8903390135296879,0.05621274339624453,1.327051623104615,0.9967112966555082,0.558602932378074,0.6533961572664745,0.6666666666666666,0.6825817860300618,False,False,False,False
Euarchontoglires,MACSE,Euarchontoglires_MACSE,350,351,0.0194751220079157,0.4786413253824467,0.5940692977415576,0.6666666666666666,0.6825817860300618,False,False,False,False,C_terminal_MTase_like,switching_helix,2.617554446630108,1.177401795614053,0.928549346462995,0.02641435103675881,1.025472863835247,0.7272283760915166,0.4762450802030214,0.5817424080960958,0.6666666666666666,0.6825817860300618,False,False,False,False
Euarchontoglires,MACSE,Euarchontoglires_MACSE,351,352,0.4020575865151394,0.7977244071529488,0.8625255494706953,0.2999584195625647,0.6825817860300618,False,False,False,False,C_terminal_MTase_like,switching_helix,1.011182024765093,0.9976020729655306,0.3435600870353205,0.5351521825467305,0.3568756865463572,0.6721095474150504,0.4879943602728584,0.5923453555513313,0.3324318104292315,0.6825817860300618,False,False,False,False
Euarchontoglires,MACSE,Euarchontoglires_MACSE,352,353,0.0123103921595177,0.2726190237542868,0.3771718393159667,0.535693530711725,0.6825817860300618,False,False,False,False,C_terminal_MTase_like,switching_helix,2.575384155741895,1.143718940213402,0.93215555653219,0.02171136215611204,1.02657242276804,0.6355520736987755,0.2949776544923447,0.4023370128411486,0.6666666666666666,0.6825817860300618,False,False,False,False
Euarchontoglires,MACSE,Euarchontoglires_MACSE,353,354,0.0160665858933734,0.4086785745915513,0.525833099307796,0.0245532434316807,0.6825817860300618,False,False,False,False,C_terminal_MTase_like,switching_helix,2.711838665864614,1.187877204326808,0.9633662521057123,0.009974890796072987,1.133356395225733,0.7688812933356581,0.3939199507588763,0.5056000972286456,0.03586236894246719,0.6825817860300618,False,False,False,False
Euarchontoglires,MACSE,Euarchontoglires_MACSE,354,355,0.1077720704120249,0.3566949104866314,0.4747732256822059,0.6666666666666666,0.6825817860300618,False,False,False,False,C_terminal_MTase_like,switching_helix,1.872690370806996,1.004576845442959,0.7447909947392226,0.1691600178944045,0.823364724009678,0.5470267141142207,0.5584644106596892,0.6533961572664745,0.2089836568142885,0.6825817860300618,False,False,False,False
Euarchontoglires,MACSE,Euarchontoglires_MACSE,355,356,0.0022324310276154,0.0368948171478349,0.0769805374003475,0.6666666666666666,0.6825817860300618,False,False,False,False,C_terminal_MTase_like,switching_helix_adjacent_loop,2.768198189821327,1.063107518524282,0.9941394250408735,0.001185744783828377,1.612008030234068,0.5525826637317708,0.02098138493680257,0.04654491141152753,0.6666666666666666,0.6825817860300618,False,False,False,False
Euarchontoglires,MACSE,Euarchontoglires_MACSE,356,357,0.0003202284890593,0.0247296072205612,0.0564830082079092,0.5856889521455529,0.6825817860300618,False,False,False,False,C_terminal_MTase_like,switching_helix_adjacent_loop,2.816986434695493,1.187289547899282,0.997677033027106,0.0003190270970159911,1.873903013144043,0.748121368333624,0.03072143422686968,0.06409985735984701,0.6666666666666666,0.6825817860300618,False,False,False,False
Euarchontoglires,MACSE,Euarchontoglires_MACSE,357,358,0.8701996703041333,0.2363439741284199,0.3404058731849629,0.2537431250722861,0.6825817860300618,False,False,False,False,C_terminal_MTase_like,switching_helix_adjacent_loop,1.017484823823163,2.563573347951303,0.04221447654917156,0.9084117236305123,0.6371048623786365,1.20706003886512,0.1965516458241093,0.2902478956858049,0.1946982983294149,0.6825817860300618,False,False,False,False
Euarchontoglires,MACSE,Euarchontoglires_MACSE,358,359,0.7562324666110319,0.2872875904207944,0.394637045916109,0.2925062706585526,0.6825817860300618,False,False,False,False,C_terminal_MTase_like,switching_helix_adjacent_loop,0.8472038156595519,2.534005688718621,0.09458163469863982,0.875492331509542,0.08860018718570241,1.243662871715556,0.1323412901841213,0.21830657269688386,0.1550673196860158,0.6825817860300618,False,False,False,False
Euarchontoglires,MACSE,Euarchontoglires_MACSE,359,360,0.3294003041534487,0.7410165220330566,0.8243007997255327,0.0044458436111002,0.2860159389807815,False,False,False,False,C_terminal_MTase_like,switching_helix_adjacent_loop,1.666402867311962,2.177719782606694,0.3293853461560684,0.5873031718830498,0.9119538260106311,1.135333723869397,0.6597615741681977,0.7556912986021493,0.02825454734898691,0.6825817860300618,False,False,False,False
Euarchontoglires,MACSE,Euarchontoglires_MACSE,360,361,0.0004626545495815,0.0128050265382199,0.0329516016250192,0.6666666666666666,0.6825817860300618,False,False,False,False,C_terminal_MTase_like,other,2.818696778984096,1.120502099551272,0.9991776193109337,9.096410766620515e-05,1.942842900235527,0.6109727896536964,0.005659047139237483,0.016422979821651452,0.6666666666666666,0.6825817860300618,False,False,False,False
Euarchontoglires,MACSE,Euarchontoglires_MACSE,361,362,0.6076513555330779,0.4056192820609134,0.5253994727366194,0.2537447293040895,0.6825817860300618,False,False,False,False,C_terminal_MTase_like,other,0.6769379554902023,0.855651407215263,0.2562927753435851,0.6528476497014638,0.2679267622174222,0.5298512627303748,0.342406280567487,0.4501536425623704,0.2615746946459192,0.6825817860300618,False,False,False,False
Euarchontoglires,MACSE,Euarchontoglires_MACSE,362,363,0.0030102005756441,0.2168626404618619,0.3170794667359041,0.6666666666666666,0.6825817860300618,False,False,False,False,C_terminal_MTase_like,other,2.818081124106451,1.211220110531216,0.9961210521076388,0.0004470285745614935,1.841546278993075,0.853470607042324,0.07111650053188812,0.12948570379862648,0.6666666666666666,0.6825817860300618,False,False,False,False
Euarchontoglires,MACSE,Euarchontoglires_MACSE,363,364,0.0029117559843998,0.0034565889944244,0.0110268045607259,0.6666666666666666,0.6825817860300618,False,False,False,False,C_terminal_MTase_like,other,1.774008668545618,0.3534840131338727,0.9946416041647497,0.002221604231667306,1.009475963821983,0.136470556871812,0.002423849199746031,0.007862233538671999,0.6666666666666666,0.6825817860300618,False,False,False,False
Euarchontoglires,MACSE,Euarchontoglires_MACSE,364,365,0.3553533939366876,0.9196959841205944,0.9673096726717968,0.6374980847647399,0.6825817860300618,False,False,False,False,C_terminal_MTase_like,other,0.7262236746034182,0.5969184469833013,0.583399198579686,0.3381056046593119,0.3038216670170621,0.3035667973502407,1.0,1.0,0.4115979416132054,0.6825817860300618,False,False,False,False
Euarchontoglires,MACSE,Euarchontoglires_MACSE,365,366,0.1907542988295308,0.7866769573019267,0.8601788763983139,0.6666666666666666,0.6825817860300618,False,False,False,False,C_terminal_MTase_like,other,0.799553240675103,0.4880050229057427,0.700097781697813,0.2381048137722958,0.2561508318842409,0.2198947086734081,0.8912579656884013,0.9399605867642703,0.07368315747262277,0.6825817860300618,False,False,False,False
Euarchontoglires,MACSE,Euarchontoglires_MACSE,366,367,0.2892516965584734,0.6775305880217363,0.7714655073049859,0.6163213201082707,0.6825817860300618,False,False,False,False,C_terminal_MTase_like,other,2.00600172445816,1.045879629796513,0.7572578177555849,0.1623777092163184,1.045503875556316,0.5507558834131995,0.3946742989045957,0.5056000972286456,0.5237304947898227,0.6825817860300618,False,False,False,False
Euarchontoglires,MACSE,Euarchontoglires_MACSE,367,368,1.274997842119134e-05,2.302446478064102e-05,0.0001367298985434,0.6666666666666666,0.6825817860300618,False,False,False,False,C_terminal_MTase_like,other,2.528246116878011,0.02112436336692567,0.999992781600687,2.517188191578203e-06,1.595921192994981,8.149656733027581e-07,3.705270690601559e-06,2.509183309775793e-05,0.6666666666666666,0.6825817860300618,False,False,False,False
Euarchontoglires,MACSE,Euarchontoglires_MACSE,368,369,0.0329923384235351,0.0510201722889007,0.0974939925916618,0.152037086669733,0.6825817860300618,False,False,False,False,C_terminal_MTase_like,other,1.02463236145968,0.5238272709357465,0.8938552879218181,0.06856041411647792,0.6721200590681868,0.2443800221234201,0.1202537956877705,0.2018172397194757,0.2625581155738896,0.6825817860300618,False,False,False,False
Euarchontoglires,MACSE,Euarchontoglires_MACSE,369,370,0.0224653684182196,0.0529531975625114,0.1001957561722031,0.6666666666666666,0.6825817860300618,False,False,False,False,C_terminal_MTase_like,other,1.140379837222823,0.3358133684487585,0.9795129379626789,0.01151284140195515,0.7276110729549968,0.1466326551818911,0.02078691637715924,0.04638005619412409,0.6666666666666666,0.6825817860300618,False,False,False,False
Euarchontoglires,MACSE,Euarchontoglires_MACSE,370,371,8.56761786159299e-10,6.628588788970545e-10,1.8275966232447364e-08,0.6666666666666666,0.6825817860300618,False,False,False,False,C_terminal_MTase_like,other,3.380245886034094,0.2090368743374183,0.9999999783355548,4.242837533190752e-09,2.378924912068293,0.0808608260901344,5.006718484246164e-09,9.559038014049833e-08,0.6666666666666666,0.6825817860300618,False,False,False,False
Euarchontoglires,MACSE,Euarchontoglires_MACSE,371,372,0.00749075802582,0.014657386725487,0.0365016211357289,0.2113277177690089,0.6825817860300618,False,False,False,False,C_terminal_MTase_like,other,1.092883239571384,0.3437323895086984,0.9857662473915824,0.007088656292452976,0.681385723683378,0.1308173183060616,0.0131204905321336,0.03165318340877231,0.2693406923647584,0.6825817860300618,False,False,False,False
Euarchontoglires,MACSE,Euarchontoglires_MACSE,372,373,0.0116830817480714,0.025101211578022,0.0569945157006853,0.0851890979815225,0.6825817860300618,False,False,False,False,C_terminal_MTase_like,other,1.107441668587724,0.3861315615821718,0.9757195464167429,0.01393497038236866,0.6563732201102013,0.1565747180343499,0.02318256729342649,0.05055633319357415,0.0743668615250036,0.6825817860300618,False,False,False,False
Euarchontoglires,MACSE,Euarchontoglires_MACSE,373,374,7.679513800253843e-05,0.0001378219073621,0.0006567809412564,0.0679407143954544,0.6825817860300618,False,False,False,False,C_terminal_MTase_like,other,2.691204136370448,0.3606921865495293,0.9997527928740184,9.30592996176103e-05,1.386126725749895,0.1578475491381655,0.0001548368735295735,0.0007200847371375346,0.1686002831265858,0.6825817860300618,False,False,False,False
Euarchontoglires,MACSE,Euarchontoglires_MACSE,374,375,0.0023197886363443,0.0027178268435317,0.0091224448835064,0.6666666666666666,0.6825817860300618,False,False,False,False,C_terminal_MTase_like,other,1.005361482234352,0.2446859622921362,0.9853655226799167,0.008069050013490077,0.6523438864561224,0.09078623782097617,0.01274711196225353,0.031141678591328246,0.6666666666666666,0.6825817860300618,False,False,False,False
Euarchontoglires,MACSE,Euarchontoglires_MACSE,375,376,0.001793657065085,0.0029580446337857,0.0097590190482163,0.4208720903226097,0.6825817860300618,False,False,False,False,C_terminal_MTase_like,other,1.841424902733543,0.3032826329881388,0.987247531636628,0.00758691283916054,1.152258378287798,0.1288499133478323,0.01203509576413753,0.02962235842191762,0.1871897605579625,0.6825817860300618,False,False,False,False
Euarchontoglires,MACSE,Euarchontoglires_MACSE,376,377,0.0081174517675391,0.0131190084536455,0.0335360083649482,0.0325270338842705,0.6825817860300618,False,False,False,False,C_terminal_MTase_like,other,1.945284603342158,0.5203813395862353,0.9642036458776502,0.02192831392869237,1.064182682302801,0.2418957343481849,0.03759890672189636,0.07519781344379271,0.01327988804089519,0.5806429849982687,False,False,False,False
Euarchontoglires,MACSE,Euarchontoglires_MACSE,377,378,0.1689768548809919,0.3493697487321888,0.4682525104535586,0.0664696328520166,0.6825817860300618,False,False,False,False,C_terminal_MTase_like,other,0.9450624876675692,0.6098133231510972,0.7852394793712459,0.1504386551448827,0.595243590480847,0.2989074096384691,0.2860621398770994,0.39295368680626463,0.1384292842030713,0.6825817860300618,False,False,False,False
Euarchontoglires,MACSE,Euarchontoglires_MACSE,378,379,0.2041780562399108,0.491293111799023,0.6058758503336193,0.0011753257563528,0.151225247317396,False,False,False,False,C_terminal_MTase_like,other,0.8106424134495162,0.5823239257874903,0.697625725281768,0.2290080125093091,0.4419343245101451,0.2819348052291011,0.5278234701047477,0.6307735587010298,0.0002098821013216678,0.027004830370054588,False,False,True,True
Euarchontoglires,MACSE,Euarchontoglires_MACSE,379,380,0.0288799719327939,0.0811845858726622,0.1424420461220346,0.014267060172194,0.6528454936979915,False,False,False,False,C_terminal_MTase_like,other,1.062379787189062,0.5059219054453041,0.9348652587000176,0.0385161430600171,0.6486831026190556,0.2477071729662229,0.1037708117094709,0.17568216368357795,0.004759003650752214,0.3543148880242604,False,False,False,False
Euarchontoglires,MACSE,Euarchontoglires_MACSE,380,381,0.0167094084722458,0.0390759517740328,0.0798059120887655,0.3117687111335755,0.6825817860300618,False,False,False,False,C_terminal_tail,other,2.588498457170057,0.870142615457914,0.9848849514535243,0.005508919401302664,1.338682457277818,0.4059626506478378,0.01569717441973206,0.0374019094198554,0.5180509468783745,0.6825817860300618,False,False,False,False
Euarchontoglires,MACSE,Euarchontoglires_MACSE,381,382,0.3900075526182907,0.6156231363554303,0.7179170109764232,0.0229597427352122,0.6825817860300618,False,False,False,False,C_terminal_tail,other,0.9686893958225998,0.8874118497418556,0.4987807176439306,0.3523851447779436,0.488122022122177,0.5895450798214823,0.7316112861171298,0.8082202984168602,0.01353830794037414,0.5806429849982687,False,False,False,False
Euarchontoglires,MACSE,Euarchontoglires_MACSE,382,383,0.2585396960693478,0.7888687104792826,0.8601788763983139,0.2369725997107661,0.6825817860300618,False,False,False,False,C_terminal_tail,other,0.8650309678992703,0.7009594911619276,0.6309311756434042,0.2738195862313704,0.4631589050828092,0.4014670360053775,0.8048137357161885,0.8750932450322502,0.1776420456995045,0.6825817860300618,False,False,False,False
Euarchontoglires,MACSE,Euarchontoglires_MACSE,383,384,0.7042317639601194,0.2459925914403449,0.3503805914980558,0.2365287797542469,0.6825817860300618,False,False,False,False,C_terminal_tail,other,0.4814173100313313,0.7295413491822944,0.1746196654121672,0.7611158372081673,0.1627378611030544,0.4206165121121217,0.1774881952814281,0.26761891944777827,0.04620311213346928,0.6825817860300618,False,False,False,False
Euarchontoglires,MACSE,Euarchontoglires_MACSE,384,385,0.1511855444953047,0.3899885814957474,0.5102901439232491,0.04498777756234,0.6825817860300618,False,False,False,False,C_terminal_tail,other,1.160037961503675,0.740704122945071,0.7488787438025778,0.172071836501471,0.7502150361006257,0.4115664962348386,0.419546159522156,0.5321833720422011,0.03190333181013816,0.6825817860300618,False,False,False,False
Euarchontoglires,MACSE,Euarchontoglires_MACSE,385,386,0.0797050061250704,0.6310367216218581,0.7314719956337454,0.0484617923100286,0.6825817860300618,False,False,False,False,C_terminal_tail,other,2.74493174911533,1.326223102563954,0.917479154758498,0.03034559923862766,1.525600230577957,1.047240016101876,0.4291018215639363,0.5360301071963735,0.06655968748345431,0.6825817860300618,False,False,False,False
Euarchontoglires,MACSE,Euarchontoglires_MACSE,386,387,0.0625607050863585,0.5239663076371084,0.6380157563025989,0.1372529431291976,0.6825817860300618,False,False,False,False,C_terminal_tail,other,2.504439570018489,1.126766429541534,0.9019280528705736,0.04595429491227349,1.047788556764076,0.6513965326446565,0.4359580223788243,0.5410925936920455,0.04307000890306911,0.6825817860300618,False,False,False,False
Laurasiatheria,MACSE,Laurasiatheria_MACSE,1,5,0.0029279252143088,0.5022365903732751,0.6294478320138743,1.114552894421195e-12,4.2464465277447527e-10,False,False,True,True,N_terminal,other,8.809957554736409,5.651733611993666,0.4434446290444926,0.0002676531613151745,4.654550462399297,2.378887944536114,0.07530486780483736,0.14133573711154204,9.474996787162127e-09,3.6099737759087702e-06,False,False,True,True
Laurasiatheria,MACSE,Laurasiatheria_MACSE,2,6,0.0436300571631356,0.5723274140467064,0.6966669161399206,0.001059149770754,0.0448373402952549,False,False,True,True,N_terminal,other,6.526919370923266,7.039345932219911,0.01166957818254883,0.1311453532662318,2.913059034061959,2.870651398570075,0.9697053933509097,0.9985344726126935,0.0004130629021039667,0.017486329522401256,False,False,True,True
Laurasiatheria,MACSE,Laurasiatheria_MACSE,3,8,0.1023877236883818,0.2155042820478817,0.3219887508244821,0.6582403964120841,0.6809651474530831,False,False,False,False,N_terminal,other,1.280487383952647,0.4206739141430495,0.8761594700528212,0.0912960874741241,0.7375058844021108,0.1801975833538192,0.2164820550113793,0.316014034326956,0.6666666666666666,0.6809651474530831,False,False,False,False
Laurasiatheria,MACSE,Laurasiatheria_MACSE,4,9,3.72337780989399e-05,0.0018125232513429,0.0071192923583676,0.5912617179302428,0.6809651474530831,False,False,False,False,N_terminal,other,2.820595769578138,0.903784569663149,0.9991574124156445,5.462558755036604e-05,1.656040404014858,0.4748085652715888,0.003285873141897877,0.010873563072411066,0.5114833288157654,0.6809651474530831,False,False,False,False
Laurasiatheria,MACSE,Laurasiatheria_MACSE,5,10,0.0205290719146614,0.053228143233805,0.1102169705004333,0.6666666666666666,0.6809651474530831,False,False,False,False,N_terminal,other,2.807816720481753,1.009547914796693,0.929022612606475,0.02732861952983566,1.892503020072023,0.5420141333245592,0.06421880337581953,0.12295157832254895,0.6666666666666666,0.6809651474530831,False,False,False,False
Laurasiatheria,MACSE,Laurasiatheria_MACSE,6,11,0.0002787344950974,0.1191742036584842,0.2000236634091739,0.25579436873722,0.6809651474530831,False,False,False,False,N_terminal,other,2.80520121825879,1.1560230791871,0.9881644953532485,0.0003258466720946665,1.411638335422895,0.768583470066484,0.1146598493429187,0.19415734488734232,0.3507814642698865,0.6809651474530831,False,False,False,False
Laurasiatheria,MACSE,Laurasiatheria_MACSE,7,12,0.1629618849412787,0.6213221637692237,0.7357781019416989,0.5110361714893528,0.6809651474530831,False,False,False,False,N_terminal,other,0.6579773448617232,0.1925040451261056,0.787645209554427,0.1573202768304696,1.398852818197272e-06,0.05267275333106379,0.6238323106515292,0.742750344869477,0.5122987113033125,0.6809651474530831,False,False,False,False
Laurasiatheria,MACSE,Laurasiatheria_MACSE,8,13,0.1104685387782017,0.3142448033500909,0.4417980445623049,0.5043621663347349,0.6809651474530831,False,False,False,False,N_terminal,other,2.124850878337786,0.8817503814418788,0.8010953550565353,0.1217440094530681,1.351910797210481,0.4727415591051078,0.2094739227009179,0.30985032393899875,0.5612829654003639,0.6809651474530831,False,False,False,False
Laurasiatheria,MACSE,Laurasiatheria_MACSE,9,14,0.087733285169207,0.1312933420681697,0.212862822672224,0.6197284415180802,0.6809651474530831,False,False,False,False,N_terminal,other,1.720766600154022,0.6765112485930541,0.861441796055287,0.09175643055632463,1.002881291418237,0.31602062095021,0.1388375587840167,0.22509408466685263,0.4809499251111136,0.6809651474530831,False,False,False,False
Laurasiatheria,MACSE,Laurasiatheria_MACSE,10,15,0.0920466064860148,0.3561238428638088,0.4836456523115463,0.5182706253174546,0.6809651474530831,False,False,False,False,N_terminal,other,2.262948033575632,1.206752754683699,0.6943691791813691,0.1325817150950584,1.222089061456547,0.8030519311356279,0.5464786441540588,0.6716398820086981,0.5896219796684706,0.6809651474530831,False,False,False,False
Laurasiatheria,MACSE,Laurasiatheria_MACSE,11,16,0.00071386541607,0.0003902534379012,0.0018132507297605,0.609112896554423,0.6809651474530831,False,False,False,False,N_terminal,other,3.252409675285809,0.3030286808519011,0.9991801112000234,0.0004119330189363588,2.332955653887291,0.1273801069987391,0.000192838481407942,0.0009419418130311013,0.2798563172903274,0.6809651474530831,False,False,False,False
Laurasiatheria,MACSE,Laurasiatheria_MACSE,12,17,0.8525063062798078,0.0713322435769454,0.1393722297580318,0.0943457731474561,0.6067272275287434,False,False,False,False,N_terminal,other,0.609976074483224,1.227110935694903,0.0368495984860864,0.8582319790344287,0.1646857263550635,0.8400863355011701,0.04933929731669306,0.09946175808285743,0.0683196132743169,0.4364680603318478,False,False,False,False
Laurasiatheria,MACSE,Laurasiatheria_MACSE,13,18,0.2394498525573934,0.5778723299027697,0.7011762983852078,0.5644742578655242,0.6809651474530831,False,False,False,False,N_terminal,other,0.9480309727975872,0.5840718634156071,0.7134801977305224,0.2186249178453269,0.4543843003956515,0.2769011948730607,0.5683913571929208,0.691875741503204,0.5101697045357064,0.6809651474530831,False,False,False,False
Laurasiatheria,MACSE,Laurasiatheria_MACSE,14,19,0.6913282220487686,0.2818953506913364,0.4007542112440267,0.0094151882314075,0.1635289940171323,False,False,False,False,N_terminal,other,0.7946349095796813,1.055903100850939,0.1564078023908781,0.672420354031058,0.3699408610916522,0.7238992185912914,0.2530018881283502,0.3651277249125054,0.023792431475126,0.24291821169996938,False,False,False,False
Laurasiatheria,MACSE,Laurasiatheria_MACSE,15,20,0.3101443686295798,0.8579689813320401,0.9260231781515788,0.0078681576467173,0.1498884031699651,False,False,False,False,N_terminal,other,0.6584305908147862,0.4974715439198517,0.620186671603046,0.3027882517490043,0.2594849163439375,0.2235322173816237,0.8670526400953695,0.9358273537573252,0.002817652489191746,0.06314856461070914,False,False,True,False
Laurasiatheria,MACSE,Laurasiatheria_MACSE,16,21,0.0583077795455836,0.0808205081047723,0.1539630679395913,0.6666666666666666,0.6809651474530831,False,False,False,False,N_terminal,other,1.484921474050588,0.6592377796913733,0.8825866054057424,0.06401419586064085,0.8713306468300068,0.312114039587864,0.08318494876185734,0.15164337549410356,0.6666666666666666,0.6809651474530831,False,False,False,False
Laurasiatheria,MACSE,Laurasiatheria_MACSE,17,22,0.1403896807179576,0.480438587624748,0.6108719798615925,0.6666666666666666,0.6809651474530831,False,False,False,False,N_terminal,other,0.6623311862359822,0.316102345591155,0.8131885857987137,0.1304528127556603,0.2605505089258587,0.1312798523659541,0.4728762390715516,0.6066190137584551,0.6666666666666666,0.6809651474530831,False,False,False,False
Laurasiatheria,MACSE,Laurasiatheria_MACSE,18,23,4.0680075490109855e-10,1.0516121307091449e-10,4.006642218001843e-09,0.6666666666666666,0.6809651474530831,False,False,False,False,N_terminal,other,11.20905214295008,0.4309685676012138,0.9999999997592479,1.074565123612119e-11,6.531319130929418,0.1784741125624654,3.411826376975569e-12,1.6248823120346148e-10,0.6666666666666666,0.6809651474530831,False,False,False,False
Laurasiatheria,MACSE,Laurasiatheria_MACSE,19,24,0.1700234902268646,0.4019104891613208,0.5288244172607338,0.6666666666666666,0.6809651474530831,False,False,False,False,N_terminal,other,1.83116950193977,0.7301920452061227,0.8452384935035829,0.0997535326950036,0.9410819219983757,0.3543490743271566,0.2098226892837932,0.30985032393899875,0.6666666666666666,0.6809651474530831,False,False,False,False
Laurasiatheria,MACSE,Laurasiatheria_MACSE,20,25,0.6698222841476864,0.2639202377933173,0.3810803839804946,0.0317714482800982,0.3429868796440528,False,False,False,False,N_terminal,other,0.8510795122286637,1.101536074663142,0.1490112879034448,0.6369482459590258,0.4194117150739797,0.776225291285536,0.2915111951111353,0.4083300196225829,0.03630776118475965,0.2951969333419764,False,False,False,False
Laurasiatheria,MACSE,Laurasiatheria_MACSE,21,26,8.374124781927352e-05,0.001282906379135,0.0053129057657659,0.6666666666666666,0.6809651474530831,False,False,False,False,N_terminal,other,2.693641730033597,0.6635375021562966,0.99569898435756,0.0007170848302208721,1.199197887064546,0.2933405190191526,0.005759503372481323,0.017010626239654138,0.6666666666666666,0.6809651474530831,False,False,False,False
Laurasiatheria,MACSE,Laurasiatheria_MACSE,22,27,0.0005259361024326,0.0022540187953207,0.0084194231472274,0.6666666666666666,0.6809651474530831,False,False,False,False,N_terminal,other,2.819317009316136,0.8159873668928478,0.9962380071443308,0.000631625453213858,1.858941808625373,0.3989071512342484,0.001922506468200247,0.007324749643842942,0.6666666666666666,0.6809651474530831,False,False,False,False
Laurasiatheria,MACSE,Laurasiatheria_MACSE,23,28,2.521321596311162e-05,4.046747835173559e-05,0.0002658294698622,0.6666666666666666,0.6809651474530831,False,False,False,False,N_terminal,other,2.65840639974952,0.2981636102095815,0.9998145268413706,6.240318135223967e-05,1.371267322595354,0.1355389287811593,0.0001048559752421241,0.0005548628689895734,0.6666666666666666,0.6809651474530831,False,False,False,False
Laurasiatheria,MACSE,Laurasiatheria_MACSE,24,29,0.0005199620799859,0.0063516130896247,0.0196745088385936,0.6666666666666666,0.6809651474530831,False,False,False,False,N_terminal,other,2.709864614579885,0.72087320509809,0.995132061276582,0.0008168266186718287,1.284292982762104,0.3490653755609874,0.005454427516823568,0.01623544440554515,0.6666666666666666,0.6809651474530831,False,False,False,False
Laurasiatheria,MACSE,Laurasiatheria_MACSE,25,30,0.0007610293863495,0.0222661415937314,0.0553131987384557,0.6666666666666666,0.6809651474530831,False,False,False,False,N_terminal,other,2.753400407105141,0.91863610968737,0.9878666867048023,0.001639863276579382,1.306287088088809,0.4830290928391887,0.03152522989151629,0.07286910447056791,0.6666666666666666,0.6809651474530831,False,False,False,False
Laurasiatheria,MACSE,Laurasiatheria_MACSE,26,31,1.481150651684207e-07,1.366630246302236e-06,1.4072597941652751e-05,0.6666666666666666,0.6809651474530831,False,False,False,False,N_terminal,other,4.591331860310618,0.4046903259015714,0.9999996135351156,1.613565966328337e-08,2.521981681070443,0.1840952804084577,1.250512393635717e-07,1.5369200708877685e-06,0.6666666666666666,0.6809651474530831,False,False,False,False
Laurasiatheria,MACSE,Laurasiatheria_MACSE,27,32,0.0980825830554277,0.6909719438639197,0.8001833149305574,0.6666666666666666,0.6809651474530831,False,False,False,False,N_terminal,other,1.988933678702075,1.403940255031297,0.4900692843828033,0.2062505966432263,0.9221059773485669,0.9444201542823469,0.9578891932574395,0.9944299254252982,0.6666666666666666,0.6809651474530831,False,False,False,False
Laurasiatheria,MACSE,Laurasiatheria_MACSE,28,33,0.4494148070788024,0.8124891173742164,0.8920990020737073,0.6072770268524565,0.6809651474530831,False,False,False,False,N_terminal,other,0.6652531264703021,0.6965586348005124,0.4022839710710488,0.5055513906613225,0.2759117543935899,0.3852830356179391,0.6679735760143309,0.77327983818711,0.5394818616463528,0.6809651474530831,False,False,False,False
Laurasiatheria,MACSE,Laurasiatheria_MACSE,29,34,0.8631448630142609,0.0630187730880948,0.1257076049558332,0.0837415906225357,0.5801008368579292,False,False,False,False,N_terminal,other,0.3215016156437309,1.17708451202488,0.01061863669683247,0.9564323457829623,5.470771208411778e-07,0.8289935977955211,0.004009103770561073,0.012623706913915445,0.007097391112850016,0.11250044426581483,True,True,False,False
Laurasiatheria,MACSE,Laurasiatheria_MACSE,30,35,0.0325004553505453,0.1002882637162699,0.1770213965071847,0.0244653548008234,0.3307875928517157,False,False,False,False,N_terminal,other,0.7416321070276453,0.1786409316358615,0.9558368995516252,0.02737823854822968,0.2980453167198596,0.04621474180980859,0.08970789028762538,0.16046340938772427,0.02853274704032061,0.26585817599230027,False,False,False,False
Laurasiatheria,MACSE,Laurasiatheria_MACSE,31,36,0.1878214968491963,0.3722255641747768,0.4976068068441753,0.5941665865404921,0.6809651474530831,False,False,False,False,N_terminal,other,1.349383696533001,0.8969618279188346,0.6168141611689741,0.2056052705607847,0.7630871898951099,0.4565661513496236,0.3673658110735122,0.501671591465979,0.5586794778701853,0.6809651474530831,False,False,False,False
Laurasiatheria,MACSE,Laurasiatheria_MACSE,32,37,0.0752090077843382,0.1723342197180836,0.2658871151857024,0.6666666666666666,0.6809651474530831,False,False,False,False,N_terminal,other,1.796091548513631,0.930883809851261,0.7488980260024354,0.08923650224036679,0.9137518537769186,0.5179804176984518,0.264092451500138,0.37969518498699084,0.6666666666666666,0.6809651474530831,False,False,False,False
Laurasiatheria,MACSE,Laurasiatheria_MACSE,33,38,0.3372062942902813,0.7072471830863891,0.8091927229907335,0.1814094042953164,0.6809651474530831,False,False,False,False,N_terminal,other,0.8046106962864646,0.6825694691490947,0.5756098866492336,0.3228172607710757,0.4129344746060843,0.3281397052817732,0.7216154582656575,0.8231601485006453,0.148762879049296,0.6809651474530831,False,False,False,False
Laurasiatheria,MACSE,Laurasiatheria_MACSE,34,39,2.416778600908235e-06,0.0002134492123991,0.0011140294510149,0.2016204407877491,0.6809651474530831,False,False,False,False,N_terminal,other,2.831331378959592,0.8326723181935913,0.9999311177901032,1.781408038230888e-06,1.747336123870798,0.4058787550287739,0.0003826310134916744,0.001735504954051523,0.02220825798176451,0.24291821169996938,False,False,False,False
Laurasiatheria,MACSE,Laurasiatheria_MACSE,35,40,0.2727497147275559,0.4747217461051239,0.6089864823772803,0.6666666666666666,0.6809651474530831,False,False,False,False,N_terminal,other,0.9245008843348732,0.743681454384151,0.5950905376060893,0.2848242614127641,0.5566359886950444,0.3717661326585041,0.5292971048872461,0.6547473927338986,0.6666666666666666,0.6809651474530831,False,False,False,False
Laurasiatheria,MACSE,Laurasiatheria_MACSE,36,41,0.4826250911944625,0.5835490622913929,0.7058164848667323,0.4929576645768531,0.6809651474530831,False,False,False,False,ADD,other,0.4658352415068607,0.5111829377406505,0.3851778088302801,0.5337791478100168,0.1058584033405817,0.2216600759823543,0.4757464770729167,0.6082530461905411,0.4289883540935845,0.6809651474530831,False,False,False,False
Laurasiatheria,MACSE,Laurasiatheria_MACSE,37,42,0.3113074772919877,0.8066726033579452,0.8882724331773906,0.2719003842339939,0.6809651474530831,False,False,False,False,ADD,other,0.6770295328470596,0.5082898348614984,0.6259377800977065,0.2977116554870788,0.2818248776600775,0.2277966732759284,0.8084282567317225,0.9032585507764992,0.2664223544088713,0.6809651474530831,False,False,False,False
Laurasiatheria,MACSE,Laurasiatheria_MACSE,38,43,0.3907999346304623,0.9439841985129096,0.9892495114447508,0.6666666666666666,0.6809651474530831,False,False,False,False,ADD,other,1.121863885989508,0.8530313524513643,0.4715209948896881,0.4165662725854605,0.3833833136659017,0.4512085579657812,0.875079586228853,0.9391699221216703,0.6423937452810355,0.6809651474530831,False,False,False,False
Laurasiatheria,MACSE,Laurasiatheria_MACSE,39,44,0.0008487599233452,0.0052457282929235,0.0168511489218891,0.6666666666666666,0.6809651474530831,False,False,False,False,ADD,other,2.758903328984017,0.7619993628833381,0.9960816742834845,0.0004904550900622872,1.373368387072883,0.3424721744579404,0.004295682903165066,0.01330613972443813,0.6666666666666666,0.6809651474530831,False,False,False,False
Laurasiatheria,MACSE,Laurasiatheria_MACSE,40,45,0.4136997828972537,1.0,1.0,0.0770262772407331,0.5752455144595248,False,False,False,False,ADD,other,0.9321426707320499,0.7694568469246715,0.4687094588096081,0.4369449184612768,0.3515749524080437,0.3855094267158546,0.9265677566750187,0.9725132652704741,0.08180018546909518,0.4946963597416708,False,False,False,False
Laurasiatheria,MACSE,Laurasiatheria_MACSE,41,46,0.0767191080613959,0.1969401132820642,0.2977546950812161,0.6666666666666666,0.6809651474530831,False,False,False,False,ADD,other,2.341239940499049,0.934143776465547,0.8517736382528004,0.07452150444561143,1.275294992062169,0.5100034255727186,0.2191546279250119,0.31869432534133413,0.6666666666666666,0.6809651474530831,False,False,False,False
Laurasiatheria,MACSE,Laurasiatheria_MACSE,42,47,0.0224594067502676,0.0572566078483617,0.1160359978203501,0.3048571841258697,0.6809651474530831,False,False,False,False,ADD,other,1.082230892704431,0.3205425441644419,0.9782502357372298,0.01183417527803072,0.6000514027934685,0.126171669722124,0.03115134586199442,0.07281388204552071,0.40526631780191,0.6809651474530831,False,False,False,False
Laurasiatheria,MACSE,Laurasiatheria_MACSE,43,48,0.2525992217847285,0.4630584212353979,0.5980517236972428,0.0319851598496258,0.3429868796440528,False,False,False,False,ADD,other,1.233775718346697,0.7079303307053753,0.6741060904172749,0.2493123517457822,0.7124758707046921,0.3479923417651411,0.4669269833164001,0.6010107454173934,0.02474695792027115,0.24291821169996938,False,False,False,False
Laurasiatheria,MACSE,Laurasiatheria_MACSE,44,49,0.0377931004607489,0.0846578073855585,0.1596763594747415,0.0718691756479613,0.5476431184374655,False,False,False,False,ADD,other,1.413130422932706,0.4712199524150373,0.9443054945853633,0.03489404033960999,0.6940707912332992,0.2053967054061705,0.08449158812525293,0.15329188131295887,0.03810587173138147,0.29629259448278245,False,False,False,False
Laurasiatheria,MACSE,Laurasiatheria_MACSE,45,50,0.5829705401914852,0.402517272980611,0.5288244172607338,2.987448677826965e-05,0.0056910897312603,False,False,True,True,ADD,other,0.4289301451537232,0.5087145550468903,0.3397588353080717,0.5785338923464663,0.09492846484621349,0.2199955582755159,0.4083441595900172,0.5439829538594285,4.009880817612554e-06,0.0007638822957551915,False,False,True,True
Laurasiatheria,MACSE,Laurasiatheria_MACSE,46,51,0.0012068034424004,0.0005217149431108,0.0023663499205383,0.6666666666666666,0.6809651474530831,False,False,False,False,ADD,other,3.01798151589418,0.3087445473038991,0.997799895020792,0.001197449241752073,2.182748593691354,0.1274948384218586,0.0006390358413208563,0.0026755236872884206,0.6666666666666666,0.6809651474530831,False,False,False,False
Laurasiatheria,MACSE,Laurasiatheria_MACSE,47,52,0.991463512698156,0.0014140593741799,0.0057930819522855,0.0026852139287559,0.0836941836548517,True,True,True,False,ADD,other,0.3136611890590914,2.117727898509266,0.003049139528143942,0.9763229788168015,1.369203421898414e-06,1.020335382500659,0.002327387758355726,0.008693477803269917,0.004324867782327657,0.09154303472593542,True,True,True,False
Laurasiatheria,MACSE,Laurasiatheria_MACSE,48,53,0.0016345329192479,0.0020828501423427,0.0080158172144706,0.0351454115820667,0.361902751696417,False,False,False,False,ADD,other,2.488999164157589,0.2055370230734088,0.9995737372106227,0.0002024898946657236,1.614479119423855,0.08088005609519831,0.0001599748730887196,0.0007915639824260022,0.03072856657417766,0.26891576330058253,False,False,False,False
Laurasiatheria,MACSE,Laurasiatheria_MACSE,49,54,0.2085552863540846,0.7616389995056976,0.853483702387267,0.0365757205355806,0.3641193600358996,False,False,False,False,ADD,other,0.7312325520136278,0.3888263183562198,0.7496852015186418,0.1914878974375449,0.2389327242420388,0.1674325570859318,0.7589666670201196,0.8606139884960284,0.03174490212825309,0.26891576330058253,False,False,False,False
Laurasiatheria,MACSE,Laurasiatheria_MACSE,50,55,0.0286123001642022,0.0865936102318395,0.1625229827503983,0.0006108683102912,0.0290926032776195,False,False,True,True,ADD,other,1.261333010710799,0.2243812195654775,0.9617936202160652,0.02458389533429759,0.7360734665413531,0.08516821002427805,0.08721286880135415,0.15673633496847136,0.0009138657970110264,0.03165298806010919,False,False,True,True
Laurasiatheria,MACSE,Laurasiatheria_MACSE,51,56,8.037961456594015e-06,3.349803247676419e-06,2.9680814822435246e-05,0.0094426190771047,0.1635289940171323,False,False,False,False,ADD,other,3.244770889552277,0.4086197515472628,0.9999785140083554,3.774510960140486e-06,2.361372937825966,0.1700048619030044,1.410229101161953e-06,1.3432432188567603e-05,0.007512248134614374,0.11250044426581483,False,False,False,False
Laurasiatheria,MACSE,Laurasiatheria_MACSE,52,57,4.999475288542081e-06,2.389804704572285e-06,2.2207697376635137e-05,0.6666666666666666,0.6809651474530831,False,False,False,False,ADD,other,2.562549199580525,0.05985341347128651,0.9999971640740477,8.756610693700681e-07,1.097725276977487,3.54667977973132e-07,5.893556116465248e-07,6.237346889925721e-06,0.6666666666666666,0.6809651474530831,False,False,False,False
Laurasiatheria,MACSE,Laurasiatheria_MACSE,53,58,5.467561925868137e-05,2.299246063475202e-05,0.000165285424563,0.4554264115683787,0.6809651474530831,False,False,False,False,ADD,other,2.760267502021494,0.3326352901464719,0.9998314225060076,6.340461126683678e-05,1.756194813033989,0.1419806942745079,2.63585126334398e-05,0.00016737655522234274,0.4011683647034695,0.6809651474530831,False,False,False,False
Laurasiatheria,MACSE,Laurasiatheria_MACSE,54,59,0.3837912178596452,0.9027599864834543,0.9580823254880114,0.6297742204693298,0.6809651474530831,False,False,False,False,ADD,other,1.330257088818714,1.089234678566247,0.3574362160204341,0.4134513873672922,0.6121976086594805,0.7034699603073771,0.8590568209522466,0.932480480862695,0.6154778360353927,0.6809651474530831,False,False,False,False
Laurasiatheria,MACSE,Laurasiatheria_MACSE,55,60,0.5651279524440815,0.44569040122913,0.581534393384584,0.0066898890464767,0.134149880353033,False,False,False,False,ADD,other,1.015759625314568,1.128709249046404,0.1986365632714189,0.6035734868642229,0.2846999313978634,0.7726216781998867,0.2930140683533249,0.40893172176782705,0.01932205567916156,0.22308191556850168,False,False,False,False
Laurasiatheria,MACSE,Laurasiatheria_MACSE,56,61,0.463817728199402,0.6660111733111047,0.7783750215691132,0.5074713535726785,0.6809651474530831,False,False,False,False,ADD,other,0.5223547851562398,0.589330559535007,0.3705622902016457,0.5521816121244479,0.1408476330235574,0.2816214749927354,0.5046201345581856,0.6387384427464077,0.02907639811109408,0.26585817599230027,False,False,False,False
Laurasiatheria,MACSE,Laurasiatheria_MACSE,57,62,0.0228441280084981,0.0284620322037489,0.0686331282887871,0.3146282939069383,0.6809651474530831,False,False,False,False,ADD,other,2.672180557537729,0.7000197652886564,0.9642502125648257,0.01981384812359745,1.854457671878896,0.3289772325144829,0.02035337888578681,0.05002991842248242,0.6666666666666666,0.6809651474530831,False,False,False,False
Laurasiatheria,MACSE,Laurasiatheria_MACSE,58,63,3.379689992827587e-10,2.3447314423385993e-08,4.254012759671458e-07,0.3693563829754616,0.6809651474530831,False,False,False,False,ADD,other,6.742093415844293,0.544772661210813,0.999999975844856,3.903529560691739e-10,2.913449151516692,0.2542860664943695,1.144452266288454e-08,1.7441452538236037e-07,0.5691081633868494,0.6809651474530831,False,False,False,False
Laurasiatheria,MACSE,Laurasiatheria_MACSE,59,64,0.5400718997974184,0.3444629324599313,0.4720876880116325,0.0038122212973994,0.0920865354140039,False,False,True,False,ADD,other,0.6832048023563393,0.7489416047624634,0.3460218993929338,0.5800227183507962,6.734796504722917e-06,0.4244891592848233,0.2818680583108989,0.397747148949824,0.002748769407363238,0.06314856461070914,False,False,True,False
Laurasiatheria,MACSE,Laurasiatheria_MACSE,60,65,0.2102012029885348,0.5166625994511975,0.6350049885215922,0.00285570705384,0.0836941836548517,False,False,True,False,ADD,other,0.569827557024343,0.2088040215558278,0.7302178076754973,0.2049673068651,3.391109363557515e-05,0.07738355505614926,0.5162478349566089,0.6432257380982072,0.002295287644522248,0.0583003061708651,False,False,True,False
Laurasiatheria,MACSE,Laurasiatheria_MACSE,61,66,0.0001428631848057,0.0002245367947175,0.0011533140999545,0.0121213311046117,0.2007924848198733,False,False,False,False,ADD,other,1.78138069486141,0.2086672380759414,0.999554766184301,0.0001810977391667588,0.9438046198612006,0.08816394012276269,0.0002661614384881217,0.001283639342581954,0.004761961651412516,0.09548986258885099,False,False,True,False
Laurasiatheria,MACSE,Laurasiatheria_MACSE,62,67,0.0824352518127197,0.178895727701529,0.2737320170854721,0.0324082091002254,0.3429868796440528,False,False,False,False,ADD,other,0.9089932785901875,0.3615362545009824,0.9263149591449924,0.04705843544076764,0.5162712485717973,0.1440804883217014,0.09443053732464946,0.16579739502622784,0.03719016483048521,0.2951969333419764,False,False,False,False
Laurasiatheria,MACSE,Laurasiatheria_MACSE,63,68,0.0006161846847941,0.0003359768869672,0.0016000899241817,0.0148978017114976,0.2270424980832246,False,False,False,False,ADD,other,2.508555002386419,0.2349617121766498,0.9997614564871987,9.349089824073554e-05,1.381344953642944,0.09083382948738898,4.851213334011728e-05,0.000280047315190677,0.02930720050308822,0.26585817599230027,False,False,False,False
Laurasiatheria,MACSE,Laurasiatheria_MACSE,64,69,0.0001702463404444,0.0002300574057652,0.0011533140999545,0.6666666666666666,0.6809651474530831,False,False,False,False,ADD,other,4.256722158156771,0.6438502333833731,0.9980717545839427,0.0006454264480122304,2.548875856594377,0.2881486279662168,0.0008783088004747919,0.0035982328277515668,0.6666666666666666,0.6809651474530831,False,False,False,False
Laurasiatheria,MACSE,Laurasiatheria_MACSE,65,70,3.834725853741289e-06,1.803314442994086e-06,1.761699494309607e-05,0.6666666666666666,0.6809651474530831,False,False,False,False,ADD,other,2.427254249852674,0.06092732742986918,0.9999940873333237,2.039605884328087e-06,1.057646615372444,1.366001887567609e-06,1.125865304762996e-06,1.128828108196583e-05,0.6666666666666666,0.6809651474530831,False,False,False,False
Laurasiatheria,MACSE,Laurasiatheria_MACSE,66,71,4.566638109672145e-05,2.031515854239441e-05,0.0001511464362897,0.6666666666666666,0.6809651474530831,False,False,False,False,ADD,other,2.111688417730935,0.05664981811113341,0.9999702265798721,1.22873686009234e-05,1.139695281490629,2.352954196413198e-06,4.659109396287775e-06,3.6981680833034214e-05,0.6666666666666666,0.6809651474530831,False,False,False,False
Laurasiatheria,MACSE,Laurasiatheria_MACSE,67,72,0.1968930074763135,0.7393957802750154,0.8409247530888981,0.1791496773449313,0.6809651474530831,False,False,False,False,ADD,other,1.624863001249046,0.3841324298637913,0.7834802881976554,0.1768452903361037,0.003965330620202291,0.1647377933231093,0.7560995078131008,0.8599221267963922,0.138325129731424,0.6809651474530831,False,False,False,False
Laurasiatheria,MACSE,Laurasiatheria_MACSE,68,73,2.497969140020456e-06,6.093990793099024e-07,8.292180329181173e-06,0.0626737250031381,0.4974726922124092,False,False,False,False,ADD,other,4.634387542675251,0.2033390062455274,0.9999989134528964,3.752248280986072e-07,3.247115452884134,0.07377513863142977,7.696355885933315e-08,1.0111419284622735e-06,0.04184966188146688,0.31889442353677766,False,False,False,False
Laurasiatheria,MACSE,Laurasiatheria_MACSE,69,74,0.0126104963999957,0.1043319843200111,0.182341679018001,0.1900525525268694,0.6809651474530831,False,False,False,False,ADD,other,2.757202148239564,0.9748315633859088,0.9855390335693126,0.001728833802289866,1.353925304424467,0.5185686366390446,0.02624462589297105,0.062495015407637314,0.451037864891533,0.6809651474530831,False,False,False,False
Laurasiatheria,MACSE,Laurasiatheria_MACSE,70,75,2.706219399383537e-09,4.5024746042621195e-08,6.861771296895469e-07,0.6666666666666666,0.6809651474530831,False,False,False,False,ADD,other,7.248114689545817,0.6291271900211961,0.9999999840485523,2.815763486954484e-10,4.43934722113477,0.3367166616339818,3.863646735879911e-09,6.400214810305417e-08,0.6666666666666666,0.6809651474530831,False,False,False,False
Laurasiatheria,MACSE,Laurasiatheria_MACSE,71,76,0.1976977348594999,0.6781703821941291,0.7877527915120828,0.0301786220634533,0.3429868796440528,False,False,False,False,ADD,other,0.8266097399712078,0.4182357841803473,0.7660140517752968,0.1789552710501398,0.3185119597118419,0.1918322594587733,0.6726431750188488,0.7742509053842339,0.01112596886947537,0.1513926478310756,False,False,False,False
Laurasiatheria,MACSE,Laurasiatheria_MACSE,72,77,0.1369418260217627,0.6406833779510291,0.751078052305668,0.5215069764983472,0.6809651474530831,False,False,False,False,ADD,other,0.5939858833072836,0.144968716845899,0.8022317670077751,0.1361609081286652,7.070523237481366e-06,0.03509212582739445,0.6420315395216633,0.752658512485396,0.5220214025173207,0.6809651474530831,False,False,False,False
Laurasiatheria,MACSE,Laurasiatheria_MACSE,73,78,0.2220366642585863,0.5058498340798606,0.6298326365504147,0.4453001046903792,0.6809651474530831,False,False,False,False,ADD,other,0.5258528374933531,0.2816151879803627,0.6340284069652153,0.2973794654076456,1.738809799140025e-06,0.1116218266874419,0.4136496990832614,0.5491307851941554,0.3869311133139337,0.6809651474530831,False,False,False,False
Laurasiatheria,MACSE,Laurasiatheria_MACSE,74,79,0.4646447036859408,0.2640556991360908,0.3810803839804946,0.2765698568801734,0.6809651474530831,False,False,False,False,ADD,other,0.502667000095708,0.4244216635128068,0.4876165907077629,0.4463015364209866,1.779828277158642e-06,0.1814123673523194,0.2678077290719718,0.38215260215888114,0.2796031399505804,0.6809651474530831,False,False,False,False
Laurasiatheria,MACSE,Laurasiatheria_MACSE,75,80,0.0104964496566762,0.0434247016050309,0.0926845830442308,0.6666666666666666,0.6809651474530831,False,False,False,False,ADD,other,0.9773118269775922,0.1524278056055858,0.9828775005685235,0.00877426951732958,0.4905028962392193,0.04029453292943769,0.04075892296782657,0.08485874126088483,0.6666666666666666,0.6809651474530831,False,False,False,False
Laurasiatheria,MACSE,Laurasiatheria_MACSE,76,81,0.0291883163223007,0.0607956595060473,0.1219112961673897,0.6666666666666666,0.6809651474530831,False,False,False,False,ADD,other,0.797236815463562,0.2264291822380931,0.9566484676791178,0.02675576935776322,0.3892097617830081,0.0654172605727598,0.05816906551790368,0.11483116042653525,0.6666666666666666,0.6809651474530831,False,False,False,False
Laurasiatheria,MACSE,Laurasiatheria_MACSE,77,82,0.1834099380003798,0.3363608955951356,0.4643242797889372,0.2763747193611912,0.6809651474530831,False,False,False,False,ADD,other,1.317518067931533,0.6642052805030366,0.7538966042437664,0.1813549929469595,0.7308736759746135,0.3209955120069745,0.3528254789240022,0.4852942507943857,0.2134916165055583,0.6809651474530831,False,False,False,False
Laurasiatheria,MACSE,Laurasiatheria_MACSE,78,83,0.235578211789287,0.5128664726552161,0.6344224872780433,0.6666666666666666,0.6809651474530831,False,False,False,False,ADD,other,1.485272486630812,0.6364608767585648,0.8475333447627142,0.1035432027008901,0.8724841978971098,0.3031989232815061,0.1683408607873554,0.2639418434567178,0.6666666666666666,0.6809651474530831,False,False,False,False
Laurasiatheria,MACSE,Laurasiatheria_MACSE,79,84,0.0467204784858833,0.140672720486566,0.2253790399578285,0.6430947129365726,0.6809651474530831,False,False,False,False,ADD,other,0.7663493783522003,0.3415646387442368,0.8699309653515278,0.08830868539316235,0.3705900639991837,0.1458470931080401,0.2665049710139878,0.3817232855501103,0.6666666666666666,0.6809651474530831,False,False,False,False
Laurasiatheria,MACSE,Laurasiatheria_MACSE,80,85,0.022547594402492,0.1685351646217232,0.2620893784525573,0.6666666666666666,0.6809651474530831,False,False,False,False,ADD,other,0.8938502787144397,0.147580702792872,0.9605011137838786,0.0205596398205431,0.330137787315,0.03907747044006531,0.1697294906224207,0.265028425930911,0.6666666666666666,0.6809651474530831,False,False,False,False
Laurasiatheria,MACSE,Laurasiatheria_MACSE,81,86,0.0510949127952627,0.1232365552395558,0.205934769939784,0.6666666666666666,0.6809651474530831,False,False,False,False,ADD,other,0.7020799821226859,0.2319365460581327,0.9215556877868957,0.05022750707388814,0.3066255909947266,0.06640497423460422,0.1230901189647947,0.20489266119540836,0.6666666666666666,0.6809651474530831,False,False,False,False
Laurasiatheria,MACSE,Laurasiatheria_MACSE,82,87,2.062011641333499e-11,1.257993709202765e-12,9.585912064125069e-11,0.6666666666666666,0.6809651474530831,False,False,False,False,ADD,other,7.224796845697703,0.02628630896762267,0.9999999999957853,3.176481509428672e-13,4.357195840932219,1.159416687711756e-05,3.075317778211684e-14,3.905653578328839e-12,0.6666666666666666,0.6809651474530831,False,False,False,False
Laurasiatheria,MACSE,Laurasiatheria_MACSE,83,88,4.93525659422397e-15,1.110223024625157e-16,4.229949723821848e-14,0.6666666666666666,0.6809651474530831,False,False,False,False,ADD,other,13.04193054514947,0.02444516643530491,0.9999999999999846,1.906807504311237e-15,8.443300608010647,5.09487427817476e-08,1.110223024625157e-16,4.229949723821848e-14,0.6666666666666666,0.6809651474530831,False,False,False,False
Laurasiatheria,MACSE,Laurasiatheria_MACSE,84,89,2.2016017715779402e-09,2.958317257828469e-09,6.261771529070259e-08,0.6666666666666666,0.6809651474530831,False,False,False,False,ADD,other,8.644468783417405,0.5939258969515889,0.9999999647133164,1.387523246060927e-09,5.612902005592388,0.2801397571970213,1.408070104957915e-09,2.682373549944828e-08,0.6666666666666666,0.6809651474530831,False,False,False,False
Laurasiatheria,MACSE,Laurasiatheria_MACSE,85,90,4.005632252387229e-09,3.4103497803528166e-10,1.0827860552620194e-08,0.6666666666666666,0.6809651474530831,False,False,False,False,ADD,other,6.641402573683894,0.02211124112339337,0.9999999969920228,9.72662787847565e-10,3.984592962041407,4.302669971056797e-08,1.27558519302795e-10,3.4714139895974926e-09,0.6666666666666666,0.6809651474530831,False,False,False,False
Laurasiatheria,MACSE,Laurasiatheria_MACSE,86,91,0.0095875126229756,0.0302044818924164,0.0714776869627991,0.2071656294458098,0.6809651474530831,False,False,False,False,ADD,other,0.855839626639868,0.159720792048986,0.9825408687345399,0.009046687570197089,0.416421621148248,0.04259832099162934,0.03155748618804122,0.07286910447056791,0.198644404735034,0.6809651474530831,False,False,False,False
Laurasiatheria,MACSE,Laurasiatheria_MACSE,87,92,0.2006935029943217,0.6145815293617467,0.7317361333963297,0.6666666666666666,0.6809651474530831,False,False,False,False,ADD,other,0.8573805289951909,0.427870788075938,0.7645292470829874,0.1814245817542966,0.3349014550124129,0.1795415063293774,0.6100941454956215,0.7286704370966514,0.6666666666666666,0.6809651474530831,False,False,False,False
Laurasiatheria,MACSE,Laurasiatheria_MACSE,88,93,0.0088060944294677,0.0339492813252768,0.0775970077331802,0.6666666666666666,0.6809651474530831,False,False,False,False,ADD,other,1.200184618760001,0.340139025417028,0.9290980312360537,0.04774200329675682,0.6271563154628894,0.1410357427748579,0.1516897686738701,0.24181507056378457,0.116900339272377,0.6356148061553543,False,False,False,False
Laurasiatheria,MACSE,Laurasiatheria_MACSE,89,94,7.030509602129755e-05,4.521493737275062e-05,0.0002887486919014,0.6666666666666666,0.6809651474530831,False,False,False,False,ADD,other,1.237780272282946,0.05489418527512151,0.9998644848167162,5.384209622880788e-05,0.7828339747649261,6.654817888761145e-07,4.606765713355276e-05,0.00027002734412128615,0.6666666666666666,0.6809651474530831,False,False,False,False
Laurasiatheria,MACSE,Laurasiatheria_MACSE,90,95,0.0405930211230267,0.0454053517864672,0.0961079946146889,0.6666666666666666,0.6809651474530831,False,False,False,False,ADD,other,1.984579579947166,0.5487489897412604,0.9384806699468006,0.03950359277265116,1.273086850612845,0.231506288802805,0.04613779897534753,0.09450807209466348,0.6666666666666666,0.6809651474530831,False,False,False,False
Laurasiatheria,MACSE,Laurasiatheria_MACSE,91,96,0.0006689137094549,0.002600963085188,0.0095285282255448,0.6666666666666666,0.6809651474530831,False,False,False,False,ADD,other,1.229005742437329,0.04350953662182663,0.9985233356016777,0.0005260847718312866,0.6715363756980427,1.233688390259432e-06,0.002611854399016345,0.009386673935490019,0.6666666666666666,0.6809651474530831,False,False,False,False
Laurasiatheria,MACSE,Laurasiatheria_MACSE,92,97,0.0001777301863812,0.0001378147881481,0.00076097730847,0.6666666666666666,0.6809651474530831,False,False,False,False,ADD,other,1.612224589614081,0.1502120804304839,0.9996410671416988,0.0001557643961147665,0.9767553843183784,0.04163820999718715,0.0001405615560263751,0.0007086273269877318,0.6666666666666666,0.6809651474530831,False,False,False,False
Laurasiatheria,MACSE,Laurasiatheria_MACSE,93,98,0.0069330208965816,0.0202270998073048,0.0513768335105543,0.6666666666666666,0.6809651474530831,False,False,False,False,ADD,other,2.673811815011253,0.198149063068005,0.9998067869308437,8.760262165390777e-05,1.619051377013367,0.07418320843449554,8.966626486683893e-05,0.000495113723395154,0.6666666666666666,0.6809651474530831,False,False,False,False
Laurasiatheria,MACSE,Laurasiatheria_MACSE,94,99,0.0033978553336582,0.0320197860437756,0.0748437943722608,0.6666666666666666,0.6809651474530831,False,False,False,False,ADD,other,0.8765160170474003,0.04192095629917462,0.9922531307938741,0.002723636603927035,0.3377268453647458,2.075115361605618e-07,0.03214525712587346,0.07333738302369933,0.6666666666666666,0.6809651474530831,False,False,False,False
Laurasiatheria,MACSE,Laurasiatheria_MACSE,95,100,1.057246862941997e-05,2.946973551742893e-06,2.6733260076524816e-05,0.6666666666666666,0.6809651474530831,False,False,False,False,ADD,other,3.40738751244657,0.2008176133672453,0.9999717560569625,1.181683201740778e-05,2.505803748535939,0.0754587302733874,5.092819800323056e-06,3.9599272324960906e-05,0.6666666666666666,0.6809651474530831,False,False,False,False
Laurasiatheria,MACSE,Laurasiatheria_MACSE,96,101,3.579215162373337e-11,1.822609063673042e-09,4.084788548584877e-08,0.6666666666666666,0.6809651474530831,False,False,False,False,ADD,other,8.243683746276842,0.8042878956921535,0.9999999013698452,4.053526555533485e-11,5.265282447692376,0.4658358686760731,9.707985748619308e-09,1.541142737593315e-07,0.6666666666666666,0.6809651474530831,False,False,False,False
Laurasiatheria,MACSE,Laurasiatheria_MACSE,97,102,0.0004231589942256,0.0005619509559009,0.0025188625199795,0.6666666666666666,0.6809651474530831,False,False,False,False,ADD,other,1.764362015584328,0.2298713558855171,0.99926444458954,0.0002836149121628748,0.8732167877158895,0.09020580871690027,0.0003968197502859372,0.0017786861748110832,0.6666666666666666,0.6809651474530831,False,False,False,False
Laurasiatheria,MACSE,Laurasiatheria_MACSE,98,103,0.0961539598398232,0.1495847597174517,0.2374658060514545,0.6666666666666666,0.6809651474530831,False,False,False,False,ADD,other,2.211548792326662,0.7917644213141953,0.8480137058379558,0.09909349079418438,1.427415146562112,0.3865246453050206,0.1490990944224367,0.239664089147326,0.6666666666666666,0.6809651474530831,False,False,False,False
Laurasiatheria,MACSE,Laurasiatheria_MACSE,99,104,3.202942290369784e-06,1.107328190030898e-06,1.205405829719349e-05,0.6666666666666666,0.6809651474530831,False,False,False,False,ADD,other,2.693105634616717,0.152053211684849,0.999995659417722,1.58430896363771e-06,1.594219442934852,0.03713998405410306,6.080189168811145e-07,6.260951549505531e-06,0.6666666666666666,0.6809651474530831,False,False,False,False
Laurasiatheria,MACSE,Laurasiatheria_MACSE,100,105,0.0061391909719956,0.0072868671136746,0.0216898153930472,0.6666666666666666,0.6809651474530831,False,False,False,False,ADD,other,0.7467124827308179,0.08647977911592025,0.9903273862342703,0.005346317542590319,0.3581540992019941,5.863886744423299e-06,0.007073203333496259,0.020415836894409657,0.6666666666666666,0.6809651474530831,False,False,False,False
Laurasiatheria,MACSE,Laurasiatheria_MACSE,101,106,0.0023282096586581,0.0051143704689966,0.0166981893179673,0.6666666666666666,0.6809651474530831,False,False,False,False,ADD,other,0.7753157244496129,0.05655128971730086,0.9957594435658375,0.001856622104256878,0.3900969119517554,7.887914556538782e-07,0.004888326637924933,0.014781368643249202,0.6666666666666666,0.6809651474530831,False,False,False,False
Laurasiatheria,MACSE,Laurasiatheria_MACSE,102,107,0.3809019963615187,0.6046467252242621,0.7244352273913329,0.2022911724270008,0.6809651474530831,False,False,False,False,ADD,other,0.5568432496781439,0.402295626976601,0.5771357588094231,0.3582315436419806,0.04392171517380739,0.1837587220127149,0.6280199024620916,0.7428529034046693,0.1839462808596424,0.6809651474530831,False,False,False,False
Laurasiatheria,MACSE,Laurasiatheria_MACSE,103,108,1.78384057451597e-10,1.4410250770424679e-11,7.843293633616862e-10,0.6666666666666666,0.6809651474530831,False,False,False,False,ADD,other,6.824806208706131,0.01966207898609777,0.9999999992573064,2.246152910038182e-10,4.354729582100667,9.97661476001789e-07,2.727185144379973e-11,9.44597763644336e-10,0.6666666666666666,0.6809651474530831,False,False,False,False
Laurasiatheria,MACSE,Laurasiatheria_MACSE,104,109,4.384944890601728e-05,3.948154695798678e-05,0.0002658294698622,0.6666666666666666,0.6809651474530831,False,False,False,False,ADD,other,2.729202368095495,0.2203841628666699,0.9999595486062279,1.466096907658516e-05,1.499169581272089,0.08379674840103515,1.5473220006057e-05,0.00010459496651835538,0.6666666666666666,0.6809651474530831,False,False,False,False
Laurasiatheria,MACSE,Laurasiatheria_MACSE,105,110,0.0500487427097695,0.1091910679376179,0.1882434248155313,0.6666666666666666,0.6809651474530831,False,False,False,False,ADD,other,1.157502981788916,0.4144237157581976,0.8971241981751172,0.07125323267000759,0.685937505080665,0.1797057280897798,0.160196877523878,0.25325730430123455,0.6666666666666666,0.6809651474530831,False,False,False,False
Laurasiatheria,MACSE,Laurasiatheria_MACSE,106,111,3.889698916231005e-09,1.17116760733893e-09,3.0729016842201414e-08,0.6666666666666666,0.6809651474530831,False,False,False,False,ADD,other,3.074953276637925,0.04020879075102118,0.9999999874468419,3.49639012340607e-09,2.029519365622789,3.29042750992396e-08,1.329309218256469e-09,2.6823349015620882e-08,0.6666666666666666,0.6809651474530831,False,False,False,False
Laurasiatheria,MACSE,Laurasiatheria_MACSE,107,112,0.0481408208572458,1.0,1.0,1.0,1.0,False,False,False,False,ADD,other,0.5319404349934854,0.04460271711569567,0.8766374052645263,0.04336770316473917,0.0,0.0,1.0,1.0,1.0,1.0,False,False,False,False
Laurasiatheria,MACSE,Laurasiatheria_MACSE,108,113,2.070526284274877e-06,8.323737171744838e-07,9.636763857012731e-06,0.6666666666666666,0.6809651474530831,False,False,False,False,ADD,other,3.09813443788651,0.03948179205826011,0.9999923328552587,2.878438732451101e-06,1.887794952675132,7.060337026592298e-12,1.948465282231027e-06,1.7264308663488868e-05,0.6666666666666666,0.6809651474530831,False,False,False,False
Laurasiatheria,MACSE,Laurasiatheria_MACSE,109,114,0.0003295557592505,0.000521284959983,0.0023663499205383,0.6666666666666666,0.6809651474530831,False,False,False,False,ADD,other,0.9045438106643189,0.046694573521399,0.9993070083709826,0.0002568696040772981,0.52837779609414,3.587718208693646e-07,0.0005253457166640718,0.0022745081596478563,0.6666666666666666,0.6809651474530831,False,False,False,False
Laurasiatheria,MACSE,Laurasiatheria_MACSE,110,115,0.0001640133370502,0.0001777047768896,0.0009672217142134,0.6666666666666666,0.6809651474530831,False,False,False,False,ADD,other,1.101767105012188,0.06916227955333423,0.9997995251493783,8.813990446004561e-05,0.6384591658337837,2.329478952637032e-06,0.0001046348206924508,0.0005548628689895734,0.6666666666666666,0.6809651474530831,False,False,False,False
Laurasiatheria,MACSE,Laurasiatheria_MACSE,111,116,0.0036947900161267,0.0331848946660484,0.0766269385925119,0.6666666666666666,0.6809651474530831,False,False,False,False,ADD,other,0.8524823892069892,0.04306180650173615,0.9915358779056495,0.003054756542864913,0.318345216523402,1.78500506801355e-07,0.03430809907461851,0.07616087924412837,0.6666666666666666,0.6809651474530831,False,False,False,False
Laurasiatheria,MACSE,Laurasiatheria_MACSE,112,117,0.0346797665584158,0.1868937407990231,0.2836912957945331,0.6666666666666666,0.6809651474530831,False,False,False,False,ADD,other,0.9214608596194532,0.1755561878109567,0.9475257777769467,0.03100312356181965,0.3519799269488242,0.04579035251855532,0.1860533944060251,0.2835453730747823,0.4137996755008705,0.6809651474530831,False,False,False,False
Laurasiatheria,MACSE,Laurasiatheria_MACSE,113,118,1.612222965142239e-06,4.257735857216005e-07,6.008138376293696e-06,0.6666666666666666,0.6809651474530831,False,False,False,False,ADD,other,2.557593139044377,0.04229445453882957,0.9999983158517243,6.064379182348752e-07,1.401002067836256,6.833743650483536e-07,2.078330237909043e-07,2.4745119395104542e-06,0.6666666666666666,0.6809651474530831,False,False,False,False
Laurasiatheria,MACSE,Laurasiatheria_MACSE,114,119,0.0002133478989321,0.0003313182907558,0.0015978768199743,0.6666666666666666,0.6809651474530831,False,False,False,False,ADD,other,3.332816231251497,0.04048972969300425,0.9999933250227094,2.58841275388211e-06,2.075363143516245,3.474516320055289e-07,1.461492424081889e-06,1.3581185696956092e-05,0.6666666666666666,0.6809651474530831,False,False,False,False
Laurasiatheria,MACSE,Laurasiatheria_MACSE,115,120,0.2714492337458553,0.8289650502517919,0.9049733070084032,0.2492849781170432,0.6809651474530831,False,False,False,False,ADD,other,0.9238443017682942,0.5499856933746844,0.6830691949369256,0.2533399024509247,0.3296023428620529,0.2598051758658546,0.8278723300702272,0.9116166409154813,0.2265594770162858,0.6809651474530831,False,False,False,False
Laurasiatheria,MACSE,Laurasiatheria_MACSE,116,121,9.054752612292557e-10,8.328593370521276e-11,3.9664925927107575e-09,0.6666666666666666,0.6809651474530831,False,False,False,False,ADD,other,7.096246196894755,0.01892284579630068,0.9999999999666984,7.080710824918705e-12,4.359771958512848,9.479644163884796e-07,8.256728634137289e-13,5.2430226826771786e-11,0.6666666666666666,0.6809651474530831,False,False,False,False
Laurasiatheria,MACSE,Laurasiatheria_MACSE,117,122,0.033605678554611,0.1004733297500282,0.1770213965071847,0.0464951208889431,0.4114021404603233,False,False,False,False,ADD,other,2.137313153982246,0.8442801895373174,0.8876141091866678,0.04354062022403147,1.072818412962707,0.418790926484831,0.09262352849412014,0.1641375086337664,0.4130676636218313,0.6809651474530831,False,False,False,False
Laurasiatheria,MACSE,Laurasiatheria_MACSE,118,123,2.049871778321282e-05,1.461240496036798e-05,0.0001136189038755,0.6666666666666666,0.6809651474530831,False,False,False,False,ADD,other,2.637984935949957,0.04273408025568791,0.9999548148688775,1.730114816807048e-05,1.595921192994981,8.149656733027581e-07,1.665792319893722e-05,0.0001094253230826738,0.6666666666666666,0.6809651474530831,False,False,False,False
Laurasiatheria,MACSE,Laurasiatheria_MACSE,119,124,0.0056271541094514,0.0083823822456877,0.0247572684930778,0.6666666666666666,0.6809651474530831,False,False,False,False,ADD,other,2.500652437082996,0.7274383668464478,0.9778335800542224,0.008069676711620814,1.35579158983657,0.334508473910178,0.0111024319371863,0.030214475486199863,0.6666666666666666,0.6809651474530831,False,False,False,False
Laurasiatheria,MACSE,Laurasiatheria_MACSE,120,125,0.0227453188789676,0.0360011866421745,0.0799385095622096,0.6666666666666666,0.6809651474530831,False,False,False,False,ADD,other,0.5717172013837246,0.08583959527091835,0.9636195378130367,0.02051235600734667,0.2222997436477096,7.520745108148669e-07,0.03516086959407205,0.07699017997322674,0.6666666666666666,0.6809651474530831,False,False,False,False
Laurasiatheria,MACSE,Laurasiatheria_MACSE,121,126,0.0013742364447915,0.0010793522950763,0.0046205980272371,0.6666666666666666,0.6809651474530831,False,False,False,False,ADD,other,2.299499339243433,0.2639975594903387,0.99887017895104,0.0004848198743092794,1.239396099870023,0.1025441143251875,0.0003649977805558757,0.001675471739660104,0.6666666666666666,0.6809651474530831,False,False,False,False
Laurasiatheria,MACSE,Laurasiatheria_MACSE,122,127,0.1123559421388531,0.2658622494125304,0.3822396868912229,0.6666666666666666,0.6809651474530831,False,False,False,False,ADD,other,0.9426409037178652,0.3966987158644038,0.9156433021829267,0.05455657791093192,0.5622027510560355,0.1717296732914939,0.1090754386825858,0.18719703665795132,0.6666666666666666,0.6809651474530831,False,False,False,False
Laurasiatheria,MACSE,Laurasiatheria_MACSE,123,128,6.3394824545338845e-12,1.253552817104264e-12,9.585912064125069e-11,0.6666666666666666,0.6809651474530831,False,False,False,False,ADD,other,7.02740797803756,0.01680403542719113,0.9999999999999467,2.29187616340948e-15,3.834269706186201,2.576589698181494e-08,1.221245327087672e-15,2.326472348102015e-13,0.6666666666666666,0.6809651474530831,False,False,False,False
Laurasiatheria,MACSE,Laurasiatheria_MACSE,124,129,0.0232659947102732,0.0246151551685693,0.0597348670014326,0.0037378727587675,0.0920865354140039,False,False,True,False,ADD,other,1.512993545483917,0.6681554753574797,0.8787980825950801,0.0662191367693378,0.8597473791143228,0.3148211326015777,0.0934039677776286,0.1647542209410949,0.001332425636499823,0.03905032057741789,False,False,True,True
Laurasiatheria,MACSE,Laurasiatheria_MACSE,125,130,0.0079711508616875,0.0053105263271931,0.0168609210888384,0.4534194135674824,0.6809651474530831,False,False,False,False,ADD,other,1.726413351908772,0.3465344622967467,0.9927543880583227,0.003682309620979028,1.062557003344882,0.1509584597218906,0.002392480187441759,0.008764759148224137,0.3991080762882547,0.6809651474530831,False,False,False,False
Laurasiatheria,MACSE,Laurasiatheria_MACSE,126,131,0.1561658628612469,0.4451827264834606,0.581534393384584,0.3099084050083977,0.6809651474530831,False,False,False,False,ADD,other,0.7949575779451885,0.4473102402899289,0.7999794921349621,0.1443751635929126,0.3834567480579313,0.208995356604712,0.4448798589024923,0.5784956527025583,0.30067940814781,0.6809651474530831,False,False,False,False
Laurasiatheria,MACSE,Laurasiatheria_MACSE,127,132,0.3618367250338823,0.7987935767809966,0.882145950010318,0.3093666165769314,0.6809651474530831,False,False,False,False,ADD,other,0.8749378672866256,0.7837931640348437,0.4881826879371379,0.389714992396633,0.4470521690519036,0.4156443653532634,0.9151788662766702,0.9632131161641198,0.4186323315336334,0.6809651474530831,False,False,False,False
Laurasiatheria,MACSE,Laurasiatheria_MACSE,128,133,0.0086172459276871,0.0547887330259002,0.1120625839833558,0.6666666666666666,0.6809651474530831,False,False,False,False,ADD,other,2.641767782710264,0.9470078489490319,0.9551203654623194,0.009983390355094178,1.192064426664094,0.4566469822963486,0.04920818652432857,0.09946175808285743,0.6666666666666666,0.6809651474530831,False,False,False,False
Laurasiatheria,MACSE,Laurasiatheria_MACSE,129,134,0.005438701636773,0.0069583991542448,0.0213030587469606,0.6666666666666666,0.6809651474530831,False,False,False,False,ADD,other,1.913953330563418,0.5888507940842633,0.9643425902991117,0.01488012720524175,0.987280815655015,0.2592419703973847,0.0202543756366369,0.05002991842248242,0.5851109599967288,0.6809651474530831,False,False,False,False
Laurasiatheria,MACSE,Laurasiatheria_MACSE,130,135,0.0003112475368893,0.0001233889685254,0.0006913411324736,0.6666666666666666,0.6809651474530831,False,False,False,False,ADD,other,6.097517268439399,0.5100139394819773,0.9997820412190702,7.869230123326125e-05,3.640961959229148,0.2217792767294449,2.941265458134001e-05,0.00018370854746705808,0.6666666666666666,0.6809651474530831,False,False,False,False
Laurasiatheria,MACSE,Laurasiatheria_MACSE,131,136,0.0324157324865317,0.0740062256337333,0.1427653184750465,0.42454953250216,0.6809651474530831,False,False,False,False,ADD,other,0.9032586781415776,0.2977628332071217,0.9533511467956639,0.02813410391000726,0.5151819040952752,0.1275885185887558,0.07458023141009251,0.1406686542932933,0.3878541010952086,0.6809651474530831,False,False,False,False
Laurasiatheria,MACSE,Laurasiatheria_MACSE,132,137,0.0310591413024476,0.0199508212989292,0.0510151873482686,0.6666666666666666,0.6809651474530831,False,False,False,False,ADD,other,2.957309157764354,0.7070674368822997,0.933209071730355,0.04438360954035186,2.25447861336932,0.3224868454150285,0.03585971737751859,0.07762813818656013,0.6666666666666666,0.6809651474530831,False,False,False,False
Laurasiatheria,MACSE,Laurasiatheria_MACSE,133,138,4.216167009923073e-06,8.346803340719688e-07,9.636763857012731e-06,0.6666666666666666,0.6809651474530831,False,False,False,False,ADD,other,3.650519082211126,0.1831097825907167,0.9999999528124061,1.191856445128859e-08,2.638624254599289,0.06433325284362185,1.010246553079241e-09,2.2641408042540637e-08,0.6666666666666666,0.6809651474530831,False,False,False,False
Laurasiatheria,MACSE,Laurasiatheria_MACSE,134,139,0.2035320376893809,0.3794965917462298,0.5055531519416557,0.0820615342032992,0.5789897135454999,False,False,False,False,ADD,other,1.431998466085473,0.8588885309071393,0.6106937792920751,0.2788721896705624,0.7175111960004754,0.4286080699363471,0.5520400884614014,0.6762934845781156,0.1441437002303356,0.6809651474530831,False,False,False,False
Laurasiatheria,MACSE,Laurasiatheria_MACSE,135,140,0.019594956306049,1.0,1.0,1.0,1.0,False,False,False,False,ADD,other,3.114817232577648,0.05966410219365106,0.9627723975467353,0.0164195798931793,0.0,0.0,1.0,1.0,1.0,1.0,False,False,False,False
Laurasiatheria,MACSE,Laurasiatheria_MACSE,136,141,0.0216644887254373,0.0341984771324225,0.0775970077331802,0.6666666666666666,0.6809651474530831,False,False,False,False,ADD,other,1.185565861670071,0.3612557373178654,0.9640512766411907,0.02133619298411632,0.7529114278297403,0.1517907936439933,0.02961231668172515,0.07007635189898934,0.6666666666666666,0.6809651474530831,False,False,False,False
Laurasiatheria,MACSE,Laurasiatheria_MACSE,137,142,0.0037173693729714,0.0344196700968699,0.0775970077331802,0.6666666666666666,0.6809651474530831,False,False,False,False,ADD,other,0.8351093635138582,0.04188403311155506,0.9915505553451848,0.00297737086147756,0.3135651981713052,8.261595479186604e-07,0.03444084656494462,0.07616087924412837,0.6666666666666666,0.6809651474530831,False,False,False,False
Laurasiatheria,MACSE,Laurasiatheria_MACSE,138,143,0.0009056085595238,0.0028604490039263,0.0101853371074386,0.6666666666666666,0.6809651474530831,False,False,False,False,ADD,other,1.268419880140227,0.04921411238860172,0.9982054158618476,0.0007023345518912034,0.7067038855392169,1.143699381819297e-06,0.002860740376186666,0.009969053823989403,0.6666666666666666,0.6809651474530831,False,False,False,False
Laurasiatheria,MACSE,Laurasiatheria_MACSE,139,144,0.0099557241760248,0.0111202812514106,0.031363913402665,0.0320824197600893,0.3429868796440528,False,False,False,False,ADD,other,1.195393589422502,0.3042902029614399,0.9876298547682586,0.006069074726710911,0.7896681538551479,0.1225100370584466,0.006849785603708081,0.019921895534448692,0.0242206558742688,0.24291821169996938,False,False,False,False
Laurasiatheria,MACSE,Laurasiatheria_MACSE,140,145,3.295820492780611e-06,1.784403128812784e-06,1.761699494309607e-05,0.6666666666666666,0.6809651474530831,False,False,False,False,ADD,other,2.844372994297397,0.03798728383784979,0.9999909756750397,3.236268554278807e-06,1.727252900775863,6.197456373132166e-07,2.474785207429164e-06,2.1429390091602535e-05,0.6666666666666666,0.6809651474530831,False,False,False,False
Laurasiatheria,MACSE,Laurasiatheria_MACSE,141,146,0.1075677398337809,0.2777185310363012,0.3962949824900028,0.6326321272760486,0.6809651474530831,False,False,False,False,ADD,other,0.5587853818145713,0.3523778940902188,0.70371601943183,0.220911991034669,0.2177573387858815,0.1326559325783179,0.5906345093404852,0.7137842305896422,0.6063439794829938,0.6809651474530831,False,False,False,False
Laurasiatheria,MACSE,Laurasiatheria_MACSE,142,147,0.0225485981448396,0.0401291524569975,0.0868704948074776,0.1299355615814418,0.6689925535476935,False,False,False,False,ADD,other,1.049315276279877,0.3428365761286158,0.9671083749650846,0.01908652846531179,0.6642119868096885,0.1600149640490501,0.04058952622783329,0.08485874126088483,0.0814021200481535,0.4946963597416708,False,False,False,False
Laurasiatheria,MACSE,Laurasiatheria_MACSE,143,148,0.060990029216735,0.0977493586882755,0.1748474444142392,0.6666666666666666,0.6809651474530831,False,False,False,False,ADD,other,1.220442638778496,0.5431272590731767,0.8418020989137658,0.1130606648144071,0.7324679433717519,0.2532281332481759,0.2162598501610777,0.316014034326956,0.6666666666666666,0.6809651474530831,False,False,False,False
Laurasiatheria,MACSE,Laurasiatheria_MACSE,144,149,0.0498284737269186,0.1182690559873419,0.1993827890760056,0.414332980818113,0.6809651474530831,False,False,False,False,ADD,other,0.8972381046772385,0.425364745954015,0.8884899988161019,0.07397420052275486,0.524870715436809,0.2036188565447035,0.1889099949297739,0.2867518249730831,0.5976651645799118,0.6809651474530831,False,False,False,False
Laurasiatheria,MACSE,Laurasiatheria_MACSE,145,150,0.271280792293678,0.8962887703649975,0.956543477616426,0.2264027525606463,0.6809651474530831,False,False,False,False,ADD,other,1.805857620246784,1.082521910061013,0.5919652966037475,0.1520516666510723,0.8977684355231766,0.6476507598349692,0.522053745943115,0.6478908052258203,0.4107714792295317,0.6809651474530831,False,False,False,False
Laurasiatheria,MACSE,Laurasiatheria_MACSE,146,151,1.575962187480663e-07,2.7956631787340314e-08,4.841580323171208e-07,0.6666666666666666,0.6809651474530831,False,False,False,False,ADD,other,19.28613163634135,0.6502574390976507,0.9999999997555791,1.031608953928948e-11,10.97022835306115,0.305519829635833,3.208988630376552e-12,1.6248823120346148e-10,0.6666666666666666,0.6809651474530831,False,False,False,False
Laurasiatheria,MACSE,Laurasiatheria_MACSE,147,152,0.0001494786119408,9.904397799942456e-05,0.0005805500864273,0.6666666666666666,0.6809651474530831,False,False,False,False,ADD,other,1.235444455565107,0.05833837721166019,0.9997142048445719,0.0001201148520901325,0.7655677767077537,1.368534268948009e-05,0.0001023405720004256,0.0005548628689895734,0.6666666666666666,0.6809651474530831,False,False,False,False
Laurasiatheria,MACSE,Laurasiatheria_MACSE,148,153,0.0807895590643956,0.2095792729020707,0.3143689093531061,0.6666666666666666,0.6809651474530831,False,False,False,False,ADD,other,0.738862501056686,0.3077888810242134,0.887730547799299,0.07500299902283733,0.3447087565747353,0.1169572859942001,0.2046679355843389,0.3057979743436593,0.6666666666666666,0.6809651474530831,False,False,False,False
Laurasiatheria,MACSE,Laurasiatheria_MACSE,149,154,0.0046260565427175,0.0050794989992067,0.0166981893179673,0.6666666666666666,0.6809651474530831,False,False,False,False,ADD,other,0.7754745716090127,0.08507668409734524,0.9922607687249339,0.004227729308853792,0.3895002683409047,7.155318945534363e-07,0.005275608781094121,0.015826826343282363,0.6666666666666666,0.6809651474530831,False,False,False,False
Laurasiatheria,MACSE,Laurasiatheria_MACSE,150,155,0.1984351291260947,0.5355358159884773,0.6539716214474675,0.6666666666666666,0.6809651474530831,False,False,False,False,ADD,other,1.445423730440351,0.838865399782821,0.6612255138374922,0.2240045696121953,0.682337985075504,0.443615945937985,0.5671373710824655,0.691875741503204,0.6666666666666666,0.6809651474530831,False,False,False,False
Laurasiatheria,MACSE,Laurasiatheria_MACSE,151,156,1.280092918880723e-09,1.209803812685095e-09,3.0729016842201414e-08,0.6666666666666666,0.6809651474530831,False,False,False,False,ADD,other,6.138028127963559,0.2281695249263493,0.9999999942134689,4.611871770164512e-10,3.020503638416175,0.08054018789384196,3.421053440533228e-10,8.6894757389544e-09,0.6666666666666666,0.6809651474530831,False,False,False,False
Laurasiatheria,MACSE,Laurasiatheria_MACSE,152,157,9.556124405848602e-10,1.16035536734671e-09,3.0729016842201414e-08,0.6666666666666666,0.6809651474530831,False,False,False,False,ADD,other,6.888748923567938,0.2293335899219665,0.9999999993029748,4.577920915774313e-11,3.353962309950314,0.07801109037342278,7.326161899356975e-11,2.147128987426929e-09,0.3511665899759,0.6809651474530831,False,False,False,False
Laurasiatheria,MACSE,Laurasiatheria_MACSE,153,158,0.102976512370371,0.3898628722461666,0.5175531509609389,0.1432522676960412,0.6809651474530831,False,False,False,False,ADD,other,2.469573438567859,0.9435319006163606,0.8768465853578048,0.05877736768979171,1.305060860025399,0.4803998062296683,0.1770027926211328,0.27274163631175463,0.5806734276404469,0.6809651474530831,False,False,False,False
Laurasiatheria,MACSE,Laurasiatheria_MACSE,154,159,0.2943853560491255,0.8621481905653449,0.9277266685770134,0.0251780582485557,0.3307875928517157,False,False,False,False,ADD,other,0.8892091438518207,0.5625107376294827,0.659081412514275,0.2748299613322371,0.3176662463166076,0.2565392805090782,0.8620422072834933,0.9330627300426447,0.01666667296613134,0.20247347533754345,False,False,False,False
Laurasiatheria,MACSE,Laurasiatheria_MACSE,155,160,0.0190061220468262,1.0,1.0,1.0,1.0,False,False,False,False,ADD,other,3.118399178046699,0.05824869159171485,0.9632534978365161,0.01596265963600536,0.0,0.0,1.0,1.0,1.0,1.0,False,False,False,False
Laurasiatheria,MACSE,Laurasiatheria_MACSE,156,161,0.0006667051682776,0.0011718545114243,0.0049148247554489,0.2425632090154375,0.6809651474530831,False,False,False,False,ADD,other,2.258779244312122,0.3216635378959857,0.9978482347609998,0.0009102340680842135,1.102208139685215,0.1422797236372299,0.001290165269970611,0.005166533312332442,0.1574330103566214,0.6809651474530831,False,False,False,False
Laurasiatheria,MACSE,Laurasiatheria_MACSE,157,162,0.0014676630367905,0.0361713948700558,0.0799385095622096,0.3212807847077064,0.6809651474530831,False,False,False,False,ADD,other,2.809217860562131,1.098242518665197,0.9842170443207592,0.002121171354748489,1.785519509892684,0.6471231754127852,0.03627518821434661,0.07787295010060871,0.2668748095005934,0.6809651474530831,False,False,False,False
Laurasiatheria,MACSE,Laurasiatheria_MACSE,158,163,0.2583407778015124,0.6953718068933141,0.8028383588677354,0.2573846813865854,0.6809651474530831,False,False,False,False,ADD,other,1.31175255380402,0.9259902244870157,0.5210186263891665,0.3232746797352745,0.5894389098105719,0.531343546259843,0.8989248679364799,0.9566770242564213,0.3169444708905393,0.6809651474530831,False,False,False,False
Laurasiatheria,MACSE,Laurasiatheria_MACSE,159,164,0.1836059710940062,0.4950358410400432,0.6245319716432334,0.6666666666666666,0.6809651474530831,False,False,False,False,ADD,other,0.4547931746941285,0.2390197677354806,0.7338212634770584,0.1831783829293312,0.1481083750410294,0.0651885215461413,0.4897707372387252,0.622008836293181,0.6666666666666666,0.6809651474530831,False,False,False,False
Laurasiatheria,MACSE,Laurasiatheria_MACSE,160,165,0.0103252208022644,0.043544725367237,0.0926845830442308,0.052498562987465,0.4444878332938706,False,False,False,False,ADD,other,1.369029554259523,0.1954382120825594,0.9841465234533787,0.008769065525203531,0.6857934853265647,0.07175495708015493,0.04260629756064638,0.08774594254381766,0.03176170432684045,0.26891576330058253,False,False,False,False
Laurasiatheria,MACSE,Laurasiatheria_MACSE,161,166,0.0311968904270876,0.1052315658800621,0.1830740940653135,0.6666666666666666,0.6809651474530831,False,False,False,False,ADD,other,0.7964760208692409,0.2235093336922977,0.9524882897774193,0.02774152059182737,0.3833389293586872,0.0850485574782254,0.1019065554709846,0.17648362561111422,0.6666666666666666,0.6809651474530831,False,False,False,False
Laurasiatheria,MACSE,Laurasiatheria_MACSE,162,167,0.0229481504039087,0.0500257196849877,0.1041519081966137,0.6666666666666666,0.6809651474530831,False,False,False,False,ADD,other,1.462655404701608,0.2658147130827995,0.9640364775856349,0.02267402283385675,0.8914337209690584,0.1112173496615191,0.07214253980716967,0.13674779933597833,0.6666666666666666,0.6809651474530831,False,False,False,False
Laurasiatheria,MACSE,Laurasiatheria_MACSE,163,168,0.000119790584163,6.717227184371843e-05,0.000412784444717,0.649534037880452,0.6809651474530831,False,False,False,False,ADD,other,3.855859132451874,0.5844968127521641,0.9998093042904584,3.488907180128905e-05,2.66096361817021,0.2385013881058496,1.783787982723162e-05,0.00011519037651144487,0.605246066538741,0.6809651474530831,False,False,False,False
Laurasiatheria,MACSE,Laurasiatheria_MACSE,164,169,0.0047632648877854,0.0186245949165165,0.0486025387889918,0.6666666666666666,0.6809651474530831,False,False,False,False,ADD,other,1.234564375058658,0.1434855686135494,0.9912875526461057,0.004199257679524054,0.6988337479148369,0.0373669704152047,0.01887643641879544,0.04700602794484354,0.6666666666666666,0.6809651474530831,False,False,False,False
Laurasiatheria,MACSE,Laurasiatheria_MACSE,165,170,0.0968776238381458,0.2036552768494571,0.306690357627048,0.1620783389840618,0.6809651474530831,False,False,False,False,ADD,other,1.405078134663547,0.7690018061650225,0.7654797347928077,0.1327710257507804,0.7690218244227673,0.400215871482727,0.2841222708081534,0.3994486537930127,0.1513664513476506,0.6809651474530831,False,False,False,False
Laurasiatheria,MACSE,Laurasiatheria_MACSE,166,171,0.2286807701637504,0.7816875412024208,0.8682884932889864,0.1061337318671142,0.6319248638420717,False,False,False,False,ADD,other,0.8381298569974669,0.464050096167485,0.7302181084545264,0.2113504099858847,0.2897359785548312,0.2093943274411153,0.7792520037343845,0.8783876136769245,0.1182098316303114,0.6356148061553543,False,False,False,False
Laurasiatheria,MACSE,Laurasiatheria_MACSE,167,172,0.8017613908827073,0.1179241677389801,0.1993827890760056,0.001251440900659,0.0476798983151115,False,False,True,True,ADD,other,0.5776014249024052,1.004478082709513,0.09045246303442916,0.8236667202536074,0.1555080711656262,0.6644751935616651,0.09135419996803762,0.16264462704589874,0.001449861758544224,0.039456952143239236,False,False,True,True
Laurasiatheria,MACSE,Laurasiatheria_MACSE,168,173,0.0244977676931555,0.1607301205208481,0.2520089543968853,0.6666666666666666,0.6809651474530831,False,False,False,False,ADD,other,2.44902769195096,1.181510594068804,0.7777379605128469,0.09082138816213801,1.221347172805265,0.7864347410497303,0.5368955001104689,0.6619973642138791,0.6666666666666666,0.6809651474530831,False,False,False,False
Laurasiatheria,MACSE,Laurasiatheria_MACSE,169,174,0.036747434321137,0.156889408271792,0.2470035725270775,0.2850017012200008,0.6809651474530831,False,False,False,False,linker,other,2.196635203690597,1.079051065110467,0.7572720571365394,0.07145620530428559,1.073224012229781,0.562686653850457,0.1775326136622445,0.27274163631175463,0.3276791635194781,0.6809651474530831,False,False,False,False
Laurasiatheria,MACSE,Laurasiatheria_MACSE,170,175,0.0138401099545169,0.0138606266175753,0.0374531825623845,0.6666666666666666,0.6809651474530831,False,False,False,False,linker,other,1.866482713368984,0.4616392645208486,0.9852514681350465,0.007325181558641237,1.099281957190483,0.2177746100231099,0.007269491495650371,0.020824633532652567,0.5215329174231512,0.6809651474530831,False,False,False,False
Laurasiatheria,MACSE,Laurasiatheria_MACSE,171,176,0.0104090817240347,0.0184095676422392,0.0483727260116768,0.6666666666666666,0.6809651474530831,False,False,False,False,linker,other,1.717596674956311,0.5146373867236339,0.9733943328995084,0.00986353689301645,0.9324119303036967,0.2324689970004994,0.01511438817176547,0.03944234173590852,0.6566113722873591,0.6809651474530831,False,False,False,False
Laurasiatheria,MACSE,Laurasiatheria_MACSE,172,177,0.2254319262428255,0.4785990489245151,0.6108719798615925,0.1783759878108667,0.6809651474530831,False,False,False,False,linker,other,0.5534650282660825,0.307069472688761,0.6307267978348114,0.3036917154901397,2.107247477073927e-06,0.1243982392493482,0.3853030402822601,0.5242873512412182,0.1937568484128514,0.6809651474530831,False,False,False,False
Laurasiatheria,MACSE,Laurasiatheria_MACSE,173,178,1.27540403867225e-05,2.129310166854026e-06,2.02816793392846e-05,0.6666666666666666,0.6809651474530831,False,False,False,False,C_terminal_MTase_like,other,4.65430832393452,0.1900885271072789,0.9999706988196132,1.273387201654093e-05,3.784173022044096,0.06663708599541206,3.542780466769813e-06,2.934346430085432e-05,0.6666666666666666,0.6809651474530831,False,False,False,False
Laurasiatheria,MACSE,Laurasiatheria_MACSE,174,179,0.0134373083724515,0.0119593443474009,0.033018189828694,0.6666666666666666,0.6809651474530831,False,False,False,False,C_terminal_MTase_like,other,1.365953297989819,0.3379535612476495,0.9782401368915824,0.01248015741024829,0.8663333147126874,0.1372725819900072,0.01309891322800483,0.0351456756328862,0.6666666666666666,0.6809651474530831,False,False,False,False
Laurasiatheria,MACSE,Laurasiatheria_MACSE,175,180,0.1154583635911031,0.4568524942949989,0.5940641649365004,0.1216204478552247,0.6526393046878959,False,False,False,False,C_terminal_MTase_like,other,0.7399615337474491,0.4214934178022636,0.7955231426361445,0.1457420221649578,0.3133281851341954,0.1756499145039122,0.4485394088144744,0.5812704583616148,0.03716395099532577,0.2951969333419764,False,False,False,False
Laurasiatheria,MACSE,Laurasiatheria_MACSE,176,181,0.0002280790788832,0.0002030829269251,0.001074647154979,0.6666666666666666,0.6809651474530831,False,False,False,False,C_terminal_MTase_like,other,1.983955670756437,0.1963884662204941,0.9997996171787829,7.919924166953884e-05,0.9987718883022515,0.07519641448369224,6.713479359954366e-05,0.0003817665128571065,0.6666666666666666,0.6809651474530831,False,False,False,False
Laurasiatheria,MACSE,Laurasiatheria_MACSE,177,182,0.0264196717194668,0.1109931498029769,0.1904882435807846,0.6666666666666666,0.6809651474530831,False,False,False,False,C_terminal_MTase_like,other,0.5173685522033765,0.06126591213434051,0.9513562792476429,0.02295328950088742,0.1284737542159645,3.657960519075972e-07,0.110317410095393,0.18847952128405712,0.6666666666666666,0.6809651474530831,False,False,False,False
Laurasiatheria,MACSE,Laurasiatheria_MACSE,178,183,7.548613160881045e-05,7.435023748270098e-05,0.0004496419123953,0.6666666666666666,0.6809651474530831,False,False,False,False,C_terminal_MTase_like,other,2.270121819302402,0.1928240905353394,0.9999060056495902,3.616176629617892e-05,1.156728458877427,0.0792224148740748,3.670771342556556e-05,0.00021852560648656996,0.6666666666666666,0.6809651474530831,False,False,False,False
Laurasiatheria,MACSE,Laurasiatheria_MACSE,179,184,0.4380351416800097,0.6998988562880935,0.8031971814631435,0.5114894892692767,0.6809651474530831,False,False,False,False,C_terminal_MTase_like,other,0.5030881998107855,0.6253684135420678,0.3125533450762448,0.6129585169003189,0.1330333377772476,0.3059840817402278,0.40534020118916,0.5418758479055086,0.2961103373775404,0.6809651474530831,False,False,False,False
Laurasiatheria,MACSE,Laurasiatheria_MACSE,180,185,0.1036672710780827,0.9722492064984224,1.0,0.6634713346988358,0.6809651474530831,False,False,False,False,C_terminal_MTase_like,other,2.815505661669828,0.2651509916139967,0.8795815413907051,0.0927306943605382,0.009897188937258517,0.1024905826662567,0.9754480802671178,1.0,0.6646992294675838,0.6809651474530831,False,False,False,False
Laurasiatheria,MACSE,Laurasiatheria_MACSE,181,186,0.0036559565397568,0.0174655331928129,0.0462108899059843,0.6666666666666666,0.6809651474530831,False,False,False,False,C_terminal_MTase_like,other,1.366262700057167,0.1411369118474852,0.9934412435984926,0.003088104266630607,0.7099009499655639,0.0352057603642081,0.01692552245175905,0.04299082702746799,0.6666666666666666,0.6809651474530831,False,False,False,False
Laurasiatheria,MACSE,Laurasiatheria_MACSE,182,187,0.0007865235227236,0.0021382338433754,0.0080660108349112,0.6666666666666666,0.6809651474530831,False,False,False,False,C_terminal_MTase_like,other,0.8537894389665893,0.04741547820180965,0.9993633313672777,0.0002479730970454498,0.4145300995933957,1.681998462373288e-07,0.0006320583766273868,0.0026755236872884206,0.6666666666666666,0.6809651474530831,False,False,False,False
Laurasiatheria,MACSE,Laurasiatheria_MACSE,183,188,0.2923084476387548,0.902459594087174,0.9580823254880114,0.5690550404496112,0.6809651474530831,False,False,False,False,C_terminal_MTase_like,other,0.8627607457538801,0.545851721154198,0.6635707210460251,0.2705204878896619,0.3030507775165521,0.2589143179606941,0.8929799164827529,0.9530121797757111,0.621873266763178,0.6809651474530831,False,False,False,False
Laurasiatheria,MACSE,Laurasiatheria_MACSE,184,189,1.139964941904463e-07,1.333883689058624e-07,1.9546526366589834e-06,0.6666666666666666,0.6809651474530831,False,False,False,False,C_terminal_MTase_like,other,2.742299274582454,0.03914806850406694,0.9999999602515661,1.115886136432145e-08,1.255991556697885,1.633044106940496e-09,1.609776723032752e-08,2.27157382027955e-07,0.6666666666666666,0.6809651474530831,False,False,False,False
Laurasiatheria,MACSE,Laurasiatheria_MACSE,185,190,0.097859630629133,0.1730708781261265,0.2658871151857024,0.6666666666666666,0.6809651474530831,False,False,False,False,C_terminal_MTase_like,other,0.9336267948192211,0.6287167381304225,0.722670190196082,0.1958677751201068,0.5505832487926248,0.3066718305241827,0.3954259316778128,0.5326823186086528,0.5335949389101107,0.6809651474530831,False,False,False,False
Laurasiatheria,MACSE,Laurasiatheria_MACSE,186,191,4.157878361109919e-05,2.975335807886559e-05,0.0002099264708897,0.6666666666666666,0.6809651474530831,False,False,False,False,C_terminal_MTase_like,other,1.369066994958734,0.05857956633328427,0.9999157678833848,3.436669398461535e-05,0.7911166020942465,7.224045142287961e-09,3.145926720704573e-05,0.00019332227106265196,0.6666666666666666,0.6809651474530831,False,False,False,False
Laurasiatheria,MACSE,Laurasiatheria_MACSE,187,192,0.0028762092989058,0.0034964213637126,0.0120012300862569,0.6666666666666666,0.6809651474530831,False,False,False,False,C_terminal_MTase_like,other,1.468964404844398,0.1765596129612763,0.9981167977431534,0.0009357626042224724,0.8867334809768271,0.04975028166427224,0.0009103344316354622,0.003689759770777778,0.6666666666666666,0.6809651474530831,False,False,False,False
Laurasiatheria,MACSE,Laurasiatheria_MACSE,188,193,0.0218331512150232,0.0348064380464941,0.0780073699747899,0.6666666666666666,0.6809651474530831,False,False,False,False,C_terminal_MTase_like,other,0.5723653831042794,0.08451550391811505,0.9649054211227981,0.01965117695586275,0.2222997436477096,7.520745108148669e-07,0.03386379805413942,0.07616087924412837,0.6666666666666666,0.6809651474530831,False,False,False,False
Laurasiatheria,MACSE,Laurasiatheria_MACSE,189,194,0.1293897236434555,0.4617106787080768,0.5980517236972428,0.6666666666666666,0.6809651474530831,False,False,False,False,C_terminal_MTase_like,other,0.6490152537374425,0.3871120165507705,0.7341911304321295,0.1972883803494856,0.2594664126609068,0.1726270048927228,0.6548381648372202,0.7653169963281623,0.6666666666666666,0.6809651474530831,False,False,False,False
Laurasiatheria,MACSE,Laurasiatheria_MACSE,190,195,0.0052313268530486,0.0117884078625039,0.0327838204059415,0.6666666666666666,0.6809651474530831,False,False,False,False,C_terminal_MTase_like,other,1.02046076904617,0.1657386070338566,0.9971553581471218,0.001393345149844769,0.6002915203055331,0.048227049393508,0.002736706229201968,0.00965449141968472,0.6666666666666666,0.6809651474530831,False,False,False,False
Laurasiatheria,MACSE,Laurasiatheria_MACSE,191,196,0.001031953367843,0.0015230668218635,0.0061114805448856,0.6666666666666666,0.6809651474530831,False,False,False,False,C_terminal_MTase_like,other,0.8007785834547595,0.05298053561106596,0.9980524751266306,0.0008157260076840526,0.4202453066556079,2.612126546813873e-07,0.001494772755624152,0.005811310407069407,0.6666666666666666,0.6809651474530831,False,False,False,False
Laurasiatheria,MACSE,Laurasiatheria_MACSE,192,197,0.0040865295064438,0.0092705697658378,0.027169900621417,0.6666666666666666,0.6809651474530831,False,False,False,False,C_terminal_MTase_like,other,0.9648118503406506,0.1580400479436259,0.9926974206448359,0.00365568719759551,0.5296767431102892,0.04280201182398693,0.009704415869944416,0.02679262642354219,0.6666666666666666,0.6809651474530831,False,False,False,False
Laurasiatheria,MACSE,Laurasiatheria_MACSE,193,198,0.1692048171985829,0.3283036221640117,0.4564913968838329,0.3338216089884674,0.6809651474530831,False,False,False,False,C_terminal_MTase_like,other,1.217603761310508,0.6452256587297366,0.7426667916383647,0.1920605024919416,0.6719571797453637,0.3075299467217018,0.3891126418087584,0.5275868915627648,0.3927494566958736,0.6809651474530831,False,False,False,False
Laurasiatheria,MACSE,Laurasiatheria_MACSE,194,199,0.0011713766035412,0.0052632197420073,0.0168511489218891,0.6666666666666666,0.6809651474530831,False,False,False,False,C_terminal_MTase_like,other,1.371264229844824,0.04609326728368397,0.9994831993337074,0.00019358524706924,0.7276915909348507,5.45501401551719e-07,0.000574690229044883,0.002460190755798881,0.6666666666666666,0.6809651474530831,False,False,False,False
Laurasiatheria,MACSE,Laurasiatheria_MACSE,195,200,0.05588873430102,0.1128449225343627,0.192797827289651,0.6666666666666666,0.6809651474530831,False,False,False,False,C_terminal_MTase_like,other,1.667628530881536,0.7269859661666177,0.8430624391470167,0.09609547531697016,0.8003139232671282,0.3507925421684947,0.2106331598430464,0.30985032393899875,0.6666666666666666,0.6809651474530831,False,False,False,False
Laurasiatheria,MACSE,Laurasiatheria_MACSE,196,201,0.6885765911519999,0.3436563072850589,0.4720876880116325,0.0133112812832444,0.2113165903715055,False,False,False,False,C_terminal_MTase_like,other,0.7181011967088938,0.8703536975787575,0.2734694528274416,0.6113816988504425,0.2727255277166422,0.4540669543151322,0.4840139949717019,0.616753619010764,0.01193097839310209,0.15674837130247918,False,False,False,False
Laurasiatheria,MACSE,Laurasiatheria_MACSE,197,202,0.0001774267975529,0.0003475433571956,0.0016347409764388,0.6666666666666666,0.6809651474530831,False,False,False,False,C_terminal_MTase_like,other,1.763638857031585,0.05035369004956301,0.9995983311076087,0.000161812317824743,0.9212077924715304,3.338169041503974e-06,0.000420796958499503,0.0018642283859105888,0.6666666666666666,0.6809651474530831,False,False,False,False
Laurasiatheria,MACSE,Laurasiatheria_MACSE,198,203,0.0018926181857017,0.00184499670176,0.0071728953405162,0.6666666666666666,0.6809651474530831,False,False,False,False,C_terminal_MTase_like,other,0.8508064142312535,0.08067055819524134,0.9967064865776643,0.001720992211858898,0.4547248312592203,3.803874732029902e-06,0.002037916862057898,0.007687587370733259,0.6666666666666666,0.6809651474530831,False,False,False,False
Laurasiatheria,MACSE,Laurasiatheria_MACSE,199,204,0.4709822438195129,0.6997939964054288,0.8031971814631435,0.4321939773083647,0.6809651474530831,False,False,False,False,C_terminal_MTase_like,other,1.068059287241249,1.139572535653267,0.1827440467192845,0.5375989687501936,0.4775678908518712,0.7316541954692932,0.5166064983150955,0.6432257380982072,0.4532453087523343,0.6809651474530831,False,False,False,False
Laurasiatheria,MACSE,Laurasiatheria_MACSE,200,205,0.001325335465497,0.0022812932035061,0.0084385700052022,0.6666666666666666,0.6809651474530831,False,False,False,False,C_terminal_MTase_like,other,0.9182893523484768,0.1325767137017605,0.9972378768986062,0.001153066850318784,0.5112350259761985,0.03213782437575789,0.002361884411673398,0.008736679231529754,0.6666666666666666,0.6809651474530831,False,False,False,False
Laurasiatheria,MACSE,Laurasiatheria_MACSE,201,206,3.049590821947775e-05,1.141957112649195e-05,9.064284581652986e-05,0.6666666666666666,0.6809651474530831,False,False,False,False,C_terminal_MTase_like,other,2.121294043937274,0.08449422189984668,0.9998957651699443,4.103550908122503e-05,1.095980486582956,2.609754274161888e-08,1.391220690183381e-05,9.637365144724876e-05,0.6666666666666666,0.6809651474530831,False,False,False,False
Laurasiatheria,MACSE,Laurasiatheria_MACSE,202,207,0.0196691791022459,0.0951832664239707,0.1710604929600607,0.6666666666666666,0.6809651474530831,False,False,False,False,C_terminal_MTase_like,other,0.4967461867187901,0.04970653498729131,0.9590219405289252,0.01710449902045026,0.1281317270587254,1.181296281646013e-06,0.09577702651008979,0.16739012431350556,0.6666666666666666,0.6809651474530831,False,False,False,False
Laurasiatheria,MACSE,Laurasiatheria_MACSE,203,208,0.001266269335579,0.0015665637730349,0.0062172999742326,0.6666666666666666,0.6809651474530831,False,False,False,False,C_terminal_MTase_like,other,1.140878943749485,0.1505788850348625,0.9978171000426411,0.001025409982890876,0.7173954428549566,0.03992952108142015,0.001558173959569031,0.005996608874705059,0.6666666666666666,0.6809651474530831,False,False,False,False
Laurasiatheria,MACSE,Laurasiatheria_MACSE,204,209,0.0013060293178137,0.0009641927184128,0.0041745162013102,0.6666666666666666,0.6809651474530831,False,False,False,False,C_terminal_MTase_like,other,1.375983091170406,0.08912332967235088,0.9994659897076045,0.0002558443869662225,0.8313066297366262,7.886096989375611e-07,0.0001221965797475466,0.0006377657107371953,0.6666666666666666,0.6809651474530831,False,False,False,False
Laurasiatheria,MACSE,Laurasiatheria_MACSE,205,210,0.0165623618118453,0.0286773056790234,0.068717317381811,0.0950532644048264,0.6067272275287434,False,False,False,False,C_terminal_MTase_like,other,1.198975325258127,0.318715508839258,0.9785810548838709,0.01224708718401214,0.6822433373100316,0.1319351140719944,0.02295323039740649,0.05534924545197388,0.08552263996904264,0.50129424351085,False,False,False,False
Laurasiatheria,MACSE,Laurasiatheria_MACSE,206,211,0.0018449269765424,0.0998638163412143,0.1770213965071847,0.6666666666666666,0.6809651474530831,False,False,False,False,C_terminal_MTase_like,other,2.856786425900529,1.962165705816418,0.5402984923869225,0.001501355393264098,1.922002001822381,0.9910119280650616,0.08263273578897523,0.1513609246903825,0.6666666666666666,0.6809651474530831,False,False,False,False
Laurasiatheria,MACSE,Laurasiatheria_MACSE,207,212,0.0498158254767767,0.06507206946663,0.1291273878478439,0.6666666666666666,0.6809651474530831,False,False,False,False,C_terminal_MTase_like,other,1.373564530272935,0.6605762739833606,0.8987298573334256,0.04338867507843203,0.8259905351716541,0.3149971286830798,0.05860951455797347,0.11510425281746335,0.6666666666666666,0.6809651474530831,False,False,False,False
Laurasiatheria,MACSE,Laurasiatheria_MACSE,208,213,0.0427979653714784,0.0718994023953358,0.1397636342480763,0.6666666666666666,0.6809651474530831,False,False,False,False,C_terminal_MTase_like,other,1.562412902498601,0.638313058350428,0.9399844642008387,0.02244503016272644,0.8647412231750188,0.3089684519223442,0.03638158823597992,0.07787295010060871,0.6666666666666666,0.6809651474530831,False,False,False,False
Laurasiatheria,MACSE,Laurasiatheria_MACSE,209,214,0.7304853771371638,0.2710507064891531,0.3882342826028847,0.1158661133955821,0.6397824522277794,False,False,False,False,C_terminal_MTase_like,other,0.4595697802340319,0.9848180603887381,0.07771629433219665,0.8587057021753822,1.03196306200583e-05,0.6074767507965366,0.05444277295777522,0.1080348775880852,0.06230884295604877,0.41315210878300274,False,False,False,False
Laurasiatheria,MACSE,Laurasiatheria_MACSE,210,215,0.0001046237470905,0.0030914880193506,0.0109060827349315,0.6666666666666666,0.6809651474530831,False,False,False,False,C_terminal_MTase_like,other,2.772135280189281,0.7416462742132641,0.9979219019341525,0.0002545253980304101,1.335453011811386,0.3561020922575052,0.00346797363912521,0.011197440309378855,0.6666666666666666,0.6809651474530831,False,False,False,False
Laurasiatheria,MACSE,Laurasiatheria_MACSE,211,216,0.0293709153854382,0.0661518119446815,0.1305898463778428,0.3354748818249568,0.6809651474530831,False,False,False,False,C_terminal_MTase_like,other,1.124894281661539,0.3465740863171248,0.9824578222217759,0.009145063316294524,0.6592386771906752,0.1475159257625523,0.01813263971620815,0.04545089297286385,0.3887209451519357,0.6809651474530831,False,False,False,False
Laurasiatheria,MACSE,Laurasiatheria_MACSE,212,217,0.2067005687208071,0.6218387108273675,0.7357781019416989,0.039171873377235,0.3641193600358996,False,False,False,False,C_terminal_MTase_like,other,1.480794025128958,1.098852190849925,0.4263171283794134,0.2190488274905736,0.7100807762091236,0.6350889625917439,0.8169849592052794,0.9063262361195068,0.3465840447858095,0.6809651474530831,False,False,False,False
Laurasiatheria,MACSE,Laurasiatheria_MACSE,213,218,0.0790339373998263,0.1814622315485319,0.2765484408799626,0.6666666666666666,0.6809651474530831,False,False,False,False,C_terminal_MTase_like,other,0.7811249622475309,0.3398259394181343,0.8891613191088487,0.07466380809570462,0.3850539011207043,0.130803480655428,0.1801702806283874,0.2756822366241591,0.6666666666666666,0.6809651474530831,False,False,False,False
Laurasiatheria,MACSE,Laurasiatheria_MACSE,214,219,0.0007138164124625,0.0008341061263242,0.0036952841177854,0.6666666666666666,0.6809651474530831,False,False,False,False,C_terminal_MTase_like,other,2.672863179381016,0.5329140960846728,0.9984357248597076,0.0005349182790243365,1.369963314379257,0.2138783015111653,0.0006526851035576486,0.00270296765712461,0.6666666666666666,0.6809651474530831,False,False,False,False
Laurasiatheria,MACSE,Laurasiatheria_MACSE,215,220,0.0002734075302227,0.0001928298459475,0.0010347629761413,0.6666666666666666,0.6809651474530831,False,False,False,False,C_terminal_MTase_like,other,2.357327462729604,0.2516002668119559,0.9995034536694553,0.0002196735739127162,1.312208673165274,0.1090626038533204,0.0001413534825487339,0.0007086273269877318,0.6666666666666666,0.6809651474530831,False,False,False,False
Laurasiatheria,MACSE,Laurasiatheria_MACSE,216,221,0.0058723815366428,0.0072422803765874,0.0216898153930472,0.6666666666666666,0.6809651474530831,False,False,False,False,C_terminal_MTase_like,other,1.214403264975897,0.2135629400766404,0.9948441962972059,0.002619368527842087,0.7803137183298674,0.06303788258941631,0.002570139434574625,0.00932593451974221,0.6666666666666666,0.6809651474530831,False,False,False,False
Laurasiatheria,MACSE,Laurasiatheria_MACSE,217,222,3.698535143193597e-06,1.648796788411566e-05,0.0001256383152769,0.6666666666666666,0.6809651474530831,False,False,False,False,C_terminal_MTase_like,other,4.340275428110835,0.8342390484216031,0.999968156351703,1.043403597811561e-06,2.801649027928194,0.4073594495095946,6.195218024696025e-06,4.628192289037619e-05,0.6666666666666666,0.6809651474530831,False,False,False,False
Laurasiatheria,MACSE,Laurasiatheria_MACSE,218,223,0.0048733150215068,0.0102681322861957,0.0294147248198539,0.6666666666666666,0.6809651474530831,False,False,False,False,C_terminal_MTase_like,other,0.9992880551671954,0.1497229693550503,0.996605086362791,0.001596403097733331,0.5936531723849839,0.03844885898181041,0.002636152522565438,0.009386673935490019,0.6666666666666666,0.6809651474530831,False,False,False,False
Laurasiatheria,MACSE,Laurasiatheria_MACSE,219,224,0.014590300300712,0.0221414258477257,0.0553131987384557,0.6666666666666666,0.6809651474530831,False,False,False,False,C_terminal_MTase_like,other,1.181943002099407,0.2567402618021103,0.9892432148406669,0.00584519072598301,0.7390697074704202,0.09918281430911191,0.007870589604607625,0.02221255288411485,0.6666666666666666,0.6809651474530831,False,False,False,False
Laurasiatheria,MACSE,Laurasiatheria_MACSE,220,225,1.253070756569716e-07,3.9217535885427424e-08,6.225783821811602e-07,0.6666666666666666,0.6809651474530831,False,False,False,False,C_terminal_MTase_like,other,2.670955231090662,0.04026896679411096,0.9999997566251269,7.980572457504083e-08,1.367949036768317,7.547562330992832e-07,2.979205560027509e-08,4.0538475656088604e-07,0.6666666666666666,0.6809651474530831,False,False,False,False
Laurasiatheria,MACSE,Laurasiatheria_MACSE,221,226,0.0091551305568534,0.0164279277468949,0.0437695137871816,0.6666666666666666,0.6809651474530831,False,False,False,False,C_terminal_MTase_like,other,2.61203319561308,0.8731449593635733,0.957826992840903,0.01550002321789471,1.538416419468647,0.4148267574923034,0.02528253874460651,0.0605826871804722,0.6666666666666666,0.6809651474530831,False,False,False,False
Laurasiatheria,MACSE,Laurasiatheria_MACSE,222,227,0.0003221495107608,0.0144577926077976,0.0387916829828937,0.6666666666666666,0.6809651474530831,False,False,False,False,C_terminal_MTase_like,other,2.773427097853535,0.9133738897039944,0.9928498265501912,0.0007134464230956133,1.280834004937989,0.4529312296228836,0.01629600843513168,0.04166965915292061,0.6493707299554314,0.6809651474530831,False,False,False,False
Laurasiatheria,MACSE,Laurasiatheria_MACSE,223,228,0.2185532933938076,0.8444860617552046,0.9166643576317176,0.6666666666666666,0.6809651474530831,False,False,False,False,C_terminal_MTase_like,other,0.5219914995601063,0.2784797528418551,0.7110922658150857,0.210626811234926,0.1298038440185258,0.0993524188375844,0.8354914875985326,0.9152202075921841,0.6666666666666666,0.6809651474530831,False,False,False,False
Laurasiatheria,MACSE,Laurasiatheria_MACSE,224,229,7.69544421333818e-06,9.152507271958932e-06,7.419372916205006e-05,0.6666666666666666,0.6809651474530831,False,False,False,False,C_terminal_MTase_like,other,2.068909380888583,0.04352556498602442,0.9999837826284986,5.887709465896329e-06,0.9595894029495822,1.18554077072533e-07,8.623633260484986e-06,6.199253343858075e-05,0.6666666666666666,0.6809651474530831,False,False,False,False
Laurasiatheria,MACSE,Laurasiatheria_MACSE,225,230,0.1753485186970847,0.533663366936383,0.6537805234815497,0.6666666666666666,0.6809651474530831,False,False,False,False,C_terminal_MTase_like,other,0.8829020893277275,0.6137704209108714,0.6592320260221901,0.2644796460895487,0.3736258351385144,0.2955522033369898,0.7768225033550267,0.8782473999355049,0.6666666666666666,0.6809651474530831,False,False,False,False
Laurasiatheria,MACSE,Laurasiatheria_MACSE,226,231,4.170459034830426e-06,7.446217864526261e-07,9.636763857012731e-06,0.6666666666666666,0.6809651474530831,False,False,False,False,C_terminal_MTase_like,other,7.663082188523798,0.5816004163221675,0.9999378121077312,1.606394338764482e-05,5.072701629596958,0.2677712106860686,4.123448573256638e-06,3.342625332788892e-05,0.6666666666666666,0.6809651474530831,False,False,False,False
Laurasiatheria,MACSE,Laurasiatheria_MACSE,227,232,0.0487058316558587,0.1376153417273511,0.2221671406700032,0.3365222123408553,0.6809651474530831,False,False,False,False,C_terminal_MTase_like,other,0.8169067703683561,0.2690248876030181,0.9291015050461159,0.04568583252741466,0.3888694957330209,0.09929415269915522,0.1408282654965164,0.22735410658547772,0.3472186629487382,0.6809651474530831,False,False,False,False
Laurasiatheria,MACSE,Laurasiatheria_MACSE,228,233,0.0348053686625598,0.0544920947796971,0.1120625839833558,0.6666666666666666,0.6809651474530831,False,False,False,False,C_terminal_MTase_like,other,1.314944502757972,0.5439435805831765,0.9377073470210043,0.03337628607858455,0.7318533819610457,0.240074102701509,0.05293878403320595,0.10560040165786108,0.6666666666666666,0.6809651474530831,False,False,False,False
Laurasiatheria,MACSE,Laurasiatheria_MACSE,229,234,0.4307508938169595,0.4887676005895824,0.6186726107130595,0.0189518142107775,0.277716969781009,False,False,False,False,C_terminal_MTase_like,other,1.640482043542691,1.354664625500158,0.3519323517060505,0.2953324219537626,0.7141980270919372,0.9353302527672239,0.6011588704988571,0.7204261068579603,0.08330406971241411,0.49591954000671523,False,False,False,False
Laurasiatheria,MACSE,Laurasiatheria_MACSE,230,235,0.0190061220468262,1.0,1.0,1.0,1.0,False,False,False,False,C_terminal_MTase_like,other,3.118399178046699,0.05824869159171485,0.9632534978365161,0.01596265963600536,0.0,0.0,1.0,1.0,1.0,1.0,False,False,False,False
Laurasiatheria,MACSE,Laurasiatheria_MACSE,231,236,0.0329745430373949,0.1304261549697924,0.212862822672224,0.6666666666666666,0.6809651474530831,False,False,False,False,C_terminal_MTase_like,other,0.677889558001345,0.1636588822292047,0.9412199299908429,0.03205711343755736,0.2569041709256392,0.04274531441529927,0.1314669486583426,0.214973851668792,0.6105303175231616,0.6809651474530831,False,False,False,False
Laurasiatheria,MACSE,Laurasiatheria_MACSE,232,237,2.0289200657648412e-08,8.80014072723867e-09,1.6764268085389669e-07,0.6666666666666666,0.6809651474530831,False,False,False,False,C_terminal_MTase_like,other,3.264783831959517,0.1526443178057674,0.9999999931917107,1.077092964496559e-09,2.347648189667199,0.03961165377318495,4.878424331167253e-10,1.161674793859202e-08,0.6666666666666666,0.6809651474530831,False,False,False,False
Laurasiatheria,MACSE,Laurasiatheria_MACSE,233,238,1.152287311432108e-09,1.0384537674212879e-10,4.006642218001843e-09,0.6666666666666666,0.6809651474530831,False,False,False,False,C_terminal_MTase_like,other,8.546736885156491,0.02167538320530218,0.9999999997410906,7.570645536901219e-11,6.110637353376245,1.086228216780763e-06,6.584510714446878e-12,2.5086985822042605e-10,0.6666666666666666,0.6809651474530831,False,False,False,False
Laurasiatheria,MACSE,Laurasiatheria_MACSE,234,239,0.2225029062130261,0.5055058919214785,0.6298326365504147,0.4445901478425274,0.6809651474530831,False,False,False,False,C_terminal_MTase_like,other,0.5451904033063318,0.2082166251695947,0.7154179517661756,0.2167740087997876,1.941804716177776e-06,0.07333415542510029,0.5066398532303789,0.6391714704661402,0.4465259637366035,0.6809651474530831,False,False,False,False
Laurasiatheria,MACSE,Laurasiatheria_MACSE,235,240,1.059475814917438e-07,3.394989855909358e-08,5.623874500441154e-07,0.6666666666666666,0.6809651474530831,False,False,False,False,C_terminal_MTase_like,other,2.846554744135179,0.05283227619361525,0.9999999462137652,1.134992916116596e-08,1.845945765509469,4.758828700056638e-07,3.562761641262568e-09,6.170055387822902e-08,0.6666666666666666,0.6809651474530831,False,False,False,False
Laurasiatheria,MACSE,Laurasiatheria_MACSE,236,241,0.8258099953921291,0.1164920832718058,0.1981405523507053,0.0391834481928395,0.3641193600358996,False,False,False,False,C_terminal_MTase_like,other,0.4923633773648926,0.8799548516077804,0.1147034275040104,0.8245658777908079,0.1265030585520459,0.513110548785019,0.1217621527232809,0.20436731360163007,0.02283883842690393,0.24291821169996938,False,False,False,False
Laurasiatheria,MACSE,Laurasiatheria_MACSE,237,242,1.988965918575238e-11,7.379874489288339e-12,4.686220300698095e-10,0.6666666666666666,0.6809651474530831,False,False,False,False,C_terminal_MTase_like,other,8.743217253814057,0.2838538416170421,0.9999999996229513,2.051534166739215e-11,5.846058489393115,0.09212498109528304,4.793609953424038e-12,2.0292948802828428e-10,0.6666666666666666,0.6809651474530831,False,False,False,False
Laurasiatheria,MACSE,Laurasiatheria_MACSE,238,243,0.0050729306831646,0.0109478975145866,0.0311279772616233,0.4517709353390188,0.6809651474530831,False,False,False,False,C_terminal_MTase_like,other,0.9180361327500173,0.1583962329897169,0.9911102683172186,0.004465368707587546,0.5083803383744485,0.04237305213872004,0.0109367227703564,0.029977635795005668,0.3580276718358009,0.6809651474530831,False,False,False,False
Laurasiatheria,MACSE,Laurasiatheria_MACSE,239,244,0.008915397448196,0.0100783434173035,0.0290897639544896,0.6666666666666666,0.6809651474530831,False,False,False,False,C_terminal_MTase_like,other,1.874373255647227,0.6356988088926772,0.9484105437157548,0.02495317154052493,1.01074002301296,0.2993069874717365,0.0345822365071764,0.07616087924412837,0.2394319637403073,0.6809651474530831,False,False,False,False
Laurasiatheria,MACSE,Laurasiatheria_MACSE,240,245,1.537657543344469e-06,1.314441063771099e-06,1.3911167924910798e-05,0.6666666666666666,0.6809651474530831,False,False,False,False,C_terminal_MTase_like,other,2.729083041822623,0.1508857462727752,0.9999989432209018,3.361527521974575e-07,1.423676914108292,0.03657903786261917,2.710661946014881e-07,3.129582428580817e-06,0.6666666666666666,0.6809651474530831,False,False,False,False
Laurasiatheria,MACSE,Laurasiatheria_MACSE,241,246,0.001731609193395,0.0027402810518688,0.0099433055310669,0.6666666666666666,0.6809651474530831,False,False,False,False,C_terminal_MTase_like,other,1.151753390297989,0.193974790871529,0.9967820523902468,0.001532088847199637,0.7220432990123034,0.07917269937364335,0.003310586132282634,0.010873563072411066,0.5694862526964009,0.6809651474530831,False,False,False,False
Laurasiatheria,MACSE,Laurasiatheria_MACSE,242,247,0.4786703974062925,0.7596540900477408,0.853483702387267,0.1946720168053023,0.6809651474530831,False,False,False,False,C_terminal_MTase_like,other,1.049054136957918,1.120175396177218,0.1844798484700416,0.5075899052657771,0.5568641289726145,0.7574319641263314,0.5920100180218555,0.7137842305896422,0.1344521287820323,0.6809651474530831,False,False,False,False
Laurasiatheria,MACSE,Laurasiatheria_MACSE,243,248,0.0432722523620744,0.4810015589461358,0.6108719798615925,0.106118485001424,0.6319248638420717,False,False,False,False,C_terminal_MTase_like,other,2.484609550098778,1.464691526088782,0.680662374955551,0.06169185211686903,1.199304991907975,0.9847630639942855,0.660997213325796,0.7701527164438173,0.06289454674386918,0.41315210878300274,False,False,False,False
Laurasiatheria,MACSE,Laurasiatheria_MACSE,244,249,0.2956626147025862,0.9789500413740968,1.0,0.004286925889125,0.0920865354140039,False,False,True,False,C_terminal_MTase_like,other,0.4879223553072178,0.3254403848634314,0.6213963881469851,0.2902311124559612,0.1238378217276092,0.1295265783420352,0.9767823929390718,1.0,0.005086341360475921,0.09689480291706629,False,False,True,False
Laurasiatheria,MACSE,Laurasiatheria_MACSE,245,250,0.0078913121251107,0.0069891925022836,0.0213030587469606,0.6666666666666666,0.6809651474530831,False,False,False,False,C_terminal_MTase_like,other,2.629836603090435,0.5434914084016681,0.98220604323597,0.01028211436980271,1.779851776862081,0.2404720813624485,0.008943464366053755,0.02487197024428088,0.6666666666666666,0.6809651474530831,False,False,False,False
Laurasiatheria,MACSE,Laurasiatheria_MACSE,246,251,0.6447803744219245,0.3574344726424959,0.4836456523115463,0.1905134006044141,0.6809651474530831,False,False,False,False,C_terminal_MTase_like,other,0.6277402670046012,0.6033525365542934,0.467412059980686,0.4458596849243153,0.2496806372067307,0.3008877481916782,0.8146370834341398,0.9063262361195068,0.4942372025705574,0.6809651474530831,False,False,False,False
Laurasiatheria,MACSE,Laurasiatheria_MACSE,247,252,0.000104662927456,0.0002287551601997,0.0011533140999545,0.6666666666666666,0.6809651474530831,False,False,False,False,C_terminal_MTase_like,other,2.950735162899924,0.8549800776104002,0.9987940842317244,0.0001270136029861302,2.115708184621907,0.4092990943576715,0.0004599519333511326,0.0020142722598480633,0.6666666666666666,0.6809651474530831,False,False,False,False
Laurasiatheria,MACSE,Laurasiatheria_MACSE,248,253,0.6075633857165926,0.3255692207525961,0.4543658355558209,0.1551722891286063,0.6809651474530831,False,False,False,False,C_terminal_MTase_like,other,0.6667291757514897,0.9043110674436788,0.2143708300373154,0.697347721407281,3.363962767890105e-07,0.5175794004852982,0.1980601372277658,0.2994480646181697,0.005596474071436819,0.09841746163024742,False,False,True,False
Laurasiatheria,MACSE,Laurasiatheria_MACSE,249,254,2.650607202890558e-06,5.888502470074997e-06,4.877216176301247e-05,0.6666666666666666,0.6809651474530831,False,False,False,False,C_terminal_MTase_like,other,5.409769235854418,0.6488797761065752,0.9999937434841835,4.200512280907648e-07,2.921601275480729,0.311677343278967,5.525098026870623e-07,6.014463852107735e-06,0.6666666666666666,0.6809651474530831,False,False,False,False
Laurasiatheria,MACSE,Laurasiatheria_MACSE,250,255,0.0002153201125504,0.0003073685304282,0.0015013770524763,0.6666666666666666,0.6809651474530831,False,False,False,False,C_terminal_MTase_like,other,1.560334770774536,0.2644793854383358,0.9981491243266402,0.0008212559465453904,0.88151073357513,0.1220401514277682,0.00131415876556773,0.005166533312332442,0.6666666666666666,0.6809651474530831,False,False,False,False
Laurasiatheria,MACSE,Laurasiatheria_MACSE,251,256,2.4273234474762972e-14,6.94999613415348e-14,1.323974263556238e-11,0.6666666666666666,0.6809651474530831,False,False,False,False,C_terminal_MTase_like,other,6.546877694707009,0.01917243994688336,0.9999999999993191,3.523218514843357e-14,2.984056230366239,5.935771710346313e-07,5.384581669432009e-14,5.128814040133989e-12,0.6666666666666666,0.6809651474530831,False,False,False,False
Laurasiatheria,MACSE,Laurasiatheria_MACSE,252,257,0.0217794525486375,0.0550018456821195,0.1120625839833558,0.5733889571078099,0.6809651474530831,False,False,False,False,C_terminal_MTase_like,other,2.464035021452873,0.863690105968855,0.9405230935827927,0.01944032143964555,1.298166747683332,0.4256992422557558,0.04104191893679754,0.08498353866804273,0.4550216044201301,0.6809651474530831,False,False,False,False
Laurasiatheria,MACSE,Laurasiatheria_MACSE,253,258,0.0623622138063508,0.9845185608983616,1.0,0.6264500658630371,0.6809651474530831,False,False,False,False,C_terminal_MTase_like,other,2.680311150435196,0.1836408648263916,0.9201775790701996,0.0567726236513653,0.01144508915694778,0.05134573599896278,0.9838755590196735,1.0,0.6258753021063358,0.6809651474530831,False,False,False,False
Laurasiatheria,MACSE,Laurasiatheria_MACSE,254,259,0.2011344283108553,0.6105951634940392,0.7292688316339465,0.6666666666666666,0.6809651474530831,False,False,False,False,C_terminal_MTase_like,other,0.8477398413219586,0.4315000329985805,0.758020005201252,0.1871244265724023,0.3283017955622918,0.1833884729593182,0.6278135040834856,0.7428529034046693,0.6666666666666666,0.6809651474530831,False,False,False,False
Laurasiatheria,MACSE,Laurasiatheria_MACSE,255,260,0.5105148390662985,0.6309073408837693,0.7428877598180958,0.5040780209214766,0.6809651474530831,False,False,False,False,C_terminal_MTase_like,other,0.309545602043055,0.5683537218061895,0.1612140878526934,0.7771513049263021,0.07454334980441069,0.2668214634965673,0.2043651406339804,0.3057979743436593,0.1656135044004938,0.6809651474530831,False,False,False,False
Laurasiatheria,MACSE,Laurasiatheria_MACSE,256,261,0.3321423452779328,0.9371517688311544,0.9863392926095852,0.4623158462386738,0.6809651474530831,False,False,False,False,C_terminal_MTase_like,other,0.7927238029717327,0.8181987701661708,0.351067601101712,0.5451939580092051,0.2751456686917702,0.4459129556563101,0.6337592228662419,0.7452539009630806,0.1997686888339461,0.6809651474530831,False,False,False,False
Laurasiatheria,MACSE,Laurasiatheria_MACSE,257,262,0.16910403548972,0.5974808795903801,0.7203804276073886,0.4933577912051573,0.6809651474530831,False,False,False,False,C_terminal_MTase_like,other,0.5906448507649456,0.1751781783803019,0.7723274340098443,0.165582227971875,7.78921968443998e-07,0.04652178598967268,0.6013005301334157,0.7204261068579603,0.5001882493733723,0.6809651474530831,False,False,False,False
Laurasiatheria,MACSE,Laurasiatheria_MACSE,258,263,0.0057243511719492,0.0229358943804458,0.0560165112753196,0.6666666666666666,0.6809651474530831,False,False,False,False,C_terminal_MTase_like,other,1.211661284987791,0.1475156464972494,0.9901044293250876,0.004896659329358799,0.6772828009380574,0.03971284521895937,0.02244419612661153,0.054466488689420334,0.6666666666666666,0.6809651474530831,False,False,False,False
Laurasiatheria,MACSE,Laurasiatheria_MACSE,259,264,0.0167899847519189,0.1490312404884073,0.2374658060514545,0.6666666666666666,0.6809651474530831,False,False,False,False,C_terminal_MTase_like,other,0.8955569231062976,0.1341998882828521,0.9676593387113595,0.01535358141431195,0.3295424649731854,0.03475610419632946,0.1497114257665711,0.239664089147326,0.4467742783997699,0.6809651474530831,False,False,False,False
Laurasiatheria,MACSE,Laurasiatheria_MACSE,260,265,3.814847365648314e-05,2.06289099398127e-05,0.0001511464362897,0.6666666666666666,0.6809651474530831,False,False,False,False,C_terminal_MTase_like,other,1.661286817086598,0.05142901348701709,0.9999678725285372,1.225873216207689e-05,0.9746214257053628,2.92903983716477e-06,6.523065930408301e-06,4.779400229779929e-05,0.6666666666666666,0.6809651474530831,False,False,False,False
Laurasiatheria,MACSE,Laurasiatheria_MACSE,261,266,0.1665474146627335,0.5127109879084072,0.6344224872780433,0.6666666666666666,0.6809651474530831,False,False,False,False,C_terminal_MTase_like,other,1.954454570969295,1.044822395747871,0.6761639891162275,0.1462064358222224,0.9594378594950602,0.59945765349561,0.4311485772305507,0.5644934980235046,0.6666666666666666,0.6809651474530831,False,False,False,False
Laurasiatheria,MACSE,Laurasiatheria_MACSE,262,267,0.0482859355626819,0.0880502846750954,0.1644468552020165,0.6666666666666666,0.6809651474530831,False,False,False,False,C_terminal_MTase_like,other,0.4461599760741241,0.08413066670113503,0.9211377025108813,0.04410659347917216,0.1397120898114927,9.785406976471305e-06,0.08686009219650781,0.15673633496847136,0.6666666666666666,0.6809651474530831,False,False,False,False
Laurasiatheria,MACSE,Laurasiatheria_MACSE,263,268,0.0028858841661182,0.0071214519489091,0.0215339142264632,0.6666666666666666,0.6809651474530831,False,False,False,False,C_terminal_MTase_like,other,2.092063269465904,0.2383273792803134,0.9960357915153722,0.002167084325271058,1.178050709231535,0.09264719022514649,0.003882585385322157,0.012327208598397848,0.6666666666666666,0.6809651474530831,False,False,False,False
Laurasiatheria,MACSE,Laurasiatheria_MACSE,264,269,0.0021938205285849,0.0028423960544078,0.0101853371074386,0.6666666666666666,0.6809651474530831,False,False,False,False,C_terminal_MTase_like,other,1.819688178892493,0.1708104257188431,0.9963833759209922,0.001902087325251765,1.190914114721435,0.04507679613804027,0.002991850969474741,0.010136766018425693,0.6666666666666666,0.6809651474530831,False,False,False,False
Laurasiatheria,MACSE,Laurasiatheria_MACSE,265,270,0.0001319886880244,9.901142159685072e-05,0.0005805500864273,0.6666666666666666,0.6809651474530831,False,False,False,False,C_terminal_MTase_like,other,2.552951879231713,0.2971464728385143,0.9995661614374546,0.000168802596468425,1.422628352239073,0.1307546190166912,0.0001373685374461697,0.000707262334689063,0.6666666666666666,0.6809651474530831,False,False,False,False
Laurasiatheria,MACSE,Laurasiatheria_MACSE,266,271,0.0016325246422764,0.0033022806005246,0.011437899170908,0.6666666666666666,0.6809651474530831,False,False,False,False,C_terminal_MTase_like,other,2.63084786160119,0.5395986530878454,0.9965581963735642,0.001388239099761642,1.303418661398707,0.229724663188857,0.002878204516112426,0.009969053823989403,0.6666666666666666,0.6809651474530831,False,False,False,False
Laurasiatheria,MACSE,Laurasiatheria_MACSE,267,272,0.0010298230432136,0.003235748662779,0.0113102774359526,0.6666666666666666,0.6809651474530831,False,False,False,False,C_terminal_MTase_like,other,0.7775369340961754,0.0441251724510423,0.9977276757431477,0.0008368981454240307,0.3900019660757836,7.576380550948004e-07,0.003201439305668297,0.010699547153154573,0.6666666666666666,0.6809651474530831,False,False,False,False
Laurasiatheria,MACSE,Laurasiatheria_MACSE,268,273,0.686288190363346,0.2350910871951988,0.3485202498886021,0.1154650670885681,0.6397824522277794,False,False,False,False,C_terminal_MTase_like,other,0.9825857298877334,1.132587155957497,0.1622547528507519,0.552367572183632,0.4737745966081635,0.7771673162569397,0.4021726437000295,0.5395344269356029,0.1839023551076936,0.6809651474530831,False,False,False,False
Laurasiatheria,MACSE,Laurasiatheria_MACSE,269,274,0.0212327848289896,0.0923543927813097,0.168358964831,0.0896598203709779,0.5993051151112738,False,False,False,False,C_terminal_MTase_like,other,2.504410995521718,0.8368455629000738,0.9573261416141895,0.01231679880867403,1.185165506874667,0.4364846426372541,0.04809338154475429,0.09798705009920526,0.1790745915869028,0.6809651474530831,False,False,False,False
Laurasiatheria,MACSE,Laurasiatheria_MACSE,270,275,0.4710116694170285,0.8437040790031561,0.9166643576317176,0.0992140613309154,0.6196812683127672,False,False,False,False,C_terminal_MTase_like,other,0.6690811312426707,0.6738977435360709,0.4307154433118316,0.4785952610133544,0.2775815607736554,0.339551675648422,0.7989201728051039,0.8952605465845429,0.5125113033373491,0.6809651474530831,False,False,False,False
Laurasiatheria,MACSE,Laurasiatheria_MACSE,271,276,0.7995258414627197,0.0817937522454528,0.1550418885846643,0.1061501083619228,0.6319248638420717,False,False,False,False,C_terminal_MTase_like,other,0.4007303869083527,0.7544096024452409,0.1538232644729034,0.7980790901906994,1.480842702439872e-05,0.3889208571462951,0.08046478654068057,0.1488207945242684,0.1049428051459076,0.5879883641263353,False,False,False,False
Laurasiatheria,MACSE,Laurasiatheria_MACSE,272,277,0.0152947230686588,0.0896437565172988,0.1657974331703439,0.6666666666666666,0.6809651474530831,False,False,False,False,C_terminal_MTase_like,other,2.825607637935391,0.9957091814952862,0.9914542312924733,0.001205471229026925,1.799909075495557,0.554825821662609,0.01459774169532024,0.03835682473046215,0.6666666666666666,0.6809651474530831,False,False,False,False
Laurasiatheria,MACSE,Laurasiatheria_MACSE,273,278,0.7543904047864111,0.0887734577741818,0.1649887190827478,0.0323591240157682,0.3429868796440528,False,False,False,False,C_terminal_MTase_like,other,0.4965167119396216,0.9161444230054542,0.1287343870209283,0.8028640474400045,8.838950437453917e-06,0.5663086013580164,0.06055215336292563,0.11830959195525469,0.05715666007417253,0.40327199052332835,False,False,False,False
Laurasiatheria,MACSE,Laurasiatheria_MACSE,274,279,0.0079635837147339,0.0342716878121063,0.0775970077331802,0.5807606607422587,0.6809651474530831,False,False,False,False,C_terminal_MTase_like,other,0.7965443217745604,0.1419502698544067,0.984179383338733,0.007400080806079455,0.368782651855281,0.03943522925417456,0.03417023592312707,0.07616087924412837,0.5215673714468012,0.6809651474530831,False,False,False,False
Laurasiatheria,MACSE,Laurasiatheria_MACSE,275,280,0.0220293230290796,0.1652808703166954,0.2580820147158235,0.1862761323817733,0.6809651474530831,False,False,False,False,C_terminal_MTase_like,other,0.9115501129158335,0.1474594913581727,0.9621111571781518,0.01970281646400554,0.3366973527545999,0.03967010828702269,0.1636924642714767,0.25771416895633315,0.2014036659776406,0.6809651474530831,False,False,False,False
Laurasiatheria,MACSE,Laurasiatheria_MACSE,276,281,0.0045213271562837,0.0362975384626306,0.0799385095622096,0.6666666666666666,0.6809651474530831,False,False,False,False,C_terminal_MTase_like,other,0.8437220068990166,0.04642243848349817,0.9903016679166021,0.003706613522997856,0.3176644989765958,6.974196836803479e-10,0.0370872209022447,0.0789398389036605,0.6666666666666666,0.6809651474530831,False,False,False,False
Laurasiatheria,MACSE,Laurasiatheria_MACSE,277,282,0.0190061220468262,1.0,1.0,1.0,1.0,False,False,False,False,C_terminal_MTase_like,other,3.118399178046699,0.05824869159171485,0.9632534978365161,0.01596265963600536,0.0,0.0,1.0,1.0,1.0,1.0,False,False,False,False
Laurasiatheria,MACSE,Laurasiatheria_MACSE,278,283,0.1924636036092648,0.7527807070286352,0.8485486667985503,0.0607064833189525,0.4921100030749132,False,False,False,False,C_terminal_MTase_like,other,1.849645903976974,0.3802105359454087,0.798430758599806,0.1640339980643294,0.005054885226656191,0.1652270265789157,0.8276172986701689,0.9116166409154813,0.06044779643525711,0.4112609007470171,False,False,False,False
Laurasiatheria,MACSE,Laurasiatheria_MACSE,279,284,5.069159645245345e-12,2.045030811359538e-13,2.5971891304266137e-11,0.6666666666666666,0.6809651474530831,False,False,False,False,C_terminal_MTase_like,other,9.624730784895908,0.02207154661366245,0.9999999999714657,7.33088972018748e-12,6.992698937221226,2.273261448059719e-07,4.015676680069191e-13,3.059945630212724e-11,0.6666666666666666,0.6809651474530831,False,False,False,False
Laurasiatheria,MACSE,Laurasiatheria_MACSE,280,285,0.1003263474561492,0.3510438788238393,0.4793825011895439,0.6666666666666666,0.6809651474530831,False,False,False,False,C_terminal_MTase_like,other,0.6867858708208217,0.2711458314544555,0.8630032168231156,0.09241608114504969,0.2623485337799518,0.09941013146421103,0.3444263576612683,0.47684533277625235,0.6666666666666666,0.6809651474530831,False,False,False,False
Laurasiatheria,MACSE,Laurasiatheria_MACSE,281,286,0.0038542961305139,0.0323431003775376,0.0751385441697673,0.6666666666666666,0.6809651474530831,False,False,False,False,C_terminal_MTase_like,other,0.8795003957529269,0.04456113471853854,0.9915524181974397,0.003111855468569342,0.3384833999027514,1.212217452980969e-07,0.03247733012513343,0.07365394510521332,0.6666666666666666,0.6809651474530831,False,False,False,False
Laurasiatheria,MACSE,Laurasiatheria_MACSE,282,287,0.0279696719481529,0.0432220305679152,0.0926845830442308,0.6666666666666666,0.6809651474530831,False,False,False,False,C_terminal_MTase_like,other,1.892687486050404,0.3228288903472299,0.9931435876563904,0.003659926618816284,1.138893773839363,0.1352924847353842,0.003006442414913657,0.010136766018425693,0.6666666666666666,0.6809651474530831,False,False,False,False
Laurasiatheria,MACSE,Laurasiatheria_MACSE,283,288,0.0098664750083959,0.0137930993376608,0.0374531825623845,0.6666666666666666,0.6809651474530831,False,False,False,False,C_terminal_MTase_like,other,0.6746384223461352,0.08322137559033223,0.9839471215688408,0.008843145612501971,0.2996052543563386,1.182190550444986e-07,0.01359064523498266,0.03595858218422496,0.6666666666666666,0.6809651474530831,False,False,False,False
Laurasiatheria,MACSE,Laurasiatheria_MACSE,284,289,0.9105126527750368,0.0223575658942839,0.0553131987384557,0.0318420545411745,0.3429868796440528,True,False,False,False,C_terminal_MTase_like,other,0.2285694279996348,0.7903737620863146,0.04538624678933481,0.933925799828183,2.760038946650854e-08,0.4331255006235859,0.01596790133218107,0.041386193248714204,0.0248656437173197,0.24291821169996938,True,True,False,False
Laurasiatheria,MACSE,Laurasiatheria_MACSE,285,290,0.0584912664194631,0.1249347208853558,0.206957081118785,0.6666666666666666,0.6809651474530831,False,False,False,False,C_terminal_MTase_like,other,0.9194634475071812,0.4558836089719427,0.8860881334809187,0.07316920880949414,0.5276222785366921,0.1994693301583197,0.1557095750996406,0.24718895047067943,0.6666666666666666,0.6809651474530831,False,False,False,False
Laurasiatheria,MACSE,Laurasiatheria_MACSE,286,291,0.144778072169986,0.2380709748129503,0.3515699279214498,0.6666666666666666,0.6809651474530831,False,False,False,False,C_terminal_MTase_like,other,1.533109547356267,0.8710570729018513,0.7034106034935635,0.1578821448396149,0.8500521738564542,0.4508246785948895,0.2732764855113504,0.38850127231277803,0.5546997880488467,0.6809651474530831,False,False,False,False
Laurasiatheria,MACSE,Laurasiatheria_MACSE,287,292,0.0034054321289309,0.02288957367232,0.0560165112753196,0.4457618083258377,0.6809651474530831,False,False,False,False,C_terminal_MTase_like,other,2.77309451413165,1.059639318813317,0.9666351952395641,0.007572452177986179,1.550396541758146,0.582701044196993,0.06123364171405277,0.11842648473631524,0.5155124062362022,0.6809651474530831,False,False,False,False
Laurasiatheria,MACSE,Laurasiatheria_MACSE,288,293,0.000103600875757,4.547223494510977e-05,0.0002887486919014,0.6666666666666666,0.6809651474530831,False,False,False,False,C_terminal_MTase_like,other,5.613955194524567,0.4670538751580202,0.9999942114375373,8.854819024776468e-07,3.067292766024417,0.1956304146411831,3.942967791159546e-07,4.418443318917021e-06,0.6666666666666666,0.6809651474530831,False,False,False,False
Laurasiatheria,MACSE,Laurasiatheria_MACSE,289,294,0.0532113692169239,0.1273570069239851,0.2093268694126745,0.6666666666666666,0.6809651474530831,False,False,False,False,C_terminal_MTase_like,other,1.240838191894605,0.3513118541872559,0.9311880574673338,0.04582496083560486,0.6910801839710198,0.1497381556309444,0.1261932237163405,0.20904181841706843,0.6666666666666666,0.6809651474530831,False,False,False,False
Laurasiatheria,MACSE,Laurasiatheria_MACSE,290,295,0.0647453995558562,0.3294885410578846,0.4564913968838329,0.4752235851332116,0.6809651474530831,False,False,False,False,C_terminal_MTase_like,other,1.664915784909008,1.074420653410228,0.5309719071107775,0.2162343683983658,0.8213216199679908,0.6589005941659601,0.7115612160921914,0.8141285985919667,0.6393803746608874,0.6809651474530831,False,False,False,False
Laurasiatheria,MACSE,Laurasiatheria_MACSE,291,296,0.000781626383096,0.0299987049948641,0.0714344162690201,0.6012311666101691,0.6809651474530831,False,False,False,False,C_terminal_MTase_like,other,2.862773837765598,1.157644406362657,0.9900649901375198,0.0005409347321380255,2.122414743722372,0.7319973281444719,0.0162787260831686,0.04166965915292061,0.6666666666666666,0.6809651474530831,False,False,False,False
Laurasiatheria,MACSE,Laurasiatheria_MACSE,292,297,0.002719594671558,0.0195012664602553,0.0502025846037653,0.3463527605810818,0.6809651474530831,False,False,False,False,C_terminal_MTase_like,other,2.618973250043529,0.7448090125115369,0.9868841738278417,0.002515782772678049,1.118237652284999,0.3291118254057881,0.01223097100592996,0.0330496450585767,0.4030120909433821,0.6809651474530831,False,False,False,False
Laurasiatheria,MACSE,Laurasiatheria_MACSE,293,298,0.1266310301300259,1.0,1.0,1.0,1.0,False,False,False,False,C_terminal_MTase_like,other,0.2353484000026906,0.04354993255264756,0.6777436720786221,0.1160207939004333,0.0,0.0,1.0,1.0,1.0,1.0,False,False,False,False
Laurasiatheria,MACSE,Laurasiatheria_MACSE,294,299,7.610258312169713e-05,6.682964181392581e-05,0.000412784444717,0.6666666666666666,0.6809651474530831,False,False,False,False,C_terminal_MTase_like,other,1.292233545368118,0.1397941838067661,0.9998155304382523,7.400683029936691e-05,0.7807207616971101,0.03706766052497377,8.050951849047916e-05,0.00045109009624812586,0.6666666666666666,0.6809651474530831,False,False,False,False
Laurasiatheria,MACSE,Laurasiatheria_MACSE,295,300,0.001512461600525,0.0042577385370411,0.0142298103737954,0.6666666666666666,0.6809651474530831,False,False,False,False,C_terminal_MTase_like,other,0.7564955939772026,0.04789949486747173,0.9968167484499114,0.001252443016078957,0.3622459571580929,6.518311700422321e-10,0.004229427419694121,0.013208293827077541,0.6666666666666666,0.6809651474530831,False,False,False,False
Laurasiatheria,MACSE,Laurasiatheria_MACSE,296,301,0.0050447616705798,0.0397229527494021,0.0864825428429842,0.6666666666666666,0.6809651474530831,False,False,False,False,C_terminal_MTase_like,other,0.8009410548306178,0.04642657552139057,0.989327855705514,0.004067888508026434,0.2893908666553643,2.177182869075873e-07,0.03975957363378968,0.08415776419152149,0.6666666666666666,0.6809651474530831,False,False,False,False
Laurasiatheria,MACSE,Laurasiatheria_MACSE,297,302,0.317442423050854,1.0,1.0,1.0,1.0,False,False,False,False,C_terminal_MTase_like,other,0.1161857774375755,0.08170981295775377,0.4248276693474716,0.2957121701395351,0.0,0.0,1.0,1.0,1.0,1.0,False,False,False,False
Laurasiatheria,MACSE,Laurasiatheria_MACSE,298,303,0.0479614593463336,1.0,1.0,1.0,1.0,False,False,False,False,C_terminal_MTase_like,other,0.5524658174105972,0.04640179402124645,0.8812685728510384,0.04283395414276741,0.0,0.0,1.0,1.0,1.0,1.0,False,False,False,False
Laurasiatheria,MACSE,Laurasiatheria_MACSE,299,304,0.0001383679831736,0.0314967365611929,0.0740756582087314,0.6666666666666666,0.6809651474530831,False,False,False,False,C_terminal_MTase_like,other,2.887522985882148,1.328856051839189,0.92271585202277,9.299165995236773e-05,2.062583701613952,0.908646420723352,0.02999461195816233,0.07054288367938179,0.6666666666666666,0.6809651474530831,False,False,False,False
Laurasiatheria,MACSE,Laurasiatheria_MACSE,300,305,0.5299896316586095,0.6317470713413729,0.7428877598180958,0.5157164226520017,0.6809651474530831,False,False,False,False,C_terminal_MTase_like,other,1.091331270627553,1.013422173167038,0.3165225605113002,0.5273362107029038,0.3630938361459141,0.580574523648849,0.6697699385872606,0.77327983818711,0.5379431042585648,0.6809651474530831,False,False,False,False
Laurasiatheria,MACSE,Laurasiatheria_MACSE,301,306,2.827153691301487e-09,3.3881879524244604e-09,6.794208473019575e-08,0.6666666666666666,0.6809651474530831,False,False,False,False,C_terminal_MTase_like,other,5.520602616285168,0.2829883386593203,0.9999999773416193,1.717795684943131e-09,3.086568679642195,0.121915017674581,1.592052489840512e-09,2.888438088710643e-08,0.6666666666666666,0.6809651474530831,False,False,False,False
Laurasiatheria,MACSE,Laurasiatheria_MACSE,302,307,0.3561735538229983,0.9800106011024086,1.0,0.4512467079110832,0.6809651474530831,False,False,False,False,C_terminal_MTase_like,other,0.688670952781768,0.5598625296215877,0.5811658627047174,0.3384850375556848,0.27501988735239,0.2641185512068118,0.9668384576800886,0.9982803587428557,0.3121378808407303,0.6809651474530831,False,False,False,False
Laurasiatheria,MACSE,Laurasiatheria_MACSE,303,308,0.3527844793261048,0.8516584233727472,0.9218234639347066,0.1115509787706096,0.6397824522277794,False,False,False,False,C_terminal_MTase_like,other,0.4855253560071515,0.3677295343518631,0.5669378404184744,0.3442618156652934,0.1265138179844052,0.1540927157279489,0.8533231665491869,0.9289032184435436,0.05603408591975689,0.40281107047976183,False,False,False,False
Laurasiatheria,MACSE,Laurasiatheria_MACSE,304,309,0.4435931630652899,0.7705930081701301,0.8609851498909665,0.1151208422870696,0.6397824522277794,False,False,False,False,C_terminal_MTase_like,other,0.6888079732646336,0.6042962116537415,0.5046846839658427,0.4173571283394527,0.2185118140728708,0.2889781869208449,0.7830796113368909,0.8800983242458862,0.09495443151048066,0.5481460364468657,False,False,False,False
Laurasiatheria,MACSE,Laurasiatheria_MACSE,305,310,0.4231595358186346,0.9118749632150264,0.9650676694025696,0.1705686535386438,0.6809651474530831,False,False,False,False,C_terminal_MTase_like,other,0.9677333990517067,0.792446843114656,0.4778544022960345,0.4185372528017569,0.3775031780514614,0.4271495965035991,0.906979000262089,0.9598861086107108,0.1640143331003848,0.6809651474530831,False,False,False,False
Laurasiatheria,MACSE,Laurasiatheria_MACSE,306,311,0.0013617539449682,0.0009449561801588,0.0041382563751785,0.6666666666666666,0.6809651474530831,False,False,False,False,C_terminal_MTase_like,other,3.085706679550498,0.7168413169165129,0.9919605395181326,0.003162620721537268,2.112654636478332,0.3251061437727916,0.002911996889979562,0.009995232568308225,0.6666666666666666,0.6809651474530831,False,False,False,False
Laurasiatheria,MACSE,Laurasiatheria_MACSE,307,312,0.4075153775111843,1.0,1.0,0.6666666666666666,0.6809651474530831,False,False,False,False,C_terminal_MTase_like,other,1.284152912740171,1.06042135943665,0.3816301999254253,0.3246662246493982,0.7249174505520994,0.6486219080272213,0.8383071121723054,0.9152202075921841,0.6479197722478887,0.6809651474530831,False,False,False,False
Laurasiatheria,MACSE,Laurasiatheria_MACSE,308,313,1.5488246835850992e-08,4.008991467019385e-06,3.4714221566690586e-05,0.6666666666666666,0.6809651474530831,False,False,False,False,C_terminal_MTase_like,other,5.80695348470673,0.9602874074719913,0.9999556707424891,3.661216899485356e-08,3.107341325157985,0.550524919317589,5.198065854861156e-06,3.960926181404201e-05,0.6666666666666666,0.6809651474530831,False,False,False,False
Laurasiatheria,MACSE,Laurasiatheria_MACSE,309,314,0.1347121626605395,0.3227281100173052,0.4520566541051223,0.4701375102857898,0.6809651474530831,False,False,False,False,C_terminal_MTase_like,other,0.7960804987728572,0.4176491482038849,0.8283774888393655,0.1212542182540877,0.4061167648881399,0.1835614700001538,0.3216781362823832,0.44729697052404377,0.4522542640671769,0.6809651474530831,False,False,False,False
Laurasiatheria,MACSE,Laurasiatheria_MACSE,310,315,5.415698804910081e-05,0.0061641347780929,0.0194093830615985,0.6666666666666666,0.6809651474530831,False,False,False,False,C_terminal_MTase_like,other,2.825048355874626,0.9734419766666328,0.9990050747317027,5.431095310595078e-05,1.658436845867792,0.4933170934173195,0.003737896993925904,0.011967552560384617,0.6666666666666666,0.6809651474530831,False,False,False,False
Laurasiatheria,MACSE,Laurasiatheria_MACSE,311,316,0.0159158905508207,0.2597182594267312,0.3776818963419259,0.574802418806971,0.6809651474530831,False,False,False,False,C_terminal_MTase_like,other,2.703190800347792,1.177900023815158,0.9328186283137448,0.01100669700494246,1.493478430244116,0.7851938100454007,0.172897044391721,0.2688725465846763,0.612159053786537,0.6809651474530831,False,False,False,False
Laurasiatheria,MACSE,Laurasiatheria_MACSE,312,317,0.1047946003941284,0.7927907069506291,0.8780618004307841,0.6666666666666666,0.6809651474530831,False,False,False,False,C_terminal_MTase_like,other,2.49113690359756,2.286611545259078,0.2696111448205764,0.1428934773535055,1.269708750674708,1.136231567918514,0.8183103024281111,0.9063262361195068,0.6666666666666666,0.6809651474530831,False,False,False,False
Laurasiatheria,MACSE,Laurasiatheria_MACSE,313,318,0.0094984036764551,0.3029770560525804,0.4275342902075301,0.6666666666666666,0.6809651474530831,False,False,False,False,C_terminal_MTase_like,other,2.752753902290774,1.382142801602822,0.8440614863735784,0.01844658227852113,1.479228507161378,0.9586824992878266,0.395666919071519,0.5326823186086528,0.6666666666666666,0.6809651474530831,False,False,False,False
Laurasiatheria,MACSE,Laurasiatheria_MACSE,314,319,9.954244526467733e-08,7.907883605717814e-07,9.636763857012731e-06,0.6666666666666666,0.6809651474530831,False,False,False,False,C_terminal_MTase_like,other,25.49341402435054,0.988916294520903,0.9999999595964947,8.434208636503738e-11,13.99751911027828,0.5778817667045816,1.337647326238312e-09,2.6823349015620882e-08,0.6666666666666666,0.6809651474530831,False,False,False,False
Laurasiatheria,MACSE,Laurasiatheria_MACSE,315,320,1.337900606035645e-06,9.752899235992984e-07,1.0928984143862726e-05,0.6666666666666666,0.6809651474530831,False,False,False,False,C_terminal_MTase_like,other,2.984279716572214,0.2158330648667391,0.9999991702407449,1.404472073492806e-07,2.176225296989464,0.08582569820440647,1.033979232234472e-07,1.3131536249377793e-06,0.6666666666666666,0.6809651474530831,False,False,False,False
Laurasiatheria,MACSE,Laurasiatheria_MACSE,316,321,0.077590921811983,0.1240563359526857,0.2063994061046866,0.6666666666666666,0.6809651474530831,False,False,False,False,C_terminal_MTase_like,other,1.197497292168976,0.5625251157157918,0.8780224169865357,0.07496566107528793,0.7165467220423934,0.2599743974600214,0.126939393951369,0.20936757184186833,0.6666666666666666,0.6809651474530831,False,False,False,False
Laurasiatheria,MACSE,Laurasiatheria_MACSE,317,322,4.785475778933951e-10,1.649175129792013e-09,3.9270982778172314e-08,0.6666666666666666,0.6809651474530831,False,False,False,False,C_terminal_MTase_like,other,16.19523053462142,0.7095979788646158,0.9999999314375936,3.176451429336772e-09,9.371764084712968,0.3787715970209565,1.327670562378813e-08,1.9455480164089528e-07,0.6666666666666666,0.6809651474530831,False,False,False,False
Laurasiatheria,MACSE,Laurasiatheria_MACSE,318,323,0.0073280563390389,0.0187712507611909,0.048652017279005,0.2645880579949118,0.6809651474530831,False,False,False,False,C_terminal_MTase_like,other,2.411846250185592,0.7113649952301385,0.9707540524635399,0.01030774196698957,1.248088511106414,0.3206235256534479,0.01802963426888737,0.04545089297286385,0.14853613571779,0.6809651474530831,False,False,False,False
Laurasiatheria,MACSE,Laurasiatheria_MACSE,319,324,0.2180021014374688,0.8644172371255636,0.9277266685770134,0.0243914946078225,0.3307875928517157,False,False,False,False,C_terminal_MTase_like,other,2.437197916313248,0.4661057406020554,0.7594371563939191,0.2006343372849007,0.003809360447792773,0.2100512071485471,0.8733467440862772,0.9391699221216703,0.01700564622257583,0.20247347533754345,False,False,False,False
Laurasiatheria,MACSE,Laurasiatheria_MACSE,320,325,0.3343766017377128,0.9567894991387874,0.998730956635282,0.0004936519218103,0.0268687688871083,False,False,True,True,C_terminal_MTase_like,other,0.798512169088135,0.5167144509896097,0.6271469942275912,0.3148448274313774,0.2638165455276474,0.2406877636219884,0.964830393963776,0.9982803587428557,0.0001990370537852115,0.009479139686520697,False,False,True,True
Laurasiatheria,MACSE,Laurasiatheria_MACSE,321,326,0.0001422355068505,3.990689579669304e-05,0.0002658294698622,0.6666666666666666,0.6809651474530831,False,False,False,False,C_terminal_MTase_like,other,5.215430970690503,0.263957892796704,0.9999680408567673,1.413747961757075e-05,3.726015413517681,0.1022488260250315,2.599376928147379e-06,2.2008057991647807e-05,0.6666666666666666,0.6809651474530831,False,False,False,False
Laurasiatheria,MACSE,Laurasiatheria_MACSE,322,327,0.0508373412215603,0.0919175923074645,0.168358964831,0.6115701175486025,0.6809651474530831,False,False,False,False,C_terminal_MTase_like,other,1.898964700908389,0.7129218774726079,0.8928648123724752,0.06190910065893644,0.9980575731062455,0.3335356783656661,0.1013959833166983,0.1764012312495984,0.5878622341682539,0.6809651474530831,False,False,False,False
Laurasiatheria,MACSE,Laurasiatheria_MACSE,323,328,1.67299979490038e-10,1.9359180924993777e-10,6.705316302202391e-09,0.6666666666666666,0.6809651474530831,False,False,False,False,C_terminal_MTase_like,other,3.024918653173589,0.03719908608830175,0.9999999997597837,3.448052404775358e-11,1.971140756216859,9.493145902899927e-07,4.627809246926518e-11,1.4693294358991695e-09,0.6666666666666666,0.6809651474530831,False,False,False,False
Laurasiatheria,MACSE,Laurasiatheria_MACSE,324,329,4.557906914152371e-06,4.860970060027725e-06,4.115621317490141e-05,0.6666666666666666,0.6809651474530831,False,False,False,False,C_terminal_MTase_like,other,2.802325920873462,0.2258657465822374,0.99999279126566,1.682469833488481e-06,1.745109185034181,0.09073145694256533,1.813853697685275e-06,1.6454244257573567e-05,0.6666666666666666,0.6809651474530831,False,False,False,False
Laurasiatheria,MACSE,Laurasiatheria_MACSE,325,330,0.468187370574645,0.8286616427905538,0.9049733070084032,0.0001332370558925,0.0126908295737626,False,False,True,True,C_terminal_MTase_like,other,0.7831429680355303,0.7651376483208471,0.437303483129252,0.4548576252901989,0.3470101929053652,0.4121445269056357,0.838351318765544,0.9152202075921841,0.0001923448891938406,0.009479139686520697,False,False,True,True
Laurasiatheria,MACSE,Laurasiatheria_MACSE,326,331,0.0015478924340399,0.0111955176450457,0.031363913402665,0.6666666666666666,0.6809651474530831,False,False,False,False,C_terminal_MTase_like,other,2.633855070321953,0.8935385200147821,0.9594394393038502,0.01020440065029848,1.173959919543153,0.4367748119801211,0.06268595926189213,0.12062298221606516,0.6666666666666666,0.6809651474530831,False,False,False,False
Laurasiatheria,MACSE,Laurasiatheria_MACSE,327,332,0.0327351410569084,0.0499555838551241,0.1041519081966137,0.1264280838892479,0.6598506844082664,False,False,False,False,C_terminal_MTase_like,other,1.667341986463579,0.5893783800831273,0.8867630974325763,0.07895611666135573,1.029111087750916,0.2656153364212044,0.1141434379863918,0.19414575836078246,0.07392079617212499,0.46170202199310856,False,False,False,False
Laurasiatheria,MACSE,Laurasiatheria_MACSE,328,334,0.0018727244476253,0.0036720928818405,0.0124916731069754,0.1112691996191651,0.6397824522277794,False,False,False,False,C_terminal_MTase_like,other,6.132063252890991,0.6910756626800687,0.9996113998025808,8.717189603286182e-05,2.910222859873714,0.3373673084429524,0.0003183359938321306,0.0014973581932103922,0.001017738377902755,0.03231319349841247,False,False,True,True
Laurasiatheria,MACSE,Laurasiatheria_MACSE,329,335,7.20640045263754e-05,3.849383237830573e-05,0.0002658294698622,0.6666666666666666,0.6809651474530831,False,False,False,False,C_terminal_MTase_like,other,3.249736406900923,0.5639734765034226,0.9998628219200236,2.550729380092665e-05,2.29853649836371,0.2377675632853504,1.564806585707679e-05,0.00010459496651835538,0.6666666666666666,0.6809651474530831,False,False,False,False
Laurasiatheria,MACSE,Laurasiatheria_MACSE,330,336,5.1352981481884456e-08,0.0001093159905788,0.0006216327225453,0.6666666666666666,0.6809651474530831,False,False,False,False,C_terminal_MTase_like,other,7.079942220474189,1.057192040971874,0.99991931858362,7.809133096467857e-10,3.857409846972679,0.7165606844313951,1.025884982919223e-05,7.23818849059674e-05,0.6666666666666666,0.6809651474530831,False,False,False,False
Laurasiatheria,MACSE,Laurasiatheria_MACSE,331,337,0.144148687257433,0.2493077259928234,0.3639319678286042,0.5653781490979258,0.6809651474530831,False,False,False,False,C_terminal_MTase_like,other,1.693338805463097,0.6765685636053448,0.9065929920368334,0.04610555092671828,0.9555693544925274,0.3255355993632284,0.060895258157455,0.11837292529586917,0.6666666666666666,0.6809651474530831,False,False,False,False
Laurasiatheria,MACSE,Laurasiatheria_MACSE,332,338,0.3444851507340275,0.9248240350919408,0.9760608237396938,0.0475110083471239,0.4114021404603233,False,False,False,False,C_terminal_MTase_like,other,0.9922514562702622,1.040923458893118,0.2937048097156847,0.4345142246010935,0.5539935611571154,0.6893543591395866,0.7033411351151018,0.807147507466427,0.006978087966076352,0.11250044426581483,False,False,False,False
Laurasiatheria,MACSE,Laurasiatheria_MACSE,333,339,0.1031446098942943,0.8922664205318178,0.9549255792770296,0.1931396299593207,0.6809651474530831,False,False,False,False,C_terminal_MTase_like,other,2.498565330586817,2.78662367106034,0.01549033652474717,0.1832575590930079,1.070852527216844,1.418296645456404,0.5118491188013548,0.6432257380982072,0.1230605269145514,0.6511952882561678,False,False,False,False
Laurasiatheria,MACSE,Laurasiatheria_MACSE,334,340,0.0326881945804463,0.131097228764409,0.212862822672224,0.6666666666666666,0.6809651474530831,False,False,False,False,C_terminal_MTase_like,other,2.527823407884165,1.042072357667028,0.8992374920024995,0.02502375216871885,1.277956619517062,0.591801413927565,0.1231507071226995,0.20489266119540836,0.3582457009947397,0.6809651474530831,False,False,False,False
Laurasiatheria,MACSE,Laurasiatheria_MACSE,335,341,0.0001259458321307,0.0220154619795476,0.0553131987384557,0.6666666666666666,0.6809651474530831,False,False,False,False,C_terminal_MTase_like,switching_helix,6.510282159722844,2.540942904105563,0.9073614469387643,1.240148025914611e-05,3.124533548307769,1.082717318537769,0.008715148963806763,0.024415233494193944,0.6666666666666666,0.6809651474530831,False,False,False,False
Laurasiatheria,MACSE,Laurasiatheria_MACSE,336,342,0.3072237133178909,0.7420582286687966,0.8414410271512247,0.4570694251882137,0.6809651474530831,False,False,False,False,C_terminal_MTase_like,switching_helix,1.584741719264927,1.074201077342141,0.4795495361610886,0.3379321093721576,0.7192931325488224,0.6412170771242595,0.9034587700651647,0.9588239314619158,0.6666666666666666,0.6809651474530831,False,False,False,False
Laurasiatheria,MACSE,Laurasiatheria_MACSE,337,343,0.044568124866674,0.1008232100841446,0.1770213965071847,0.3532825292450784,0.6809651474530831,False,False,False,False,C_terminal_MTase_like,switching_helix,2.249327116143735,0.7943865507404844,0.9289513284296463,0.02743470230629776,1.018548927181438,0.3737477995612578,0.06738648955042736,0.12837126259356413,0.4905901792684874,0.6809651474530831,False,False,False,False
Laurasiatheria,MACSE,Laurasiatheria_MACSE,338,344,0.0019279951873748,0.2416511332052874,0.3554790801205193,0.5506510369499608,0.6809651474530831,False,False,False,False,C_terminal_MTase_like,switching_helix,2.93719714530201,2.727312226675616,0.08335675187573091,0.0017803781616031,1.922642789344464,1.412549720020317,0.4426910726215165,0.5776208858520472,0.2982086241127935,0.6809651474530831,False,False,False,False
Laurasiatheria,MACSE,Laurasiatheria_MACSE,339,345,0.0011428895887736,0.0486016952716494,0.1023052259585549,0.6666666666666666,0.6809651474530831,False,False,False,False,C_terminal_MTase_like,switching_helix,2.817581846241399,1.156247685434699,0.9897425631500859,0.0004649895726224506,1.847190980491973,0.7467044435319891,0.0320489227561348,0.07333738302369933,0.6666666666666666,0.6809651474530831,False,False,False,False
Laurasiatheria,MACSE,Laurasiatheria_MACSE,340,346,0.1173110744938695,0.2436261686522152,0.3570060394480538,0.6666666666666666,0.6809651474530831,False,False,False,False,C_terminal_MTase_like,switching_helix,1.113539603443784,0.5844167188861905,0.8743926960278864,0.06592153937294512,0.7034977234562614,0.2774838615565054,0.1282718261411113,0.21065330068863536,0.6666666666666666,0.6809651474530831,False,False,False,False
Laurasiatheria,MACSE,Laurasiatheria_MACSE,341,347,0.8184466137178832,0.0933585544186724,0.1693790915881629,0.1178031611281275,0.6411857769973797,False,False,False,False,C_terminal_MTase_like,switching_helix,0.8831887742644428,1.679131663643706,0.07366639475205398,0.7103279514642536,0.437757292546933,1.007587818412394,0.1749395840209378,0.2709430142763305,0.09798396960006206,0.5571924241436365,False,False,False,False
Laurasiatheria,MACSE,Laurasiatheria_MACSE,342,348,0.0015102802099362,0.0062373958450535,0.0194790804669295,0.0791376149226682,0.5752455144595248,False,False,False,False,C_terminal_MTase_like,switching_helix,2.651646278767544,0.7712174873446256,0.98825520833177,0.002095459419315345,1.168873266587294,0.36714912745065,0.01352327892824656,0.03595858218422496,0.007677195671682902,0.11250044426581483,False,False,False,False
Laurasiatheria,MACSE,Laurasiatheria_MACSE,343,349,0.0246131897406725,0.2264993607850767,0.3370947517934149,0.6666666666666666,0.6809651474530831,False,False,False,False,C_terminal_MTase_like,switching_helix,4.573512190707623,2.693341537942782,0.4696406400944407,0.005377103464291854,2.605089519268305,1.209910370473274,0.1183084082891629,0.19944913078836754,0.5962507982781733,0.6809651474530831,False,False,False,False
Laurasiatheria,MACSE,Laurasiatheria_MACSE,344,350,0.0552292716025683,0.0904390625714199,0.1664603035734831,0.6666666666666666,0.6809651474530831,False,False,False,False,C_terminal_MTase_like,switching_helix,2.534390761819414,0.7908616949737265,0.9515820258934659,0.0228779295249653,1.500456225011529,0.3866919850662196,0.03567236339221891,0.07762813818656013,0.6666666666666666,0.6809651474530831,False,False,False,False
Laurasiatheria,MACSE,Laurasiatheria_MACSE,345,351,0.0119765554916823,0.0590012164423637,0.1189389601298444,0.4019637792040665,0.6809651474530831,False,False,False,False,C_terminal_MTase_like,switching_helix,2.652777137832647,0.9366921251332475,0.9573562953021194,0.01238542555572639,1.265077951098867,0.484855407309649,0.07717870215182288,0.1441425760776692,0.1499819440899141,0.6809651474530831,False,False,False,False
Laurasiatheria,MACSE,Laurasiatheria_MACSE,346,352,0.1865362653920632,0.5166707255687495,0.6350049885215922,0.6300669045054768,0.6809651474530831,False,False,False,False,C_terminal_MTase_like,switching_helix,1.5756127052239,0.8668323184382021,0.6803259499528678,0.2017982789726888,0.7497213191353376,0.4651055563218107,0.5151245214772118,0.6432257380982072,0.6000303790348251,0.6809651474530831,False,False,False,False
Laurasiatheria,MACSE,Laurasiatheria_MACSE,347,353,0.0748451484523027,0.466420351730742,0.6003586284101781,0.0462088317674256,0.4114021404603233,False,False,False,False,C_terminal_MTase_like,switching_helix,1.798310054857769,1.087781985533756,0.5535515297623913,0.1862584534630752,0.7126562481097469,0.667457005963141,0.9327527590280844,0.9763153878837916,0.01241123042087033,0.1576226263450532,False,False,False,False
Laurasiatheria,MACSE,Laurasiatheria_MACSE,348,354,0.0132759410061561,0.1407879567190635,0.2253790399578285,0.398839622711721,0.6809651474530831,False,False,False,False,C_terminal_MTase_like,switching_helix,2.500429135164006,1.01521162073244,0.8987624728590696,0.01876669599422447,0.9846681452803541,0.5628252505636459,0.2091839897325019,0.30985032393899875,0.1529937923943172,0.6809651474530831,False,False,False,False
Laurasiatheria,MACSE,Laurasiatheria_MACSE,349,355,0.0517721317255368,0.1728420143994029,0.2658871151857024,0.1259288415679828,0.6598506844082664,False,False,False,False,C_terminal_MTase_like,switching_helix,2.585315112515929,1.137537771943615,0.8305605661154115,0.0765934453955811,1.476059688574932,0.6720169316840982,0.366931372066252,0.501671591465979,0.06873512761131462,0.4364680603318478,False,False,False,False
Laurasiatheria,MACSE,Laurasiatheria_MACSE,350,356,0.4684788219912405,0.7812734441443259,0.8682884932889864,0.0042076899521298,0.0920865354140039,False,False,True,False,C_terminal_MTase_like,switching_helix_adjacent_loop,1.330112113585435,1.289786230967659,0.2174200856148189,0.4034049109211119,0.7091598791200537,0.954722155244593,0.5848019968601257,0.7095845885468404,0.000556991199334167,0.02122136469463176,False,False,True,True
Laurasiatheria,MACSE,Laurasiatheria_MACSE,351,357,0.0060455424904223,0.0095472634257459,0.0277672317954901,0.3916438766717959,0.6809651474530831,False,False,False,False,C_terminal_MTase_like,switching_helix_adjacent_loop,2.288899613739519,0.5350677738702307,0.9922198078863788,0.003074058227088519,1.154594685157679,0.2474005371547891,0.004850490053191714,0.014781368643249202,0.6117267415788237,0.6809651474530831,False,False,False,False
Laurasiatheria,MACSE,Laurasiatheria_MACSE,352,358,0.8264935331991186,0.1088077739211408,0.1882434248155313,0.056143735143773,0.465016588908207,False,False,False,False,C_terminal_MTase_like,switching_helix_adjacent_loop,1.29555865279884,2.815757294080027,7.530660858253002e-05,0.7913020232352397,0.7152710168751691,1.829435476022523,0.0799568645172759,0.14860275795649813,0.05852107797870709,0.4053914674524982,False,False,False,False
Laurasiatheria,MACSE,Laurasiatheria_MACSE,353,359,0.000186179020496,0.002103940258556,0.0080160123850987,0.6666666666666666,0.6809651474530831,False,False,False,False,C_terminal_MTase_like,switching_helix_adjacent_loop,4.976719661066418,1.215535405597627,0.9872152066653865,7.957754717208344e-05,3.342269120480118,0.8240441589396419,0.003422625134496093,0.01114547159182061,0.6666666666666666,0.6809651474530831,False,False,False,False
Laurasiatheria,MACSE,Laurasiatheria_MACSE,354,360,0.0020758359005202,0.0370219689834024,0.0810653458774502,0.6666666666666666,0.6809651474530831,False,False,False,False,C_terminal_MTase_like,switching_helix_adjacent_loop,2.816287768749048,1.060167564975689,0.9903188489568,0.001154732674559357,1.785334197462193,0.5981305158484417,0.02117981757227005,0.05172763137842878,0.4722867663607567,0.6809651474530831,False,False,False,False
Laurasiatheria,MACSE,Laurasiatheria_MACSE,355,361,9.209766371933237e-08,7.965258370656869e-07,9.636763857012731e-06,0.6666666666666666,0.6809651474530831,False,False,False,False,C_terminal_MTase_like,other,2.814632474988397,0.2607755007264788,0.9999989998730389,1.164833638510853e-07,1.559957560397471,0.1224418101404141,1.300888595068272e-06,1.270868089028235e-05,0.6666666666666666,0.6809651474530831,False,False,False,False
Laurasiatheria,MACSE,Laurasiatheria_MACSE,356,362,0.1848381371151408,0.3579739473801996,0.4836456523115463,0.6666666666666666,0.6809651474530831,False,False,False,False,C_terminal_MTase_like,other,1.629070051959056,0.8713350125355112,0.7421661472536635,0.1247616509137613,0.9186328575610478,0.4697989106686313,0.2343539484653457,0.33950134739656546,0.6666666666666666,0.6809651474530831,False,False,False,False
Laurasiatheria,MACSE,Laurasiatheria_MACSE,357,363,0.0002549888442213,0.0133753666229558,0.036661976139181,0.6666666666666666,0.6809651474530831,False,False,False,False,C_terminal_MTase_like,other,7.554849409951306,2.811335576593095,0.9703386464964776,1.596218608015192e-05,4.875797584445517,1.340819347092057,0.004869757491911209,0.014781368643249202,0.6666666666666666,0.6809651474530831,False,False,False,False
Laurasiatheria,MACSE,Laurasiatheria_MACSE,358,364,0.3968080422561884,0.990697957380243,1.0,0.080021029570485,0.5752455144595248,False,False,False,False,C_terminal_MTase_like,other,0.7865825386221935,0.571869819846371,0.6690053818055254,0.2566439102967631,0.3950264364852584,0.2746764832208975,0.6297676845136697,0.7428529034046693,0.1184479035092655,0.6356148061553543,False,False,False,False
Laurasiatheria,MACSE,Laurasiatheria_MACSE,359,365,0.0890115572647332,0.1274641304560118,0.2093268694126745,0.2727462899566183,0.6809651474530831,False,False,False,False,C_terminal_MTase_like,other,1.515002207084433,0.7637729613510534,0.7769507812524866,0.1276824865552098,0.8896311091471417,0.3736176249403743,0.203506303754639,0.3057979743436593,0.4289585520231469,0.6809651474530831,False,False,False,False
Laurasiatheria,MACSE,Laurasiatheria_MACSE,360,366,0.0028860291639892,0.0015238599783835,0.0061114805448856,0.5992519622049706,0.6809651474530831,False,False,False,False,C_terminal_MTase_like,other,7.975938244609861,0.7031595159889581,0.9977816926902779,0.0008309184506227734,4.547157881224571,0.3287513315943554,0.0003067824360759586,0.0014610513518117528,0.5936693409577668,0.6809651474530831,False,False,False,False
Laurasiatheria,MACSE,Laurasiatheria_MACSE,361,367,0.0129453194051318,0.069200087730065,0.1359032650781174,0.6666666666666666,0.6809651474530831,False,False,False,False,C_terminal_MTase_like,other,2.563192305284633,1.108157991736891,0.8950425996039552,0.02203301189004642,1.24731123254835,0.5976099936062033,0.1067183413231201,0.18398048888736993,0.6666666666666666,0.6809651474530831,False,False,False,False
Laurasiatheria,MACSE,Laurasiatheria_MACSE,362,368,0.0004009378326713,0.0002886707036744,0.0014283576376618,0.6666666666666666,0.6809651474530831,False,False,False,False,C_terminal_MTase_like,other,1.32555421836146,0.1480518532664683,0.9991613235713905,0.0003764556687274005,0.8599361962643323,0.03932774563748894,0.0003369269228918892,0.00156547753197329,0.6666666666666666,0.6809651474530831,False,False,False,False
Laurasiatheria,MACSE,Laurasiatheria_MACSE,363,369,0.0056375689015147,0.0040075816496489,0.0135122885709403,0.6666666666666666,0.6809651474530831,False,False,False,False,C_terminal_MTase_like,other,1.875621370452801,0.5229360679602527,0.9795075273436549,0.008588108899107001,1.036425189101854,0.2230035067170842,0.006588630031589826,0.019309754169505568,0.6666666666666666,0.6809651474530831,False,False,False,False
Laurasiatheria,MACSE,Laurasiatheria_MACSE,364,370,0.0012732629734335,0.0011738820282043,0.0049148247554489,0.6666666666666666,0.6809651474530831,False,False,False,False,C_terminal_MTase_like,other,2.17665786937501,0.1712731257272804,0.9998409787920964,6.523845012539732e-05,1.211970885318203,0.04844427587700857,3.371190568557392e-05,0.0002038767629556137,0.6666666666666666,0.6809651474530831,False,False,False,False
Laurasiatheria,MACSE,Laurasiatheria_MACSE,365,371,0.0001194420245166,0.0001028102598924,0.0005934955911973,0.1871332933458613,0.6809651474530831,False,False,False,False,C_terminal_MTase_like,other,2.051500512336818,0.3483464350127677,0.99692096651751,0.001403916377990796,1.160027568829148,0.1653896988039353,0.001315364124137131,0.005166533312332442,0.04932831270638882,0.3614247527141181,False,False,False,False
Laurasiatheria,MACSE,Laurasiatheria_MACSE,366,372,0.0493417561003718,0.0741930001523863,0.1427653184750465,0.6207710645212866,0.6809651474530831,False,False,False,False,C_terminal_MTase_like,other,1.123516549969508,0.4528988501638114,0.9458682751463016,0.02786833887773915,0.740811086461862,0.1986450473983633,0.0399942898500022,0.0841868753196179,0.5742171991310516,0.6809651474530831,False,False,False,False
Laurasiatheria,MACSE,Laurasiatheria_MACSE,367,373,0.0030343812430999,0.0051277904204781,0.0166981893179673,0.6666666666666666,0.6809651474530831,False,False,False,False,C_terminal_MTase_like,other,1.137969905498626,0.231944084210845,0.990109288847293,0.00608144567872563,0.6464451859751645,0.0790984169362859,0.007476935794122785,0.021259048787767024,0.6666666666666666,0.6809651474530831,False,False,False,False
Laurasiatheria,MACSE,Laurasiatheria_MACSE,368,374,0.0873181055862243,0.1564981251757472,0.2470035725270775,0.0652492942192476,0.5073465530108847,False,False,False,False,C_terminal_MTase_like,other,2.182163040244515,0.8785895203891513,0.8643766110337096,0.05505687787025208,0.9881748766844751,0.4214311899956411,0.1381823015394332,0.2249891319936925,0.005682898046890927,0.09841746163024742,False,False,True,False
Laurasiatheria,MACSE,Laurasiatheria_MACSE,369,375,0.0566458479284854,0.0951401916558442,0.1710604929600607,0.6666666666666666,0.6809651474530831,False,False,False,False,C_terminal_MTase_like,other,1.02939988868992,0.4310666915122389,0.9380665985403517,0.0370995585719762,0.665227239145725,0.1831272096317956,0.0497000410422036,0.09966166124778722,0.6666666666666666,0.6809651474530831,False,False,False,False
Laurasiatheria,MACSE,Laurasiatheria_MACSE,370,376,0.0233793884634447,0.0763966496402779,0.1462669523263612,0.4445636255747776,0.6809651474530831,False,False,False,False,C_terminal_MTase_like,other,1.087439594943532,0.2156216223132283,0.9650183838605713,0.02131836513770598,0.5906308658046615,0.08177021992820005,0.08190687442673894,0.15075613119124415,0.3684778035947333,0.6809651474530831,False,False,False,False
Laurasiatheria,MACSE,Laurasiatheria_MACSE,371,377,0.1405425184889176,0.2860839795089615,0.4051970118695699,0.5041795797033507,0.6809651474530831,False,False,False,False,C_terminal_MTase_like,other,1.468335279630873,0.7346398353851482,0.7323148250663527,0.1942104890160036,0.7236001787621213,0.3519356345397529,0.4183579446965638,0.5515376364338782,0.3822959517623347,0.6809651474530831,False,False,False,False
Laurasiatheria,MACSE,Laurasiatheria_MACSE,372,378,0.6972047192628811,0.3685444634936365,0.4961676345974399,0.0876122966956137,0.5960765185898008,False,False,False,False,C_terminal_MTase_like,other,0.7342308067234781,0.9914651347911895,0.1602631609721987,0.6989083831430134,0.3273048730292882,0.5929219597577629,0.3454312646883088,0.47684533277625235,0.04515367310740004,0.3373244990964591,False,False,False,False
Laurasiatheria,MACSE,Laurasiatheria_MACSE,373,379,0.2989680953264309,0.7141944374743012,0.8146948523284693,0.3070962672873666,0.6809651474530831,False,False,False,False,C_terminal_MTase_like,other,0.7086807753755459,0.6195733815055722,0.5397940553835835,0.3791943015329137,0.3195350340949397,0.3001144048792367,0.9425087298996818,0.9813078251067722,0.3414509457746516,0.6809651474530831,False,False,False,False
Laurasiatheria,MACSE,Laurasiatheria_MACSE,374,380,0.4094381906611612,0.4993005024266972,0.6278333050315895,0.0002317468594903,0.0176591106931642,False,False,True,True,C_terminal_MTase_like,other,1.201968778078368,1.193612222640645,0.2256165250589396,0.3390937977913739,0.5895970827832921,0.835948327519257,0.4552185242794664,0.5879262974592431,5.729316862779221e-05,0.0036381162078648055,False,False,True,True
Laurasiatheria,MACSE,Laurasiatheria_MACSE,375,381,0.1761834830896057,0.6774657691113891,0.7877527915120828,0.0043505449801891,0.0920865354140039,False,False,True,False,C_terminal_tail,other,2.561066165824632,1.795818405316434,0.5510192231142761,0.07627872328036713,0.9859556859962796,1.028267183850841,0.9131714647704932,0.9632131161641198,0.1515759753359815,0.6809651474530831,False,False,False,False
Laurasiatheria,MACSE,Laurasiatheria_MACSE,376,382,0.2052242487156115,0.7461140578449883,0.8435295431422567,0.0019189871412551,0.0664667364380195,False,False,True,False,C_terminal_tail,other,2.282557324622111,2.785048527600309,0.01441085602924217,0.3012982705611124,0.9341608714194085,1.32315093353406,0.4221643254322418,0.5546365792747728,2.262643914374696e-05,0.002155168328441898,False,False,True,True
Laurasiatheria,MACSE,Laurasiatheria_MACSE,377,383,0.6393657357139946,0.3706001123440136,0.4971783197291167,0.0003022548359251,0.0191931820812479,False,False,True,True,C_terminal_tail,other,1.689714633430473,2.477140430693262,0.1556130241066058,0.5568396114496158,0.9327690054404284,1.242638267351389,0.6638189802885613,0.7710824130790911,3.800462867464827e-05,0.0028959527050081983,False,False,True,True
Laurasiatheria,MACSE,Laurasiatheria_MACSE,378,384,0.240823133020593,0.6043552881158131,0.7244352273913329,0.0955475948864162,0.6067272275287434,False,False,False,False,C_terminal_tail,other,1.529575252376582,1.014673069217098,0.5768201237833218,0.1393364963949072,0.7975056047549072,0.5549843860649528,0.4183556145925994,0.5515376364338782,0.4200882061667448,0.6809651474530831,False,False,False,False
Laurasiatheria,MACSE,Laurasiatheria_MACSE,379,385,0.3352685404062493,0.9451097694642764,0.9892495114447508,0.0001227202763138,0.0126908295737626,False,False,True,True,C_terminal_tail,other,1.897663847964095,1.25324277338689,0.5251321111426186,0.2170273477799917,0.9186852584085003,0.8759547833301782,0.9426736587639859,0.9813078251067722,1.764762762868077e-05,0.002155168328441898,False,False,True,True
Laurasiatheria,MACSE,Laurasiatheria_MACSE,380,386,0.639290213824989,0.399935875227669,0.5288244172607338,0.3754788122431247,0.6809651474530831,False,False,False,False,C_terminal_tail,other,0.6489680362268249,0.8818401451996504,0.1942950517821176,0.7068793652344021,0.2609501644500287,0.5213659755929348,0.2743098993270451,0.3885207124297553,0.2835058025771159,0.6809651474530831,False,False,False,False
Laurasiatheria,MACSE,Laurasiatheria_MACSE,381,387,0.0968902485903884,0.986486907786112,1.0,0.0379259147114059,0.3641193600358996,False,False,False,False,C_terminal_tail,other,2.514781883725831,1.736911048335122,0.6257049072043054,0.150134889152918,1.04184449337686,1.133348988314383,0.8871440949000282,0.9494435397666031,0.009492369980440674,0.13394788750177394,False,False,False,False
Placentalia,MACSE,Placentalia_MACSE,1,1,3.659620351372836e-06,6.9462581353541e-08,3.537960810273689e-07,0.6666666666666666,0.673721340388007,False,False,False,False,N_terminal,other,41.64208698021449,0.1217594016368164,0.9999951176735793,2.62282107527261e-06,10000.0,0.04801032062355318,6.398652563355256e-08,3.0940319989895036e-07,0.6666666666666666,0.673721340388007,False,False,False,False
Placentalia,MACSE,Placentalia_MACSE,2,2,5.65897005273404e-13,3.5931380093501275e-10,2.495597671948634e-09,1.0214699752708611e-08,1.9510076527673444e-06,False,False,True,True,N_terminal,other,7.034313571319379,0.7812454143082251,0.9999999987016442,1.523154372501769e-12,3.512741334095919,0.4318499609926778,3.943398940720044e-10,2.689961420276887e-09,3.787705715740941e-08,7.234517917065197e-06,False,False,True,True
Placentalia,MACSE,Placentalia_MACSE,3,6,0.0008324839082718,0.9987064175345448,1.0,0.1777157034131065,0.673721340388007,False,False,False,False,N_terminal,other,2.814442737591397,2.814817269139851,0.0004407630882651434,0.00140481042103416,1.700552820206894,1.823135263710702,0.8133194143745319,0.858254188649368,0.06743039637311099,0.47866986785429727,False,False,False,False
Placentalia,MACSE,Placentalia_MACSE,4,7,0.0296719504207856,0.8331164384944677,0.8695368292483242,0.0005352066104366,0.0255561156483476,False,False,True,True,N_terminal,other,1.313808815492315,1.198924594301501,0.1583362291909845,0.04171282106277115,0.8285960029708291,0.7959089657185068,0.8927582423131198,0.9192281632442366,0.1399944599285843,0.673721340388007,False,False,False,False
Placentalia,MACSE,Placentalia_MACSE,5,8,0.1947530605813221,0.3830347133916837,0.4586810674470946,0.3154905178683054,0.673721340388007,False,False,False,False,N_terminal,other,1.179724343767126,0.881670283521207,0.6056350041995239,0.2291436877703244,0.6863440943342977,0.4440437950839581,0.4516855990915277,0.5260484721126939,0.1702300771058876,0.673721340388007,False,False,False,False
Placentalia,MACSE,Placentalia_MACSE,6,9,0.0089192120076574,0.0936272574249426,0.1277343297726002,0.5716200647748351,0.673721340388007,False,False,False,False,N_terminal,other,1.492799472088374,1.033091218385938,0.6277573130986083,0.01949379644316021,0.8913473348424729,0.5463313635808975,0.1402326013672593,0.1906364901149219,0.4757198793645245,0.673721340388007,False,False,False,False
Placentalia,MACSE,Placentalia_MACSE,7,10,0.000363257972725,0.000925696244464,0.0021174608705704,0.6666666666666666,0.673721340388007,False,False,False,False,N_terminal,other,2.798892420146815,0.800132016103236,0.9951496058714036,0.0007206096399154813,1.617922970063697,0.3869614638640485,0.001904854962941793,0.0039981021749657415,0.6666666666666666,0.673721340388007,False,False,False,False
Placentalia,MACSE,Placentalia_MACSE,8,11,4.286540263028788e-07,0.0032064493551172,0.0065152322002914,0.6666666666666666,0.673721340388007,False,False,False,False,N_terminal,other,2.814704718072114,1.19923901453361,0.9999415187957158,1.367439668491183e-07,1.515846557368722,0.6565000464432301,0.002482083654745559,0.004990294505856861,0.6666666666666666,0.673721340388007,False,False,False,False
Placentalia,MACSE,Placentalia_MACSE,9,12,3.977064001191167e-06,8.418592633119282e-06,3.005516248459407e-05,0.6666666666666666,0.673721340388007,False,False,False,False,N_terminal,other,2.524803505434359,0.2012324376816031,0.9999891636078618,3.303914044001302e-06,1.400612659363913,0.09594318072922871,8.716811938924707e-06,2.9208966321659984e-05,0.6666666666666666,0.673721340388007,False,False,False,False
Placentalia,MACSE,Placentalia_MACSE,10,13,0.0105694267672932,0.4021482495525321,0.4770827059908921,0.537946453827227,0.673721340388007,False,False,False,False,N_terminal,other,2.724912496689231,1.226054898189849,0.9437266455593836,0.003109921904446248,1.515619875913067,0.8714575857599135,0.1959823605242013,0.25378054820421997,0.16020145755351,0.673721340388007,False,False,False,False
Placentalia,MACSE,Placentalia_MACSE,11,14,0.0040053613157367,0.0046959861711984,0.0091523812112133,0.6666666666666666,0.673721340388007,False,False,False,False,N_terminal,other,2.745179950462627,0.7098245627239884,0.9981601665239074,0.0004369207375486922,1.590309424102355,0.3478947653559324,0.0004322355030329517,0.0010129690929974698,0.6666666666666666,0.673721340388007,False,False,False,False
Placentalia,MACSE,Placentalia_MACSE,12,15,0.0591103460910491,0.3346423164275591,0.4097223233183576,0.6666666666666666,0.673721340388007,False,False,False,False,N_terminal,other,2.118514400480009,1.190648616236581,0.6433383557914831,0.0780332560575539,0.9512972414087427,0.6351196988969725,0.4862468061243309,0.5561265866451928,0.6666666666666666,0.673721340388007,False,False,False,False
Placentalia,MACSE,Placentalia_MACSE,13,16,7.083782847643361e-12,6.31050767196939e-13,7.304890699067597e-12,0.6666666666666666,0.673721340388007,False,False,False,False,N_terminal,other,6.969518279852202,0.4470190443341266,0.9999999999921866,1.867619549118702e-13,3.862283752151661,0.1867689674771064,9.769962616701378e-15,1.3822687850296022e-13,0.6666666666666666,0.673721340388007,False,False,False,False
Placentalia,MACSE,Placentalia_MACSE,14,17,0.0749775161793633,0.5772990819518972,0.6355280959816274,0.6666666666666666,0.673721340388007,False,False,False,False,N_terminal,other,1.644462126058155,1.184455402340024,0.3887468130263322,0.05687806937038967,0.894262544780223,0.6819857211758912,0.4700651552666287,0.5408581003369041,0.4690942693680539,0.673721340388007,False,False,False,False
Placentalia,MACSE,Placentalia_MACSE,15,18,0.0562413726953824,0.1614097077548255,0.2111592752135045,0.6095234718060415,0.673721340388007,False,False,False,False,N_terminal,other,0.9090311945372247,0.4967252899488757,0.8876344415704859,0.069468646240474,0.4599073758601283,0.242029444041222,0.2250844921736199,0.28756614050275187,0.6285535731731924,0.673721340388007,False,False,False,False
Placentalia,MACSE,Placentalia_MACSE,16,19,0.1832126308406659,0.4772624592475324,0.5458510761453814,0.0435636587812758,0.3975193574143153,False,False,False,False,N_terminal,other,0.9266145118506804,0.7649409177080025,0.6380748737917048,0.2228684946061365,0.4943290855004075,0.3981826333766674,0.6032642352602637,0.6718569617184278,0.01215064491298445,0.18339668883878074,False,False,False,False
Placentalia,MACSE,Placentalia_MACSE,17,20,0.0943188642441487,0.2829898693128055,0.350980941810038,0.4513485486304488,0.673721340388007,False,False,False,False,N_terminal,other,0.804175935327454,0.5019653099608593,0.8146616651787186,0.1215383085029903,0.3802547573156295,0.2424258887121187,0.3670425441162344,0.4395305700702243,0.5363379670090738,0.673721340388007,False,False,False,False
Placentalia,MACSE,Placentalia_MACSE,18,21,0.0198775471307376,0.0329290376722132,0.053300391486379,0.6666666666666666,0.673721340388007,False,False,False,False,N_terminal,other,1.047248652184767,0.4787790470853439,0.9666796580507758,0.01706133719737668,0.6190990168886611,0.2355249668191925,0.03291187057697076,0.053499296001714165,0.6666666666666666,0.673721340388007,False,False,False,False
Placentalia,MACSE,Placentalia_MACSE,19,22,0.0256800871929502,0.0635071738441089,0.0915461902205646,0.2370697724310101,0.673721340388007,False,False,False,False,N_terminal,other,0.9793201684629066,0.4401132395993052,0.9598768171910137,0.02116293061803282,0.5564290740649918,0.2291443314334982,0.05967888658303655,0.09046561378857128,0.1732058341528265,0.673721340388007,False,False,False,False
Placentalia,MACSE,Placentalia_MACSE,20,23,4.2857875550565055e-15,1.477706845776083e-13,1.946496603746427e-12,0.6666666666666666,0.673721340388007,False,False,False,False,N_terminal,other,7.134506756467681,0.7508880065377969,0.9999999999997723,1.27865536634394e-16,4.114448462891173,0.3714124568411102,3.552713678800501e-15,5.654735938757464e-14,0.6666666666666666,0.673721340388007,False,False,False,False
Placentalia,MACSE,Placentalia_MACSE,21,24,0.0802531413548152,0.1934507775978854,0.2513544117088171,0.5504937499986011,0.673721340388007,False,False,False,False,N_terminal,other,1.700647278790994,0.7475225755194101,0.8897319611189968,0.05697479562114731,0.8262770116686722,0.3712768659484869,0.1351269973489606,0.18435183209751052,0.6246191425041846,0.673721340388007,False,False,False,False
Placentalia,MACSE,Placentalia_MACSE,22,25,0.164906075505188,0.4257139657641521,0.4955991439150787,0.0455433805740863,0.3975193574143153,False,False,False,False,N_terminal,other,1.160807682562823,1.206509672165504,0.07668093369054317,0.1795671843792342,0.6196219384516223,0.8512807383014864,0.3832272849067329,0.45463609575891917,0.04287412050598771,0.3722253189383478,False,False,False,False
Placentalia,MACSE,Placentalia_MACSE,23,26,7.861641207006287e-06,0.0005447631668312,0.0013006220608096,0.6666666666666666,0.673721340388007,False,False,False,False,N_terminal,other,2.737618273594076,0.820021229899687,0.9916554822058743,0.0001823302948754204,1.115888176505164,0.4248762445760384,0.006399748485405254,0.011810163871617426,0.6666666666666666,0.673721340388007,False,False,False,False
Placentalia,MACSE,Placentalia_MACSE,24,27,2.159044181122816e-06,0.0012184419592025,0.0027218995813763,0.6666666666666666,0.673721340388007,False,False,False,False,N_terminal,other,2.814058673572883,1.202293106290027,0.9994364243079938,4.493491104244975e-06,1.814365464815887,0.6830030820155633,0.002010068590272529,0.004173077181978837,0.6666666666666666,0.673721340388007,False,False,False,False
Placentalia,MACSE,Placentalia_MACSE,25,28,3.712911974629393e-08,4.472527176391239e-07,1.9866341643970387e-06,0.6666666666666666,0.673721340388007,False,False,False,False,N_terminal,other,2.80786097334558,0.508606601523685,0.9999984100484524,7.130377876013121e-08,1.429618461197121,0.2478838826751611,7.534329292679942e-07,3.0618231806422745e-06,0.6666666666666666,0.673721340388007,False,False,False,False
Placentalia,MACSE,Placentalia_MACSE,26,29,8.352289514239188e-07,0.0046338285475363,0.0090775513085071,0.6666666666666666,0.673721340388007,False,False,False,False,N_terminal,other,2.814345355131808,1.192150853684888,0.9997748897843142,7.16580573302638e-07,1.475799254462565,0.6629534379466873,0.00354942758690735,0.006917761929584733,0.07910260672756653,0.5395927816059002,False,False,False,False
Placentalia,MACSE,Placentalia_MACSE,27,30,3.197207385810975e-07,0.0008853729757236,0.002037424558593,0.6666666666666666,0.673721340388007,False,False,False,False,N_terminal,other,2.812677556153538,0.9655852325956338,0.9996162735653686,1.512721093736939e-06,1.243988471545447,0.4890117652644472,0.001547952642274253,0.0033220107266784533,0.6666666666666666,0.673721340388007,False,False,False,False
Placentalia,MACSE,Placentalia_MACSE,28,31,1.0532797661888129e-10,7.156823911280696e-09,4.2717292720456657e-08,0.6666666666666666,0.673721340388007,False,False,False,False,N_terminal,other,3.429753072639127,0.6718017194129166,0.9999999929385947,9.553562987207147e-12,2.393675242979416,0.3543635507002993,5.178655282378486e-10,3.470607575208038e-09,0.6666666666666666,0.673721340388007,False,False,False,False
Placentalia,MACSE,Placentalia_MACSE,29,32,6.704300994963286e-05,0.0874084556904141,0.1211064936614248,0.6666666666666666,0.673721340388007,False,False,False,False,N_terminal,other,2.81052029824193,1.231430808497805,0.9928638558769493,5.091712828912697e-05,1.548057042071222,0.8959668451791092,0.0928620937195127,0.13436863560929488,0.6666666666666666,0.673721340388007,False,False,False,False
Placentalia,MACSE,Placentalia_MACSE,30,33,0.2431547364194662,0.660831804903415,0.7131009872121596,0.5281588679017075,0.673721340388007,False,False,False,False,N_terminal,other,1.159028095344785,1.130273114357718,0.2422910806361813,0.1434148111055392,0.6311732644354139,0.6432343276960104,0.9534835825550172,0.9669199634330813,0.6666666666666666,0.673721340388007,False,False,False,False
Placentalia,MACSE,Placentalia_MACSE,31,34,0.6740587562804509,0.4165856940590722,0.488146426780876,0.3890469056155452,0.673721340388007,False,False,False,False,N_terminal,other,0.5452105961525755,0.9019297263192014,0.0893227948742006,0.8467639207395564,0.2119718020738987,0.4931242161565699,0.134785741739059,0.18435183209751052,0.1608358937614679,0.673721340388007,False,False,False,False
Placentalia,MACSE,Placentalia_MACSE,32,35,0.0071987473210905,0.0491753286653851,0.0739565966542405,0.1171269523246811,0.673721340388007,False,False,False,False,N_terminal,other,0.4327571778032731,0.1064331321044,0.9723392120105661,0.006783068304844983,0.155758219970254,0.0329928989395014,0.04867869040008577,0.07528445235964681,0.1321704756522849,0.673721340388007,False,False,False,False
Placentalia,MACSE,Placentalia_MACSE,33,36,0.0391200586480107,0.038316862126084,0.0607346113367805,0.6666666666666666,0.673721340388007,False,False,False,False,N_terminal,other,1.321612051753487,0.7792080792917375,0.8675167947158979,0.05004014065004189,0.8156843244606614,0.3666690755307611,0.06216742894969818,0.09349589708182955,0.6666666666666666,0.673721340388007,False,False,False,False
Placentalia,MACSE,Placentalia_MACSE,34,37,0.0008425065422557,0.0929336465894526,0.1272424838608276,0.4444644391565128,0.673721340388007,False,False,False,False,N_terminal,other,2.690633078326442,1.212377471722452,0.9311212879808477,0.001323070885921763,1.161765880612967,0.739903061956918,0.1442187110694342,0.19466977960609141,0.3357196005108485,0.673721340388007,False,False,False,False
Placentalia,MACSE,Placentalia_MACSE,35,38,0.0021150833670584,0.0030341376440443,0.006231400967876,0.549257658291249,0.673721340388007,False,False,False,False,N_terminal,other,1.050819009384051,0.3293327679398357,0.9946385346164973,0.002256982652224836,0.6024447451071987,0.1528799166868424,0.004613490237338258,0.008767926719717486,0.5032781385156736,0.673721340388007,False,False,False,False
Placentalia,MACSE,Placentalia_MACSE,36,39,1.1221334980415101e-10,2.40660686601224e-07,1.0815574386078538e-06,0.4103711071425722,0.673721340388007,False,False,False,False,N_terminal,other,2.81502523582946,0.8083328098020474,0.9999997386516901,2.555329931577596e-10,1.647690243485008,0.4127235576271011,1.721721277325727e-06,6.576975279384277e-06,0.09900773216122205,0.6200156341899479,False,False,False,False
Placentalia,MACSE,Placentalia_MACSE,37,40,0.000200586541068,0.0001210482991981,0.0003326651100264,0.6666666666666666,0.673721340388007,False,False,False,False,N_terminal,other,2.264756501229956,0.5769173306508929,0.9975055556283653,0.0003826389732387878,1.150123488956152,0.2685295042936131,0.0001352107806700253,0.000353770672711984,0.6666666666666666,0.673721340388007,False,False,False,False
Placentalia,MACSE,Placentalia_MACSE,38,41,0.0284585392041432,0.1579089912161503,0.2072894661325409,0.1238993463407067,0.673721340388007,False,False,False,False,ADD,other,0.6347994089221365,0.2759140754984589,0.9120025048698972,0.04466332107186544,0.2555024763287552,0.1192745826332843,0.2286850100428975,0.2911922461212895,0.1497863369704796,0.673721340388007,False,False,False,False
Placentalia,MACSE,Placentalia_MACSE,39,42,0.1372804019199174,0.4940887190865233,0.5617318175328926,0.1345804553157065,0.673721340388007,False,False,False,False,ADD,other,0.5580405977552871,0.3186978759841484,0.787532175629673,0.1312109122348749,0.2330933773444244,0.144940338507154,0.4834377653173925,0.5545742533070389,0.1519961096928807,0.673721340388007,False,False,False,False
Placentalia,MACSE,Placentalia_MACSE,40,43,0.0006724000206387,0.0066534526222163,0.0124589161847385,0.6666666666666666,0.673721340388007,False,False,False,False,ADD,other,2.68080602561819,1.068387439117153,0.9613932547757322,0.002607657629839004,1.235201205050825,0.4973579928458567,0.02087702193871699,0.034674010350390826,0.6666666666666666,0.673721340388007,False,False,False,False
Placentalia,MACSE,Placentalia_MACSE,41,44,8.087489583827843e-05,0.0001016267350287,0.0002875660205999,0.6666666666666666,0.673721340388007,False,False,False,False,ADD,other,2.411390634585867,0.5241775591940867,0.9993539540345077,5.979214287681453e-05,1.079761339101908,0.2425966124200868,7.553053457598491e-05,0.00021215194270607525,0.6666666666666666,0.673721340388007,False,False,False,False
Placentalia,MACSE,Placentalia_MACSE,42,45,0.0733588129701259,0.2361873358526858,0.2997460541386245,0.1934842466048883,0.673721340388007,False,False,False,False,ADD,other,0.8877999645355054,0.4361795878932197,0.8749049268650799,0.08214299204265241,0.4503622523168544,0.2063219721173871,0.2749605029726141,0.34437676110012655,0.1678051939311795,0.673721340388007,False,False,False,False
Placentalia,MACSE,Placentalia_MACSE,43,46,0.2728738556656179,0.9112722036988709,0.935768768314432,0.6666666666666666,0.673721340388007,False,False,False,False,ADD,other,1.131943059948468,0.978976360640603,0.4683136655396303,0.243331879474796,0.5616930874502396,0.5124741057308041,0.8606343463706152,0.8933758704173234,0.6666666666666666,0.673721340388007,False,False,False,False
Placentalia,MACSE,Placentalia_MACSE,44,47,1.895413525848551e-06,5.325961074387209e-06,1.975259349918363e-05,0.6666666666666666,0.673721340388007,False,False,False,False,ADD,other,1.431333774721202,0.2164422635619065,0.999996548787181,6.603850465360366e-07,0.8385863255793808,0.09852678770837314,2.029023378313788e-06,7.674128024909574e-06,0.6666666666666666,0.673721340388007,False,False,False,False
Placentalia,MACSE,Placentalia_MACSE,45,48,0.1740136812734433,0.307107531613507,0.3796604436128145,0.1879486356076734,0.673721340388007,False,False,False,False,ADD,other,1.222176107210967,0.905360379511741,0.6165996922022576,0.1993192334184415,0.7530126880038559,0.4470385298174389,0.3392457555118223,0.4102192373927398,0.2903009724433193,0.673721340388007,False,False,False,False
Placentalia,MACSE,Placentalia_MACSE,46,49,2.848243550944255e-06,1.381790839372066e-05,4.712893755715439e-05,0.1821594462757941,0.673721340388007,False,False,False,False,ADD,other,2.69664451592591,0.2850281591826584,0.9999995586685523,1.078084148378785e-07,1.168615488077718,0.1301006563984491,5.483323599619894e-07,2.301790785774505e-06,0.2320662863669327,0.673721340388007,False,False,False,False
Placentalia,MACSE,Placentalia_MACSE,47,50,0.2933957587835577,0.958354340468882,0.9788538985537778,4.303134648608875e-08,5.479324785895301e-06,False,False,True,True,ADD,other,0.4578633399522326,0.2942407966207448,0.7171851215679316,0.170178467482218,0.1646153064799234,0.1284972247961308,0.6950894028440858,0.7521930648341099,1.352429903289654e-06,0.00012915705576416195,False,False,True,True
Placentalia,MACSE,Placentalia_MACSE,48,51,0.0013685723224448,0.0018392570445059,0.0039033121722292,0.6666666666666666,0.673721340388007,False,False,False,False,ADD,other,1.720215731055903,0.3381244239117748,0.9986521110016082,0.0005625037977796509,1.076777218852918,0.159705670322979,0.0007185091121766352,0.001630499627146877,0.6666666666666666,0.673721340388007,False,False,False,False
Placentalia,MACSE,Placentalia_MACSE,49,52,0.8923110037891017,0.0286565668810233,0.0473887815954585,0.0421370213758222,0.3975193574143153,False,False,False,False,ADD,other,0.5400494405083641,1.095527270280764,0.0286635591786194,0.884792882723165,0.1660277549204641,0.6247899404245199,0.0331412590391662,0.05364390234305715,0.04838355243771542,0.40179384850450633,False,False,False,False
Placentalia,MACSE,Placentalia_MACSE,50,53,4.493677359066203e-08,1.320840650187449e-07,6.307014104645069e-07,0.0324578481202738,0.356066473232577,False,False,False,False,ADD,other,2.530007573340595,0.0885501406787691,0.9999999766873986,3.695647664524368e-09,1.413749719737112,0.03443015628663904,8.96096674640745e-09,4.8212525311656985e-08,0.05204792823882831,0.4230278422815408,False,False,False,False
Placentalia,MACSE,Placentalia_MACSE,51,54,0.0297284042889332,0.139126010455406,0.184705143545018,0.0441130109961466,0.3975193574143153,False,False,False,False,ADD,other,0.7726731693361725,0.2986820776862578,0.9459202768412476,0.02719541512232859,0.3537012884346413,0.1400559050878066,0.1331270161645989,0.1835903255410714,0.03515006033247292,0.3274956840732843,False,False,False,False
Placentalia,MACSE,Placentalia_MACSE,52,55,0.0028776677553016,0.0127559658401237,0.0224552025388353,0.0021216613702851,0.081047464344892,False,False,True,False,ADD,other,1.420690897743014,0.2665379463794557,0.9990157953660521,0.000369289087041912,0.9592387566178358,0.1254411348390195,0.0008180367935538557,0.0018168026461486797,0.02326723644796791,0.25394526637496406,False,False,False,False
Placentalia,MACSE,Placentalia_MACSE,53,56,2.007130337562733e-14,1.77635683940025e-15,3.392841563254478e-14,0.0491927330465612,0.399821787740136,False,False,False,False,ADD,other,2.819830303589371,0.1401858962281769,0.9999999999999414,3.943955412904304e-15,2.143025471482259,0.0727915234785113,4.440892098500626e-16,7.711003552851087e-15,0.02118963517524064,0.24087187750774816,False,False,False,False
Placentalia,MACSE,Placentalia_MACSE,54,57,3.295455074741728e-09,6.008221808961878e-09,3.70183988874748e-08,0.6666666666666666,0.673721340388007,False,False,False,False,ADD,other,1.299336964227037,0.08641107702301036,0.9999999963792401,6.672998252073366e-10,0.7989449933162187,0.02073170526088263,1.434528718036177e-09,8.698253496663803e-09,0.6666666666666666,0.673721340388007,False,False,False,False
Placentalia,MACSE,Placentalia_MACSE,55,58,6.016201955355031e-07,1.290035229750686e-07,6.237891870440025e-07,0.4244089609683612,0.673721340388007,False,False,False,False,ADD,other,2.39592912469623,0.3059397680443154,0.999997735012272,5.438713143321789e-07,1.250164622688307,0.1375500024064136,8.805749884821523e-08,4.204745570002277e-07,0.2544945282073393,0.673721340388007,False,False,False,False
Placentalia,MACSE,Placentalia_MACSE,56,59,0.59308468339599,0.4000532483783085,0.4760758282882052,0.0382656264829559,0.3846702451707677,False,False,False,False,ADD,other,0.7810864413573031,1.024927323265304,0.1580644785434802,0.6431366595401402,0.3171020161399523,0.589667263763908,0.3039956117136929,0.372199755367406,0.07527092315291528,0.5227907753529752,False,False,False,False
Placentalia,MACSE,Placentalia_MACSE,57,60,0.6724108593389521,0.2472365860560444,0.312729721435129,0.0033921646383549,0.0842359693358757,False,False,True,False,ADD,other,0.6061623362474395,0.8800074528386829,0.1813767054909851,0.7255194903390604,0.1468159896967973,0.4777154580284175,0.1651409997860144,0.21839127802564248,0.002339807223721402,0.0595870906307717,False,False,True,False
Placentalia,MACSE,Placentalia_MACSE,58,61,0.0198131402882186,0.0752033513818865,0.1060062001028805,0.6666666666666666,0.673721340388007,False,False,False,False,ADD,other,0.8233678012310998,0.3563985367181056,0.9402888074529729,0.0325576062131898,0.3936976187440341,0.166462254836053,0.1200797958021654,0.16864147792804113,0.6666666666666666,0.673721340388007,False,False,False,False
Placentalia,MACSE,Placentalia_MACSE,59,62,0.0005698885611252,0.0005906422166824,0.001401399545172,0.1246454593049,0.673721340388007,False,False,False,False,ADD,other,2.976653263653211,0.7257248609944582,0.998803191806048,0.0002420567657341168,2.189591595093033,0.3644752424274621,0.0001852337687557881,0.00046860463354113276,0.6666666666666666,0.673721340388007,False,False,False,False
Placentalia,MACSE,Placentalia_MACSE,60,63,9.450614965293194e-16,6.872280522429719e-14,1.0096965998339048e-12,0.6666666666666666,0.673721340388007,False,False,False,False,ADD,other,3.000497141265579,0.5069073673678112,0.9999999999978794,8.873291120706946e-16,2.172156126818672,0.2308005127712774,5.029310301551959e-14,6.197408178041446e-13,0.6666666666666666,0.673721340388007,False,False,False,False
Placentalia,MACSE,Placentalia_MACSE,61,64,0.3901045125136999,0.8474875375979257,0.8821259928130998,0.0032356084577508,0.0842359693358757,False,False,True,False,ADD,other,0.7568536787630735,0.732583180537028,0.4559046019018814,0.4473172395292015,0.2838526699535883,0.3730809721666933,0.7059136922028273,0.7617486735070056,0.002233968640427242,0.0595870906307717,False,False,True,False
Placentalia,MACSE,Placentalia_MACSE,62,65,0.0003754991471697,0.0063399082681547,0.0119893314774016,0.0528102547254224,0.4117044347981914,False,False,False,False,ADD,other,1.175865666416626,0.09055354732511013,0.999726571579602,5.208651499919261e-05,0.6383286510183189,0.03276467977380229,0.0007979487322896661,0.001782552138799137,0.1192834341082912,0.673721340388007,False,False,False,False
Placentalia,MACSE,Placentalia_MACSE,63,66,1.93203529449928e-08,1.069260147090745e-07,5.236633028059803e-07,0.0036430477999197,0.0842359693358757,False,False,True,False,ADD,other,1.193458545561039,0.09243732441932223,0.9999999016118178,1.570895907279297e-08,0.7345297598945896,0.03742067125957278,1.255834023439206e-07,5.779862613900924e-07,0.002114278796394697,0.0595870906307717,False,False,True,False
Placentalia,MACSE,Placentalia_MACSE,64,67,0.0004417313447003,0.001073292961526,0.0024260231438043,0.029333197001226,0.3395539774081318,False,False,False,False,ADD,other,1.011804886147325,0.1609982516930137,0.9994349296845854,0.0002123995750727951,0.5248636860351005,0.0616291864128191,0.0004738386147016271,0.001097008186763767,0.03413349824342982,0.32597490822475483,False,False,False,False
Placentalia,MACSE,Placentalia_MACSE,65,68,5.3791817212087515e-08,1.9995903710601233e-08,1.1070195967318363e-07,0.0335560027130177,0.356066473232577,False,False,False,False,ADD,other,1.63565853782093,0.1000885038644366,0.9999999568400948,8.710207919308913e-09,1.032067371183467,0.03933363805686951,3.126366499017763e-09,1.7308289893112835e-08,0.1606404318115878,0.673721340388007,False,False,False,False
Placentalia,MACSE,Placentalia_MACSE,66,69,3.754960611128041e-07,5.322028913123944e-07,2.3367989020843063e-06,0.6666666666666666,0.673721340388007,False,False,False,False,ADD,other,3.233977723509615,0.4947853945567096,0.9999935232789717,1.600054195233489e-06,2.070290345373162,0.2205604605159204,2.286915261606737e-06,8.564721862095819e-06,0.6666666666666666,0.673721340388007,False,False,False,False
Placentalia,MACSE,Placentalia_MACSE,67,70,2.436105584565726e-10,3.35300009979278e-10,2.371937107631189e-09,0.6666666666666666,0.673721340388007,False,False,False,False,ADD,other,1.234544176001007,0.02665580188894941,0.9999999996081564,6.406829626247372e-11,0.7462883696539849,1.955359382014459e-08,1.143749539522787e-10,8.243628756560465e-10,0.6666666666666666,0.673721340388007,False,False,False,False
Placentalia,MACSE,Placentalia_MACSE,68,71,1.3217650924755678e-10,2.8755942071967406e-10,2.0725980889606703e-09,0.6666666666666666,0.673721340388007,False,False,False,False,ADD,other,2.746439618086715,0.09778756813820652,0.9999999999173521,1.262366183208071e-11,1.16422119044986,0.04051042837139462,2.612243754640531e-11,2.0364839066789448e-10,0.6666666666666666,0.673721340388007,False,False,False,False
Placentalia,MACSE,Placentalia_MACSE,69,72,0.1160288208057962,0.2710692528510585,0.3372913830263985,0.6666666666666666,0.673721340388007,False,False,False,False,ADD,other,1.711791320489991,0.6968560137394514,0.8324007984549298,0.1237495206541191,0.8595484088082339,0.3406736648644159,0.2834050419696352,0.35241114367654514,0.6666666666666666,0.673721340388007,False,False,False,False
Placentalia,MACSE,Placentalia_MACSE,70,73,1.763030179782502e-15,2.220446049250313e-16,4.712279948964553e-15,0.0178798138102339,0.2148664891732695,False,False,False,False,ADD,other,2.857513321204097,0.08873394268871838,0.9999999999999964,4.484608484110561e-16,2.281620060854436,0.03448538501755351,0.0,0.0,0.03157818920559341,0.31744390201412326,False,False,False,False
Placentalia,MACSE,Placentalia_MACSE,71,74,0.0011398986805311,0.0164069434602137,0.0281051677210836,0.4067870199986122,0.673721340388007,False,False,False,False,ADD,other,2.790077726601048,1.020426401018727,0.9948138519156174,6.472657951894739e-05,1.296444390929844,0.5017703868167961,0.001844550184602611,0.003914545391767763,0.5100103674900716,0.673721340388007,False,False,False,False
Placentalia,MACSE,Placentalia_MACSE,72,75,5.018253303603092e-20,5.773159728050814e-15,1.0024304618706413e-13,0.6666666666666666,0.673721340388007,False,False,False,False,ADD,other,7.121256457802823,0.651265145583728,1.0,3.572177110443746e-21,3.303557324235789,0.3217815286836964,2.220446049250313e-16,4.241051954068098e-15,0.6666666666666666,0.673721340388007,False,False,False,False
Placentalia,MACSE,Placentalia_MACSE,73,76,8.791899970448019e-05,0.0002440284163669,0.000625629899679,0.0079135163516048,0.1153053188862178,False,False,False,False,ADD,other,1.096334458508984,0.1886706799313676,0.9996710601487035,8.833645743261832e-05,0.6912521562084362,0.08445482021531088,0.0003289420383034702,0.0007952902445058583,0.04387519153927688,0.3724516259556393,False,False,False,False
Placentalia,MACSE,Placentalia_MACSE,74,77,0.2071406095354364,0.6226510622047627,0.675717914097214,0.511867562285802,0.673721340388007,False,False,False,False,ADD,other,0.3202718563017827,0.08583240162379567,0.655229173188012,0.2155070338916777,6.690491248056695e-08,0.01583455661509119,0.6229245371425558,0.691735968571094,0.5119751305419612,0.673721340388007,False,False,False,False
Placentalia,MACSE,Placentalia_MACSE,75,78,0.0272640954421316,0.2189789492212579,0.2807045590688608,0.6666666666666666,0.673721340388007,False,False,False,False,ADD,other,0.7085948311392216,0.2593393498985478,0.9008767514713523,0.05546512014273043,0.2631216212288905,0.1160002294647911,0.3541288103919763,0.42540001751488976,0.6666666666666666,0.673721340388007,False,False,False,False
Placentalia,MACSE,Placentalia_MACSE,76,79,0.0600425625805643,0.137158288389821,0.1831974341430476,0.6022902383330502,0.673721340388007,False,False,False,False,ADD,other,1.145823426593508,0.5247728892529389,0.9004804997461429,0.06594891890149725,0.6089493311963119,0.2462682145293399,0.1686868466267294,0.22220129452210563,0.6666666666666666,0.673721340388007,False,False,False,False
Placentalia,MACSE,Placentalia_MACSE,77,80,0.0018776946458558,0.0148653393854558,0.0256948400237291,0.6666666666666666,0.673721340388007,False,False,False,False,ADD,other,0.943898020555922,0.1646372107264015,0.9949963746301332,0.001678843686217639,0.4786581436992606,0.07352572269064969,0.01426536768051678,0.02473434393900741,0.6666666666666666,0.673721340388007,False,False,False,False
Placentalia,MACSE,Placentalia_MACSE,78,81,0.0009205182131783,0.0022274133718744,0.0046243038481307,0.6666666666666666,0.673721340388007,False,False,False,False,ADD,other,0.692551277977007,0.1207778224312095,0.9972111409541785,0.0009218429220354912,0.334497317498439,0.03001718003743125,0.002177158231790322,0.004471367981418833,0.6666666666666666,0.673721340388007,False,False,False,False
Placentalia,MACSE,Placentalia_MACSE,79,82,0.0393239693319617,0.0670495492842442,0.0959285686388812,0.6256297432699183,0.673721340388007,False,False,False,False,ADD,other,1.707927503432958,0.8412574835752173,0.8362372670928117,0.07054803074508574,0.9398132198608051,0.4114404206678368,0.1091245418368331,0.15496496275713845,0.4593650898493342,0.673721340388007,False,False,False,False
Placentalia,MACSE,Placentalia_MACSE,80,83,0.0472673009529993,0.0903068647857939,0.1240907278711269,0.5411994143418174,0.673721340388007,False,False,False,False,ADD,other,1.675905222372921,0.8910286108916177,0.8464871050276449,0.03073068910799811,0.9727854817259622,0.4488293276668847,0.04779550414815947,0.07421903489673545,0.6666666666666666,0.673721340388007,False,False,False,False
Placentalia,MACSE,Placentalia_MACSE,81,84,0.0328891464071927,0.1449442927578708,0.1915872658598846,0.3737600879362495,0.673721340388007,False,False,False,False,ADD,other,0.6769742484072822,0.3616004344099137,0.8630863602235228,0.0797288440824748,0.3160820345276713,0.1787425644391001,0.3016549570993736,0.3717167535869701,0.6666666666666666,0.673721340388007,False,False,False,False
Placentalia,MACSE,Placentalia_MACSE,82,85,7.52560914960349e-06,5.421366030311514e-05,0.0001643620494903,0.6666666666666666,0.673721340388007,False,False,False,False,ADD,other,1.265287235823974,0.08242440142300186,0.9999596265076424,6.48136698758245e-06,0.7170907271995847,0.0178148019865037,5.600668719707436e-05,0.0001633172099945222,0.6666666666666666,0.673721340388007,False,False,False,False
Placentalia,MACSE,Placentalia_MACSE,83,86,0.0026145076523663,0.0057536297185138,0.0109894327623615,0.6666666666666666,0.673721340388007,False,False,False,False,ADD,other,1.169517815668538,0.3070289736827453,0.9992325124804351,0.0002577419406551206,0.727243707317097,0.146136360954438,0.0004682200983358031,0.0010906102290504681,0.6666666666666666,0.673721340388007,False,False,False,False
Placentalia,MACSE,Placentalia_MACSE,84,87,5.811865109922951e-26,0.0,0.0,0.6666666666666666,0.673721340388007,False,False,False,False,ADD,other,7.132526939858269,0.01056503777073165,1.0,7.052932703080735e-28,4.137670375646398,7.394679492982424e-08,0.0,0.0,0.6666666666666666,0.673721340388007,False,False,False,False
Placentalia,MACSE,Placentalia_MACSE,85,88,1.0116705454462741e-24,0.0,0.0,0.6666666666666666,0.673721340388007,False,False,False,False,ADD,other,7.133441740332086,0.0073407489449459,1.0,2.775987562977283e-26,4.549187381558642,4.210031059766281e-10,0.0,0.0,0.6666666666666666,0.673721340388007,False,False,False,False
Placentalia,MACSE,Placentalia_MACSE,86,89,4.2547359451009725e-09,1.7508195448989742e-08,9.982284569424e-08,0.6666666666666666,0.673721340388007,False,False,False,False,ADD,other,6.394221827695093,0.8137144978204307,0.999999731227675,1.177506288405318e-09,3.092230613173077,0.4218750440974784,6.312407263564523e-09,3.444770820973782e-08,0.6666666666666666,0.673721340388007,False,False,False,False
Placentalia,MACSE,Placentalia_MACSE,87,90,1.14747974637478e-19,0.0,0.0,0.6666666666666666,0.673721340388007,False,False,False,False,ADD,other,5.490566003463004,0.01199666759845207,1.0,1.413498602894549e-19,2.975048950281177,2.29046266476957e-07,0.0,0.0,0.6666666666666666,0.673721340388007,False,False,False,False
Placentalia,MACSE,Placentalia_MACSE,88,91,6.612598861860733e-12,4.792499730399413e-12,4.5768372425314394e-11,0.6666666666666666,0.673721340388007,False,False,False,False,ADD,other,2.783458688284804,0.08268209846988618,0.9999999999942201,9.277908796952071e-13,1.436074073000326,0.01891306093580039,5.950795411990839e-13,5.982115387843422e-12,0.6666666666666666,0.673721340388007,False,False,False,False
Placentalia,MACSE,Placentalia_MACSE,89,92,0.0011274220159762,0.0035587584112549,0.0071290416853695,0.6666666666666666,0.673721340388007,False,False,False,False,ADD,other,1.181117810616342,0.2648345115773713,0.9952768381936496,0.002009028170718616,0.7457581157091893,0.1190928033148653,0.006619811183041224,0.012157537845777631,0.6666666666666666,0.673721340388007,False,False,False,False
Placentalia,MACSE,Placentalia_MACSE,90,93,2.948200185558755e-05,0.0002156233591006,0.0005641652272359,0.6666666666666666,0.673721340388007,False,False,False,False,ADD,other,1.257508172358353,0.193713714261023,0.9991703645447029,0.000289892882694277,0.6962512942138351,0.08389073667101124,0.001701545838268204,0.0036312319006617535,0.1818605361921151,0.673721340388007,False,False,False,False
Placentalia,MACSE,Placentalia_MACSE,91,94,5.65900019338514e-06,1.495313640675899e-05,5.0160208774048594e-05,0.6666666666666666,0.673721340388007,False,False,False,False,ADD,other,1.190752323801288,0.240348670425157,0.9999219702960781,2.214486924879576e-05,0.7966359605989964,0.1117599301962041,4.759804948561985e-05,0.00014205042893364675,0.5459109208135349,0.673721340388007,False,False,False,False
Placentalia,MACSE,Placentalia_MACSE,92,95,0.032495557515302,0.0352672235654261,0.0566053756386251,0.6666666666666666,0.673721340388007,False,False,False,False,ADD,other,1.479619373808573,0.5780126154016278,0.94483479776442,0.03149758538883053,0.8927097276218597,0.2743637906040982,0.03595343332273471,0.05770677113144814,0.6666666666666666,0.673721340388007,False,False,False,False
Placentalia,MACSE,Placentalia_MACSE,93,96,1.0255772360047719e-10,1.6720402840064708e-10,1.2283065163278304e-09,0.6666666666666666,0.673721340388007,False,False,False,False,ADD,other,2.508082144961388,0.01752703561133551,0.9999999990982898,8.875855442523602e-11,1.445729308146319,1.974958341419501e-07,1.962858764414932e-10,1.388540829641674e-09,0.6666666666666666,0.673721340388007,False,False,False,False
Placentalia,MACSE,Placentalia_MACSE,94,97,6.699335585444456e-05,0.0003398910520593,0.0008269960629724,0.6666666666666666,0.673721340388007,False,False,False,False,ADD,other,1.087089644151775,0.1635649383820601,0.999909562385563,2.224672990526915e-05,0.6251077870900961,0.07597579007611935,0.0001089174946126148,0.0002889339093195754,0.6666666666666666,0.673721340388007,False,False,False,False
Placentalia,MACSE,Placentalia_MACSE,95,98,4.629360365579615e-06,2.505034016075935e-05,8.10951689950006e-05,0.6666666666666666,0.673721340388007,False,False,False,False,ADD,other,2.248023814721934,0.1074006828096851,0.9999997727441918,4.232125574557903e-08,1.109522375983843,0.0504275392783534,1.415803941862137e-07,6.234767021461908e-07,0.6666666666666666,0.673721340388007,False,False,False,False
Placentalia,MACSE,Placentalia_MACSE,96,99,9.963928425623156e-05,0.003014421352812,0.00622437273932,0.6666666666666666,0.673721340388007,False,False,False,False,ADD,other,0.6726392111676265,0.01101029620735551,0.9991046182537321,8.046705023917328e-05,0.2689034180692636,3.600106330391416e-08,0.003042357727830569,0.006021661409488484,0.6666666666666666,0.673721340388007,False,False,False,False
Placentalia,MACSE,Placentalia_MACSE,97,100,3.613939192779812e-05,2.998143029309119e-05,9.544088643300696e-05,0.6666666666666666,0.673721340388007,False,False,False,False,ADD,other,2.148330701775084,0.3710224061545314,0.9997744441366151,8.023414657042255e-05,1.221852437497983,0.1792423099690643,7.034397878047383e-05,0.00020353569264129674,0.6666666666666666,0.673721340388007,False,False,False,False
Placentalia,MACSE,Placentalia_MACSE,98,101,7.224199481991334e-22,0.0,0.0,0.6666666666666666,0.673721340388007,False,False,False,False,ADD,other,7.128209692949024,0.7011675472149645,1.0,4.328338116541982e-22,4.072957862308909,0.3530961032098571,0.0,0.0,0.6666666666666666,0.673721340388007,False,False,False,False
Placentalia,MACSE,Placentalia_MACSE,99,102,2.278926001953866e-08,3.161816042318577e-08,1.6788924432168764e-07,0.6666666666666666,0.673721340388007,False,False,False,False,ADD,other,1.677804654464856,0.1285749552689978,0.9999999479732478,1.039178615604144e-08,0.900410233070688,0.05923573160032916,1.734756327476106e-08,8.955093474268547e-08,0.6666666666666666,0.673721340388007,False,False,False,False
Placentalia,MACSE,Placentalia_MACSE,100,103,0.0065204163337304,0.0399855402397086,0.0626003129982324,0.6666666666666666,0.673721340388007,False,False,False,False,ADD,other,2.369304940343787,1.125739175069985,0.8294165498989482,0.02738291458250535,1.21354966094488,0.5502190384254185,0.1126991204695161,0.15886001483156884,0.6666666666666666,0.673721340388007,False,False,False,False
Placentalia,MACSE,Placentalia_MACSE,101,104,2.484664657197979e-11,7.716716154959613e-12,6.855315281847842e-11,0.6666666666666666,0.673721340388007,False,False,False,False,ADD,other,2.816864263764902,0.2072747562761379,0.9999999999799425,2.675591158084981e-12,1.91836012661783,0.100417836669377,8.211209490127658e-13,8.042774423663501e-12,0.6666666666666666,0.673721340388007,False,False,False,False
Placentalia,MACSE,Placentalia_MACSE,102,105,0.0001987292104997,0.0003497358475907,0.0008455638846815,0.6666666666666666,0.673721340388007,False,False,False,False,ADD,other,0.5816484390931272,0.03013331294746035,0.9993735621826387,0.0001735896405286796,0.2870324616033431,2.656314130088912e-07,0.0003431957197940205,0.0008245331129642506,0.6666666666666666,0.673721340388007,False,False,False,False
Placentalia,MACSE,Placentalia_MACSE,103,106,1.738167189799318e-05,8.81364221855252e-05,0.0002550614642035,0.6666666666666666,0.673721340388007,False,False,False,False,ADD,other,1.114287022252399,0.08713521969929308,0.9999951481848622,8.972017706046581e-07,0.6381704619294094,0.02098953952739424,3.653285740812251e-06,1.2803258284314495e-05,0.6666666666666666,0.673721340388007,False,False,False,False
Placentalia,MACSE,Placentalia_MACSE,104,107,0.0820198188419496,0.4532449923050508,0.5215047803027995,0.5002210474686944,0.673721340388007,False,False,False,False,ADD,other,0.6548053772917806,0.277621033111642,0.8683799010012822,0.07756424619636,0.2372530713920853,0.1262220498051186,0.4430011258053305,0.52069670786965,0.4626347016099954,0.673721340388007,False,False,False,False
Placentalia,MACSE,Placentalia_MACSE,105,108,1.445735862153136e-19,0.0,0.0,0.6666666666666666,0.673721340388007,False,False,False,False,ADD,other,5.638399115399666,0.01059399398069844,1.0,3.633120575172711e-20,3.057654374699768,6.224101367640553e-07,0.0,0.0,0.6666666666666666,0.673721340388007,False,False,False,False
Placentalia,MACSE,Placentalia_MACSE,106,109,6.303386862458345e-08,1.631849393390894e-07,7.510439376811102e-07,0.6666666666666666,0.673721340388007,False,False,False,False,ADD,other,2.306567078961401,0.1172034065280594,0.9999999112821771,1.869261214510657e-08,1.031538733677622,0.05476773198798032,5.277315728857701e-08,2.584531549261079e-07,0.6666666666666666,0.673721340388007,False,False,False,False
Placentalia,MACSE,Placentalia_MACSE,107,110,0.0650373566101309,0.1392541396360345,0.184705143545018,0.601517565976527,0.673721340388007,False,False,False,False,ADD,other,0.9557158469027914,0.498658618557928,0.8791078724624829,0.07847172364110236,0.5502834289990077,0.2377724308930964,0.1823377247448198,0.2385377083990451,0.65624939108767,0.673721340388007,False,False,False,False
Placentalia,MACSE,Placentalia_MACSE,108,111,1.516787914077593e-20,0.0,0.0,0.6666666666666666,0.673721340388007,False,False,False,False,ADD,other,4.887430869308229,0.1035622251700161,1.0,4.290337089506869e-20,2.774849466118507,0.0552782273623374,0.0,0.0,0.6666666666666666,0.673721340388007,False,False,False,False
Placentalia,MACSE,Placentalia_MACSE,109,112,1.354672742645277e-06,4.800083250655618e-06,1.797678237010241e-05,0.6666666666666666,0.673721340388007,False,False,False,False,ADD,other,1.928689860464224,0.0913777291221546,0.9999986404343483,2.401384122823435e-07,1.097038288142949,0.0340320162008725,7.508584660698148e-07,3.0618231806422745e-06,0.6666666666666666,0.673721340388007,False,False,False,False
Placentalia,MACSE,Placentalia_MACSE,110,113,2.486449338360167e-09,3.941746928859402e-09,2.552114113261511e-08,0.6666666666666666,0.673721340388007,False,False,False,False,ADD,other,1.581921024115463,0.01860733786031222,0.9999999647523751,3.725597679066562e-09,0.9759641694156789,1.657108580825715e-09,9.651698884560744e-09,5.1207624637530614e-08,0.6666666666666666,0.673721340388007,False,False,False,False
Placentalia,MACSE,Placentalia_MACSE,111,114,1.153562031655993e-06,5.392505572743289e-06,1.980708777680708e-05,0.6666666666666666,0.673721340388007,False,False,False,False,ADD,other,1.071082884109,0.08124237072675876,0.9999972563497741,3.538931031075381e-07,0.5597655886101782,0.01648453397559483,1.543387554536757e-06,5.955293392252941e-06,0.6666666666666666,0.673721340388007,False,False,False,False
Placentalia,MACSE,Placentalia_MACSE,112,115,1.401690008708051e-11,1.189393028511176e-11,9.877133410679766e-11,0.6666666666666666,0.673721340388007,False,False,False,False,ADD,other,1.861831970470304,0.02853515488437232,0.9999999999790036,3.268706492730403e-12,0.9045701521778298,1.717578344954068e-07,2.838840273966525e-12,2.5219464759423546e-11,0.6666666666666666,0.673721340388007,False,False,False,False
Placentalia,MACSE,Placentalia_MACSE,113,116,0.0002622059957972,0.0035645208426847,0.0071290416853695,0.6666666666666666,0.673721340388007,False,False,False,False,ADD,other,0.9040881981111405,0.08282456970421276,0.9984128110663358,0.0002482943467647888,0.3796185932679246,0.01662952444557067,0.003612940454088887,0.0070058033170657605,0.6666666666666666,0.673721340388007,False,False,False,False
Placentalia,MACSE,Placentalia_MACSE,114,117,2.324063727533409e-05,9.962347140357596e-05,0.0002840012393743,0.6666666666666666,0.673721340388007,False,False,False,False,ADD,other,1.263320675599062,0.08915526671576192,0.9999164132200953,1.8138285530977e-05,0.7217529222858455,0.0202896163674125,9.129047912603827e-05,0.00024558424666300434,0.6666666666666666,0.673721340388007,False,False,False,False
Placentalia,MACSE,Placentalia_MACSE,115,118,1.335917730091105e-12,2.726707748479384e-13,3.360007612642338e-12,0.6666666666666666,0.673721340388007,False,False,False,False,ADD,other,2.632958023096287,0.01930164028202807,0.999999999999109,1.042726194875257e-13,1.296076724410081,2.260794365510818e-08,2.442490654175344e-14,3.110104766316605e-13,0.6666666666666666,0.673721340388007,False,False,False,False
Placentalia,MACSE,Placentalia_MACSE,116,119,5.6204729890348754e-14,2.442490654175344e-15,4.4430068090237206e-14,0.6666666666666666,0.673721340388007,False,False,False,False,ADD,other,6.58369972478968,0.1112349199615341,0.9999999999999986,1.367864370920235e-16,3.57595485269633,0.05664889047610235,0.0,0.0,0.6666666666666666,0.673721340388007,False,False,False,False
Placentalia,MACSE,Placentalia_MACSE,117,120,0.0974831203995692,0.5336279975302829,0.5977885485529855,0.2092264111019585,0.673721340388007,False,False,False,False,ADD,other,0.8273273739899606,0.3699894880894599,0.8690604696636316,0.08769815311150286,0.3108942551743018,0.1815913056652186,0.5317936318338803,0.5974857863545361,0.169014897366602,0.673721340388007,False,False,False,False
Placentalia,MACSE,Placentalia_MACSE,118,121,1.795936556758245e-11,3.779643265033883e-12,3.7182063695768306e-11,0.6666666666666666,0.673721340388007,False,False,False,False,ADD,other,2.193208276376922,0.01976241474407306,0.9999999999878836,1.412941161174699e-12,1.142836794278756,2.494531525377913e-07,3.107514245925813e-13,3.297417894287946e-12,0.6666666666666666,0.673721340388007,False,False,False,False
Placentalia,MACSE,Placentalia_MACSE,119,122,0.0216374406881191,0.0341702356138334,0.0550760759682885,0.6666666666666666,0.673721340388007,False,False,False,False,ADD,other,1.70003452499312,0.6988190319433365,0.9584513254882134,0.009747095631326037,0.9472095434866923,0.3385895871970486,0.01236463086547013,0.02186707866022958,0.6666666666666666,0.673721340388007,False,False,False,False
Placentalia,MACSE,Placentalia_MACSE,120,123,4.908380826833226e-16,0.0,0.0,0.6666666666666666,0.673721340388007,False,False,False,False,ADD,other,2.837911832407396,0.0202981474461195,0.999999999999997,3.666644061747792e-16,2.021722755672233,7.325079893274967e-07,0.0,0.0,0.6666666666666666,0.673721340388007,False,False,False,False
Placentalia,MACSE,Placentalia_MACSE,121,124,0.0328567834566278,0.0452817444308655,0.0691905054903625,0.6666666666666666,0.673721340388007,False,False,False,False,ADD,other,1.38104466426631,0.8217352312391838,0.8611557606675769,0.04161958391007206,0.8602931347535092,0.4104028015129992,0.06205445526862252,0.09349589708182955,0.6666666666666666,0.673721340388007,False,False,False,False
Placentalia,MACSE,Placentalia_MACSE,122,125,0.001537061774003,0.0032601135428041,0.0065892241976254,0.6666666666666666,0.673721340388007,False,False,False,False,ADD,other,0.4388128837051849,0.02823868146186407,0.9952846698224572,0.001305603542046877,0.1953271963847882,3.039776818782651e-08,0.003214041280189983,0.006328679221817389,0.6666666666666666,0.673721340388007,False,False,False,False
Placentalia,MACSE,Placentalia_MACSE,123,126,2.841609271639601e-05,3.229510038182948e-05,0.0001019564326104,0.6666666666666666,0.673721340388007,False,False,False,False,ADD,other,1.350705787895256,0.2065122115100356,0.9999694526861638,9.32046598271095e-06,0.8990071041956182,0.09112003710805054,9.234847042960403e-06,3.041130664147305e-05,0.6666666666666666,0.673721340388007,False,False,False,False
Placentalia,MACSE,Placentalia_MACSE,124,127,0.1676871961607505,0.4200791509510854,0.4907346656370477,0.4802738684551654,0.673721340388007,False,False,False,False,ADD,other,0.8361400735861626,0.5070348142614736,0.8421701311329894,0.09978090258575655,0.4358166451415478,0.2456472207571863,0.2466436460059335,0.3119797111730682,0.6105099444683604,0.673721340388007,False,False,False,False
Placentalia,MACSE,Placentalia_MACSE,125,128,1.397865458162931e-28,0.0,0.0,0.6666666666666666,0.673721340388007,False,False,False,False,ADD,other,7.12561571074304,0.0782666179098287,1.0,1.846693372133215e-33,4.192559356364166,0.01789122679233313,0.0,0.0,0.6666666666666666,0.673721340388007,False,False,False,False
Placentalia,MACSE,Placentalia_MACSE,126,129,0.0010304225639934,0.0047616880578758,0.0092333240513124,0.0002511419525387,0.0137051751242561,False,False,True,True,ADD,other,0.9480840252561061,0.2963491926449215,0.9892646085291787,0.004595702222234687,0.477804657041707,0.1364735810976587,0.01966129701302122,0.03294129587269345,5.519170614143309e-05,0.0030118902494324913,False,False,True,True
Placentalia,MACSE,Placentalia_MACSE,127,130,3.710216123324781e-06,1.981783433357975e-06,8.05363054832709e-06,0.6058228088390122,0.673721340388007,False,False,False,False,ADD,other,1.425967829345665,0.2209162055895248,0.9999937843582793,1.478732298185162e-06,0.9747682952964528,0.09921840549385652,9.535435839813644e-07,3.7168739702130734e-06,0.5207538325420171,0.673721340388007,False,False,False,False
Placentalia,MACSE,Placentalia_MACSE,128,131,6.589405624882835e-07,1.873310983002696e-06,7.694675220505698e-06,0.6666666666666666,0.673721340388007,False,False,False,False,ADD,other,2.259092839650976,0.2869924093154442,0.9999937979724054,1.395994061073034e-06,1.07164482490821,0.1414432064393444,2.6810808702038e-06,9.873043452265274e-06,0.6666666666666666,0.673721340388007,False,False,False,False
Placentalia,MACSE,Placentalia_MACSE,129,132,0.204633700244214,0.4981756880927354,0.5630269610988903,0.5471158007155159,0.673721340388007,False,False,False,False,ADD,other,0.9618765529019698,0.6883826633167154,0.7597491200535027,0.1579700633626744,0.5364338140628615,0.3408081088701824,0.3738364278574184,0.4448769951449652,0.5891155584243047,0.673721340388007,False,False,False,False
Placentalia,MACSE,Placentalia_MACSE,130,133,1.064967035891363e-06,3.747099238071705e-05,0.000117327205651,0.6666666666666666,0.673721340388007,False,False,False,False,ADD,other,2.812960403731228,0.7480982065717142,0.9998959125297822,1.069082236305068e-06,1.379431961802263,0.3539732877075606,3.107822821879491e-05,9.731051786540703e-05,0.6666666666666666,0.673721340388007,False,False,False,False
Placentalia,MACSE,Placentalia_MACSE,131,134,9.982986043108108e-06,2.194204858307902e-05,7.163985092936912e-05,0.6666666666666666,0.673721340388007,False,False,False,False,ADD,other,2.789832394043978,0.5391971977902683,0.9999690091938408,2.359220180379952e-06,1.373931908648872,0.2452796802724793,6.63484600382791e-06,2.2429302420020014e-05,0.6666666666666666,0.673721340388007,False,False,False,False
Placentalia,MACSE,Placentalia_MACSE,132,135,1.397566247313544e-07,3.229085809852705e-08,1.68974079364895e-07,0.6666666666666666,0.673721340388007,False,False,False,False,ADD,other,6.160747857704631,0.7073532750508706,0.9999998675672386,1.28003892740894e-09,3.057127359392141,0.3391907133455802,8.155537356557829e-10,5.192358783675151e-09,0.6666666666666666,0.673721340388007,False,False,False,False
Placentalia,MACSE,Placentalia_MACSE,133,136,0.1049751871773445,0.2562153192900962,0.3208991867830057,0.1404755032922546,0.673721340388007,False,False,False,False,ADD,other,0.9286389353418226,0.5270656599726042,0.8991594999604496,0.05862377712271558,0.5192994346525277,0.2681020023489785,0.1423241884387346,0.19279375880708022,0.2107499127707635,0.673721340388007,False,False,False,False
Placentalia,MACSE,Placentalia_MACSE,134,137,0.0087299918621478,0.008025951802932,0.0148111767571017,0.6666666666666666,0.673721340388007,False,False,False,False,ADD,other,2.63446994514546,0.4982142237135815,0.9804617565792635,0.01265896526127095,2.088960111877695,0.2295473365455741,0.01429435176045302,0.02473434393900741,0.6666666666666666,0.673721340388007,False,False,False,False
Placentalia,MACSE,Placentalia_MACSE,135,138,2.09572727602053e-05,8.056403353218222e-06,2.9033453593673216e-05,0.6666666666666666,0.673721340388007,False,False,False,False,ADD,other,2.82073999992542,0.5728520232874308,0.9999990458554493,9.089663874106815e-08,1.997201715726294,0.2617302021450859,2.614300531611491e-08,1.331550404100786e-07,0.6666666666666666,0.673721340388007,False,False,False,False
Placentalia,MACSE,Placentalia_MACSE,136,139,0.2968029502978781,0.654437816664694,0.7082018299317652,0.0478688231441322,0.3975193574143153,False,False,False,False,ADD,other,0.8506109058848594,0.7567388173514336,0.5215966953108022,0.3753016416003858,0.4258420636366209,0.3718032321632756,0.8310551148153722,0.8721512468666818,0.03370980787441269,0.32597490822475483,False,False,False,False
Placentalia,MACSE,Placentalia_MACSE,137,140,0.005124049549918,1.0,1.0,1.0,1.0,False,False,False,False,ADD,other,3.160741756694089,0.0249600979764132,0.982099205914663,0.004397054702862249,0.0,0.0,1.0,1.0,1.0,1.0,False,False,False,False
Placentalia,MACSE,Placentalia_MACSE,138,141,0.0009432436777168,0.0016551331062235,0.0035720951784033,0.6666666666666666,0.673721340388007,False,False,False,False,ADD,other,1.203885128794189,0.3328175007290212,0.9988146306807304,0.0004521186814966796,0.7933231230462405,0.1625803134250041,0.0006715635831404665,0.001536151429698552,0.6666666666666666,0.673721340388007,False,False,False,False
Placentalia,MACSE,Placentalia_MACSE,139,142,3.509719851531753e-07,2.643345006103637e-06,1.0409874147748346e-05,0.6666666666666666,0.673721340388007,False,False,False,False,ADD,other,1.165939898014824,0.01584652383165701,0.9999972668490371,2.655411379142841e-07,0.7018779017741343,5.919381425677925e-07,2.687949002710965e-06,9.873043452265274e-06,0.6666666666666666,0.673721340388007,False,False,False,False
Placentalia,MACSE,Placentalia_MACSE,140,143,0.004634543131329,0.0432754208683789,0.0666581079504869,0.0710070379754638,0.5117865755967392,False,False,False,False,ADD,other,0.8845774130289891,0.1639087525085803,0.988403661629884,0.004283306255275498,0.4078926379174252,0.07373205925100836,0.042665109544747,0.06652274222895246,0.03953060790579543,0.35117888883753146,False,False,False,False
Placentalia,MACSE,Placentalia_MACSE,141,144,0.0012083633395302,0.0035892552590786,0.0071411224425418,0.0077373104536397,0.1153053188862178,False,False,False,False,ADD,other,0.8323143286658758,0.1567754762743787,0.9979213550189557,0.000759349639763076,0.4135067265899935,0.05791029531027297,0.002075341108266349,0.004285298937068894,0.006081282096841334,0.10559317095424497,False,False,False,False
Placentalia,MACSE,Placentalia_MACSE,142,145,8.564683280997283e-09,2.7412173086993622e-08,1.495921445604509e-07,0.6666666666666666,0.673721340388007,False,False,False,False,ADD,other,1.675498992979715,0.0173826519090401,0.9999999253343369,7.366707566493638e-09,0.990431419229242,4.987357555357835e-08,3.198750819777274e-08,1.6077931752038403e-07,0.6666666666666666,0.673721340388007,False,False,False,False
Placentalia,MACSE,Placentalia_MACSE,143,146,0.1072362983396209,0.325755660152623,0.4014150392848451,0.0358459023747483,0.3700847218149697,False,False,False,False,ADD,other,0.500551709551439,0.3413909993444487,0.7235456549384417,0.1763053660262616,0.2280801007855842,0.1537434266555594,0.5064576081485836,0.5757940664070207,0.05670597541262212,0.4420751552575847,False,False,False,False
Placentalia,MACSE,Placentalia_MACSE,144,147,2.837771680790019e-07,6.538752514995139e-07,2.838413023554708e-06,0.2351453068693574,0.673721340388007,False,False,False,False,ADD,other,1.269766300297414,0.143762983258653,0.9999989825741465,1.958233446366792e-07,0.8658017066700894,0.07149271005451378,5.93625435363343e-07,2.4648360468347503e-06,0.08931514111767991,0.5882479983957538,False,False,False,False
Placentalia,MACSE,Placentalia_MACSE,145,148,0.0307388832239415,0.0508717917603303,0.0760125786430475,0.6666666666666666,0.673721340388007,False,False,False,False,ADD,other,1.116084556393031,0.5312049624471219,0.9217583824477035,0.04766637131214475,0.6939167555293776,0.2689623128824838,0.09203106563171615,0.13367249837002118,0.6229261716362843,0.673721340388007,False,False,False,False
Placentalia,MACSE,Placentalia_MACSE,146,149,0.0001688070192849,0.0003232838471354,0.0007916309590111,0.6666666666666666,0.673721340388007,False,False,False,False,ADD,other,2.475280007327588,0.6721230909959813,0.9965600466745805,0.0003993736308424834,1.129838902660412,0.3489835497072638,0.0007407231291426397,0.0016644484431322846,0.6666666666666666,0.673721340388007,False,False,False,False
Placentalia,MACSE,Placentalia_MACSE,147,150,0.0573389815315869,0.3805259361348473,0.4573526513335013,0.5970886845931572,0.673721340388007,False,False,False,False,ADD,other,1.586761296458319,1.109786158627245,0.5250388588938888,0.03792485352756791,0.8861557657678646,0.5738019144646602,0.2083364244925101,0.26886660187884753,0.6666666666666666,0.673721340388007,False,False,False,False
Placentalia,MACSE,Placentalia_MACSE,148,151,1.1875252954608512e-16,0.0,0.0,0.6666666666666666,0.673721340388007,False,False,False,False,ADD,other,15.86849465794866,0.5777194450435227,1.0,1.230303166662566e-20,9.384770800657078,0.2702910334425802,0.0,0.0,0.6666666666666666,0.673721340388007,False,False,False,False
Placentalia,MACSE,Placentalia_MACSE,149,152,2.3240663015565487e-10,1.245276104455684e-10,9.32736219415826e-10,0.6666666666666666,0.673721340388007,False,False,False,False,ADD,other,1.658890666795487,0.02478360254907387,0.9999999996345909,5.483111698376324e-11,0.9439373113087811,6.646007619029809e-07,3.046529695183153e-11,2.327548687119929e-10,0.6666666666666666,0.673721340388007,False,False,False,False
Placentalia,MACSE,Placentalia_MACSE,150,153,0.0004735003474347,0.0014001299339038,0.0030738484755819,0.6666666666666666,0.673721340388007,False,False,False,False,ADD,other,0.8705178645229811,0.1510939136215044,0.9986911783220893,0.0004571874755906368,0.4334801806208702,0.05637058185850418,0.001335253638742984,0.002881733841806892,0.6666666666666666,0.673721340388007,False,False,False,False
Placentalia,MACSE,Placentalia_MACSE,151,154,0.0001452499777413,0.0002547439482181,0.0006487479214621,0.6666666666666666,0.673721340388007,False,False,False,False,ADD,other,0.5991630276537304,0.02970626933074947,0.999515115923582,0.0001311608112539732,0.2996052543563386,1.182190550444986e-07,0.0002545955030598401,0.0006315291049925904,0.6666666666666666,0.673721340388007,False,False,False,False
Placentalia,MACSE,Placentalia_MACSE,152,155,0.2212787328450058,0.7211633286129592,0.767365993120196,0.6666666666666666,0.673721340388007,False,False,False,False,ADD,other,1.059587508760602,0.8801062620965969,0.5740770901672638,0.2380894602141286,0.5418986813095237,0.453051186790602,0.7305302384860648,0.78609169324416,0.6666666666666666,0.673721340388007,False,False,False,False
Placentalia,MACSE,Placentalia_MACSE,153,156,1.006141646402587e-18,0.0,0.0,0.6666666666666666,0.673721340388007,False,False,False,False,ADD,other,6.235114162015694,0.0879367366508187,1.0,2.702879640690167e-21,2.704961179492848,0.03519111921243549,0.0,0.0,0.6666666666666666,0.673721340388007,False,False,False,False
Placentalia,MACSE,Placentalia_MACSE,154,157,1.554987125815125e-16,2.220446049250313e-16,4.712279948964553e-15,0.0461040771734985,0.3975193574143153,False,False,False,False,ADD,other,2.941067763731194,0.09051061376234144,0.9999999999999999,1.148347769549942e-17,2.130919404975664,0.03599524186473308,0.0,0.0,0.03939890513344313,0.35117888883753146,False,False,False,False
Placentalia,MACSE,Placentalia_MACSE,155,158,5.59574081432734e-05,0.000700581469472,0.0016519884033229,0.6666666666666666,0.673721340388007,False,False,False,False,ADD,other,2.85702933985537,0.7759358905784686,0.9994897483702231,2.670046135382849e-05,1.703287609710893,0.3809536032362318,0.0002368586428708186,0.000595263168267452,0.6666666666666666,0.673721340388007,False,False,False,False
Placentalia,MACSE,Placentalia_MACSE,156,159,0.0822415941422071,0.2644918775607342,0.3301826706803937,0.3119157821080992,0.673721340388007,False,False,False,False,ADD,other,0.9482816128867873,0.5902342115101715,0.7993715049629301,0.1392115454872417,0.4609562517921045,0.2796490248447523,0.4084923018693851,0.48310854276812726,0.3351132088938581,0.673721340388007,False,False,False,False
Placentalia,MACSE,Placentalia_MACSE,157,160,0.0050495054693444,1.0,1.0,1.0,1.0,False,False,False,False,ADD,other,3.162040024203336,0.02464061210884232,0.982157933690133,0.00433447188719852,0.0,0.0,1.0,1.0,1.0,1.0,False,False,False,False
Placentalia,MACSE,Placentalia_MACSE,158,161,2.545079796259098e-13,2.085887018665744e-12,2.2133578920286508e-11,0.6666666666666666,0.673721340388007,False,False,False,False,ADD,other,2.814979442959832,0.1504535538385,0.9999999999997383,6.890670161382092e-15,1.7418911950929,0.07992158288954734,7.349676423018536e-14,8.507807253312366e-13,0.6666666666666666,0.673721340388007,False,False,False,False
Placentalia,MACSE,Placentalia_MACSE,159,162,0.0001029935615811,0.0238638534835338,0.0396347479596083,0.6666666666666666,0.673721340388007,False,False,False,False,ADD,other,2.792677745029609,1.215673746111821,0.98739374605292,0.0002595838858727814,1.428047906178624,0.714444533698332,0.04124497036207098,0.06483777233872887,0.6666666666666666,0.673721340388007,False,False,False,False
Placentalia,MACSE,Placentalia_MACSE,160,163,0.1674025186186844,0.5675443551599233,0.6284114309306976,0.2552719922971551,0.673721340388007,False,False,False,False,ADD,other,1.150246082006089,0.9757339452284132,0.4981289008080476,0.2110079892584357,0.5965917897910684,0.5162078010504064,0.7742745850416354,0.8238799205735508,0.6666666666666666,0.673721340388007,False,False,False,False
Placentalia,MACSE,Placentalia_MACSE,161,164,0.1060175917302497,0.3396770082011119,0.4137438323084438,0.6666666666666666,0.673721340388007,False,False,False,False,ADD,other,0.3295150002446006,0.1634755290664749,0.7904318584657811,0.1002176721112256,0.1327239525010633,0.05874001778510511,0.3331404332600777,0.40528549523996715,0.6666666666666666,0.673721340388007,False,False,False,False
Placentalia,MACSE,Placentalia_MACSE,162,165,0.0010805586132146,0.0185724957873379,0.0315631117761757,0.1792070551998675,0.673721340388007,False,False,False,False,ADD,other,0.9764735109284092,0.1162133287976382,0.9965666575229953,0.0009664062565308024,0.3947999494120538,0.04772360128757472,0.01831834190747428,0.030962861100244137,0.1085190924896554,0.6686176343717478,False,False,False,False
Placentalia,MACSE,Placentalia_MACSE,163,166,0.0339025468063395,0.170466637028362,0.2222466052724719,0.6666666666666666,0.673721340388007,False,False,False,False,ADD,other,0.6223192329691413,0.2499932453746266,0.9285473198030193,0.03278100962142767,0.2769161926525437,0.115495398853826,0.1641556526264232,0.21839127802564248,0.6666666666666666,0.673721340388007,False,False,False,False
Placentalia,MACSE,Placentalia_MACSE,164,167,0.0017180345729507,0.0108114453561682,0.0195733276116411,0.6666666666666666,0.673721340388007,False,False,False,False,ADD,other,1.095953956000776,0.1923409589453483,0.9954438292439672,0.00167195090638927,0.6167456933845119,0.08829414958906735,0.01245848264300187,0.021931522440676105,0.6666666666666666,0.673721340388007,False,False,False,False
Placentalia,MACSE,Placentalia_MACSE,165,168,3.5519873768521714e-08,6.068028279848647e-08,3.132414598516464e-07,0.6666666666666666,0.673721340388007,False,False,False,False,ADD,other,5.782270010002185,0.8474164075980093,0.9999997905693299,5.519087577606131e-10,3.004597238375837,0.4421988018397021,1.828779017110094e-09,1.0747593608247015e-08,0.6666666666666666,0.673721340388007,False,False,False,False
Placentalia,MACSE,Placentalia_MACSE,166,169,3.336050741498817e-05,2.687245635946134e-05,8.626284310348093e-05,0.6097496447642968,0.673721340388007,False,False,False,False,ADD,other,2.152918548657205,0.2274374022254477,0.9999721001338909,8.504062365677073e-06,1.283574228886434,0.104308855415971,6.306614021234225e-06,2.1510058536709587e-05,0.5476216697330818,0.673721340388007,False,False,False,False
Placentalia,MACSE,Placentalia_MACSE,167,170,0.0008034670686147,0.0146885569387507,0.0255046761391035,0.2468084602142092,0.673721340388007,False,False,False,False,ADD,other,2.651153346792464,0.99629603159316,0.9602863239814184,0.001167051077891752,1.136447882062751,0.4905720950684089,0.01430965971340481,0.02473434393900741,0.3234251801010373,0.673721340388007,False,False,False,False
Placentalia,MACSE,Placentalia_MACSE,168,171,0.177902707974915,0.8012434566965391,0.8385616450906244,0.003211968583443,0.0842359693358757,False,False,True,False,ADD,other,0.7367668183611538,0.4216610982807364,0.7724056358948149,0.1638029459137794,0.2512278753665302,0.2043792558365837,0.8020237937696114,0.8486789175069019,0.004156931638625183,0.08412301816487038,False,False,True,False
Placentalia,MACSE,Placentalia_MACSE,169,172,0.5105321027772767,0.4661566386303928,0.5347502581285587,0.0137986782684218,0.1816243656599971,False,False,False,False,ADD,other,0.8484789795951221,1.002336704061559,0.2037949651261302,0.5703458875572208,0.3725365155536011,0.570965901600873,0.3421649902096821,0.4123250039750743,0.01398812006211581,0.18425730564580137,False,False,False,False
Placentalia,MACSE,Placentalia_MACSE,170,173,0.0439382985731568,0.5577436417735615,0.6193548580159899,0.6666666666666666,0.673721340388007,False,False,False,False,ADD,other,1.518390885633764,1.189866615070366,0.3037186670692465,0.106107333006303,0.7018960223566576,0.6868425947835235,0.9542639429692975,0.9669199634330813,0.6666666666666666,0.673721340388007,False,False,False,False
Placentalia,MACSE,Placentalia_MACSE,171,174,0.0333279714525298,0.0359594784973646,0.0572355032749721,0.3721772315172859,0.673721340388007,False,False,False,False,linker,other,1.289023852246052,0.9480748746609874,0.7060549351497295,0.05078203232725891,0.880401861227115,0.440043784807672,0.05662823467925748,0.08644051193575791,0.2741088189757516,0.673721340388007,False,False,False,False
Placentalia,MACSE,Placentalia_MACSE,172,175,0.0004139882658502,0.0005394124791199,0.0012959469624139,0.6666666666666666,0.673721340388007,False,False,False,False,linker,other,1.277955319610967,0.3798212886341904,0.9993919421664594,0.0001989421404573008,0.8803562896480847,0.2083330121557142,0.0003192885882795649,0.0007768677753044191,0.6666666666666666,0.673721340388007,False,False,False,False
Placentalia,MACSE,Placentalia_MACSE,173,176,0.0511598737043029,0.2117435907223101,0.2723436082690992,0.5095261556307804,0.673721340388007,False,False,False,False,linker,other,1.167007814747485,0.8874852273959599,0.7380124496317455,0.05071024439580386,0.7297352382961387,0.449758400192009,0.1925111302426206,0.2501335093628608,0.4278683760177514,0.673721340388007,False,False,False,False
Placentalia,MACSE,Placentalia_MACSE,174,177,0.002533595505602,0.0117949269224176,0.0211533431190777,0.2961000516746517,0.673721340388007,False,False,False,False,linker,other,1.197363339518585,0.3174911629984551,0.9925882996011975,0.003495606320089222,0.6674085901493095,0.1507605659715164,0.01684396880947048,0.028597315934300996,0.3450948132666168,0.673721340388007,False,False,False,False
Placentalia,MACSE,Placentalia_MACSE,175,178,1.014004229850639e-05,2.249047660884962e-06,9.043539015347951e-06,0.6666666666666666,0.673721340388007,False,False,False,False,C_terminal_MTase_like,other,4.191952755240595,0.509995737092403,0.9998942006475797,4.748185767237834e-05,3.037432937884228,0.2266248613957808,1.512505516121365e-05,4.896416162358995e-05,0.6666666666666666,0.673721340388007,False,False,False,False
Placentalia,MACSE,Placentalia_MACSE,176,179,5.4775866742999465e-08,1.2808446192558162e-08,7.527425300857259e-08,0.6666666666666666,0.673721340388007,False,False,False,False,C_terminal_MTase_like,other,2.801657415290578,0.2755414451163846,0.9999999340403473,1.33527034793008e-08,1.876425890032141,0.1226537876944192,2.192059866956697e-09,1.2498012972797886e-08,0.6666666666666666,0.673721340388007,False,False,False,False
Placentalia,MACSE,Placentalia_MACSE,177,180,0.001321311880199,0.0040794469088616,0.0080743456952598,0.6666666666666666,0.673721340388007,False,False,False,False,C_terminal_MTase_like,other,1.154241830805599,0.3710426073574469,0.9977120945155495,0.0008851037439931129,0.6741150077795469,0.1754285590264092,0.001891925040588216,0.003992902571849163,0.4646392269316764,0.673721340388007,False,False,False,False
Placentalia,MACSE,Placentalia_MACSE,178,181,1.580316060198835e-13,4.89608353859694e-13,5.8446997242000975e-12,0.6666666666666666,0.673721340388007,False,False,False,False,C_terminal_MTase_like,other,2.814277555020274,0.1286649402613157,0.9999999999999432,4.149423690988858e-15,1.497055222818644,0.06618135664904462,1.409983241273949e-14,1.923619993452316e-13,0.6666666666666666,0.673721340388007,False,False,False,False
Placentalia,MACSE,Placentalia_MACSE,179,182,0.0001313604731467,0.0007228768598173,0.0016941040518417,0.4539562185143963,0.673721340388007,False,False,False,False,C_terminal_MTase_like,other,0.9733046271774419,0.1221068709211327,0.9995607689107187,0.0001229261469038412,0.4693334913260027,0.04541347553822175,0.0007213466936853985,0.001630499627146877,0.6666666666666666,0.673721340388007,False,False,False,False
Placentalia,MACSE,Placentalia_MACSE,180,183,3.58005943286145e-12,1.349276246287445e-11,1.0966458001740509e-10,0.6666666666666666,0.673721340388007,False,False,False,False,C_terminal_MTase_like,other,2.778427595483473,0.1667965284078986,0.9999999998648346,1.638219821142118e-11,1.255145802560074,0.09064289510591456,4.452738178173377e-11,3.3351882040435883e-10,0.6666666666666666,0.673721340388007,False,False,False,False
Placentalia,MACSE,Placentalia_MACSE,181,184,0.0017902572400213,0.0019728766054147,0.0041408728751013,0.6666666666666666,0.673721340388007,False,False,False,False,C_terminal_MTase_like,other,1.659623234525634,0.5893162338449716,0.9889835590403474,0.002959969738059237,0.9225664255115621,0.2909287994537416,0.003701743622772868,0.007141747797470887,0.6666666666666666,0.673721340388007,False,False,False,False
Placentalia,MACSE,Placentalia_MACSE,182,185,0.0625793463463543,0.8855800599545111,0.9192706057136502,0.6278242980734463,0.673721340388007,False,False,False,False,C_terminal_MTase_like,other,1.969187461901048,0.2067289571192128,0.9190491646463205,0.05764788631656979,0.009675640311228884,0.0947795547375203,0.8891935792421709,0.9180322899202954,0.63006682701217,0.673721340388007,False,False,False,False
Placentalia,MACSE,Placentalia_MACSE,183,186,5.858374746713056e-07,4.498138833075593e-06,1.70127627151968e-05,0.6666666666666666,0.673721340388007,False,False,False,False,C_terminal_MTase_like,other,2.027295496800153,0.1060903471998014,0.9999973973781477,4.952935571322124e-07,0.9611922659655685,0.04727687561738556,4.442260237547124e-06,1.5287778475162176e-05,0.6666666666666666,0.673721340388007,False,False,False,False
Placentalia,MACSE,Placentalia_MACSE,184,187,0.0006564852420812,0.0056713706371164,0.0109271735649469,0.6666666666666666,0.673721340388007,False,False,False,False,C_terminal_MTase_like,other,0.6620068014444065,0.1007918363016368,0.9987343734495018,0.0002399249250671266,0.2680415374910062,0.03226339856845541,0.002216776031866208,0.004528387401994072,0.6666666666666666,0.673721340388007,False,False,False,False
Placentalia,MACSE,Placentalia_MACSE,185,188,0.2618458732220764,0.7793548257259486,0.8224131033903656,0.6666666666666666,0.673721340388007,False,False,False,False,C_terminal_MTase_like,other,0.8673121842340259,0.6726489892081025,0.6333560761681226,0.2799677224701581,0.3793769161390579,0.3360659721491132,0.8473657355301155,0.884409046372962,0.6666666666666666,0.673721340388007,False,False,False,False
Placentalia,MACSE,Placentalia_MACSE,186,189,1.219932227380328e-15,7.371880883511041e-14,1.0429846287041545e-12,0.6666666666666666,0.673721340388007,False,False,False,False,C_terminal_MTase_like,other,2.814481243690707,0.08742070060547619,0.9999999999999998,1.315569796295042e-17,1.359933282299344,0.03579175645390557,1.221245327087672e-15,2.0283291954238725e-14,0.6666666666666666,0.673721340388007,False,False,False,False
Placentalia,MACSE,Placentalia_MACSE,187,190,0.1208243838648856,0.4812546263323461,0.5487739321162872,0.6666666666666666,0.673721340388007,False,False,False,False,C_terminal_MTase_like,other,1.193959897268571,1.110981874803379,0.2998606751789482,0.1497953161441336,0.7071975329590412,0.595542960112381,0.6726688026845735,0.7320782980783677,0.6666666666666666,0.673721340388007,False,False,False,False
Placentalia,MACSE,Placentalia_MACSE,188,191,3.454121281420509e-08,8.76315396913796e-08,4.3474348262476633e-07,0.6666666666666666,0.673721340388007,False,False,False,False,C_terminal_MTase_like,other,1.511555535767746,0.1678411685777254,0.9999992098551269,1.829313237708024e-07,0.8890044458654395,0.08062873839654952,4.941870188623909e-07,2.097549346727037e-06,0.6666666666666666,0.673721340388007,False,False,False,False
Placentalia,MACSE,Placentalia_MACSE,189,192,2.926578669835717e-05,0.0001326706710478,0.0003620014024305,0.6666666666666666,0.673721340388007,False,False,False,False,C_terminal_MTase_like,other,1.055798889259693,0.09389878916824271,0.9999630568741279,8.43284714382658e-06,0.5343564049599596,0.02242423125690088,3.742697592512556e-05,0.00011599207683165239,0.6666666666666666,0.673721340388007,False,False,False,False
Placentalia,MACSE,Placentalia_MACSE,190,193,0.0001488883049765,0.000272525842075,0.0006816082918171,0.6666666666666666,0.673721340388007,False,False,False,False,C_terminal_MTase_like,other,0.6027731756002871,0.03007548689234381,0.9995217508158705,0.0001302872543887829,0.2974558783601372,6.066165457700588e-07,0.0002682567201146568,0.0006611230134438639,0.6666666666666666,0.673721340388007,False,False,False,False
Placentalia,MACSE,Placentalia_MACSE,191,194,0.0118441148160076,0.0452359427364114,0.0691905054903625,0.6666666666666666,0.673721340388007,False,False,False,False,C_terminal_MTase_like,other,0.8972758171134018,0.4090412024629725,0.948074684569754,0.02748646651974417,0.4730813575290333,0.2081313061336727,0.0961141211212384,0.1380285498808762,0.4460786767344589,0.673721340388007,False,False,False,False
Placentalia,MACSE,Placentalia_MACSE,192,195,3.352106584407214e-06,1.496927696398309e-05,5.0160208774048594e-05,0.6666666666666666,0.673721340388007,False,False,False,False,C_terminal_MTase_like,other,1.077920969450776,0.08969309123863499,0.9999965982425807,6.718905789166186e-07,0.5404608609521646,0.02177513444407504,3.205318307997196e-06,1.144328592200868e-05,0.6666666666666666,0.673721340388007,False,False,False,False
Placentalia,MACSE,Placentalia_MACSE,193,196,7.2352811098324124e-09,5.197184127503363e-09,3.2546300601742385e-08,0.6666666666666666,0.673721340388007,False,False,False,False,C_terminal_MTase_like,other,1.150705785182377,0.02393889180384959,0.9999999861633799,2.006560244416674e-09,0.7303253146475269,1.119721037861075e-08,1.473321464828814e-09,8.793887493196983e-09,0.6666666666666666,0.673721340388007,False,False,False,False
Placentalia,MACSE,Placentalia_MACSE,194,197,0.0021923425943353,0.0041922027590644,0.0082547497626938,0.6666666666666666,0.673721340388007,False,False,False,False,C_terminal_MTase_like,other,1.103628722912557,0.3922928507178725,0.9924551726019297,0.003327839873343314,0.6541113448437686,0.1937707578702645,0.007638518643394265,0.013894829151317187,0.6666666666666666,0.673721340388007,False,False,False,False
Placentalia,MACSE,Placentalia_MACSE,195,198,0.2705962052714989,0.5706097760977574,0.6299795793911657,0.6666666666666666,0.673721340388007,False,False,False,False,C_terminal_MTase_like,other,0.860642069149002,0.7366424529767903,0.5749512288918429,0.3209515031410131,0.4592217574744637,0.362946749207481,0.6946249155154833,0.7521930648341099,0.6666666666666666,0.673721340388007,False,False,False,False
Placentalia,MACSE,Placentalia_MACSE,196,199,1.313705820824442e-08,3.164404605016102e-08,1.6788924432168764e-07,0.6666666666666666,0.673721340388007,False,False,False,False,C_terminal_MTase_like,other,1.542806202844077,0.01979135695932576,0.999999996435717,4.035052241055054e-10,0.9098136198381577,3.246120058079807e-08,5.704327010747079e-10,3.756987789836869e-09,0.6666666666666666,0.673721340388007,False,False,False,False
Placentalia,MACSE,Placentalia_MACSE,197,200,0.3284449635079967,1.0,1.0,0.5217932738385748,0.673721340388007,False,False,False,False,C_terminal_MTase_like,other,1.021318504282539,1.017511870011806,0.3289455795129359,0.3547964789463813,0.4607084011900594,0.5175177602127978,0.8177150663210309,0.8605155794342528,0.6666666666666666,0.673721340388007,False,False,False,False
Placentalia,MACSE,Placentalia_MACSE,198,201,0.6802646416477993,0.3957182131118967,0.4723886169023267,0.0055183637368645,0.1003816641658216,False,False,False,False,C_terminal_MTase_like,other,0.6721943994294158,0.7335954822780231,0.3377867438236379,0.5494682482612818,0.2807078503570479,0.3485215576742966,0.6417312378260236,0.7085805026341061,0.01311265133809147,0.18339668883878074,False,False,False,False
Placentalia,MACSE,Placentalia_MACSE,199,202,1.753714441384319e-06,1.583480572175944e-05,5.214565332510436e-05,0.6666666666666666,0.673721340388007,False,False,False,False,C_terminal_MTase_like,other,1.390459656221943,0.08302317272621021,0.9999887031965589,1.88644788788776e-06,0.7075087767218776,0.01799759860054852,2.065183211685806e-05,6.629411654319142e-05,0.6666666666666666,0.673721340388007,False,False,False,False
Placentalia,MACSE,Placentalia_MACSE,200,203,6.897559847116986e-07,8.472057889674645e-07,3.556402322918367e-06,0.6666666666666666,0.673721340388007,False,False,False,False,C_terminal_MTase_like,other,1.120356420510605,0.04010669298922449,0.9999994498155481,1.480551439771148e-07,0.5910337460774884,3.158698952838049e-07,1.795280233363172e-07,7.793148285735587e-07,0.6666666666666666,0.673721340388007,False,False,False,False
Placentalia,MACSE,Placentalia_MACSE,201,204,0.0694573161777288,0.7130770236455723,0.7620014957102773,0.2308449994255058,0.673721340388007,False,False,False,False,C_terminal_MTase_like,other,1.461652479953316,1.207078980691459,0.2258680663375624,0.0969723960502804,0.7558967276955709,0.7283720433423829,0.9150650773287784,0.9346386618705704,0.6666666666666666,0.673721340388007,False,False,False,False
Placentalia,MACSE,Placentalia_MACSE,202,205,1.389833351788756e-07,1.530952322692514e-07,7.131997405713907e-07,0.6666666666666666,0.673721340388007,False,False,False,False,C_terminal_MTase_like,other,1.199379893026259,0.1018307509819317,0.9999997403789096,3.79323127204098e-08,0.807466431109812,0.04309318350480731,4.273262266263345e-08,2.1199820593670104e-07,0.6666666666666666,0.673721340388007,False,False,False,False
Placentalia,MACSE,Placentalia_MACSE,203,206,9.167104310158475e-11,3.264655212831258e-11,2.5450985536766127e-10,0.6666666666666666,0.673721340388007,False,False,False,False,C_terminal_MTase_like,other,2.590727343318237,0.04080259633212983,0.9999999993016178,9.146443390848326e-11,1.174817481815549,7.538534750719438e-07,2.052558123466497e-11,1.6334941732587538e-10,0.6666666666666666,0.673721340388007,False,False,False,False
Placentalia,MACSE,Placentalia_MACSE,204,207,1.147985638311752e-05,5.218619823865733e-05,0.0001594810218173,0.6666666666666666,0.673721340388007,False,False,False,False,C_terminal_MTase_like,other,0.6830307681458719,0.01560763842570183,0.9999305724915735,9.760582356617264e-06,0.3360859559812776,5.219375457563575e-08,5.261690271218811e-05,0.00015461274489273735,0.6666666666666666,0.673721340388007,False,False,False,False
Placentalia,MACSE,Placentalia_MACSE,205,208,1.219781858314134e-07,1.462812742047959e-07,6.898697129164447e-07,0.6666666666666666,0.673721340388007,False,False,False,False,C_terminal_MTase_like,other,1.161406237163536,0.08418781303340668,0.9999994586296551,9.01619856611289e-08,0.73098383274023,0.01872900607021032,1.419960028448131e-07,6.234767021461908e-07,0.6666666666666666,0.673721340388007,False,False,False,False
Placentalia,MACSE,Placentalia_MACSE,206,209,9.073484172704096e-06,9.935272210159772e-06,3.450249076619121e-05,0.6666666666666666,0.673721340388007,False,False,False,False,C_terminal_MTase_like,other,1.383369344076291,0.1468932098174848,0.9999949953427988,1.301234255087491e-06,0.9234538833180943,0.06016300174313019,9.048044760096019e-07,3.6003678107882076e-06,0.6666666666666666,0.673721340388007,False,False,False,False
Placentalia,MACSE,Placentalia_MACSE,207,210,0.0006438981220284,0.0030768002730737,0.0062852283653164,0.2982056296406735,0.673721340388007,False,False,False,False,C_terminal_MTase_like,other,1.039964391805451,0.2550068822424745,0.9985075759763296,0.0005168427569223745,0.5142307748398888,0.1103564160071137,0.002697096520743125,0.00539419304148625,0.2412419611637702,0.673721340388007,False,False,False,False
Placentalia,MACSE,Placentalia_MACSE,208,211,1.361387431558786e-07,0.0009681075057547,0.0022012920666565,0.6666666666666666,0.673721340388007,False,False,False,False,C_terminal_MTase_like,other,2.816561597423823,1.251882240208352,0.9837658167612863,9.312316872414761e-08,2.128288714018499,0.8833224328109104,0.001042142865804063,0.002274848998498012,0.6666666666666666,0.673721340388007,False,False,False,False
Placentalia,MACSE,Placentalia_MACSE,209,212,0.0007599564588214,0.0007632715708978,0.0017778642687986,0.6666666666666666,0.673721340388007,False,False,False,False,C_terminal_MTase_like,other,1.218835211310682,0.4282334861091228,0.9985464033566609,0.0004258764729475795,0.825146292823056,0.2159568604060561,0.0003628513458499016,0.0008609267957432448,0.6666666666666666,0.673721340388007,False,False,False,False
Placentalia,MACSE,Placentalia_MACSE,210,213,0.0002308458480057,0.0002909888528438,0.0007218035180931,0.3268782349563025,0.673721340388007,False,False,False,False,C_terminal_MTase_like,other,2.007632159551185,0.5155875250940857,0.9994557261394702,6.241835325892222e-05,1.004441297487461,0.260152350541747,7.353030030921026e-05,0.00020806351643050608,0.6666666666666666,0.673721340388007,False,False,False,False
Placentalia,MACSE,Placentalia_MACSE,211,214,0.2402137788568491,0.8968109921563968,0.9284059593597388,0.0508191503159115,0.404435737930796,False,False,False,False,C_terminal_MTase_like,other,1.597397625970685,1.194568516681178,0.3385324241787525,0.09935883211273532,0.8301488700351433,0.6818448459443757,0.6454894657588166,0.7105964723915503,0.6666666666666666,0.673721340388007,False,False,False,False
Placentalia,MACSE,Placentalia_MACSE,212,215,2.697478983318935e-06,0.0018704951025488,0.0039476747468158,0.6666666666666666,0.673721340388007,False,False,False,False,C_terminal_MTase_like,other,2.807290363290754,1.005727191265271,0.9985069221802463,1.095308561154465e-05,1.235859248185174,0.5056928060092063,0.002407348178454227,0.004865645524706428,0.6666666666666666,0.673721340388007,False,False,False,False
Placentalia,MACSE,Placentalia_MACSE,213,216,0.0005350973042632,0.0015603232202825,0.0033866106258405,0.4418573626836457,0.673721340388007,False,False,False,False,C_terminal_MTase_like,other,1.228272743809362,0.4248071729768506,0.9988278360358495,0.0002789293119264744,0.7574266747740588,0.2151886415892165,0.0008356453843607614,0.0018451822937908143,0.5456815117602742,0.673721340388007,False,False,False,False
Placentalia,MACSE,Placentalia_MACSE,214,217,0.0003230573509889,0.021100430578666,0.03566532956217,0.4358809084315032,0.673721340388007,False,False,False,False,C_terminal_MTase_like,other,2.691806069629752,1.138173125260813,0.949137025490328,0.0008090622174835265,1.035740887403438,0.5449691200499259,0.03788652281038618,0.06055502809024067,0.4590309781846141,0.673721340388007,False,False,False,False
Placentalia,MACSE,Placentalia_MACSE,215,218,0.2850485050402224,0.7992456043750901,0.8385616450906244,0.6442028805626414,0.673721340388007,False,False,False,False,C_terminal_MTase_like,other,0.4333055797047016,0.3496644394438707,0.594130281195029,0.2815660605999374,0.1884877002300732,0.1596425172792435,0.7969833622462522,0.8456879010501898,0.6390501852416193,0.673721340388007,False,False,False,False
Placentalia,MACSE,Placentalia_MACSE,216,219,3.189188922054812e-06,1.008555224846219e-05,3.470883746768069e-05,0.6666666666666666,0.673721340388007,False,False,False,False,C_terminal_MTase_like,other,2.813245344298817,0.6268568424892622,0.9999733395899829,2.707613907818381e-06,1.565424350245213,0.2856250362463265,9.17860886795463e-06,3.041130664147305e-05,0.6666666666666666,0.673721340388007,False,False,False,False
Placentalia,MACSE,Placentalia_MACSE,217,220,2.7762461817206272e-08,7.056804585126031e-09,4.2717292720456657e-08,0.6666666666666666,0.673721340388007,False,False,False,False,C_terminal_MTase_like,other,2.816365332048798,0.3813740204804943,0.9999999649863245,5.993222553369298e-09,1.991423337415564,0.1727691169678316,1.270080929316464e-09,7.825337338691763e-09,0.6666666666666666,0.673721340388007,False,False,False,False
Placentalia,MACSE,Placentalia_MACSE,218,221,0.0009264995740585,0.0016769353738796,0.0035988163641687,0.6666666666666666,0.673721340388007,False,False,False,False,C_terminal_MTase_like,other,1.17209017802156,0.4166879101840646,0.9944763718467102,0.001777299296522821,0.7654204882570396,0.2107714271534925,0.002793059340653103,0.005557024313174403,0.6666666666666666,0.673721340388007,False,False,False,False
Placentalia,MACSE,Placentalia_MACSE,219,222,2.321906205624529e-06,1.551528517207412e-05,5.153772987593316e-05,0.6666666666666666,0.673721340388007,False,False,False,False,C_terminal_MTase_like,other,2.814677896153753,0.8098178471679789,0.9999504510980023,4.713320807033663e-07,1.761215165889101,0.3845162193164782,3.798803012933227e-06,1.3192206826731751e-05,0.6666666666666666,0.673721340388007,False,False,False,False
Placentalia,MACSE,Placentalia_MACSE,220,223,5.909255733735386e-13,8.915090887740008e-14,1.216273113970244e-12,0.6666666666666666,0.673721340388007,False,False,False,False,C_terminal_MTase_like,other,2.806530250111901,0.09134395109875892,0.9999999999990725,1.295492259615163e-13,1.572921079082225,0.03426537779297956,1.798561299892754e-14,2.369139367444938e-13,0.6666666666666666,0.673721340388007,False,False,False,False
Placentalia,MACSE,Placentalia_MACSE,221,224,0.0022189493466797,0.0083790664246664,0.0153884777606855,0.1087491841398602,0.673721340388007,False,False,False,False,C_terminal_MTase_like,other,0.9539490760932601,0.2101252184696403,0.9974708345932488,0.0009062318538717077,0.494079154388495,0.09048381843050826,0.003248480770864925,0.0063636905357456475,0.09419474202566569,0.5997065242300716,False,False,False,False
Placentalia,MACSE,Placentalia_MACSE,222,225,3.16564247100748e-12,9.07895980617468e-12,7.88218783172438e-11,0.6666666666666666,0.673721340388007,False,False,False,False,C_terminal_MTase_like,other,2.718562930617326,0.1029047101373207,0.9999999999765281,3.24539566867012e-12,1.127383301990505,0.04936366192778827,7.59081686396712e-12,6.433399223976474e-11,0.6666666666666666,0.673721340388007,False,False,False,False
Placentalia,MACSE,Placentalia_MACSE,223,226,0.0001010593253906,0.0001138295857751,0.0003150934910586,0.6666666666666666,0.673721340388007,False,False,False,False,C_terminal_MTase_like,other,2.75870057801515,0.7427099930412002,0.9983168255407134,0.0001974865023488882,1.555364085038608,0.3563138584404847,0.0001820807067681729,0.00046369886656961367,0.6666666666666666,0.673721340388007,False,False,False,False
Placentalia,MACSE,Placentalia_MACSE,224,227,1.391016843811783e-07,0.0001523734703494,0.0004070396200943,0.6666666666666666,0.673721340388007,False,False,False,False,C_terminal_MTase_like,other,2.814129928792973,0.8880876634587614,0.9999186437055502,3.000881516309554e-07,1.369518980374111,0.4290124246116901,0.0001102433425606009,0.00029043418522861755,0.6666666666666666,0.673721340388007,False,False,False,False
Placentalia,MACSE,Placentalia_MACSE,225,228,0.0078955911160725,0.0522563388251694,0.0770730557189758,0.6666666666666666,0.673721340388007,False,False,False,False,C_terminal_MTase_like,other,0.6004911092649526,0.1288360606894627,0.9774650044338667,0.007583208629098551,0.2326530411498743,0.04532861133804882,0.05134652191481859,0.0787725757889988,0.6666666666666666,0.673721340388007,False,False,False,False
Placentalia,MACSE,Placentalia_MACSE,226,229,3.003020712948565e-12,9.6614938271955e-12,8.201534759974847e-11,0.6666666666666666,0.673721340388007,False,False,False,False,C_terminal_MTase_like,other,2.560211796365816,0.01862518901380228,0.9999999999958572,4.803127053031563e-13,1.059274580264993,1.534233807403694e-07,1.777467062424876e-12,1.6832838645987842e-11,0.6666666666666666,0.673721340388007,False,False,False,False
Placentalia,MACSE,Placentalia_MACSE,227,230,0.0048052516743384,0.0302845797784272,0.0496511136281511,0.6666666666666666,0.673721340388007,False,False,False,False,C_terminal_MTase_like,other,0.9541659717748295,0.3741146610290541,0.9755398618417206,0.01173586859282451,0.4377640964381758,0.1791560016868321,0.06779249259947906,0.10115911005078516,0.6666666666666666,0.673721340388007,False,False,False,False
Placentalia,MACSE,Placentalia_MACSE,228,231,6.689572122656729e-11,3.796074565798335e-12,3.7182063695768306e-11,0.6666666666666666,0.673721340388007,False,False,False,False,C_terminal_MTase_like,other,2.951321835599243,0.3910216943452522,0.9999999983084539,1.382514062446214e-10,2.393480257326377,0.1702504784218418,8.40461034101736e-12,6.830981170784322e-11,0.6666666666666666,0.673721340388007,False,False,False,False
Placentalia,MACSE,Placentalia_MACSE,229,232,0.0030186501122796,0.0185908380880616,0.0315631117761757,0.485078769826767,0.673721340388007,False,False,False,False,C_terminal_MTase_like,other,0.7828878354593941,0.1672644722691638,0.9913432876301114,0.003117235259191864,0.3422316182542298,0.06804192280420004,0.0190352589974716,0.03203290280631785,0.6666666666666666,0.673721340388007,False,False,False,False
Placentalia,MACSE,Placentalia_MACSE,230,233,1.749378694148422e-06,2.511553936379585e-06,9.9938917051771e-06,0.6666666666666666,0.673721340388007,False,False,False,False,C_terminal_MTase_like,other,2.382914099556963,0.3244814558568276,0.9999897114924629,2.768321220493104e-06,1.07512389159119,0.1452421934060247,3.092804979121233e-06,1.1145768887021803e-05,0.6666666666666666,0.673721340388007,False,False,False,False
Placentalia,MACSE,Placentalia_MACSE,231,234,0.0230041284414325,0.5378257874514942,0.600729388323014,0.2832367871084245,0.673721340388007,False,False,False,False,C_terminal_MTase_like,other,1.846458943539665,1.211677117834426,0.4395255491218419,0.03792311660852499,0.8243706584925806,0.7373742737316419,0.7408244798766139,0.794929638519288,0.3868566846988853,0.673721340388007,False,False,False,False
Placentalia,MACSE,Placentalia_MACSE,232,235,0.0050495054693444,1.0,1.0,1.0,1.0,False,False,False,False,C_terminal_MTase_like,other,3.162040024203336,0.02464061210884232,0.982157933690133,0.00433447188719852,0.0,0.0,1.0,1.0,1.0,1.0,False,False,False,False
Placentalia,MACSE,Placentalia_MACSE,233,236,6.08234561508463e-08,8.253408356750924e-08,4.148423674051123e-07,0.6666666666666666,0.673721340388007,False,False,False,False,C_terminal_MTase_like,other,1.185854497141654,0.08459725677667505,0.9999996941952444,5.222893567922414e-08,0.7380949404327266,0.01911573266600128,9.30924719533266e-08,4.3902869489099704e-07,0.6666666666666666,0.673721340388007,False,False,False,False
Placentalia,MACSE,Placentalia_MACSE,234,237,1.1206289495367342e-16,2.220446049250313e-16,4.712279948964553e-15,0.6666666666666666,0.673721340388007,False,False,False,False,C_terminal_MTase_like,other,2.814867644042497,0.07922293547819681,1.0,7.21025294297932e-18,1.787051157557965,0.01806715915452834,0.0,0.0,0.6666666666666666,0.673721340388007,False,False,False,False
Placentalia,MACSE,Placentalia_MACSE,235,238,1.02293420614122e-16,0.0,0.0,0.6666666666666666,0.673721340388007,False,False,False,False,C_terminal_MTase_like,other,3.30047478675487,0.08104184219428658,0.9999999999999992,1.216420184216152e-16,2.673480346846961,0.01761068380222589,0.0,0.0,0.6666666666666666,0.673721340388007,False,False,False,False
Placentalia,MACSE,Placentalia_MACSE,236,239,0.0005115443929724,0.0015038804951151,0.0032827562807657,0.6666666666666666,0.673721340388007,False,False,False,False,C_terminal_MTase_like,other,1.050704878256772,0.2281364739509344,0.9960890313037999,0.00142085489683886,0.6140159701537923,0.1000454573430815,0.006949565709143513,0.012702077037764697,0.6666666666666666,0.673721340388007,False,False,False,False
Placentalia,MACSE,Placentalia_MACSE,237,240,1.012590707336528e-12,1.161848395270226e-12,1.3053708440977244e-11,0.6666666666666666,0.673721340388007,False,False,False,False,C_terminal_MTase_like,other,2.813000477569002,0.1011344198766168,0.9999999999976331,1.97666961726461e-13,1.654023579365766,0.04478045666267889,1.940669847044774e-13,2.118102518774582e-12,0.6666666666666666,0.673721340388007,False,False,False,False
Placentalia,MACSE,Placentalia_MACSE,238,241,0.7607696720431463,0.157851328052756,0.2072894661325409,0.1837209691345765,0.673721340388007,False,False,False,False,C_terminal_MTase_like,other,0.6673671221047038,0.9881281202714752,0.09743473717389198,0.7899305845205357,0.2817180409823218,0.5566900074161809,0.1530032307383402,0.20580012021847172,0.1790223376692395,0.673721340388007,False,False,False,False
Placentalia,MACSE,Placentalia_MACSE,239,242,2.4623109571895197e-22,0.0,0.0,0.6666666666666666,0.673721340388007,False,False,False,False,C_terminal_MTase_like,other,7.177054237134796,0.1702742761255819,1.0,4.837563975904792e-22,4.468235712151422,0.08210743555952536,0.0,0.0,0.6666666666666666,0.673721340388007,False,False,False,False
Placentalia,MACSE,Placentalia_MACSE,240,243,5.690055611224276e-05,0.0002265208551557,0.0005886460317652,0.6666666666666666,0.673721340388007,False,False,False,False,C_terminal_MTase_like,other,0.9530855566425221,0.0880404535973278,0.9999319826589826,1.214803056510876e-05,0.4653497369961209,0.01875898970484432,4.626609642677249e-05,0.00013916258925218185,0.6666666666666666,0.673721340388007,False,False,False,False
Placentalia,MACSE,Placentalia_MACSE,241,244,2.365215160283134e-12,7.079747899041422e-11,5.408927394867645e-10,0.6666666666666666,0.673721340388007,False,False,False,False,C_terminal_MTase_like,other,2.816641273941158,0.4482651395810444,0.9999999985249254,7.225375426699644e-12,1.837319423610042,0.2085599943462007,2.745197402731492e-10,1.9066643778971454e-09,0.443963360464409,0.673721340388007,False,False,False,False
Placentalia,MACSE,Placentalia_MACSE,242,245,2.7148903115554414e-14,6.38378239159465e-14,9.754419494356625e-13,0.6666666666666666,0.673721340388007,False,False,False,False,C_terminal_MTase_like,other,2.810614631712741,0.07913429666436819,0.999999999999999,1.315677641875496e-16,1.279114589599213,0.01633482627132977,4.440892098500626e-16,7.711003552851087e-15,0.6666666666666666,0.673721340388007,False,False,False,False
Placentalia,MACSE,Placentalia_MACSE,243,246,1.846099185734336e-07,2.340226052943706e-07,1.064245657410114e-06,0.2908073599062889,0.673721340388007,False,False,False,False,C_terminal_MTase_like,other,2.484103924214562,0.2620752669629907,0.9999994619076177,1.186434943800458e-07,1.180768219207837,0.1311252512164947,1.390769122089353e-07,6.234767021461908e-07,0.2307052385162095,0.673721340388007,False,False,False,False
Placentalia,MACSE,Placentalia_MACSE,244,247,0.0654172042660016,0.194263142176884,0.2515543061409142,0.6666666666666666,0.673721340388007,False,False,False,False,C_terminal_MTase_like,other,1.155188176461992,0.9202487281610514,0.684950974105362,0.08610794597545081,0.7385152498421816,0.4990037435899364,0.2776222476525891,0.346574178442121,0.6666666666666666,0.673721340388007,False,False,False,False
Placentalia,MACSE,Placentalia_MACSE,245,248,0.003298350949023,0.2052247645057518,0.2648508785175581,0.6666666666666666,0.673721340388007,False,False,False,False,C_terminal_MTase_like,other,2.556792295852012,1.21785378709182,0.850385644934306,0.002199922779624051,1.090497529058793,0.8061309091010205,0.3029131883948636,0.37206700310880353,0.6666666666666666,0.673721340388007,False,False,False,False
Placentalia,MACSE,Placentalia_MACSE,246,249,0.0151759643818431,0.0563767507563397,0.0821981633164953,0.456727063153311,0.673721340388007,False,False,False,False,C_terminal_MTase_like,other,0.795719316177247,0.2952248438264863,0.9674756673966382,0.01479943183735494,0.3858754605262887,0.1343730655527478,0.05679729972742209,0.08644051193575791,0.4203346465287437,0.673721340388007,False,False,False,False
Placentalia,MACSE,Placentalia_MACSE,247,250,6.322007006033066e-06,9.205487263574952e-06,3.256014939523733e-05,0.6666666666666666,0.673721340388007,False,False,False,False,C_terminal_MTase_like,other,3.155680201841617,0.9363375268703263,0.9990118351637465,4.161369397324075e-05,2.436132453560189,0.4645139916978056,7.1683913789089e-05,0.00020435264975695523,0.6666666666666666,0.673721340388007,False,False,False,False
Placentalia,MACSE,Placentalia_MACSE,248,251,0.9224426247572602,0.0578446333530318,0.084017680383491,0.0779781804199971,0.5415939076443439,True,False,False,False,C_terminal_MTase_like,other,0.5895601797053913,0.8072141330101101,0.1607601346680258,0.7555028355889815,0.2608803080426086,0.4372814890636398,0.2841430163674762,0.35241114367654514,0.291216961434955,0.673721340388007,False,False,False,False
Placentalia,MACSE,Placentalia_MACSE,249,252,3.089519670967525e-05,0.0003039189171993,0.0007490130733559,0.6666666666666666,0.673721340388007,False,False,False,False,C_terminal_MTase_like,other,2.799092865021935,0.9992994263747679,0.99694676421871,4.246735460045938e-05,1.457442647561553,0.4710292979641446,0.000369734850187653,0.000871843905998046,0.6666666666666666,0.673721340388007,False,False,False,False
Placentalia,MACSE,Placentalia_MACSE,250,253,0.2058689758784153,0.5306622610118019,0.5962146579603187,0.5786349409011016,0.673721340388007,False,False,False,False,C_terminal_MTase_like,other,1.289436453421751,1.041009764687824,0.4442953220166741,0.2377494808686627,0.6715294532590456,0.5262531556075758,0.668265175536523,0.7293637058712908,0.08844867293950343,0.5882479983957538,False,False,False,False
Placentalia,MACSE,Placentalia_MACSE,251,254,1.978351292306838e-06,8.730245106480794e-05,0.0002545766130286,0.6666666666666666,0.673721340388007,False,False,False,False,C_terminal_MTase_like,other,2.815360708020799,1.014067009576501,0.9999561885129187,2.063048944337074e-07,1.870718567386009,0.4882043361397731,9.795183973926314e-06,3.198085707726369e-05,0.6666666666666666,0.673721340388007,False,False,False,False
Placentalia,MACSE,Placentalia_MACSE,252,255,5.565551615539874e-07,8.309968222430797e-07,3.527119845520627e-06,0.6666666666666666,0.673721340388007,False,False,False,False,C_terminal_MTase_like,other,1.489264453598365,0.2597804762744983,0.9999973766951945,5.860733429654855e-07,0.9409159857586586,0.1287839679127171,9.475768073530233e-07,3.7168739702130734e-06,0.6666666666666666,0.673721340388007,False,False,False,False
Placentalia,MACSE,Placentalia_MACSE,253,256,7.454437059932531e-23,0.0,0.0,0.6666666666666666,0.673721340388007,False,False,False,False,C_terminal_MTase_like,other,2.81656184826439,0.01838386481968072,1.0,5.522273781367755e-23,1.916296620292502,2.456550806550676e-07,0.0,0.0,0.6666666666666666,0.673721340388007,False,False,False,False
Placentalia,MACSE,Placentalia_MACSE,254,257,3.099777696264314e-05,7.380626919206712e-05,0.0002219999593021,0.6666666666666666,0.673721340388007,False,False,False,False,C_terminal_MTase_like,other,2.772038427032409,0.6716473887185488,0.9994738108131438,3.541939225690396e-05,1.400615276057443,0.3274882786997365,8.110765167779199e-05,0.00022451538362983,0.6666666666666666,0.673721340388007,False,False,False,False
Placentalia,MACSE,Placentalia_MACSE,255,258,0.0189687144311484,0.9941557788205032,1.0,0.6423208498153942,0.673721340388007,False,False,False,False,C_terminal_MTase_like,other,2.770580290968403,0.09372014019527626,0.969246561663981,0.01799635761598992,0.01258061978090787,0.02406260206912233,1.0,1.0,0.6417049141601603,0.673721340388007,False,False,False,False
Placentalia,MACSE,Placentalia_MACSE,256,259,0.0054382339880256,0.0122506969984386,0.0218680666046894,0.6666666666666666,0.673721340388007,False,False,False,False,C_terminal_MTase_like,other,1.148185863322728,0.3107609295683959,0.9898718369304015,0.004863354055746732,0.7273709209470602,0.1435231167581471,0.01379572086334224,0.024174153072462092,0.6666666666666666,0.673721340388007,False,False,False,False
Placentalia,MACSE,Placentalia_MACSE,257,260,0.2544428903914742,0.7892319413837692,0.8305416022275477,0.6666666666666666,0.673721340388007,False,False,False,False,C_terminal_MTase_like,other,0.5144637028124844,0.5046172444144229,0.4546997569839807,0.4281508321901573,0.2243397158682865,0.2440219550445127,0.8755035292563873,0.9063478270350677,0.6278290228863657,0.673721340388007,False,False,False,False
Placentalia,MACSE,Placentalia_MACSE,258,261,0.3127775214484082,0.7455025858549593,0.7910610772127624,0.5722081994531342,0.673721340388007,False,False,False,False,C_terminal_MTase_like,other,0.4845322516610876,0.5007836755644125,0.4005440096719048,0.5152515808320733,0.1203518670351022,0.2482145667716541,0.4480986820735109,0.5236909561306092,0.3770421161011,0.673721340388007,False,False,False,False
Placentalia,MACSE,Placentalia_MACSE,259,262,3.383407119515766e-07,1.414265940136161e-06,5.872278142739277e-06,0.6666666666666666,0.673721340388007,False,False,False,False,C_terminal_MTase_like,other,2.719911823979088,0.1001739915406515,0.9999998677414486,3.088365015933108e-08,1.614649505483229,0.04145755696997912,1.023265810973228e-07,4.766921216972843e-07,0.6666666666666666,0.673721340388007,False,False,False,False
Placentalia,MACSE,Placentalia_MACSE,260,263,2.134874904491095e-07,7.935517557511318e-07,3.4060311314262063e-06,0.6666666666666666,0.673721340388007,False,False,False,False,C_terminal_MTase_like,other,1.799119331514597,0.08125545029972815,0.9999986461068949,2.060245701540432e-07,1.041345009292421,0.01818996958512449,8.783165735826159e-07,3.531757169563782e-06,0.6666666666666666,0.673721340388007,False,False,False,False
Placentalia,MACSE,Placentalia_MACSE,261,264,0.0009756589556354,0.0145712864359216,0.0254165818197354,0.0776406678474527,0.5415939076443439,False,False,False,False,C_terminal_MTase_like,other,0.9323896127075757,0.1091152621313856,0.9965446888080467,0.0008882058787250287,0.4232145669075069,0.04745783276821777,0.01456717632988658,0.024953638376756383,0.06452781270604291,0.47866986785429727,False,False,False,False
Placentalia,MACSE,Placentalia_MACSE,262,265,1.318348461516449e-09,2.247360519902486e-09,1.5061258221100872e-08,0.6666666666666666,0.673721340388007,False,False,False,False,C_terminal_MTase_like,other,1.411144917400455,0.02232340278417906,0.9999999996588651,4.461164638317841e-11,0.8912542415213439,1.896281964465419e-06,5.601352714990071e-11,4.1148398790888596e-10,0.6666666666666666,0.673721340388007,False,False,False,False
Placentalia,MACSE,Placentalia_MACSE,263,266,0.1096601974031755,0.340093097761391,0.4137438323084438,0.6666666666666666,0.673721340388007,False,False,False,False,C_terminal_MTase_like,other,1.284300795508754,0.9959588907236151,0.5771902361404762,0.09637847990910249,0.7946834503538629,0.5107491865727114,0.2865484392589972,0.354244348857401,0.6666666666666666,0.673721340388007,False,False,False,False
Placentalia,MACSE,Placentalia_MACSE,264,267,0.0415267510465097,0.1325103635598187,0.1788655790807446,0.6421891027760164,0.673721340388007,False,False,False,False,C_terminal_MTase_like,other,0.4379387180268179,0.168987465669792,0.9091617862947089,0.0403307185812543,0.1924568761139024,0.06055616455977387,0.1309976216480184,0.18130830242588053,0.6343609161739192,0.673721340388007,False,False,False,False
Placentalia,MACSE,Placentalia_MACSE,265,268,0.0024380178401623,0.0213413342442879,0.0359136109309163,0.011354210388302,0.1549038702975499,False,False,False,False,C_terminal_MTase_like,other,1.165435137353746,0.2383317186989133,0.9963659501316794,0.00148961917616115,0.6203418292744091,0.104879780189226,0.01003835860762736,0.01800306567189508,0.02845106104787876,0.30189737000804684,False,False,False,False
Placentalia,MACSE,Placentalia_MACSE,266,269,3.9084457469490225e-11,5.967559779662679e-12,5.427637704359865e-11,0.6666666666666666,0.673721340388007,False,False,False,False,C_terminal_MTase_like,other,2.816004061173032,0.08481132143938266,0.9999999998156756,3.579418729034931e-11,1.996607485382859,0.01995934576917822,3.874900400546721e-12,3.364118075020108e-11,0.6666666666666666,0.673721340388007,False,False,False,False
Placentalia,MACSE,Placentalia_MACSE,267,270,8.315245469714387e-13,3.157918371243795e-12,3.260337345446296e-11,0.6666666666666666,0.673721340388007,False,False,False,False,C_terminal_MTase_like,other,2.83075898044797,0.2867385495620879,0.9999999999970673,2.813785001768875e-14,2.065774712008027,0.1363602180998319,9.414691248821327e-14,1.057768252073455e-12,0.6666666666666666,0.673721340388007,False,False,False,False
Placentalia,MACSE,Placentalia_MACSE,268,271,4.024466153000587e-05,0.0001975338258671,0.0005203994584914,0.6666666666666666,0.673721340388007,False,False,False,False,C_terminal_MTase_like,other,2.694393622271183,0.5648091769315182,0.9997344473717075,4.183444125280158e-05,1.116878435915094,0.2683012198407801,0.0001784368200351549,0.00045746889431831655,0.6666666666666666,0.673721340388007,False,False,False,False
Placentalia,MACSE,Placentalia_MACSE,269,272,0.0018298315526649,0.0123691048373638,0.021976735106386,0.0060961837228898,0.1058470216081981,False,False,False,False,C_terminal_MTase_like,other,0.9918837152275418,0.2582040339286845,0.9978589986839398,0.0006957601035432115,0.5188888575363707,0.1270119294359579,0.004855718608025805,0.009182596575573552,0.01520191252915548,0.1935710195379131,False,False,False,False
Placentalia,MACSE,Placentalia_MACSE,270,273,0.0823521025453547,0.6635475543088021,0.7140145513970771,0.2311262896066449,0.673721340388007,False,False,False,False,C_terminal_MTase_like,other,1.759465090513595,1.228528153545404,0.3646765305996833,0.04917139935999527,0.835697293376343,0.9026993678745725,0.8339548554050623,0.872796588396531,0.1645598288906897,0.673721340388007,False,False,False,False
Placentalia,MACSE,Placentalia_MACSE,271,274,5.330250103076502e-06,0.0021243783499441,0.0044344946976976,0.6666666666666666,0.673721340388007,False,False,False,False,C_terminal_MTase_like,other,2.8132559298999,1.119866427806207,0.9994721903041639,3.085957579484822e-06,1.51622069770125,0.5734622042587142,0.001207030231447304,0.002619804252345853,0.6666666666666666,0.673721340388007,False,False,False,False
Placentalia,MACSE,Placentalia_MACSE,272,275,0.6039925784366111,0.5883082355274021,0.6457866263547919,0.0063729882120119,0.1058470216081981,False,False,False,False,C_terminal_MTase_like,other,0.6794983429507134,0.7572479973939333,0.32249913439254,0.5691903445711749,0.313498022700736,0.3881164014832204,0.667639357424055,0.7293637058712908,0.09305969464179475,0.5997065242300716,False,False,False,False
Placentalia,MACSE,Placentalia_MACSE,273,276,0.2408775778406582,0.497547439930455,0.5630269610988903,0.6666666666666666,0.673721340388007,False,False,False,False,C_terminal_MTase_like,other,0.9796407109971114,0.6748121632633527,0.7820905641289769,0.1449867025811262,0.5865381581849497,0.3288579611847051,0.2571339252336154,0.3231090771027667,0.6517678637372772,0.673721340388007,False,False,False,False
Placentalia,MACSE,Placentalia_MACSE,274,277,0.0004929588421347,0.0158486046984218,0.0272710224990862,0.3133270271663983,0.673721340388007,False,False,False,False,C_terminal_MTase_like,other,2.806917149602776,1.137627566728628,0.9969285313064139,4.585114787867481e-05,1.517965354219604,0.5792365196372625,0.004224700489760758,0.008069177935443046,0.5807061657896337,0.673721340388007,False,False,False,False
Placentalia,MACSE,Placentalia_MACSE,275,278,0.0747070419157113,0.3807281233613964,0.4573526513335013,0.6666666666666666,0.673721340388007,False,False,False,False,C_terminal_MTase_like,other,1.706745285078026,1.129628056537094,0.5241866602524189,0.08311158632706189,0.7896914929940706,0.5921151229833127,0.5163837549043296,0.5853370752921481,0.6666666666666666,0.673721340388007,False,False,False,False
Placentalia,MACSE,Placentalia_MACSE,276,279,1.078605402436647e-05,9.646890535697228e-05,0.0002770761041079,0.6666666666666666,0.673721340388007,False,False,False,False,C_terminal_MTase_like,other,1.03651931388877,0.115140867163747,0.9999515408635283,9.222303893869193e-06,0.5493877187001178,0.05364188989236111,9.094327324232765e-05,0.00024558424666300434,0.6442910145849254,0.673721340388007,False,False,False,False
Placentalia,MACSE,Placentalia_MACSE,277,280,6.704399740016153e-06,4.86059579710707e-05,0.0001509550889833,0.6666666666666666,0.673721340388007,False,False,False,False,C_terminal_MTase_like,other,1.285518093528579,0.08235318853497557,0.9999633708565704,5.880346481065001e-06,0.7351963544305626,0.01790373576933812,4.993602266301078e-05,0.00014787256323465207,0.6666666666666666,0.673721340388007,False,False,False,False
Placentalia,MACSE,Placentalia_MACSE,278,281,0.0009198066150185,0.0402322984153764,0.0627295428354033,0.6666666666666666,0.673721340388007,False,False,False,False,C_terminal_MTase_like,other,0.5057987114145126,0.01160388060857528,0.9932001018412677,0.0007346990980862913,0.1285796454724296,9.726487813082882e-10,0.04047404565887935,0.06388878281690873,0.6666666666666666,0.673721340388007,False,False,False,False
Placentalia,MACSE,Placentalia_MACSE,279,282,0.0050495054693444,1.0,1.0,1.0,1.0,False,False,False,False,C_terminal_MTase_like,other,3.162040024203336,0.02464061210884232,0.982157933690133,0.00433447188719852,0.0,0.0,1.0,1.0,1.0,1.0,False,False,False,False
Placentalia,MACSE,Placentalia_MACSE,280,283,0.0868728612208257,0.4122430479918727,0.4860396430027635,0.1423620513706941,0.673721340388007,False,False,False,False,C_terminal_MTase_like,other,1.191650244153134,0.3488469503035479,0.8868221182080583,0.08554032361186785,0.6095154747415203,0.1643355882997477,0.4656210994884717,0.5373633232767256,0.1374237877710481,0.673721340388007,False,False,False,False
Placentalia,MACSE,Placentalia_MACSE,281,284,2.034110648823735e-23,0.0,0.0,0.6666666666666666,0.673721340388007,False,False,False,False,C_terminal_MTase_like,other,7.086157889372103,0.008290442911509363,1.0,4.672501994613145e-24,3.861530551481261,9.327352361067953e-08,0.0,0.0,0.6666666666666666,0.673721340388007,False,False,False,False
Placentalia,MACSE,Placentalia_MACSE,282,285,0.1204666335768108,0.4322865771569914,0.5004044620423356,0.6666666666666666,0.673721340388007,False,False,False,False,C_terminal_MTase_like,other,0.6955756174853116,0.4256425893804962,0.7912516370348951,0.1378451725041372,0.2990429494994829,0.2033251843762507,0.501959968037778,0.572384202359496,0.6666666666666666,0.673721340388007,False,False,False,False
Placentalia,MACSE,Placentalia_MACSE,283,286,1.736652973340859e-05,0.0002651713011611,0.0006708307088976,0.6666666666666666,0.673721340388007,False,False,False,False,C_terminal_MTase_like,other,0.8502474922758251,0.01407500028566704,0.9998677864559402,1.3361407729167e-05,0.4281378002382767,3.92299831659125e-09,0.0002463361035257572,0.0006150352388682303,0.6666666666666666,0.673721340388007,False,False,False,False
Placentalia,MACSE,Placentalia_MACSE,284,287,0.0003376344417495,0.0001099377392136,0.0003065417253986,0.6666666666666666,0.673721340388007,False,False,False,False,C_terminal_MTase_like,other,2.51756096046342,0.4211353808813609,0.9999509684679935,1.500351488176202e-05,1.340628538852377,0.1834883641126411,2.976674544741265e-06,1.0829425486582508e-05,0.6666666666666666,0.673721340388007,False,False,False,False
Placentalia,MACSE,Placentalia_MACSE,285,288,0.0001260591424745,0.0002730001797068,0.0006816082918171,0.6666666666666666,0.673721340388007,False,False,False,False,C_terminal_MTase_like,other,0.8848322384373438,0.1169382980831851,0.999606663008078,0.0001282397050105101,0.4339960319767323,0.03001383001965864,0.0002705415146443402,0.0006624798627829356,0.6666666666666666,0.673721340388007,False,False,False,False
Placentalia,MACSE,Placentalia_MACSE,286,289,0.9783213074883248,0.0111266626777505,0.0200489865231165,0.0179992870511639,0.2148664891732695,True,True,False,False,C_terminal_MTase_like,other,0.2634476033033365,0.8290581737766316,0.008624075723509057,0.983402652624845,0.08630255846705752,0.4493777147959629,0.008078223204923574,0.014625029688534621,0.01339574847492631,0.18339668883878074,True,True,False,False
Placentalia,MACSE,Placentalia_MACSE,287,290,0.0272278569661526,0.0833698706716503,0.1162309875787242,0.6152945826368833,0.673721340388007,False,False,False,False,C_terminal_MTase_like,other,0.7230983864436163,0.3931980040850506,0.8863271952846253,0.06722820107276832,0.3588578382957173,0.1830848358030729,0.181813189249306,0.2385377083990451,0.6666666666666666,0.673721340388007,False,False,False,False
Placentalia,MACSE,Placentalia_MACSE,288,291,0.0107844250779519,0.0093019112667912,0.0170015794445658,0.6020994264665152,0.673721340388007,False,False,False,False,C_terminal_MTase_like,other,1.424148424684864,0.7257164223842857,0.9479612102301272,0.01629432823504461,0.8982702837928604,0.3549076627756295,0.01494444708906451,0.0254856195893868,0.6186968459902804,0.673721340388007,False,False,False,False
Placentalia,MACSE,Placentalia_MACSE,289,292,8.618470410604795e-06,0.0071774960392444,0.0133746511560555,0.6666666666666666,0.673721340388007,False,False,False,False,C_terminal_MTase_like,other,2.815415645353847,1.209785101953892,0.9997434382816978,1.800233488955929e-06,1.689038265426127,0.6529519363457722,0.00229295648908312,0.0046590924405837866,0.6666666666666666,0.673721340388007,False,False,False,False
Placentalia,MACSE,Placentalia_MACSE,290,293,0.0006377121278247,0.0012977271515273,0.0028655015715805,0.6666666666666666,0.673721340388007,False,False,False,False,C_terminal_MTase_like,other,2.789911045599334,0.72741920156318,0.9994285559510341,2.884920062546778e-05,1.41231513485291,0.3439214850153692,7.086452125992793e-05,0.00020353569264129674,0.6666666666666666,0.673721340388007,False,False,False,False
Placentalia,MACSE,Placentalia_MACSE,291,294,0.0065466157054026,0.0509403668393198,0.0760125786430475,0.6666666666666666,0.673721340388007,False,False,False,False,C_terminal_MTase_like,other,0.8855104243214694,0.1919769039696277,0.9844509696832205,0.006165280994176719,0.4155135904208209,0.082934443796834,0.05056580212480655,0.07788764682127461,0.6666666666666666,0.673721340388007,False,False,False,False
Placentalia,MACSE,Placentalia_MACSE,292,295,0.0019332510991651,0.0552375733525926,0.0811567423872706,0.2140209762220895,0.673721340388007,False,False,False,False,C_terminal_MTase_like,other,2.561299563069592,1.168512773871448,0.8851999246514232,0.005212714082143987,1.107857165072225,0.6096821721731087,0.1044771744581154,0.14902568676161765,0.2829179641033965,0.673721340388007,False,False,False,False
Placentalia,MACSE,Placentalia_MACSE,293,296,0.0001276536214403,0.0296598357674381,0.0488364537205231,0.3957086904903781,0.673721340388007,False,False,False,False,C_terminal_MTase_like,other,2.805484478997192,1.21992824244215,0.9945160456149394,6.340605441928758e-05,1.50631676008569,0.7588264846603635,0.02683564826283058,0.04418628291552277,0.5585987873274794,0.673721340388007,False,False,False,False
Placentalia,MACSE,Placentalia_MACSE,294,297,5.394341145336336e-07,4.929917664520111e-05,0.0001518732699876,0.6317580554056612,0.673721340388007,False,False,False,False,C_terminal_MTase_like,other,2.813438722957001,0.748353243786657,0.9999525911980768,2.439450251771086e-07,1.324140629172,0.3661663930691648,2.712963840023619e-05,8.636268224075187e-05,0.6666666666666666,0.673721340388007,False,False,False,False
Placentalia,MACSE,Placentalia_MACSE,295,298,1.007191682272697e-08,1.7389496509423452e-08,9.982284569424e-08,0.6666666666666666,0.673721340388007,False,False,False,False,C_terminal_MTase_like,other,1.554585438992033,0.1188265702967933,0.9999999563275653,8.252448872850014e-09,0.9147996707643234,0.05650432108859597,1.70844178803975e-08,8.940065247002527e-08,0.6666666666666666,0.673721340388007,False,False,False,False
Placentalia,MACSE,Placentalia_MACSE,296,299,0.0209358447343236,0.3285078564559121,0.4035048269008309,0.3330713392757033,0.673721340388007,False,False,False,False,C_terminal_MTase_like,other,1.620043192679644,1.199541729824795,0.3392019032763471,0.02651047575246509,0.8929906114064786,0.6828899487162062,0.3724946679778027,0.4446655098985019,0.6666666666666666,0.673721340388007,False,False,False,False
Placentalia,MACSE,Placentalia_MACSE,297,300,6.529540529400586e-07,3.441367544598783e-06,1.3146024020367353e-05,0.6666666666666666,0.673721340388007,False,False,False,False,C_terminal_MTase_like,other,0.8275964744003276,0.01545121717337094,0.9999955076677629,5.341562301708223e-07,0.4255757270101307,1.919300307505913e-07,3.347330956859906e-06,1.1839633569634112e-05,0.6666666666666666,0.673721340388007,False,False,False,False
Placentalia,MACSE,Placentalia_MACSE,298,301,0.0009804476671999,0.0416603649682001,0.0646921114546847,0.6666666666666666,0.673721340388007,False,False,False,False,C_terminal_MTase_like,other,0.4947795725582479,0.01154603130653316,0.9928067783084735,0.0007683705915693316,0.1264609002997903,2.822402149782407e-06,0.04156351430763805,0.06507074780949891,0.6666666666666666,0.673721340388007,False,False,False,False
Placentalia,MACSE,Placentalia_MACSE,299,302,0.0141699609252666,0.0461219203430222,0.0701935202033246,0.6666666666666666,0.673721340388007,False,False,False,False,C_terminal_MTase_like,other,0.8460720596166447,0.3049513706177054,0.9801081640713444,0.00940552737879903,0.4232916654424367,0.1384410830648914,0.02945257805378643,0.04828705929848247,0.6666666666666666,0.673721340388007,False,False,False,False
Placentalia,MACSE,Placentalia_MACSE,300,303,0.2147118172265129,0.5977469575154247,0.6505394238486959,0.4982760865178168,0.673721340388007,False,False,False,False,C_terminal_MTase_like,other,0.3150281001114308,0.1090046087117655,0.622722453406234,0.2529278439393871,3.081197081140304e-06,0.03699271047909553,0.4546034713688425,0.5278374652367716,0.4136946598436903,0.673721340388007,False,False,False,False
Placentalia,MACSE,Placentalia_MACSE,301,304,4.421275092565698e-07,0.0063338851411969,0.0119893314774016,0.6666666666666666,0.673721340388007,False,False,False,False,C_terminal_MTase_like,other,2.81806347127548,1.226991636257996,0.998635328127164,2.212732100720544e-07,1.920505647737422,0.8297087324366753,0.005038534712490828,0.009481380591977815,0.6666666666666666,0.673721340388007,False,False,False,False
Placentalia,MACSE,Placentalia_MACSE,302,305,0.0116646676632636,0.0512934421518281,0.0762416144046629,0.6666666666666666,0.673721340388007,False,False,False,False,C_terminal_MTase_like,other,2.324762161526741,1.032890329721257,0.8623659557719564,0.03238636408077519,1.166698709017804,0.4951643142312752,0.1045520524924438,0.14902568676161765,0.6666666666666666,0.673721340388007,False,False,False,False
Placentalia,MACSE,Placentalia_MACSE,303,306,2.637103910357884e-16,1.77635683940025e-15,3.392841563254478e-14,0.6666666666666666,0.673721340388007,False,False,False,False,C_terminal_MTase_like,other,3.411679000817712,0.4263038600417038,0.999999999999382,6.381276821309499e-16,2.489700715843512,0.2055581997792357,4.551914400963142e-15,6.955325204671681e-14,0.6666666666666666,0.673721340388007,False,False,False,False
Placentalia,MACSE,Placentalia_MACSE,304,307,0.1090076262999079,0.2545184706817883,0.3198225519751418,0.6666666666666666,0.673721340388007,False,False,False,False,C_terminal_MTase_like,other,1.008310963396235,0.7004356248162469,0.807896444219777,0.1097510769479892,0.5812946798936127,0.3510251355331109,0.2524234336386386,0.3182368041252804,0.6125737881795981,0.673721340388007,False,False,False,False
Placentalia,MACSE,Placentalia_MACSE,305,308,0.2432761603812528,0.9342891331290122,0.9568323025610797,0.234649368743166,0.673721340388007,False,False,False,False,C_terminal_MTase_like,other,0.3352478558013154,0.2266368252006557,0.6112844674808136,0.2385872962870745,0.1077135096614547,0.1008261362942591,0.9332773409662326,0.9506985179976023,0.1626782868655937,0.673721340388007,False,False,False,False
Placentalia,MACSE,Placentalia_MACSE,306,309,0.0297769886990978,0.0473264996678174,0.0717409637821677,0.1690108396024577,0.673721340388007,False,False,False,False,C_terminal_MTase_like,other,1.003316267960205,0.4860103199651516,0.9386724856969814,0.03518133850789802,0.5897353800633622,0.2404991852262837,0.07895190497503024,0.11555412912054235,0.1203844816331197,0.673721340388007,False,False,False,False
Placentalia,MACSE,Placentalia_MACSE,307,310,0.0332900673253459,0.0719460189093542,0.1017902934199012,0.5888039483949964,0.673721340388007,False,False,False,False,C_terminal_MTase_like,other,1.599493483217732,0.679143764692808,0.9277497872185161,0.03609989527889651,0.815685426993637,0.3342731020600878,0.07249100860858837,0.10733164840496418,0.5804890544194303,0.673721340388007,False,False,False,False
Placentalia,MACSE,Placentalia_MACSE,308,311,3.404599130277666e-09,6.091633864002688e-10,4.155364528658976e-09,0.6666666666666666,0.673721340388007,False,False,False,False,C_terminal_MTase_like,other,2.974144733443927,0.5839721971636203,0.9999996856668061,1.160441646156807e-08,2.369619114422731,0.2665102296053293,2.919496866482518e-09,1.6400702985240024e-08,0.6666666666666666,0.673721340388007,False,False,False,False
Placentalia,MACSE,Placentalia_MACSE,309,312,0.1698550608827883,0.4472688499661033,0.5161833857614847,0.6666666666666666,0.673721340388007,False,False,False,False,C_terminal_MTase_like,other,1.150770843128984,0.9328752007232094,0.6333598398867465,0.09968190152071642,0.7422498158295834,0.4714719354290327,0.2428286309794628,0.30817454164171026,0.6666666666666666,0.673721340388007,False,False,False,False
Placentalia,MACSE,Placentalia_MACSE,310,313,1.615628168634032e-20,3.4305891460917343e-14,5.697761103508879e-13,0.6666666666666666,0.673721340388007,False,False,False,False,C_terminal_MTase_like,other,7.121578818658603,0.8244266317102136,0.999999999999738,1.491651034439757e-19,3.345200276310883,0.466149817255384,5.96189764223709e-14,7.117015310420527e-13,0.6666666666666666,0.673721340388007,False,False,False,False
Placentalia,MACSE,Placentalia_MACSE,311,314,0.0399736192360085,0.0719123068958089,0.1017902934199012,0.4856459060559585,0.673721340388007,False,False,False,False,C_terminal_MTase_like,other,0.9580185091040329,0.5241738704776353,0.9137162425346175,0.04945488185242865,0.5521478964516467,0.2570073779517373,0.09577253322387036,0.1380285498808762,0.471809774745201,0.673721340388007,False,False,False,False
Placentalia,MACSE,Placentalia_MACSE,312,315,6.820612838201683e-05,0.0056924281136765,0.0109271735649469,0.6666666666666666,0.673721340388007,False,False,False,False,C_terminal_MTase_like,other,2.76726459652799,0.9237450082037036,0.9907309157542111,0.0001198418613260185,1.09159037066333,0.4403839314613241,0.003986958281115061,0.007653357102441976,0.6666666666666666,0.673721340388007,False,False,False,False
Placentalia,MACSE,Placentalia_MACSE,313,316,0.1005289114311498,0.709054845313627,0.7608397497466447,0.6666666666666666,0.673721340388007,False,False,False,False,C_terminal_MTase_like,other,1.346350745145623,1.178809454786686,0.2328709985366202,0.08255581402684818,0.824131563754618,0.6801961680669275,0.589835890629492,0.6588225445042865,0.63853048405761,0.673721340388007,False,False,False,False
Placentalia,MACSE,Placentalia_MACSE,314,317,0.0001961154412425,0.1342457546460137,0.1805699939252719,0.6666666666666666,0.673721340388007,False,False,False,False,C_terminal_MTase_like,other,2.755597050188348,1.222395119964436,0.96431615919162,0.0005698276330545598,1.258362205685908,0.8283483386944143,0.1643429175740106,0.21839127802564248,0.5047518064608856,0.673721340388007,False,False,False,False
Placentalia,MACSE,Placentalia_MACSE,315,318,0.0016635075008402,0.0389942852701528,0.0615529626991668,0.6666666666666666,0.673721340388007,False,False,False,False,C_terminal_MTase_like,other,2.700599502224561,1.170677669453164,0.9475356209358586,0.003010609570568147,1.257816680054022,0.6079789840615009,0.07812783627665199,0.114787820991081,0.6666666666666666,0.673721340388007,False,False,False,False
Placentalia,MACSE,Placentalia_MACSE,316,319,6.153743285028448e-15,1.503908109157237e-12,1.6414082791373268e-11,0.6666666666666666,0.673721340388007,False,False,False,False,C_terminal_MTase_like,other,7.225064446413066,0.9356300166559387,0.9999999999994436,1.183489813478117e-17,4.956534920827086,0.5263552122602668,6.883382752675971e-15,1.0113277736623927e-13,0.6666666666666666,0.673721340388007,False,False,False,False
Placentalia,MACSE,Placentalia_MACSE,317,320,2.098648938605442e-11,2.3666291149027068e-11,1.8834423372767376e-10,0.6666666666666666,0.673721340388007,False,False,False,False,C_terminal_MTase_like,other,2.801478732958367,0.1132051768509147,0.9999999999857485,1.936898026903559e-12,1.425463294773366,0.0580304122849931,2.551847622100922e-12,2.320966170577505e-11,0.6666666666666666,0.673721340388007,False,False,False,False
Placentalia,MACSE,Placentalia_MACSE,318,321,0.021076097860309,0.0322549442677928,0.0524314413204122,0.6666666666666666,0.673721340388007,False,False,False,False,C_terminal_MTase_like,other,1.151149104760169,0.5728409473845132,0.9573066105640159,0.01966367975209568,0.7230666858196574,0.2821651706181574,0.0320182601736948,0.05226912558269835,0.6666666666666666,0.673721340388007,False,False,False,False
Placentalia,MACSE,Placentalia_MACSE,319,322,1.148799303490807e-16,2.227107387398064e-13,2.835850073286868e-12,0.6666666666666666,0.673721340388007,False,False,False,False,C_terminal_MTase_like,other,7.119912066314488,0.7332783238620249,0.9999999999996297,1.66983702626688e-16,3.476677081570589,0.3784209294509355,3.468336728928989e-13,3.5808233255429023e-12,0.6666666666666666,0.673721340388007,False,False,False,False
Placentalia,MACSE,Placentalia_MACSE,320,323,9.618698165152668e-05,8.011229352344884e-05,0.0002372317529143,0.0446836402112503,0.3975193574143153,False,False,False,False,C_terminal_MTase_like,other,1.68969550959167,0.3473243322962585,0.999700734266644,9.483345120124788e-05,0.9933431241845004,0.1656998768705095,7.626517692305157e-05,0.0002126518071869029,0.02942401094105396,0.30378303187790845,False,False,False,False
Placentalia,MACSE,Placentalia_MACSE,321,324,0.0614540586310523,0.9051834397597572,0.9345407405087224,0.0054215569926526,0.1003816641658216,False,False,False,False,C_terminal_MTase_like,other,2.207462494733462,0.2084362050866109,0.9205631714449638,0.0566716432461507,0.00909238626676205,0.0960653577193255,0.9103969767829646,0.9323636598688807,0.004184129175739626,0.08412301816487038,False,False,True,False
Placentalia,MACSE,Placentalia_MACSE,322,325,0.0530268083579006,0.2316404649200131,0.2949555253314834,0.0039692341571878,0.0842359693358757,False,False,True,False,C_terminal_MTase_like,other,0.8659622972453735,0.3335959555400618,0.9236338917589935,0.04591181927595042,0.4214924639270102,0.1581220310128889,0.2197625748627924,0.28170907247512317,0.001623789281309351,0.05638977322365201,False,False,True,False
Placentalia,MACSE,Placentalia_MACSE,323,326,3.623511407357919e-06,3.155083792227842e-06,1.2174161703343794e-05,0.0035582333246283,0.0842359693358757,False,False,True,False,C_terminal_MTase_like,other,2.656398390777168,0.1621405691118859,0.9999983612938675,4.179722091529779e-07,1.72197227795958,0.07655173066433621,3.180126676438633e-07,1.3649532476399526e-06,0.01344268923425618,0.18339668883878074,False,False,False,False
Placentalia,MACSE,Placentalia_MACSE,324,327,6.604151818452223e-05,7.587259613528463e-05,0.0002264322790912,0.6666666666666666,0.673721340388007,False,False,False,False,C_terminal_MTase_like,other,2.604475604506793,0.5217626901032932,0.9996649583797137,0.0001045947204021594,1.263198663245604,0.2382300212047,8.853973505995594e-05,0.00024332502728707315,0.6666666666666666,0.673721340388007,False,False,False,False
Placentalia,MACSE,Placentalia_MACSE,325,328,3.547763481020698e-19,0.0,0.0,0.6666666666666666,0.673721340388007,False,False,False,False,C_terminal_MTase_like,other,2.814214459742536,0.01838825708059155,1.0,1.004313504669608e-19,1.368490214139356,1.722961170686575e-07,0.0,0.0,0.6666666666666666,0.673721340388007,False,False,False,False
Placentalia,MACSE,Placentalia_MACSE,326,329,2.209732262034405e-12,5.384692691734472e-12,5.0169575810794345e-11,0.6666666666666666,0.673721340388007,False,False,False,False,C_terminal_MTase_like,other,2.813246850481208,0.1507660518519216,0.9999999999903656,8.150348037946299e-13,1.552052393925147,0.07952241428470667,1.806665927972517e-12,1.6832838645987842e-11,0.6666666666666666,0.673721340388007,False,False,False,False
Placentalia,MACSE,Placentalia_MACSE,327,330,0.4167529428706056,0.9078650435352628,0.9347828750147448,1.612561500718979e-05,0.0012319969865493,False,False,True,True,C_terminal_MTase_like,other,0.6943195557579075,0.659015257146569,0.4820909178715073,0.416773009652178,0.3078415949730741,0.3295636606858366,0.901432992597887,0.9256650622913786,1.730242698105844e-05,0.0011015878511273873,False,False,True,True
Placentalia,MACSE,Placentalia_MACSE,328,331,0.003301267060935,0.0133032339264738,0.0233111713757476,0.6666666666666666,0.673721340388007,False,False,False,False,C_terminal_MTase_like,other,2.478304311959037,0.7928287774403456,0.9749255735676692,0.003343382829143926,1.005856089532059,0.3873571548626171,0.01446294026837658,0.02488668100234168,0.6666666666666666,0.673721340388007,False,False,False,False
Placentalia,MACSE,Placentalia_MACSE,329,332,0.0033546082083514,0.0126067572041358,0.0222952835739809,0.0025349690357971,0.0842359693358757,False,False,True,False,C_terminal_MTase_like,other,1.064565889271006,0.3380103574827297,0.9769157599043401,0.01216252586868636,0.6501657772119042,0.1603409333854684,0.04035263902398889,0.06388878281690873,0.001595878535774475,0.05638977322365201,False,False,True,False
Placentalia,MACSE,Placentalia_MACSE,330,334,8.079330951184179e-07,3.151144599922162e-06,1.2174161703343794e-05,0.2795354862683165,0.673721340388007,False,False,False,False,C_terminal_MTase_like,other,4.437007591254226,0.6238308166608818,0.9999979901472765,5.27592533083306e-08,2.309410644832905,0.2766697838291294,1.274122578553971e-07,5.794224107233534e-07,0.02130939314973668,0.24087187750774816,False,False,False,False
Placentalia,MACSE,Placentalia_MACSE,331,335,1.913375378942781e-08,4.694185262721362e-09,2.9886312839326013e-08,0.6666666666666666,0.673721340388007,False,False,False,False,C_terminal_MTase_like,other,3.502024931375649,0.4940395832072947,0.9999999513892908,5.324691613648504e-09,2.633263164551698,0.2243050042329068,8.789127203812086e-10,5.504010806321667e-09,0.6666666666666666,0.673721340388007,False,False,False,False
Placentalia,MACSE,Placentalia_MACSE,332,336,5.918600180784091e-06,0.0515157484024345,0.0762752553865503,0.6666666666666666,0.673721340388007,False,False,False,False,C_terminal_MTase_like,other,3.247686539957121,2.686584114024412,0.1805998372218991,5.003267886519691e-07,2.300434573096061,1.181693647438276,0.01211853520887252,0.021531536975764196,0.6666666666666666,0.673721340388007,False,False,False,False
Placentalia,MACSE,Placentalia_MACSE,333,337,0.0244872898699318,0.0424582500706611,0.0656641762226419,0.2319155508966717,0.673721340388007,False,False,False,False,C_terminal_MTase_like,other,1.979305761721962,0.7492746112176786,0.9668532358958928,0.004121894822795521,1.022902612882848,0.3792794563119026,0.005789029492732856,0.010734996437980345,0.5859103076626182,0.673721340388007,False,False,False,False
Placentalia,MACSE,Placentalia_MACSE,334,338,0.0881135711794438,0.2487688587537995,0.313629386283668,0.0081498523820101,0.1153053188862178,False,False,False,False,C_terminal_MTase_like,other,1.026515819859061,0.8181056168469251,0.681928469014323,0.1489868263576445,0.5736739463529591,0.4214641928066727,0.4482904257976681,0.5236909561306092,0.00279125485426357,0.06664120964554274,False,False,True,False
Placentalia,MACSE,Placentalia_MACSE,335,339,0.0004452782737972,0.3560177045891848,0.4317421052478367,0.1980227906802859,0.673721340388007,False,False,False,False,C_terminal_MTase_like,other,2.744729209317776,1.251646956271002,0.9409257125772369,0.001410931715071542,1.118272652089349,0.9325172344002245,0.5307067527605497,0.5974857863545361,0.1574654284203622,0.673721340388007,False,False,False,False
Placentalia,MACSE,Placentalia_MACSE,336,340,1.110856897875338e-06,0.000178147162135,0.000472584832886,0.6666666666666666,0.673721340388007,False,False,False,False,C_terminal_MTase_like,other,2.814355018982774,0.9721030287054897,0.9999161837499436,3.063167683421381e-07,1.541942250822927,0.4927446202167687,9.467883987135384e-05,0.0002529182995164837,0.6666666666666666,0.673721340388007,False,False,False,False
Placentalia,MACSE,Placentalia_MACSE,337,341,2.539188145425857e-06,0.0007692425561356,0.0017809130693564,0.6666666666666666,0.673721340388007,False,False,False,False,C_terminal_MTase_like,switching_helix,2.816904551362628,1.198613500303623,0.9999575415222672,1.651148520030852e-07,1.813126951246468,0.6162450036036535,0.0003554315415963405,0.0008485928055612629,0.6666666666666666,0.673721340388007,False,False,False,False
Placentalia,MACSE,Placentalia_MACSE,338,342,0.0469023498709062,0.0885998316793196,0.1221846054205779,0.3441806592278243,0.673721340388007,False,False,False,False,C_terminal_MTase_like,switching_helix,1.699134939781691,0.8285766290823913,0.8489254719783395,0.0648216150084398,0.8702296385992259,0.4099667641665296,0.1336438832634546,0.18364015613899157,0.3010101703681514,0.673721340388007,False,False,False,False
Placentalia,MACSE,Placentalia_MACSE,339,343,8.104525150697204e-07,9.781022154764509e-06,3.42784446157802e-05,0.1223731254218298,0.673721340388007,False,False,False,False,C_terminal_MTase_like,switching_helix,2.811734792582181,0.7476897805088384,0.9998769478382583,1.708807441063526e-06,1.388805632211725,0.3545523951493594,4.29013573169934e-05,0.00013006601980231332,0.1615307633558022,0.673721340388007,False,False,False,False
Placentalia,MACSE,Placentalia_MACSE,340,344,4.10432080215941e-06,0.0218400736993255,0.0365917024260629,0.4168220110901187,0.673721340388007,False,False,False,False,C_terminal_MTase_like,switching_helix,2.813298896966281,1.366197203234886,0.9099615611677159,0.0001567834301445726,1.582989381722286,0.9812447636842703,0.128710154975697,0.17879010618442273,0.3715536698987423,0.673721340388007,False,False,False,False
Placentalia,MACSE,Placentalia_MACSE,341,345,4.22327970340591e-05,0.0063821765262498,0.0120098100149134,0.6666666666666666,0.673721340388007,False,False,False,False,C_terminal_MTase_like,switching_helix,2.806868090372745,1.180084621506297,0.9963615551798359,3.484215391657177e-05,1.443254945548132,0.6204748849571797,0.005590244598196015,0.010416943592735987,0.6666666666666666,0.673721340388007,False,False,False,False
Placentalia,MACSE,Placentalia_MACSE,342,346,0.2237256615886418,0.5492459219305097,0.6116966244240662,0.4421882666399898,0.673721340388007,False,False,False,False,C_terminal_MTase_like,switching_helix,0.769858612988053,0.6319268303693261,0.6351488038014117,0.2596435260041333,0.389398321600703,0.3197061520725456,0.6558893137197166,0.7199704535658958,0.1879199620283553,0.673721340388007,False,False,False,False
Placentalia,MACSE,Placentalia_MACSE,343,347,0.900596007800126,0.0676214960986287,0.0963858638420753,0.0476253339232616,0.3975193574143153,True,False,False,False,C_terminal_MTase_like,switching_helix,0.7493610959853533,1.074248253357424,0.08318670381181092,0.763107478473375,0.3363792792103327,0.6641015233682321,0.1237090622570834,0.17247029847520387,0.001862566142828315,0.05929168888003469,False,False,True,False
Placentalia,MACSE,Placentalia_MACSE,344,348,0.0013118517588804,0.0355219393777863,0.0567756520598928,0.0330128516713348,0.356066473232577,False,False,False,False,C_terminal_MTase_like,switching_helix,2.765942684431147,1.160873410440725,0.979769380697687,0.000234751095944904,1.169898413243435,0.5905615250320391,0.02103969567718611,0.034792916660974435,0.003397663996972611,0.07634750863785514,False,False,True,False
Placentalia,MACSE,Placentalia_MACSE,345,349,0.0080763848856509,0.4148084432657785,0.4875594625462381,0.0925182492228954,0.6200345825113343,False,False,False,False,C_terminal_MTase_like,switching_helix,2.764409412456334,1.22342244309646,0.9690650471703148,0.001141857964541667,1.286482905528327,0.8075817099704207,0.2180135697750316,0.2804080257712528,0.1951491047447014,0.673721340388007,False,False,False,False
Placentalia,MACSE,Placentalia_MACSE,346,350,0.0064254317839147,0.0804616797924699,0.1130013297085424,0.6666666666666666,0.673721340388007,False,False,False,False,C_terminal_MTase_like,switching_helix,2.638598670726753,1.194759942824508,0.9118174945852084,0.004971931479045931,1.274942290889853,0.6230893186327452,0.0696171667040566,0.10347765634610748,0.6666666666666666,0.673721340388007,False,False,False,False
Placentalia,MACSE,Placentalia_MACSE,347,351,0.0026648694051749,0.0628411490369004,0.0909292383791513,0.6666666666666666,0.673721340388007,False,False,False,False,C_terminal_MTase_like,switching_helix,2.604609101093254,1.125344800055082,0.9182651623755456,0.003731402732117213,1.029630229617664,0.5449530640991402,0.07580350027468075,0.11180284596497314,0.6666666666666666,0.673721340388007,False,False,False,False
Placentalia,MACSE,Placentalia_MACSE,348,352,0.0760495868214041,0.4268380061467563,0.4955991439150787,0.6666666666666666,0.673721340388007,False,False,False,False,C_terminal_MTase_like,switching_helix,1.508398447785406,1.125616328210081,0.4271817126309578,0.1256587590547286,0.7469478588272527,0.5994575753176391,0.6418032824905777,0.7085805026341061,0.6666666666666666,0.673721340388007,False,False,False,False
Placentalia,MACSE,Placentalia_MACSE,349,353,0.0011060969988484,0.0810372953591473,0.1133928455208582,0.0610192155487766,0.4570458890124055,False,False,False,False,C_terminal_MTase_like,switching_helix,2.373417540680722,1.168819229698698,0.7798552675419627,0.006305866906650259,0.9389667848054362,0.5931849999085542,0.1652227208099756,0.21839127802564248,0.05589168215730422,0.4420751552575847,False,False,False,False
Placentalia,MACSE,Placentalia_MACSE,350,354,0.0007641084020099,0.0652483268609471,0.0937024844394053,0.0550531796254539,0.4206062923384683,False,False,False,False,C_terminal_MTase_like,switching_helix,2.710411463485713,1.176673035471993,0.9512194863466028,0.0006854492275819439,1.036992969575423,0.6190244872322022,0.08567853655365798,0.1249206143644937,0.007416705525720491,0.12318180481848814,False,False,False,False
Placentalia,MACSE,Placentalia_MACSE,351,355,0.0104829549930388,0.1353004649711343,0.1813500969086782,0.6666666666666666,0.673721340388007,False,False,False,False,C_terminal_MTase_like,switching_helix,2.491497797283818,1.202242550487507,0.8229607152460218,0.01981395752207085,1.072801240335089,0.6469757041281272,0.322044044222116,0.393037779210378,0.1895398992098805,0.673721340388007,False,False,False,False
Placentalia,MACSE,Placentalia_MACSE,352,356,0.0013371783469017,0.1193960337408145,0.1617350527978409,0.2302705685837171,0.673721340388007,False,False,False,False,C_terminal_MTase_like,switching_helix_adjacent_loop,2.753806058625654,1.222271697668911,0.9634238472835609,0.000639277698464021,1.295253106862851,0.8392511686682236,0.160679988675959,0.21536756376918015,0.1261902365200617,0.673721340388007,False,False,False,False
Placentalia,MACSE,Placentalia_MACSE,353,357,4.549948581362907e-06,0.0001496606720799,0.000402608286863,0.5622629444333193,0.673721340388007,False,False,False,False,C_terminal_MTase_like,switching_helix_adjacent_loop,2.810019997460455,0.8549609365550883,0.9996218029801913,4.179622121099289e-06,1.491779922952551,0.4503862997118479,0.0001399618434280159,0.0003637103686360685,0.6666666666666666,0.673721340388007,False,False,False,False
Placentalia,MACSE,Placentalia_MACSE,354,358,0.9938201648139944,0.0395018617456482,0.0620975769005664,0.0142636936382196,0.1816243656599971,True,False,False,False,C_terminal_MTase_like,switching_helix_adjacent_loop,0.8716855481068357,2.814679292509966,1.250638406704341e-06,0.9962124601036668,0.6001020121782474,1.370955576356189,0.02036619636187842,0.03397330572156138,0.004691020244040445,0.0895984866611725,True,True,True,False
Placentalia,MACSE,Placentalia_MACSE,355,359,9.984444883008158e-05,0.0318046210052065,0.0519203642050807,0.6666666666666666,0.673721340388007,False,False,False,False,C_terminal_MTase_like,switching_helix_adjacent_loop,3.032136074458795,1.896029930969202,0.6181324653372864,0.0005349509837098342,2.233395470453924,1.040870757973273,0.03939298150304527,0.06270049555901373,0.6666666666666666,0.673721340388007,False,False,False,False
Placentalia,MACSE,Placentalia_MACSE,356,360,0.0002455333762354,0.087501026833909,0.1211064936614248,0.1478744386182756,0.673721340388007,False,False,False,False,C_terminal_MTase_like,switching_helix_adjacent_loop,2.804782934820666,1.226812151017886,0.992232975547076,9.557162780021459e-05,1.398043122281255,0.8527232614647975,0.1116898689785814,0.15802048129562257,0.06700209975256388,0.47866986785429727,False,False,False,False
Placentalia,MACSE,Placentalia_MACSE,357,361,1.0813225036419829e-10,1.789257475515171e-08,1.0051416994805814e-07,0.6666666666666666,0.673721340388007,False,False,False,False,C_terminal_MTase_like,other,2.815918337131375,0.6096412471023184,0.9999999955791125,5.83356569032548e-12,1.853438870937631,0.310880317814925,2.073153759774016e-09,1.1999162670207184e-08,0.6666666666666666,0.673721340388007,False,False,False,False
Placentalia,MACSE,Placentalia_MACSE,358,362,0.104876643603015,0.2259352731977738,0.2886530915101993,0.6666666666666666,0.673721340388007,False,False,False,False,C_terminal_MTase_like,other,1.113257894802045,0.8137056260734095,0.7856164802043636,0.09065713186472502,0.7123224512594074,0.4214830796462001,0.1889747469505104,0.24637663254298625,0.6666666666666666,0.673721340388007,False,False,False,False
Placentalia,MACSE,Placentalia_MACSE,359,363,8.944898113656217e-05,0.0227102124261989,0.0378834111214323,0.6666666666666666,0.673721340388007,False,False,False,False,C_terminal_MTase_like,other,4.780212032793874,2.806400739737559,0.4600539900565509,4.638929136435539e-06,2.701684398821518,1.154020960394189,0.005109646173726223,0.009568062933154006,0.4236446762501099,0.673721340388007,False,False,False,False
Placentalia,MACSE,Placentalia_MACSE,360,364,0.0224359846749463,0.0560774175158113,0.0820749942185437,0.4447515984252892,0.673721340388007,False,False,False,False,C_terminal_MTase_like,other,1.064825828529928,0.3594379028174197,0.9882140145532917,0.005654476578469239,0.5919545051369453,0.1693097643542353,0.01191522965230041,0.021269241715788582,0.3498763153707031,0.673721340388007,False,False,False,False
Placentalia,MACSE,Placentalia_MACSE,361,365,0.0278753938867455,0.0487246579723696,0.0735684559108506,0.3499546052312771,0.673721340388007,False,False,False,False,C_terminal_MTase_like,other,1.099297929379008,0.606192807468743,0.9195189516153459,0.04150140909539331,0.7001451395177937,0.2937319535193788,0.06546545223164801,0.09806981471564527,0.4077479762621533,0.673721340388007,False,False,False,False
Placentalia,MACSE,Placentalia_MACSE,362,366,0.0012424577149458,0.0012000646389422,0.0026966158357409,0.1538097350990403,0.673721340388007,False,False,False,False,C_terminal_MTase_like,other,2.889612473063088,0.5343322946654264,0.9979612241422899,0.001108353409921095,1.84132626996966,0.2288652752121039,0.0006067357699679476,0.0013962232778780483,0.1179071466691969,0.673721340388007,False,False,False,False
Placentalia,MACSE,Placentalia_MACSE,363,367,0.0019633070654421,0.0103498093962287,0.0188267961398066,0.6666666666666666,0.673721340388007,False,False,False,False,C_terminal_MTase_like,other,2.741976592771128,1.166749538821209,0.9690288314752928,0.001194058835557357,1.421158238020796,0.5411506819341706,0.008211776717149566,0.014796692009203465,0.6666666666666666,0.673721340388007,False,False,False,False
Placentalia,MACSE,Placentalia_MACSE,364,368,2.497256502011343e-09,3.016037308789521e-09,1.9864245723406845e-08,0.6666666666666666,0.673721340388007,False,False,False,False,C_terminal_MTase_like,other,2.182701843399748,0.07980949839123855,0.9999999941883195,7.77867453191178e-10,1.183988114373916,0.01710252883781076,8.035029308572916e-10,5.192358783675151e-09,0.6666666666666666,0.673721340388007,False,False,False,False
Placentalia,MACSE,Placentalia_MACSE,365,369,0.0003886395226601,0.0002340056356441,0.0006039875190274,0.3545759111046426,0.673721340388007,False,False,False,False,C_terminal_MTase_like,other,1.179052365114967,0.4146372388304647,0.9967608321283257,0.001225906106703631,0.8113452432256498,0.2076399422548575,0.0009636639534350566,0.0021156300586907565,0.4372726232603819,0.673721340388007,False,False,False,False
Placentalia,MACSE,Placentalia_MACSE,366,370,0.000648829367662,0.00169256500287,0.0036120660955104,0.6666666666666666,0.673721340388007,False,False,False,False,C_terminal_MTase_like,other,1.242828920965467,0.2707147463202703,0.9998959943807832,3.265815864600636e-05,0.8694551348377308,0.1315348933053624,4.205950741842379e-05,0.00012853385467070312,0.6666666666666666,0.673721340388007,False,False,False,False
Placentalia,MACSE,Placentalia_MACSE,367,371,1.6971982966724142e-14,4.096722960866828e-14,6.520617379379703e-13,0.6666666666666666,0.673721340388007,False,False,False,False,C_terminal_MTase_like,other,2.812487937600743,0.2073573225013466,0.9999999999659154,4.006332586116957e-12,1.657129518901462,0.1094234094551386,7.74702524353188e-12,6.433399223976474e-11,0.3751620752293313,0.673721340388007,False,False,False,False
Placentalia,MACSE,Placentalia_MACSE,368,372,0.0001001417159162,0.0001412554330049,0.0003826920241693,0.3180364545762125,0.673721340388007,False,False,False,False,C_terminal_MTase_like,other,1.231401448619697,0.3011797659896527,0.9998563439817965,2.376030448113842e-05,0.844635403437703,0.1454756010902605,3.765187834325889e-05,0.00011599207683165239,0.3957541637851535,0.673721340388007,False,False,False,False
Placentalia,MACSE,Placentalia_MACSE,369,373,2.019217767781659e-05,8.252052149981814e-05,0.000242483378561,0.2381619013750898,0.673721340388007,False,False,False,False,C_terminal_MTase_like,other,1.185786151292453,0.2510870850874958,0.9999044465529633,3.482410020999846e-05,0.6626878656258115,0.1069571868880262,8.964930344357303e-05,0.0002446145279674635,0.3023179171660678,0.673721340388007,False,False,False,False
Placentalia,MACSE,Placentalia_MACSE,370,374,7.079077556276648e-05,0.0001066814859729,0.0002996494679533,0.0019322951456154,0.081047464344892,False,False,True,False,C_terminal_MTase_like,other,2.602685061811957,0.555097941570312,0.9995249885344623,8.329157831925061e-05,1.068103380018397,0.2489524767327235,0.0001413799064667876,0.0003649130018264383,0.0008795813516911943,0.04200000954325453,False,False,True,True
Placentalia,MACSE,Placentalia_MACSE,371,375,0.0005521487960667,0.001288003715581,0.0028605663915811,0.6666666666666666,0.673721340388007,False,False,False,False,C_terminal_MTase_like,other,1.027741585443925,0.2766522862524305,0.9973928287463808,0.0009916992593984534,0.5781829962063679,0.123205505334816,0.001945443316403672,0.004060980037520233,0.6666666666666666,0.673721340388007,False,False,False,False
Placentalia,MACSE,Placentalia_MACSE,372,376,3.739760430988899e-06,6.313727761053656e-06,2.2969942902119013e-05,0.6666666666666666,0.673721340388007,False,False,False,False,C_terminal_MTase_like,other,1.859278606142396,0.1993362992268023,0.9999396261078084,1.860536677546963e-05,1.126610794496944,0.0933912693442803,2.96694010024634e-05,9.366703456976048e-05,0.2645451672533694,0.673721340388007,False,False,False,False
Placentalia,MACSE,Placentalia_MACSE,373,377,0.0041751599119645,0.0078627624200191,0.014580462351686,0.2776697282508945,0.673721340388007,False,False,False,False,C_terminal_MTase_like,other,1.635681123363541,0.5622708830611016,0.965657101588717,0.01913346513568437,0.84001495879547,0.2621322785376574,0.03346227978017491,0.05393498259926926,0.06742313839151504,0.47866986785429727,False,False,False,False
Placentalia,MACSE,Placentalia_MACSE,374,378,0.5765835657257156,0.7500319404674166,0.7936626073644132,0.0045402032509012,0.0912819811496979,False,False,True,False,C_terminal_MTase_like,other,0.7514291150229427,0.8410763797213152,0.2978773335466999,0.5669563047159044,0.3790319624262273,0.4326115623559604,0.7641919466903268,0.8154226917198458,0.001188430438231691,0.05044226971161178,False,False,True,False
Placentalia,MACSE,Placentalia_MACSE,375,379,0.2531890035471357,0.5922754782461221,0.646426379114339,0.0071068460844568,0.1131173001776054,False,False,False,False,C_terminal_MTase_like,other,0.6781939352799841,0.5770760495546848,0.577418220005488,0.3245643391383223,0.3302679176953583,0.2785392426208099,0.7530501793226085,0.8057847857177491,0.01312122968350371,0.18339668883878074,False,False,False,False
Placentalia,MACSE,Placentalia_MACSE,376,380,0.0815541290310454,0.4062491175699113,0.4804556127297403,5.914454618283216e-07,5.648304160460471e-05,False,False,True,True,C_terminal_MTase_like,other,1.090413209608259,0.8082221165530129,0.7877105184227952,0.07963544161060057,0.5619375682596768,0.4295460091978355,0.4645747388077386,0.5373633232767256,1.188981970656755e-07,1.5139703759696014e-05,False,False,True,True
Placentalia,MACSE,Placentalia_MACSE,377,381,0.0071869066695022,0.7141270561892127,0.7620014957102773,0.0882754377602158,0.602164593292901,False,False,False,False,C_terminal_tail,other,2.759407972106942,1.222725056062672,0.9665095869866094,0.0004836627104644971,1.053895701620752,0.7956687047806078,0.3393436623458267,0.4102192373927398,0.005015709042999306,0.09123813592503499,False,False,True,False
Placentalia,MACSE,Placentalia_MACSE,378,382,0.0214695810539978,0.5013986075644065,0.564997840972281,7.247275852551027e-05,0.0046140989594574,False,False,True,True,C_terminal_tail,other,2.416615438665177,1.222868313037682,0.7591688578033263,0.01029532565203361,0.9517387127861799,0.7831517752309085,0.5707905155740528,0.6394192872413142,1.30046074781065e-05,0.0009935520113273366,False,False,True,True
Placentalia,MACSE,Placentalia_MACSE,379,384,0.18443323504591,0.9873195302184588,1.0,0.0038857659550556,0.0842359693358757,False,False,True,False,C_terminal_tail,other,1.180995877492252,1.13019239681758,0.2676341345038302,0.0955095571612092,0.6445149771870661,0.6081926212760077,0.8524203924896308,0.8872604630273541,0.01967384402936345,0.24087187750774816,False,False,False,False
Placentalia,MACSE,Placentalia_MACSE,380,385,0.4505043346472574,0.3694221563322011,0.4465799484775342,5.5592197512055455e-12,2.1236219449605187e-09,False,False,True,True,C_terminal_tail,other,1.023767370785962,1.128972277972053,0.1530965566786535,0.386986580293898,0.486216648028553,0.673813122012214,0.4301751510345176,0.50718181387403,8.992806499463768e-15,3.4352520827951594e-12,False,False,True,True
Placentalia,MACSE,Placentalia_MACSE,381,386,0.4251324640525583,0.5904084617102998,0.6462350497803282,0.0641494313052206,0.4712515915114287,False,False,False,False,C_terminal_tail,other,0.8806805837537521,0.9377183588342558,0.3094489424124722,0.4778040734988353,0.4200022993015778,0.5317179229415776,0.526398998340146,0.5949243117335379,0.06766537398987449,0.47866986785429727,False,False,False,False
Placentalia,MACSE,Placentalia_MACSE,382,387,0.0002848112312194,0.1070410642797245,0.1455148987717251,0.1502754642120608,0.673721340388007,False,False,False,False,C_terminal_tail,other,2.804995970458583,1.158133210103156,0.9944512129360287,0.000120744759315017,1.228869539827343,0.659078579350006,0.1214136422725801,0.16989015145833553,0.02143885820749591,0.24087187750774816,False,False,False,False
Sauropsida,MACSE,Sauropsida_MACSE,1,1,0.109889387897356,0.6189735836253463,0.7524776898974799,0.016198484177802,0.3347686730079082,False,False,False,False,N_terminal,other,2.094152398703821,1.14607472969888,0.6708068025822088,0.1190732691743348,1.176758139734438,0.8516476176700751,0.6390350990337713,0.7697567811905897,0.04369149747680556,0.6117099378006783,False,False,False,False
Sauropsida,MACSE,Sauropsida_MACSE,2,2,0.007659282509708,0.1855489665238496,0.319556553457741,0.3882443308041363,0.6757493188010899,False,False,False,False,N_terminal,other,3.525350998985328,2.072036094253455,0.6009633491871001,0.01046858825963131,2.462443972194346,1.307389004170775,0.2376078499040326,0.37773555625769284,0.02958156568715953,0.4808909069823352,False,False,False,False
Sauropsida,MACSE,Sauropsida_MACSE,3,3,0.2939060674804621,0.7000348844718193,0.8012706985338978,6.377710104477076e-08,2.3725081588654717e-05,False,False,True,True,N_terminal,other,1.739207473504634,1.62320728021769,0.3622906918062879,0.2938231611022313,0.971679950874891,1.21911009702805,0.6946646106314123,0.8109189620626174,2.725201941888855e-08,1.0137751223826541e-05,False,False,True,True
Sauropsida,MACSE,Sauropsida_MACSE,4,4,0.3727554012259764,0.6399369700089254,0.7654551538370425,0.1658042954544018,0.6757493188010899,False,False,False,False,N_terminal,other,1.242245982516114,1.260189626461342,0.2788787841273567,0.3856225667554967,0.7096219963368006,1.008600014971011,0.5981532483953655,0.7457036262234746,0.1185730275055191,0.6757493188010899,False,False,False,False
Sauropsida,MACSE,Sauropsida_MACSE,5,5,0.3698757862820439,0.632685988673658,0.7616802193741126,0.006367386734003,0.2246343577858026,False,False,False,False,N_terminal,other,1.344653836598809,1.154970340769081,0.3862726099326489,0.2830026173199174,0.7850484813893475,0.8968587522497792,0.8316728672626112,0.9099479606520335,0.00719199536738524,0.26894617653143454,False,False,False,False
Sauropsida,MACSE,Sauropsida_MACSE,6,6,0.0044789397150901,0.0153449687790707,0.0496376381375158,0.3167883973800408,0.6757493188010899,False,False,False,False,N_terminal,other,4.479230795330535,1.092675543224581,0.9829595942832845,0.001859174438131832,4.097225058840554,0.7201347030919646,0.005863084071087932,0.023147686743492435,0.1432485127058479,0.6757493188010899,False,False,False,False
Sauropsida,MACSE,Sauropsida_MACSE,7,7,0.0136851509780674,0.0813279255164252,0.1748785450410993,0.6666666666666666,0.6757493188010899,False,False,False,False,N_terminal,other,5.144142452414338,1.389562662626058,0.895503036911488,0.01369571162562419,3.937620410492183,1.015634179541593,0.07770341278702242,0.16330886755238608,0.6666666666666666,0.6757493188010899,False,False,False,False
Sauropsida,MACSE,Sauropsida_MACSE,8,8,0.7336546987821286,0.1833555229004722,0.317247695437096,3.075995643309071e-06,0.0005721351896554,False,False,True,True,N_terminal,other,1.328946261232633,2.901317534664849,0.02455768860627225,0.7616525193027306,0.8063132216348972,1.865571335872784,0.1788100056253172,0.3051253307000826,8.241007488640761e-07,0.00015328273928871816,False,False,True,True
Sauropsida,MACSE,Sauropsida_MACSE,9,9,0.0038865292712207,0.1366807600347306,0.25550373232623,0.4017214275336172,0.6757493188010899,False,False,False,False,N_terminal,other,6.633410354999926,2.700538500071154,0.7194229020593619,0.004485442557350577,5.425851017726115,1.627961556908636,0.1338101456441669,0.24520873980113345,0.3848737176782104,0.6757493188010899,False,False,False,False
Sauropsida,MACSE,Sauropsida_MACSE,10,10,0.2817009998621275,0.9689348251600288,0.9957009805511898,8.309204179635099e-05,0.0077275598870606,False,False,True,True,N_terminal,other,1.862790353902679,1.411227589177307,0.451161638460241,0.2779443247025256,1.014848653195699,1.038354608504244,0.9762545663422894,1.0,4.069869248501945e-05,0.003784978401106809,False,False,True,True
Sauropsida,MACSE,Sauropsida_MACSE,11,11,0.1795191727122776,0.8052263697631923,0.8865391383339566,0.0375064571080793,0.5861311277193745,False,False,False,False,N_terminal,other,1.586749469133597,1.08701682508351,0.5078461786125988,0.1933067805574947,0.903016923547118,0.7816990916246428,0.811670012723409,0.8936725855154899,0.01848065786317044,0.38986052727596604,False,False,False,False
Sauropsida,MACSE,Sauropsida_MACSE,12,12,0.0118477012610908,0.0899010951004282,0.1858322729124626,0.6666666666666666,0.6757493188010899,False,False,False,False,N_terminal,other,2.746774711737223,1.091649562540732,0.9271854427015435,0.01424161325869367,1.992455000073216,0.7138125644545117,0.08685441515433756,0.17495591288063628,0.6666666666666666,0.6757493188010899,False,False,False,False
Sauropsida,MACSE,Sauropsida_MACSE,13,13,0.3393423839323818,0.4744208260288513,0.6325611013718017,0.0768575431272147,0.6757493188010899,False,False,False,False,N_terminal,other,2.186443879731677,2.632204617091527,0.09842288686031282,0.3412019405799968,1.191343991307564,1.726215958348956,0.5089484246218936,0.6619888599977077,0.07074646159731857,0.6757493188010899,False,False,False,False
Sauropsida,MACSE,Sauropsida_MACSE,14,14,0.1774470859675424,0.952224397732833,0.9819783669812518,0.020580035855803,0.3645606351599395,False,False,False,False,N_terminal,other,2.499409477603782,1.668012173636124,0.5912128286784664,0.1064988790438955,1.560822960686438,1.264799049885583,0.7342843552747704,0.8430672227228846,0.02973250231342395,0.4808909069823352,False,False,False,False
Sauropsida,MACSE,Sauropsida_MACSE,15,15,0.021274197597626,0.1941479817466332,0.3281247336377023,0.6666666666666666,0.6757493188010899,False,False,False,False,N_terminal,other,5.287830335615507,2.511825960284955,0.6174672446044122,0.0122896475451478,4.139113017815656,1.473891110534908,0.1473519056371329,0.26480632317397795,0.6666666666666666,0.6757493188010899,False,False,False,False
Sauropsida,MACSE,Sauropsida_MACSE,16,16,0.9205662304402932,0.0512415727390299,0.1206447155627794,0.0152609013126286,0.3339444287234043,False,False,False,False,N_terminal,other,0.7803867344966905,2.903506762274107,0.003266280377536676,0.9299392867740642,0.1838537761042723,1.996925861547222,0.04637399774740969,0.11129759459378326,0.02849745575481011,0.4808909069823352,False,False,False,False
Sauropsida,MACSE,Sauropsida_MACSE,17,17,0.1936427459431532,0.8535341194866088,0.9174819151669624,0.3282820732130791,0.6757493188010899,False,False,False,False,N_terminal,other,2.036097605259964,1.470982131828352,0.5191336279142555,0.1940065756904974,1.232749160479257,1.091289344255848,0.8494069641270596,0.9201989897960308,0.3672127939815185,0.6757493188010899,False,False,False,False
Sauropsida,MACSE,Sauropsida_MACSE,18,18,0.0575642086465255,0.3143097618397106,0.4639810770014775,0.310283169674623,0.6757493188010899,False,False,False,False,N_terminal,other,2.390331680624611,1.124982921018252,0.7912173325445112,0.0658644853913989,1.596522239251318,0.7910667262751865,0.3202663396221058,0.4672120719193073,0.3785313900730721,0.6757493188010899,False,False,False,False
Sauropsida,MACSE,Sauropsida_MACSE,19,20,0.0857701156000778,0.574034895555686,0.7286449545433824,0.6666666666666666,0.6757493188010899,False,False,False,False,N_terminal,other,4.600070527157627,2.862522633567614,0.3879392295479636,0.09008631380822302,3.323851274231091,2.136094674556207,0.5773952362003817,0.7328528647656308,0.6666666666666666,0.6757493188010899,False,False,False,False
Sauropsida,MACSE,Sauropsida_MACSE,20,21,0.10559251451134,0.3814786993721697,0.5334965269415306,0.1390114983494026,0.6757493188010899,False,False,False,False,N_terminal,other,1.836609888082119,0.9705690340657983,0.7142919017328421,0.1184169464219388,1.157685784746692,0.6468909377909968,0.3947668490018188,0.5439009919580614,0.1017752853814775,0.6757493188010899,False,False,False,False
Sauropsida,MACSE,Sauropsida_MACSE,21,22,0.0002647206908453,0.0072508546685091,0.028694871666866,0.6666666666666666,0.6757493188010899,False,False,False,False,N_terminal,other,6.912540109377959,2.46614866553164,0.9196592350151118,0.0002229788697747149,5.015228717661524,1.292112975734188,0.009687240003630748,0.03336716001250591,0.6666666666666666,0.6757493188010899,False,False,False,False
Sauropsida,MACSE,Sauropsida_MACSE,22,23,0.4817629781510345,0.5423842476763205,0.7021329012115665,0.2716847698810261,0.6757493188010899,False,False,False,False,N_terminal,other,2.033377354071568,2.7410113358829,0.09830342485503345,0.4678813538994854,1.195665718688136,1.808879361990242,0.6126856557200279,0.7546988871783125,0.2771326220759154,0.6757493188010899,False,False,False,False
Sauropsida,MACSE,Sauropsida_MACSE,23,24,0.3665249376173797,0.7178770493817147,0.8191725839570487,0.5617683809826733,0.6757493188010899,False,False,False,False,N_terminal,other,1.916170913276485,2.831525447525663,0.03778004505283982,0.5195190282468191,1.161719236574042,1.868511471331477,0.4248410100539436,0.5789042334800989,0.1711965017903745,0.6757493188010899,False,False,False,False
Sauropsida,MACSE,Sauropsida_MACSE,24,25,0.0553318134239912,0.330989307388327,0.4772403966994482,0.6666666666666666,0.6757493188010899,False,False,False,False,N_terminal,other,3.192622013010855,1.804539844108807,0.6645715895502466,0.03220781769711244,2.694869277207229,1.303802626972472,0.2540347158351989,0.39211997630993356,0.6666666666666666,0.6757493188010899,False,False,False,False
Sauropsida,MACSE,Sauropsida_MACSE,25,26,0.1747180141522844,0.6154081414364655,0.7524776898974799,0.0861590586522967,0.6757493188010899,False,False,False,False,N_terminal,other,2.215418734876224,1.35540268530881,0.6076383260792119,0.1757087488970835,1.562815894729013,0.9899526105995781,0.6028677225064055,0.7475559759079428,0.06673177942947417,0.6757493188010899,False,False,False,False
Sauropsida,MACSE,Sauropsida_MACSE,26,27,0.6155586915298162,0.21371741369675,0.3502329422695639,0.0074700969774625,0.2246343577858026,False,False,False,False,N_terminal,other,0.8967272406277039,1.194862062469304,0.1770279082657273,0.6039120030073243,0.307449165129214,0.9807463242492371,0.2182579186051863,0.353008459657084,0.008605487424973579,0.29102193837183377,False,False,False,False
Sauropsida,MACSE,Sauropsida_MACSE,27,28,0.5147345310962245,0.4780283059525805,0.6350947493369998,0.0378149114657661,0.5861311277193745,False,False,False,False,N_terminal,other,1.116979332863949,1.31919356828557,0.2243959548368731,0.519830050897994,0.4867708238802177,0.9854557619673936,0.4608192377226756,0.621104189974041,0.05284978333314017,0.6757493188010899,False,False,False,False
Sauropsida,MACSE,Sauropsida_MACSE,28,30,0.3435264448685501,0.9526956978810726,0.9819783669812518,0.0131928184635853,0.3271818978969162,False,False,False,False,N_terminal,other,0.803848383677791,0.63599905472219,0.5707820887848805,0.3423144098462713,0.3510426877591666,0.3742779632109028,0.964048410203463,0.9961833572102451,0.01863193632085658,0.38986052727596604,False,False,False,False
Sauropsida,MACSE,Sauropsida_MACSE,29,31,0.3342564735400318,0.8055113676260143,0.8865391383339566,0.3356961247710342,0.6757493188010899,False,False,False,False,N_terminal,other,1.205806440978303,1.016323571497268,0.4113025922309401,0.3265530811049864,0.6640487133736617,0.7451475977153409,0.8676630439067565,0.9277663914162636,0.3616547930318872,0.6757493188010899,False,False,False,False
Sauropsida,MACSE,Sauropsida_MACSE,30,32,0.0700065977660355,0.1282409293841043,0.2433960496473816,0.5786089481476762,0.6757493188010899,False,False,False,False,N_terminal,other,2.088141178883673,0.8925113664327207,0.826724640594781,0.07387426958695126,1.581842867435417,0.5075958883463874,0.122313601323274,0.2321462229196833,0.528084199309915,0.6757493188010899,False,False,False,False
Sauropsida,MACSE,Sauropsida_MACSE,31,34,0.056024195129322,0.1922334813017159,0.3272814417212368,0.079329490597147,0.6757493188010899,False,False,False,False,N_terminal,other,3.560915680738721,1.146591881010034,0.9398860330666281,0.009380777640337616,2.658271649820505,0.7843586925862133,0.0372779527507251,0.10196616487698337,0.2880468634760341,0.6757493188010899,False,False,False,False
Sauropsida,MACSE,Sauropsida_MACSE,32,35,0.6776082194445843,0.2471661174728442,0.3929307508542651,8.253921053624769e-05,0.0077275598870606,False,False,True,True,N_terminal,other,1.079531460155018,1.644827470700392,0.1799334190357975,0.5813798039840928,0.4405547232019403,1.158459146995053,0.3182140852089851,0.46604582558166324,3.963864134570727e-05,0.003784978401106809,False,False,True,True
Sauropsida,MACSE,Sauropsida_MACSE,33,36,0.4820687884209196,0.6057721101315257,0.7486618769731812,0.1992636263312298,0.6757493188010899,False,False,False,False,N_terminal,other,0.976855672788315,0.9583717478371638,0.3303079896028119,0.4855246328156719,0.3972453997798671,0.6738312293790678,0.6082066130640067,0.7516706314279419,0.1679235042448748,0.6757493188010899,False,False,False,False
Sauropsida,MACSE,Sauropsida_MACSE,34,37,0.0018845620101575,0.0014482815455134,0.0085517576973175,0.6666666666666666,0.6757493188010899,False,False,False,False,N_terminal,other,3.846562746664638,0.8335270202832522,0.9887096988631109,0.00230473121473649,3.757910832723972,0.4578581452466667,0.001629457025406622,0.008616796476601326,0.6666666666666666,0.6757493188010899,False,False,False,False
Sauropsida,MACSE,Sauropsida_MACSE,35,38,0.3881653188792284,0.837952497287932,0.9114571023131892,0.6123302602963914,0.6757493188010899,False,False,False,False,N_terminal,other,0.7218032342677008,0.6213918879859208,0.5224853847216455,0.3918069581091985,0.277062423941675,0.3544053117795742,0.8302600287729898,0.9099479606520335,0.6097618018517265,0.6757493188010899,False,False,False,False
Sauropsida,MACSE,Sauropsida_MACSE,36,39,0.1476537662319131,0.4683516441238305,0.6306997117608247,0.0125523969104085,0.3271818978969162,False,False,False,False,N_terminal,other,1.542262225998317,0.9323802596497373,0.6412084060864681,0.1681946302267639,0.9367029081911188,0.5832308363070293,0.4966800087307479,0.6505808565064726,0.007229735928264369,0.26894617653143454,False,False,False,False
Sauropsida,MACSE,Sauropsida_MACSE,37,40,0.568712197149254,0.3494881334026531,0.4981210177233217,0.0470874162561552,0.6679294570689445,False,False,False,False,N_terminal,other,0.8288460203748598,0.9385739468823671,0.2807187883158995,0.5768520058690355,0.01089800502416381,0.7507770583268109,0.3343056038541038,0.48202203346405664,0.09005392784650945,0.6757493188010899,False,False,False,False
Sauropsida,MACSE,Sauropsida_MACSE,38,41,0.2159219939048146,0.6961216964321748,0.7992508366443488,0.6666666666666666,0.6757493188010899,False,False,False,False,ADD,other,0.8646134756326448,0.4854087601821972,0.7235847435759576,0.2155048439263891,0.3841692847233782,0.2373603013546734,0.694198289525705,0.8109189620626174,0.6666666666666666,0.6757493188010899,False,False,False,False
Sauropsida,MACSE,Sauropsida_MACSE,39,42,0.0865881136798461,0.2572975636679915,0.4024513278821078,0.479573576511726,0.6757493188010899,False,False,False,False,ADD,other,1.706536558407315,0.8330989195852037,0.7804483599971704,0.09467079815564113,1.061259952499854,0.4908834700973346,0.2617639689796278,0.3990827723787768,0.4336724894175333,0.6757493188010899,False,False,False,False
Sauropsida,MACSE,Sauropsida_MACSE,40,43,0.4796497509784465,0.5435867622283095,0.7021329012115665,0.1637176643792757,0.6757493188010899,False,False,False,False,ADD,other,1.139240854226707,1.337174034265845,0.2298766129460914,0.5111090183882527,0.513133600437217,1.040988163387884,0.473288532320811,0.6287976215119346,0.2074109388604344,0.6757493188010899,False,False,False,False
Sauropsida,MACSE,Sauropsida_MACSE,41,44,0.1286630980663268,0.423819033852999,0.581773729126626,0.3450360022896218,0.6757493188010899,False,False,False,False,ADD,other,2.803624602403572,1.842205498279032,0.5413454331690689,0.1307825824149022,2.442672944718087,1.250950351258112,0.4099812242660064,0.5607096155402734,0.3018497091179121,0.6757493188010899,False,False,False,False
Sauropsida,MACSE,Sauropsida_MACSE,42,45,0.2711783189918478,0.8483055155506523,0.9173536389094262,0.38186041566483,0.6757493188010899,False,False,False,False,ADD,other,1.564140233262046,1.114449692704967,0.4662859176325601,0.2814946133561234,0.9925020416252129,0.8375087422690803,0.8515847934200305,0.9201989897960308,0.4273891780775291,0.6757493188010899,False,False,False,False
Sauropsida,MACSE,Sauropsida_MACSE,43,46,0.0942987454754616,0.306103519756158,0.4554820373971631,0.6666666666666666,0.6757493188010899,False,False,False,False,ADD,other,1.997693828037987,1.014228628854566,0.7342713238144625,0.1024675966084313,1.35062089116143,0.6443432018619708,0.2972998093260523,0.4406196377262608,0.6666666666666666,0.6757493188010899,False,False,False,False
Sauropsida,MACSE,Sauropsida_MACSE,44,47,0.0008860760817838,0.0008470274077125,0.0058350776975755,0.6666666666666666,0.6757493188010899,False,False,False,False,ADD,other,6.026387198985266,0.5962324492573753,0.9997749681853741,2.267251821853782e-05,4.114111042351539,0.2989319867784284,3.05396042147299e-05,0.0005979333035726064,0.6666666666666666,0.6757493188010899,False,False,False,False
Sauropsida,MACSE,Sauropsida_MACSE,45,48,0.1890833199424888,0.6509358113769812,0.7711723625230478,0.29613840186845,0.6757493188010899,False,False,False,False,ADD,other,2.001328017215089,1.635605014002643,0.4384794988757209,0.2728765331627998,1.406759621064216,1.144341357139067,0.7979321402060063,0.8860619586765205,0.1334942934295166,0.6757493188010899,False,False,False,False
Sauropsida,MACSE,Sauropsida_MACSE,46,49,0.0857966363295378,0.2167986560324997,0.3537241230003942,0.6666666666666666,0.6757493188010899,False,False,False,False,ADD,other,1.004857934029942,0.3815887946983965,0.877465684145569,0.08648604500147983,0.6188578970255778,0.1684027427248412,0.2195175176313703,0.35350872969207686,0.6666666666666666,0.6757493188010899,False,False,False,False
Sauropsida,MACSE,Sauropsida_MACSE,47,50,0.5846514035987341,0.1973111107836814,0.3291467857019259,0.048960663956293,0.6679294570689445,False,False,False,False,ADD,other,0.4781707332952864,0.5668241524371708,0.3531275016634465,0.5842245201346888,9.566933704052009e-06,0.2981458682914434,0.1992322961806056,0.32939739635193455,0.044398301937146,0.6117099378006783,False,False,False,False
Sauropsida,MACSE,Sauropsida_MACSE,48,51,0.0586859701548777,0.2800600547062024,0.424127046411017,0.6666666666666666,0.6757493188010899,False,False,False,False,ADD,other,0.8569758860291441,0.2195308141571652,0.9132180121912262,0.05711497804312623,0.3447747264739707,0.06571041176270191,0.2711466883346604,0.41170027779793333,0.6666666666666666,0.6757493188010899,False,False,False,False
Sauropsida,MACSE,Sauropsida_MACSE,49,52,0.172689966214193,0.5993496662582106,0.7456791834383089,0.6666666666666666,0.6757493188010899,False,False,False,False,ADD,other,0.5100129615772938,0.2344351442766553,0.750385382036562,0.1727327952297748,0.1473450950567713,0.0694434657279465,0.5993693124753197,0.7457036262234746,0.6666666666666666,0.6757493188010899,False,False,False,False
Sauropsida,MACSE,Sauropsida_MACSE,50,53,6.117636767437555e-05,1.529978085546002e-05,0.0005501682243052,0.6666666666666666,0.6757493188010899,False,False,False,False,ADD,other,2.005694165304391,0.05813498962045398,0.9998769112680326,5.84274171793453e-05,1.921139466459993,1.031689386713889e-07,1.715231923127281e-05,0.0005317218961694571,0.6666666666666666,0.6757493188010899,False,False,False,False
Sauropsida,MACSE,Sauropsida_MACSE,51,54,0.0096077235682846,0.0212493357623774,0.0627361341555904,0.6666666666666666,0.6757493188010899,False,False,False,False,ADD,other,1.241865840786317,0.2133576459801692,0.983597774195136,0.009794703046271032,0.802218765638502,0.06897502533082166,0.0218247394348916,0.06600652902259899,0.6666666666666666,0.6757493188010899,False,False,False,False
Sauropsida,MACSE,Sauropsida_MACSE,52,55,0.004272371836933,0.0115068971389332,0.0403826956196526,0.6666666666666666,0.6757493188010899,False,False,False,False,ADD,other,0.9629119354439476,0.05423458978986818,0.9922018083024408,0.004066582353792052,0.5152668185812507,1.304640112303429e-08,0.01152918182982143,0.03800257048007056,0.6666666666666666,0.6757493188010899,False,False,False,False
Sauropsida,MACSE,Sauropsida_MACSE,53,56,0.0742733090199064,1.0,1.0,1.0,1.0,False,False,False,False,ADD,other,0.6512392794563927,0.07058320357362415,0.866573035990436,0.07297270310007486,0.0,0.0,1.0,1.0,1.0,1.0,False,False,False,False
Sauropsida,MACSE,Sauropsida_MACSE,54,57,0.0109961432109337,0.0334197894178265,0.0918223354092119,0.6666666666666666,0.6757493188010899,False,False,False,False,ADD,other,0.8159267653616433,0.06868222771506365,0.9804190080547626,0.01079174922635406,0.2961248962047533,5.261263218783737e-09,0.0336373228194049,0.09338122454342256,0.6666666666666666,0.6757493188010899,False,False,False,False
Sauropsida,MACSE,Sauropsida_MACSE,55,58,0.0354115575883236,0.0335694559560559,0.0918223354092119,0.6666666666666666,0.6757493188010899,False,False,False,False,ADD,other,2.237107632221716,0.6444702117880697,0.9195087736149818,0.04210591725706962,2.03692510359319,0.3136138203487095,0.04043905660708924,0.10624857851368587,0.6666666666666666,0.6757493188010899,False,False,False,False
Sauropsida,MACSE,Sauropsida_MACSE,56,59,0.1515589298370258,0.3246364562034212,0.4717373504205964,0.4888541330966852,0.6757493188010899,False,False,False,False,ADD,other,1.199014633410832,0.7459755636225127,0.6960547037312852,0.1873723148103274,0.8388808336462386,0.4471376971968941,0.4074396292781109,0.5592898232157094,0.5847124953825418,0.6757493188010899,False,False,False,False
Sauropsida,MACSE,Sauropsida_MACSE,57,60,0.4614089748703782,0.3134800252883142,0.4639810770014775,0.3147231243182345,0.6757493188010899,False,False,False,False,ADD,other,0.4016320165639543,0.346659167946274,0.4647997066852133,0.4614974640648834,6.031398884966867e-06,0.1370484208084215,0.3148957250637079,0.46309095675972056,0.3157014664200293,0.6757493188010899,False,False,False,False
Sauropsida,MACSE,Sauropsida_MACSE,58,61,0.0435449172085915,0.1339136140345948,0.2528724082277628,0.6666666666666666,0.6757493188010899,False,False,False,False,ADD,other,0.842324634451852,0.2352377146319335,0.9327515026461117,0.04373234500960754,0.4396510070339552,0.0726595091399197,0.1334354467743359,0.24520873980113345,0.6666666666666666,0.6757493188010899,False,False,False,False
Sauropsida,MACSE,Sauropsida_MACSE,59,62,0.0006444654121943,0.0001883138089017,0.0025945458115347,0.093012767766578,0.6757493188010899,False,False,False,False,ADD,other,2.810240933178387,0.3200095596184871,0.9989516143094712,0.0004544450346060659,2.598393114774322,0.1588568800181303,0.0001365786103898481,0.0017519738987939134,0.09570691706371015,0.6757493188010899,False,False,False,False
Sauropsida,MACSE,Sauropsida_MACSE,60,63,0.0827692273427486,0.2297566717096398,0.3732291784977555,0.6666666666666666,0.6757493188010899,False,False,False,False,ADD,other,0.9004092606826573,0.4904677590421939,0.8169446160721684,0.1285377304441781,0.5478514656570092,0.2563914092182527,0.3500708771356231,0.5003846207404311,0.6666666666666666,0.6757493188010899,False,False,False,False
Sauropsida,MACSE,Sauropsida_MACSE,61,64,0.1745248272458188,0.6186092437405223,0.7524776898974799,0.1595005183653142,0.6757493188010899,False,False,False,False,ADD,other,0.7332304286785636,0.3561466815430994,0.7745376215814715,0.1717466695404781,0.2665900426884282,0.1386578689832552,0.6178104306696715,0.758499934683557,0.1494918036801435,0.6757493188010899,False,False,False,False
Sauropsida,MACSE,Sauropsida_MACSE,62,65,0.0003725018130849,0.0006305501111334,0.0051101197723144,0.6666666666666666,0.6757493188010899,False,False,False,False,ADD,other,1.50330350676172,0.03753601267537535,0.9996631906280761,0.0001514346583183832,1.392043760610717,5.45870582174961e-07,0.0002218049720376092,0.0022300391783240713,0.6666666666666666,0.6757493188010899,False,False,False,False
Sauropsida,MACSE,Sauropsida_MACSE,63,66,0.0002268903755138,0.0006381311343222,0.0051101197723144,0.6666666666666666,0.6757493188010899,False,False,False,False,ADD,other,1.150054736397365,0.03357380277971924,0.9995371638819613,0.0002046934546882677,0.7303253146475269,1.119721037861075e-08,0.0006456639462891767,0.0043035956503105445,0.6666666666666666,0.6757493188010899,False,False,False,False
Sauropsida,MACSE,Sauropsida_MACSE,64,67,0.0144317782264777,0.018341557389545,0.0559267159746782,0.6666666666666666,0.6757493188010899,False,False,False,False,ADD,other,0.9332133986942399,0.1075162632217412,0.9781843050905287,0.01402162496348079,0.4977154566677934,2.352669541001976e-07,0.01800602083364899,0.055818664584311874,0.6666666666666666,0.6757493188010899,False,False,False,False
Sauropsida,MACSE,Sauropsida_MACSE,65,68,0.0006962101876054,0.000584655172143,0.0051101197723144,0.6666666666666666,0.6757493188010899,False,False,False,False,ADD,other,1.609497464824252,0.06099737619774519,0.9987481005278296,0.0006748349595151821,1.48104961062466,9.881327236634086e-07,0.0006835915879742638,0.004384415012524588,0.6666666666666666,0.6757493188010899,False,False,False,False
Sauropsida,MACSE,Sauropsida_MACSE,66,69,0.0004342672917319,0.0001789621253054,0.0025945458115347,0.6666666666666666,0.6757493188010899,False,False,False,False,ADD,other,2.660284511314273,0.1743706164458042,0.9992483593347518,0.0003792754156138754,2.616476713686403,0.05591270558377254,0.0001771966665536917,0.0019984825895792324,0.6666666666666666,0.6757493188010899,False,False,False,False
Sauropsida,MACSE,Sauropsida_MACSE,67,70,0.0099203428582166,0.0320639267913669,0.0890132893014067,0.6666666666666666,0.6757493188010899,False,False,False,False,ADD,other,0.8337715665127544,0.06760294709429232,0.9820452601302909,0.009876422377305714,0.3045906738391135,3.028619186796173e-07,0.0325543117023529,0.09105416506222015,0.6666666666666666,0.6757493188010899,False,False,False,False
Sauropsida,MACSE,Sauropsida_MACSE,68,71,0.0099127157943694,0.0317492717098001,0.0890132893014067,0.6666666666666666,0.6757493188010899,False,False,False,False,ADD,other,0.8441951084611159,0.06839973887939248,0.9823669144734195,0.009777385100034687,0.3079349037991692,4.991917798872741e-06,0.03209557033036214,0.09045115274920239,0.6666666666666666,0.6757493188010899,False,False,False,False
Sauropsida,MACSE,Sauropsida_MACSE,69,72,0.0101618382257937,0.007642014420843,0.0296128058807666,0.6666666666666666,0.6757493188010899,False,False,False,False,ADD,other,2.756132414446188,0.3763904228745154,0.9862759998442294,0.008204996787857135,2.388371754621117,0.1856430366414515,0.007075987963172548,0.025806544336276355,0.6666666666666666,0.6757493188010899,False,False,False,False
Sauropsida,MACSE,Sauropsida_MACSE,70,73,0.0005295264891616,0.0004927975108258,0.0044712359518835,0.6666666666666666,0.6757493188010899,False,False,False,False,ADD,other,1.60635550537367,0.05493102951441899,0.9990554131842414,0.0004914057666481426,1.453218631722775,1.091417201752007e-07,0.0005248311636292247,0.0036837206201900297,0.6666666666666666,0.6757493188010899,False,False,False,False
Sauropsida,MACSE,Sauropsida_MACSE,71,74,0.2696262040587415,0.9801690962929576,1.0,0.6666666666666666,0.6757493188010899,False,False,False,False,ADD,other,0.6227658941408978,0.4033670411273311,0.6609182639906449,0.2690826206517421,0.1953759263916129,0.1910858494734778,0.9834587651882853,1.0,0.6666666666666666,0.6757493188010899,False,False,False,False
Sauropsida,MACSE,Sauropsida_MACSE,72,75,0.0033628227506693,0.0062992034483736,0.0257505899208241,0.6071908741339677,0.6757493188010899,False,False,False,False,ADD,other,1.561486101772348,0.2479467183394602,0.9936576388187857,0.003369277442370436,1.0,0.1138208769450033,0.006585769191802426,0.024499061393505026,0.5638207699560925,0.6757493188010899,False,False,False,False
Sauropsida,MACSE,Sauropsida_MACSE,73,76,0.0008452197449289,0.0010770451268011,0.0069079446063799,0.6666666666666666,0.6757493188010899,False,False,False,False,ADD,other,1.452034861504404,0.04956556940571924,0.9994437287697042,0.0002807836434998196,1.256001599865713,1.108424127859307e-06,0.0002153681196694901,0.0022300391783240713,0.6666666666666666,0.6757493188010899,False,False,False,False
Sauropsida,MACSE,Sauropsida_MACSE,74,77,0.0025214116209099,0.0040697219072527,0.0193521567306136,0.6666666666666666,0.6757493188010899,False,False,False,False,ADD,other,2.251202018302361,0.1963226686270039,0.9992779439114887,0.0003121939891899779,1.354945672107023,0.06760442387653878,0.0003361178926960529,0.002778574579620704,0.6666666666666666,0.6757493188010899,False,False,False,False
Sauropsida,MACSE,Sauropsida_MACSE,75,78,0.000809218778942,0.0013234051518673,0.0080706019097484,0.6666666666666666,0.6757493188010899,False,False,False,False,ADD,other,1.377021321539049,0.05254625043621558,0.9986394512799643,0.0007162160587531036,1.004259294160723,1.069496843147563e-09,0.001285904701141316,0.007034655129773082,0.6666666666666666,0.6757493188010899,False,False,False,False
Sauropsida,MACSE,Sauropsida_MACSE,76,79,0.0142081552516635,0.0417876062802548,0.1087062205332502,0.6666666666666666,0.6757493188010899,False,False,False,False,ADD,other,2.796485623555643,1.008676842384368,0.9204883474895201,0.0201442556586171,2.191457670604227,0.5876145189517835,0.05103074114814066,0.11718170189573039,0.6666666666666666,0.6757493188010899,False,False,False,False
Sauropsida,MACSE,Sauropsida_MACSE,77,80,0.3843973896336497,0.3894563728436355,0.540588696633703,0.3641670486687019,0.6757493188010899,False,False,False,False,ADD,other,0.5079284957452022,0.3589343476500362,0.550425344374711,0.3834407525790833,7.371930531981599e-06,0.1531451130223497,0.3898005106528075,0.5390549812745145,0.3421539994998918,0.6757493188010899,False,False,False,False
Sauropsida,MACSE,Sauropsida_MACSE,78,81,0.0039845110245574,0.0034583552533314,0.0171534420565241,0.6666666666666666,0.6757493188010899,False,False,False,False,ADD,other,1.096963442398261,0.09096295073361836,0.9934780365715123,0.003812120259694793,0.7340703000164869,1.146206398356826e-06,0.003350626338403884,0.01520040241324689,0.6666666666666666,0.6757493188010899,False,False,False,False
Sauropsida,MACSE,Sauropsida_MACSE,79,82,0.000893720649834,0.0013783040449646,0.0082698242697878,0.6666666666666666,0.6757493188010899,False,False,False,False,ADD,other,1.529177803697354,0.05353528805541105,0.9993992544616898,0.0003100436130491084,1.16978705438797,1.185893739456972e-07,0.0003175098570137314,0.002722541345831094,0.6666666666666666,0.6757493188010899,False,False,False,False
Sauropsida,MACSE,Sauropsida_MACSE,80,83,0.020781512987583,0.0241285487547687,0.0706757491084565,0.6666666666666666,0.6757493188010899,False,False,False,False,ADD,other,1.529827968727629,0.3254989948911893,0.9677751301873194,0.02045117320536512,1.035656034395877,0.135837758097883,0.02411798923803921,0.07177513597240469,0.6666666666666666,0.6757493188010899,False,False,False,False
Sauropsida,MACSE,Sauropsida_MACSE,81,84,2.726168409093775e-05,4.552136748992019e-06,0.0002559776821718,0.6666666666666666,0.6757493188010899,False,False,False,False,ADD,other,3.907812541670773,0.07503816130212755,0.9999960033939543,1.353527472529785e-06,3.368993026188204,1.456716427013623e-06,8.424550823615817e-08,1.566966453192542e-05,0.6666666666666666,0.6757493188010899,False,False,False,False
Sauropsida,MACSE,Sauropsida_MACSE,82,85,0.0043032280359511,0.0118806233560772,0.0405467145730341,0.6666666666666666,0.6757493188010899,False,False,False,False,ADD,other,0.9622782602366058,0.05405262544772439,0.9921905204887128,0.004076471523558434,0.5152668185812507,1.304640112303429e-08,0.01188538123890326,0.038783875621684324,0.6666666666666666,0.6757493188010899,False,False,False,False
Sauropsida,MACSE,Sauropsida_MACSE,83,86,0.0020924768530003,0.0025537603383372,0.0133802654346681,0.6666666666666666,0.6757493188010899,False,False,False,False,ADD,other,1.038643920537325,0.07237269987602378,0.9964021865090008,0.002023383293084262,0.6140176911122027,3.579932858872725e-08,0.002557625297089472,0.012197905263042097,0.6666666666666666,0.6757493188010899,False,False,False,False
Sauropsida,MACSE,Sauropsida_MACSE,84,87,0.0014974695861592,0.0006731071743102,0.0051101197723144,0.6666666666666666,0.6757493188010899,False,False,False,False,ADD,other,2.56570213644404,0.2140024516332611,0.9972494513916943,0.001469110109163291,2.282412270855217,0.07104098033813587,0.0007576618431915927,0.0046204951748733195,0.6666666666666666,0.6757493188010899,False,False,False,False
Sauropsida,MACSE,Sauropsida_MACSE,85,88,0.0003887280997165,0.0003499081961884,0.003642940336178,0.6666666666666666,0.6757493188010899,False,False,False,False,ADD,other,1.641794711977191,0.05077723122306346,0.999324772188549,0.0003404943497666867,1.574428176220632,6.036484471241453e-07,0.000344172749305649,0.002783310059602205,0.6666666666666666,0.6757493188010899,False,False,False,False
Sauropsida,MACSE,Sauropsida_MACSE,86,89,0.0852719240762462,0.0922470785911508,0.1875186515623395,0.6666666666666666,0.6757493188010899,False,False,False,False,ADD,other,2.158171782835029,0.8482429538006134,0.8220092276539542,0.09155617658870484,2.050726452089034,0.4630075034380677,0.09434920449698081,0.1857031961527876,0.6666666666666666,0.6757493188010899,False,False,False,False
Sauropsida,MACSE,Sauropsida_MACSE,87,90,0.0017327094416481,0.0041097322089206,0.0193521567306136,0.6666666666666666,0.6757493188010899,False,False,False,False,ADD,other,1.23937728854735,0.04987925903662898,0.9968801255171217,0.001611734607339968,0.8937482382559447,1.01657532666226e-07,0.004199396143893086,0.0177519927900935,0.6666666666666666,0.6757493188010899,False,False,False,False
Sauropsida,MACSE,Sauropsida_MACSE,88,91,1.01554529391226e-05,4.816784341943325e-06,0.0002559776821718,0.6666666666666666,0.6757493188010899,False,False,False,False,ADD,other,2.113809204291027,0.05951638216928672,0.9999727857970403,1.013875130864676e-05,1.344677255118924,2.929695749018294e-06,5.462456648230862e-06,0.0002540042341427351,0.6666666666666666,0.6757493188010899,False,False,False,False
Sauropsida,MACSE,Sauropsida_MACSE,89,92,0.1337598511146802,0.3200130359966297,0.4686805094123868,0.6666666666666666,0.6757493188010899,False,False,False,False,ADD,other,1.950723787925123,0.9296839773502015,0.7804865170541978,0.083049509801572,1.460291071496211,0.5843612450824834,0.1809855823882923,0.30659028688768686,0.6666666666666666,0.6757493188010899,False,False,False,False
Sauropsida,MACSE,Sauropsida_MACSE,90,93,0.0068455462299431,0.0091130418646866,0.0330484248470356,0.6666666666666666,0.6757493188010899,False,False,False,False,ADD,other,3.059375654586736,0.848034838213578,0.9656455030938733,0.009196110930631064,2.539952528627635,0.437665564261225,0.01101780379862327,0.03698808873193052,0.6666666666666666,0.6757493188010899,False,False,False,False
Sauropsida,MACSE,Sauropsida_MACSE,91,94,0.0368268455124185,0.0598399185908561,0.1365671761705428,0.6666666666666666,0.6757493188010899,False,False,False,False,ADD,other,1.809013107467328,0.6263880437799522,0.9190922491418548,0.03861146163650433,1.17999246458093,0.3337832673992846,0.06082938804540983,0.13233059855492665,0.6666666666666666,0.6757493188010899,False,False,False,False
Sauropsida,MACSE,Sauropsida_MACSE,92,95,0.0063137983565734,0.0029770065420913,0.0149654923467293,0.2194332102000375,0.6757493188010899,False,False,False,False,ADD,other,4.706868555892593,0.6569795448238809,0.9975716577536798,0.0004579342318513519,4.116147722392062,0.3312222443094818,0.0001231507192418491,0.0016361452699274234,0.3038768642438656,0.6757493188010899,False,False,False,False
Sauropsida,MACSE,Sauropsida_MACSE,93,96,0.0087432590875402,0.046365957880094,0.1127329171986599,0.6666666666666666,0.6757493188010899,False,False,False,False,ADD,other,1.002888276447212,0.05897426262935576,0.984812699977199,0.008169216622736631,0.4416194609660558,1.910493137983578e-08,0.04611099859638634,0.11129759459378326,0.6666666666666666,0.6757493188010899,False,False,False,False
Sauropsida,MACSE,Sauropsida_MACSE,94,97,0.0022526886076445,0.00455950399822,0.0209399442881216,0.6666666666666666,0.6757493188010899,False,False,False,False,ADD,other,2.672105441971456,0.6258509267439455,0.9908985685784815,0.001986438314453046,1.737134554234628,0.3315982426731731,0.004026036517463027,0.017367232775064075,0.6666666666666666,0.6757493188010899,False,False,False,False
Sauropsida,MACSE,Sauropsida_MACSE,95,98,0.0727259091719602,0.1926737519810507,0.3272814417212368,0.6666666666666666,0.6757493188010899,False,False,False,False,ADD,other,0.823121760750046,0.3292460082339879,0.8940063641485453,0.07215823540194327,0.46428710581454,0.1396461039580238,0.192035968355719,0.32179000102850214,0.6666666666666666,0.6757493188010899,False,False,False,False
Sauropsida,MACSE,Sauropsida_MACSE,96,99,0.0003814716265158,0.0003024897808547,0.0033095940728817,0.6666666666666666,0.6757493188010899,False,False,False,False,ADD,other,1.332320166725612,0.0474579058419333,0.9993081622199449,0.000348658352474985,1.107833358894478,2.280554607093987e-06,0.0003080458507987993,0.002722541345831094,0.6666666666666666,0.6757493188010899,False,False,False,False
Sauropsida,MACSE,Sauropsida_MACSE,97,100,0.0012013049275943,0.0018264187319144,0.0101407129592863,0.6666666666666666,0.6757493188010899,False,False,False,False,ADD,other,1.133416145285985,0.04899043942130174,0.9978536232532086,0.001107673857830134,0.8133500874730256,1.149730275018054e-07,0.001826919055295528,0.009061518514265818,0.6666666666666666,0.6757493188010899,False,False,False,False
Sauropsida,MACSE,Sauropsida_MACSE,98,101,7.025477040803638e-06,2.982448868438237e-05,0.0007396473193726,0.6666666666666666,0.6757493188010899,False,False,False,False,ADD,other,20.54442456121502,0.8339843281148757,0.9998208546661262,8.334802372930847e-06,10.5037550914178,0.5620816531895417,2.705544852688035e-05,0.0005621119241086733,0.6666666666666666,0.6757493188010899,False,False,False,False
Sauropsida,MACSE,Sauropsida_MACSE,99,102,0.0050587882722596,0.0048817127498177,0.0220312147505864,0.6666666666666666,0.6757493188010899,False,False,False,False,ADD,other,1.980909584327841,0.2989330443667768,0.9947350120823439,0.00232271780106822,1.22410844000826,0.131337422131786,0.002235313700682195,0.010941272324391798,0.6666666666666666,0.6757493188010899,False,False,False,False
Sauropsida,MACSE,Sauropsida_MACSE,100,103,0.3598595615873247,0.993353901357554,1.0,0.6666666666666666,0.6757493188010899,False,False,False,False,ADD,other,0.961915025999936,0.7656117934252618,0.5263970501866355,0.3572036139803267,0.4743107441108362,0.4683938079676552,0.9894301822349748,1.0,0.6666666666666666,0.6757493188010899,False,False,False,False
Sauropsida,MACSE,Sauropsida_MACSE,101,104,0.0346706120681764,0.0615491871658552,0.1387654401557463,0.6666666666666666,0.6757493188010899,False,False,False,False,ADD,other,2.135096495466281,0.6025076286851859,0.955977600482363,0.01698238166515699,1.393199917746733,0.32588570288278,0.03017194282645941,0.08633817485725309,0.6666666666666666,0.6757493188010899,False,False,False,False
Sauropsida,MACSE,Sauropsida_MACSE,102,105,0.0010325183901044,0.0008376955915693,0.0058350776975755,0.6666666666666666,0.6757493188010899,False,False,False,False,ADD,other,1.151236767481623,0.06949223576326481,0.9980789257696815,0.001006875906710352,0.8109356820870653,3.521721005420018e-08,0.0008537850975486316,0.005041397718858587,0.6666666666666666,0.6757493188010899,False,False,False,False
Sauropsida,MACSE,Sauropsida_MACSE,103,106,0.015075151608227,0.0212280465526322,0.0627361341555904,0.6666666666666666,0.6757493188010899,False,False,False,False,ADD,other,2.194217246614266,0.440747332882007,0.983368186496068,0.007247358848481648,1.427721171343014,0.2211066114407944,0.009889347704988838,0.03375080134179677,0.6666666666666666,0.6757493188010899,False,False,False,False
Sauropsida,MACSE,Sauropsida_MACSE,104,107,0.0401410409789351,0.0141556382365001,0.0473922951815914,0.6666666666666666,0.6757493188010899,False,False,False,False,ADD,other,11.41864696118582,0.341939064187806,0.9533046729758553,0.03599773105282884,10000.0,0.1555957555529478,0.01370164037564192,0.04356418991229739,0.6666666666666666,0.6757493188010899,False,False,False,False
Sauropsida,MACSE,Sauropsida_MACSE,105,108,0.0004041047693339,0.0002793200088526,0.0031646640414478,0.6666666666666666,0.6757493188010899,False,False,False,False,ADD,other,1.689962564695719,0.05589299071221734,0.9992838571261057,0.0003701892065389614,1.688219736228146,3.732273773949658e-08,0.0002953787588548806,0.0026800219096101362,0.6666666666666666,0.6757493188010899,False,False,False,False
Sauropsida,MACSE,Sauropsida_MACSE,106,109,8.043424414040957e-05,2.165083827609937e-05,0.0005924539250411,0.6666666666666666,0.6757493188010899,False,False,False,False,ADD,other,2.224534485428152,0.0572350541519852,0.9998394428694158,7.837619778201082e-05,2.468468483187251,8.492887606219124e-08,2.719896406977451e-05,0.0005621119241086733,0.6666666666666666,0.6757493188010899,False,False,False,False
Sauropsida,MACSE,Sauropsida_MACSE,107,110,0.158675409662304,0.2727879114059042,0.41760124709052,0.5712710636178,0.6757493188010899,False,False,False,False,ADD,other,1.266864458103778,0.7159609865979922,0.7035230337883457,0.2017409280933522,0.9465958784797583,0.3935952159721296,0.3530403432662401,0.5012633881490127,0.6666666666666666,0.6757493188010899,False,False,False,False
Sauropsida,MACSE,Sauropsida_MACSE,108,111,0.3174478790595249,0.9355065625540148,0.9775518013204872,0.3803331880437532,0.6757493188010899,False,False,False,False,ADD,other,0.874154701741387,0.7414183729807591,0.5518254427591096,0.3237989045464493,0.4844318832352877,0.4610139712177417,0.9462008224817751,0.9859571595608413,0.5130655150745205,0.6757493188010899,False,False,False,False
Sauropsida,MACSE,Sauropsida_MACSE,109,112,0.0585445224442259,0.2595851132762553,0.4040404273588576,0.6666666666666666,0.6757493188010899,False,False,False,False,ADD,other,2.062526128287937,1.008742658368806,0.7747266577552531,0.06932756935030632,1.224747987295532,0.6315624831005916,0.2527029143590294,0.3916895172564956,0.6666666666666666,0.6757493188010899,False,False,False,False
Sauropsida,MACSE,Sauropsida_MACSE,110,113,4.798191669242024e-05,9.675608303894023e-06,0.000449915786131,0.6666666666666666,0.6757493188010899,False,False,False,False,ADD,other,2.276855405538405,0.06374438003925012,0.9999201482445113,3.729909158128583e-05,2.290320046747636,2.733907267118892e-07,8.417012185124584e-06,0.00031311285328663454,0.6666666666666666,0.6757493188010899,False,False,False,False
Sauropsida,MACSE,Sauropsida_MACSE,111,114,0.0557283534721935,0.0831995643405109,0.1777658038480076,0.4034246017650103,0.6757493188010899,False,False,False,False,ADD,other,1.182919594175101,0.3873718825577391,0.9157468517665323,0.05784931143783006,0.9335893484263782,0.1808560455099334,0.09270808907087913,0.18344366560833528,0.3883675973368881,0.6757493188010899,False,False,False,False
Sauropsida,MACSE,Sauropsida_MACSE,112,115,0.0015135924930598,0.0016495159378422,0.0094403065981125,0.6666666666666666,0.6757493188010899,False,False,False,False,ADD,other,1.733368066766271,0.28618009636512,0.9904646115431027,0.005117929976942129,1.147670447222591,0.1247585115619359,0.006487695437981666,0.02437800710029474,0.6666666666666666,0.6757493188010899,False,False,False,False
Sauropsida,MACSE,Sauropsida_MACSE,113,116,0.0308101334004013,0.0271782937457698,0.0775869058366643,0.3354710235550571,0.6757493188010899,False,False,False,False,ADD,other,1.825621205687866,0.6859315795742112,0.8850514240936509,0.05702293196986011,1.451921538671088,0.3632071391687157,0.06020171711718081,0.13173552216230153,0.6166865203721565,0.6757493188010899,False,False,False,False
Sauropsida,MACSE,Sauropsida_MACSE,114,117,0.359706714687847,0.952941372258688,0.9819783669812518,0.3922062879166599,0.6757493188010899,False,False,False,False,ADD,other,0.912772899077047,0.7120530142890922,0.5387673130340357,0.3587808677698803,0.4558418988497792,0.425449225166676,0.9437294259645319,0.9859571595608413,0.4476104952772043,0.6757493188010899,False,False,False,False
Sauropsida,MACSE,Sauropsida_MACSE,115,118,1.034438847220074e-05,9.238872205052928e-07,8.592151150699223e-05,0.6666666666666666,0.6757493188010899,False,False,False,False,ADD,other,2.824079473060057,0.07167056061603966,0.999980668439489,8.159355010473163e-06,3.098948577465997,3.062013072031854e-07,7.905138970087933e-07,5.8814233937454216e-05,0.6666666666666666,0.6757493188010899,False,False,False,False
Sauropsida,MACSE,Sauropsida_MACSE,116,119,0.0748627349680633,0.23489411543703,0.3782710430414509,0.6666666666666666,0.6757493188010899,False,False,False,False,ADD,other,1.964053226767833,0.9485586651740742,0.7764258007737213,0.0834354890176991,1.263013686661281,0.5811799452396771,0.2322810731033658,0.3708521853839145,0.618828306071783,0.6757493188010899,False,False,False,False
Sauropsida,MACSE,Sauropsida_MACSE,117,120,0.5036621832201914,0.5941467951689726,0.7416866033652947,0.4506715247205032,0.6757493188010899,False,False,False,False,ADD,other,0.880485421732427,0.906882171664017,0.3307851984199797,0.507847157643001,0.3577561410321751,0.6124538284631182,0.5990618602905472,0.7457036262234746,0.4190677138001199,0.6757493188010899,False,False,False,False
Sauropsida,MACSE,Sauropsida_MACSE,118,121,0.0004950870575007,0.0004488665269763,0.0041744587008805,0.6666666666666666,0.6757493188010899,False,False,False,False,ADD,other,1.586739959841129,0.05464710745325256,0.9991080988912352,0.0004629193583460023,1.48104961062466,9.881327236634086e-07,0.000486746091200585,0.003482106652434954,0.6666666666666666,0.6757493188010899,False,False,False,False
Sauropsida,MACSE,Sauropsida_MACSE,119,122,0.0791995025544679,0.1541168911660836,0.2797826065030012,0.6305172711350626,0.6757493188010899,False,False,False,False,ADD,other,1.543752820514974,0.6336653041071614,0.8453370414742098,0.0815180306347121,1.046048105763304,0.316511012534274,0.1525741900160917,0.27156745782768477,0.5915368495539262,0.6757493188010899,False,False,False,False
Sauropsida,MACSE,Sauropsida_MACSE,120,123,0.0008137812653617,0.0002781629422075,0.0031646640414478,0.6666666666666666,0.6757493188010899,False,False,False,False,ADD,other,2.804556378052146,0.1861751846669473,0.9997383630201796,0.0001199799879568575,2.777585925797989,0.05879598393963858,2.187532681519055e-05,0.0005621119241086733,0.6666666666666666,0.6757493188010899,False,False,False,False
Sauropsida,MACSE,Sauropsida_MACSE,121,124,0.0468695438560168,0.1076909297284672,0.2119630997830147,0.6666666666666666,0.6757493188010899,False,False,False,False,ADD,other,2.179911577908869,0.7814152986876041,0.921943506575376,0.02180408498255908,1.291198750451921,0.4321138363715307,0.05438012887526233,0.12041314250950944,0.6666666666666666,0.6757493188010899,False,False,False,False
Sauropsida,MACSE,Sauropsida_MACSE,122,125,0.0004488285674474,0.0008342585729286,0.0058350776975755,0.6666666666666666,0.6757493188010899,False,False,False,False,ADD,other,1.463404105194548,0.04777859178047793,0.9996859551650197,0.0001531675687408356,1.055344088090436,1.229605800750522e-06,0.0002163852828988011,0.0022300391783240713,0.6666666666666666,0.6757493188010899,False,False,False,False
Sauropsida,MACSE,Sauropsida_MACSE,123,126,0.0002542031838447,0.0001803932847282,0.0025945458115347,0.6666666666666666,0.6757493188010899,False,False,False,False,ADD,other,2.709213251567095,0.2289600387966829,0.9996158783049706,0.000118097418987639,1.942968902480389,0.08074425368371053,9.309802326673555e-05,0.0013320178713548318,0.6666666666666666,0.6757493188010899,False,False,False,False
Sauropsida,MACSE,Sauropsida_MACSE,124,127,0.7442277609368192,0.0636480716751118,0.1417789381026444,0.084959128814274,0.6757493188010899,False,False,False,False,ADD,other,0.776685940314176,1.053971289356058,0.1788387299988783,0.6623670511189012,3.871487019899899e-07,0.8447203217027079,0.1406362358483678,0.25645431242937655,0.1658099327597151,0.6757493188010899,False,False,False,False
Sauropsida,MACSE,Sauropsida_MACSE,125,128,0.473049188700497,0.6150484233651925,0.7524776898974799,0.373226988833948,0.6757493188010899,False,False,False,False,ADD,other,0.9099641937139002,0.7123985090206512,0.5660891978001901,0.3337850045162443,0.4877094790700996,0.4315273151212045,0.9013268617024633,0.9525386152082852,0.2172465283737554,0.6757493188010899,False,False,False,False
Sauropsida,MACSE,Sauropsida_MACSE,126,129,0.0005678796632409,0.0004361608027417,0.0041744587008805,0.6666666666666666,0.6757493188010899,False,False,False,False,ADD,other,2.435362381007926,0.1984097982876902,0.9995728980332067,0.0001655758908620331,1.507033617749911,0.06534716396126616,0.0001180432060531311,0.001626373061176473,0.6666666666666666,0.6757493188010899,False,False,False,False
Sauropsida,MACSE,Sauropsida_MACSE,127,130,0.2407345123528495,0.9139922172293216,0.9625480758856062,0.3290229289292119,0.6757493188010899,False,False,False,False,ADD,other,2.099637752160103,1.636433172188059,0.4904521239441466,0.2178095318407987,1.311913587835508,1.18954252503979,0.8814511274916222,0.9395410298764569,0.384083891990033,0.6757493188010899,False,False,False,False
Sauropsida,MACSE,Sauropsida_MACSE,128,131,0.3902677955681382,0.727922685703441,0.8255708508587807,0.562977507460626,0.6757493188010899,False,False,False,False,ADD,other,0.5491911590114146,0.4614648301252868,0.5308354753815719,0.3905691375018694,0.1532510067114289,0.227506164979325,0.7268277149661286,0.8391054257961464,0.5626089922261148,0.6757493188010899,False,False,False,False
Sauropsida,MACSE,Sauropsida_MACSE,129,132,0.2442381199273081,0.6050869038472682,0.7486618769731812,0.6666666666666666,0.6757493188010899,False,False,False,False,ADD,other,0.930572354328604,0.6413696220167521,0.658886536842628,0.2518036639478133,0.5405119016885587,0.3480374990653031,0.624226239046622,0.763855792517577,0.6666666666666666,0.6757493188010899,False,False,False,False
Sauropsida,MACSE,Sauropsida_MACSE,130,133,0.4116267302025811,0.6671645879275794,0.7812526722560621,0.488495310455868,0.6757493188010899,False,False,False,False,ADD,other,1.247433694137319,1.079076352930616,0.3530826439809123,0.3827623522345379,0.6385351735285459,0.8099238119173099,0.7710002446503593,0.8665017855285005,0.5043709476521018,0.6757493188010899,False,False,False,False
Sauropsida,MACSE,Sauropsida_MACSE,131,134,0.0692706724314351,0.2674162972360474,0.4144952607158734,0.6666666666666666,0.6757493188010899,False,False,False,False,ADD,other,1.946436845143256,0.9854905316966799,0.7480831301584786,0.08372186483223348,1.199387278007685,0.6204074791382136,0.2799126276412414,0.41986894146186216,0.6666666666666666,0.6757493188010899,False,False,False,False
Sauropsida,MACSE,Sauropsida_MACSE,132,135,0.2310240618775278,0.804737478588754,0.8865391383339566,0.6666666666666666,0.6757493188010899,False,False,False,False,ADD,other,0.7555547121069994,0.4450769023914118,0.7096821643038969,0.2289778720664227,0.2894724069723904,0.2146913310818796,0.8048570752492601,0.8910917618831093,0.6666666666666666,0.6757493188010899,False,False,False,False
Sauropsida,MACSE,Sauropsida_MACSE,133,136,0.256817051413737,0.7397027160250886,0.8363811865086108,0.6389767271083686,0.6757493188010899,False,False,False,False,ADD,other,1.4347059282963,1.025940120614204,0.4847494568621143,0.2859576393059914,0.8176312264416105,0.7052800872225236,0.8536159707382722,0.9201989897960308,0.3099849670017615,0.6757493188010899,False,False,False,False
Sauropsida,MACSE,Sauropsida_MACSE,134,137,0.1802227590407973,0.4374069207596107,0.5960270129032057,0.6666666666666666,0.6757493188010899,False,False,False,False,ADD,other,1.832588164414155,0.888840381845559,0.7678458461966513,0.1070052246165206,1.200024743102516,0.5268772495005032,0.2505468217753272,0.39035150983501565,0.6666666666666666,0.6757493188010899,False,False,False,False
Sauropsida,MACSE,Sauropsida_MACSE,135,138,0.4883133877739571,0.6229564902393179,0.7548528155342874,0.2343637966049979,0.6757493188010899,False,False,False,False,ADD,other,1.020382585742427,1.060532464308992,0.2564414613038363,0.5163969942411258,0.4121096056863133,0.7910970383906829,0.5197996755998597,0.6717683553728246,0.4240691858194031,0.6757493188010899,False,False,False,False
Sauropsida,MACSE,Sauropsida_MACSE,136,139,0.2121441187915021,0.5819162881017745,0.7313272269387167,0.2781258955092235,0.6757493188010899,False,False,False,False,ADD,other,1.156635822937606,0.9262461389151759,0.5080460509335583,0.2610584005020652,0.738672239708141,0.6052508102231663,0.7500463641709466,0.8550306366524194,0.2752851651097073,0.6757493188010899,False,False,False,False
Sauropsida,MACSE,Sauropsida_MACSE,137,140,0.0303007578762154,1.0,1.0,1.0,1.0,False,False,False,False,ADD,other,2.549601654554925,0.0927905031818299,0.9553700087127566,0.0283176049658738,0.0,0.0,1.0,1.0,1.0,1.0,False,False,False,False
Sauropsida,MACSE,Sauropsida_MACSE,138,141,0.0634520909344148,0.1647780312822621,0.2946991713317379,0.6666666666666666,0.6757493188010899,False,False,False,False,ADD,other,2.036076689836281,0.8609298336658792,0.8367929579877235,0.06645618043446153,1.335618684073216,0.4951991263369094,0.1557143085764566,0.27583677519258026,0.6666666666666666,0.6757493188010899,False,False,False,False
Sauropsida,MACSE,Sauropsida_MACSE,139,142,0.0006057258751048,0.0006210585752148,0.0051101197723144,0.6666666666666666,0.6757493188010899,False,False,False,False,ADD,other,1.514923486267336,0.05306248598289145,0.9990283342289609,0.0005023199572781903,1.382471413843989,2.898923596887616e-06,0.0005580673415773729,0.0038444639086441246,0.6666666666666666,0.6757493188010899,False,False,False,False
Sauropsida,MACSE,Sauropsida_MACSE,140,143,0.0292713400267061,0.0790653407672818,0.1710017835199352,0.6666666666666666,0.6757493188010899,False,False,False,False,ADD,other,0.9018237855167895,0.2156334121295625,0.9524850757618232,0.0296693688255491,0.5451491180569366,0.06665292028131448,0.07926302013575048,0.1649706944617714,0.6666666666666666,0.6757493188010899,False,False,False,False
Sauropsida,MACSE,Sauropsida_MACSE,141,144,0.3294802924253022,0.7543842538340091,0.8430904714822081,0.1598062766391183,0.6757493188010899,False,False,False,False,ADD,other,0.9229565132092734,0.6703980234927107,0.5781338258524847,0.3402724738623412,0.5434155079669897,0.375987364257666,0.7875922072931887,0.8798327360752738,0.1553788611652885,0.6757493188010899,False,False,False,False
Sauropsida,MACSE,Sauropsida_MACSE,142,145,0.0024080796756089,0.0058302179134486,0.0247497767523392,0.6666666666666666,0.6757493188010899,False,False,False,False,ADD,other,1.176353885347799,0.05367879449360418,0.9958770337094338,0.002189824557636052,0.8103824222736782,7.216468301144957e-09,0.005735544697161865,0.02294217878864746,0.6666666666666666,0.6757493188010899,False,False,False,False
Sauropsida,MACSE,Sauropsida_MACSE,143,146,0.0702596215569334,0.3804550366199029,0.5334965269415306,0.5624495350119804,0.6757493188010899,False,False,False,False,ADD,other,1.999109813597693,1.025519840839987,0.7287224493791729,0.08655184879232762,1.194375145390723,0.674776240283394,0.3813409701937519,0.5313065202699465,0.4824236327813479,0.6757493188010899,False,False,False,False
Sauropsida,MACSE,Sauropsida_MACSE,144,147,0.0017420625539908,0.0028474272279437,0.0145101771067817,0.6666666666666666,0.6757493188010899,False,False,False,False,ADD,other,2.127717847611023,0.2374299131206412,0.9987943151017005,0.0005447264349598783,1.313562999541916,0.1110033030968611,0.0007261317103354203,0.004578321970250447,0.6394145355942483,0.6757493188010899,False,False,False,False
Sauropsida,MACSE,Sauropsida_MACSE,145,148,0.0284931643570613,0.272106430281137,0.41760124709052,0.5946516978570664,0.6757493188010899,False,False,False,False,ADD,other,2.905892528224905,1.555591575928537,0.7607917698138544,0.01769438341058826,2.286592864810664,1.100385035427585,0.2089259301290658,0.3408791491579494,0.5746971320558647,0.6757493188010899,False,False,False,False
Sauropsida,MACSE,Sauropsida_MACSE,146,149,0.5402062706064293,0.5651830733680318,0.7225020731715045,0.1414797782840383,0.6757493188010899,False,False,False,False,ADD,other,1.313041414302794,2.088662422826842,0.140044798680482,0.6021079439999847,0.692424846764501,1.260460251218331,0.4721797999996439,0.6287976215119346,0.2803086339694931,0.6757493188010899,False,False,False,False
Sauropsida,MACSE,Sauropsida_MACSE,147,150,0.3185558066557467,0.6955301162666315,0.7992508366443488,0.5497038028132101,0.6757493188010899,False,False,False,False,ADD,other,1.302827656210303,1.163405964375202,0.3247854027899738,0.3234603391618508,0.7285176723968236,0.9371386240563186,0.6900178792388574,0.8109189620626174,0.5440811728073435,0.6757493188010899,False,False,False,False
Sauropsida,MACSE,Sauropsida_MACSE,148,151,0.4164550703172201,0.9143284931040394,0.9625480758856062,0.6406072500334878,0.6757493188010899,False,False,False,False,ADD,other,0.9027072439743692,0.8302802523928681,0.4166246686767985,0.4504827779888272,0.4318284670206842,0.5242059105058217,0.8504649157960698,0.9201989897960308,0.6214703102218133,0.6757493188010899,False,False,False,False
Sauropsida,MACSE,Sauropsida_MACSE,149,152,0.0002539213050197,0.0002622419123714,0.0031646640414478,0.6666666666666666,0.6757493188010899,False,False,False,False,ADD,other,1.457082757348253,0.05302499582467048,0.9995306127015698,0.0002355276001761152,1.012432951627268,5.250052330603171e-07,0.0002742562293911455,0.0025505829333376533,0.6666666666666666,0.6757493188010899,False,False,False,False
Sauropsida,MACSE,Sauropsida_MACSE,150,153,0.0093277310453354,0.0177562313036266,0.0550443170412427,0.6666666666666666,0.6757493188010899,False,False,False,False,ADD,other,2.319419128063668,0.6316550999207184,0.9601199090196677,0.01205623832765711,1.586618923642099,0.3091074441359245,0.02007028869637251,0.06170369747975681,0.6666666666666666,0.6757493188010899,False,False,False,False
Sauropsida,MACSE,Sauropsida_MACSE,151,154,0.0048150349110668,0.0057228492930916,0.0247497767523392,0.6666666666666666,0.6757493188010899,False,False,False,False,ADD,other,0.97320179774971,0.08348444566182808,0.992240898461693,0.0045968673702259,0.5450851103071839,8.746902835071668e-07,0.005535449642723123,0.022382470294489153,0.6666666666666666,0.6757493188010899,False,False,False,False
Sauropsida,MACSE,Sauropsida_MACSE,152,155,0.0314528939909255,0.0970425231861608,0.193774634171695,0.6666666666666666,0.6757493188010899,False,False,False,False,ADD,other,0.9356329831365494,0.2264911389802355,0.950437529200736,0.03156278937685862,0.5054970961814098,0.06772215351123023,0.09563292727049677,0.18625889499803558,0.6666666666666666,0.6757493188010899,False,False,False,False
Sauropsida,MACSE,Sauropsida_MACSE,153,156,0.2955833345203518,0.9897567754145744,1.0,0.6666666666666666,0.6757493188010899,False,False,False,False,ADD,other,0.6042024206870595,0.4144270004486931,0.6337671157089718,0.2943924093467976,0.1863091460311978,0.1895381360600223,0.9879852381903491,1.0,0.6666666666666666,0.6757493188010899,False,False,False,False
Sauropsida,MACSE,Sauropsida_MACSE,154,157,0.2030262148902952,0.5412311446627289,0.7021329012115665,0.6666666666666666,0.6757493188010899,False,False,False,False,ADD,other,0.8786483137723863,0.5443375170255547,0.7260120621864399,0.2047241252571308,0.4804015244307115,0.2803602997523967,0.5538037010095151,0.7103964716397918,0.6666666666666666,0.6757493188010899,False,False,False,False
Sauropsida,MACSE,Sauropsida_MACSE,155,158,0.1950886467221109,0.6729474489500512,0.784753764919809,0.6666666666666666,0.6757493188010899,False,False,False,False,ADD,other,1.503336708639924,1.051135405825506,0.5057084747981407,0.2176048790496634,0.8962127082301152,0.7425196508431132,0.7696504509730743,0.8665017855285005,0.6666666666666666,0.6757493188010899,False,False,False,False
Sauropsida,MACSE,Sauropsida_MACSE,156,159,0.4956296351679803,0.5758645608488022,0.7286449545433824,0.4908162012651435,0.6757493188010899,False,False,False,False,ADD,other,0.7085525269969719,0.7308041132392259,0.401501283907601,0.4987760791998735,0.2437338102534921,0.4445345328492569,0.5791901673147728,0.7328528647656308,0.4934288249767734,0.6757493188010899,False,False,False,False
Sauropsida,MACSE,Sauropsida_MACSE,157,160,0.0303007578762154,1.0,1.0,1.0,1.0,False,False,False,False,ADD,other,2.549601654554925,0.0927905031818299,0.9553700087127566,0.0283176049658738,0.0,0.0,1.0,1.0,1.0,1.0,False,False,False,False
Sauropsida,MACSE,Sauropsida_MACSE,158,161,0.0271288662348795,0.0438680919380403,0.1097640635226562,0.6666666666666666,0.6757493188010899,False,False,False,False,ADD,other,1.553892723880436,0.4662510684791513,0.9523959636870041,0.02640876405997541,1.026086439488473,0.2420425696297016,0.04307888762900347,0.10947541206988591,0.6666666666666666,0.6757493188010899,False,False,False,False
Sauropsida,MACSE,Sauropsida_MACSE,159,162,0.6647254640645412,0.2367948610159135,0.3796883116289647,0.2529417624738316,0.6757493188010899,False,False,False,False,ADD,other,0.5641813843540044,0.7610646027201259,0.249149955978984,0.667640145488158,0.1576718442450994,0.4872917527732218,0.2404167447579968,0.3805745917020204,0.255589284291457,0.6757493188010899,False,False,False,False
Sauropsida,MACSE,Sauropsida_MACSE,160,163,0.1625668228671637,0.3334128363575474,0.4788786684363229,0.6666666666666666,0.6757493188010899,False,False,False,False,ADD,other,1.495592442381274,0.9050060130786112,0.625882630123563,0.2133564532787862,1.024318877999471,0.5542958719857769,0.4698189498181704,0.6286785947207172,0.6666666666666666,0.6757493188010899,False,False,False,False
Sauropsida,MACSE,Sauropsida_MACSE,161,164,0.0382057545607235,0.0499125245552298,0.1190221739393943,0.6666666666666666,0.6757493188010899,False,False,False,False,ADD,other,0.6545330244456002,0.1177192593080964,0.9412751542249799,0.03776055756958682,0.2654436605261686,7.791222064571737e-07,0.04939117532889603,0.1155023112226277,0.6666666666666666,0.6757493188010899,False,False,False,False
Sauropsida,MACSE,Sauropsida_MACSE,162,165,0.000940122202498,0.0016413744495453,0.0094403065981125,0.6666666666666666,0.6757493188010899,False,False,False,False,ADD,other,1.279038281671391,0.05249819274999647,0.9982618079463482,0.0009214927050079462,0.8765219572297447,4.252912719127373e-07,0.001787182400792675,0.009061518514265818,0.6666666666666666,0.6757493188010899,False,False,False,False
Sauropsida,MACSE,Sauropsida_MACSE,163,166,0.1014254484590728,0.2773921246223374,0.4229093047520882,0.6666666666666666,0.6757493188010899,False,False,False,False,ADD,other,2.179209925314595,1.073198925752676,0.7687822010430367,0.06483924735431955,1.437701530566418,0.7060077697906373,0.2242708296959985,0.3596066752022045,0.6666666666666666,0.6757493188010899,False,False,False,False
Sauropsida,MACSE,Sauropsida_MACSE,164,167,0.3509112123282099,0.4860541512912917,0.6434595881863363,0.4335234274808552,0.6757493188010899,False,False,False,False,ADD,other,0.3704534143779754,0.2232106333200612,0.5542455109594399,0.3535565111540599,3.436383947471017e-06,0.06436623710921148,0.4866799553343359,0.6420033453346559,0.4340219116019727,0.6757493188010899,False,False,False,False
Sauropsida,MACSE,Sauropsida_MACSE,165,168,0.001017703510055,0.0003525426131785,0.003642940336178,0.6666666666666666,0.6757493188010899,False,False,False,False,ADD,other,14.93044102941266,0.4175279148875461,0.9998725095533576,2.351278138087446e-05,11.37308555121171,0.1824027424824068,5.329388285346681e-06,0.0002540042341427351,0.6666666666666666,0.6757493188010899,False,False,False,False
Sauropsida,MACSE,Sauropsida_MACSE,166,169,0.0079521525060616,0.0439646383464402,0.1097640635226562,0.6666666666666666,0.6757493188010899,False,False,False,False,ADD,other,0.9851406191120189,0.05453231803892407,0.9857281292012059,0.007458060818827064,0.4206808865202023,1.451943389911886e-07,0.0438980391018422,0.10959778889855905,0.6666666666666666,0.6757493188010899,False,False,False,False
Sauropsida,MACSE,Sauropsida_MACSE,167,170,0.04261323956164,0.0744076697194324,0.161869316582625,0.0825400051929291,0.6757493188010899,False,False,False,False,ADD,other,2.277444060953713,0.7532208039808915,0.9066218607496934,0.0408218081808082,1.764999707257935,0.3765718195345287,0.0472651125529947,0.1117477748997572,0.08411134656302333,0.6757493188010899,False,False,False,False
Sauropsida,MACSE,Sauropsida_MACSE,168,171,7.907060921399983e-05,1.626841523483247e-05,0.0005501682243052,0.6666666666666666,0.6757493188010899,False,False,False,False,ADD,other,3.191984482503394,0.2073129387326706,0.9997211191542634,0.0001175335274573167,3.026546146363357,0.06713099149153813,3.480411819678508e-05,0.0006473565984602026,0.6666666666666666,0.6757493188010899,False,False,False,False
Sauropsida,MACSE,Sauropsida_MACSE,169,172,0.0016772754805853,0.0044518480311859,0.0207010933450145,0.6666666666666666,0.6757493188010899,False,False,False,False,ADD,other,1.299583698475087,0.05065388213932325,0.9990574492943368,0.000485616774194984,0.8713401443726633,1.676856313775985e-07,0.000964670337367135,0.005520882546162681,0.6666666666666666,0.6757493188010899,False,False,False,False
Sauropsida,MACSE,Sauropsida_MACSE,170,174,0.2992844480469531,0.8892358137983124,0.9424379565041944,0.6396900653435765,0.6757493188010899,False,False,False,False,linker,other,0.6668411420002976,0.5647576963358917,0.537421702487189,0.3851268104957275,0.2689254072764353,0.2961337665223046,0.9354909573870409,0.9830582942033311,0.3020710505058278,0.6757493188010899,False,False,False,False
Sauropsida,MACSE,Sauropsida_MACSE,171,175,0.02763308188672,0.042871718637595,0.1097640635226562,0.6666666666666666,0.6757493188010899,False,False,False,False,linker,other,3.692088032381545,1.022004169634476,0.9059904523808646,0.0309163829495613,3.786702208507012,0.6562230325304178,0.04481711337397354,0.11041037202065004,0.6666666666666666,0.6757493188010899,False,False,False,False
Sauropsida,MACSE,Sauropsida_MACSE,172,176,0.0054850180757532,0.0447431557953011,0.1109630263723469,0.6117395673562391,0.6757493188010899,False,False,False,False,linker,other,3.173500971356915,1.077696125680596,0.992101964827271,0.0004308922039992632,2.787918965580383,0.721465914879889,0.00797215392974715,0.02824420249396133,0.6666666666666666,0.6757493188010899,False,False,False,False
Sauropsida,MACSE,Sauropsida_MACSE,173,177,0.0473651699405379,0.1228624710029953,0.2368126384099184,0.6120164084575739,0.6757493188010899,False,False,False,False,linker,other,3.61462314623601,1.392592364070986,0.8049403881027614,0.04927088298719307,3.617856173770842,0.9744277738014986,0.1236566173149631,0.23350386619881355,0.5492707227412186,0.6757493188010899,False,False,False,False
Sauropsida,MACSE,Sauropsida_MACSE,174,178,0.0172767335024479,0.0652850982917767,0.1445598605032199,0.6666666666666666,0.6757493188010899,False,False,False,False,C_terminal_MTase_like,other,1.114632882322689,0.2062670696887049,0.9718775016987791,0.01727883420359281,0.6054457289298337,0.06503354321718816,0.06601709363901509,0.1419558314087492,0.6666666666666666,0.6757493188010899,False,False,False,False
Sauropsida,MACSE,Sauropsida_MACSE,175,179,0.0268809181322365,0.0462635373543727,0.1127329171986599,0.3578325091198011,0.6757493188010899,False,False,False,False,C_terminal_MTase_like,other,1.60723171881932,0.2616134673454286,0.9794583887457547,0.01239811794852451,1.31118674568688,0.09010002154888679,0.01344595089412137,0.04311977355700991,0.3803859958733885,0.6757493188010899,False,False,False,False
Sauropsida,MACSE,Sauropsida_MACSE,176,180,0.3700166249001217,0.9729332728516464,0.9970555854016871,0.6666666666666666,0.6757493188010899,False,False,False,False,C_terminal_MTase_like,other,0.8728478441573903,0.7642856189524114,0.4999718803261512,0.3723316163072448,0.4586255222073549,0.4386520823338413,0.9635764958454878,0.9961833572102451,0.6666666666666666,0.6757493188010899,False,False,False,False
Sauropsida,MACSE,Sauropsida_MACSE,177,181,0.0085698837174358,0.0117746867348657,0.0405467145730341,0.6666666666666666,0.6757493188010899,False,False,False,False,C_terminal_MTase_like,other,2.702836772425215,0.6535023074995622,0.9859594160291403,0.003837434232196279,1.963828953957567,0.350952952894207,0.005932599909435954,0.023147686743492435,0.6666666666666666,0.6757493188010899,False,False,False,False
Sauropsida,MACSE,Sauropsida_MACSE,178,182,0.0115002759178493,0.0079248193375888,0.0303920906554952,0.6666666666666666,0.6757493188010899,False,False,False,False,C_terminal_MTase_like,other,1.932711007325689,0.3350711064395613,0.9753600559960146,0.01159133996785278,1.335291346082861,0.1070441182033025,0.007464889351503801,0.026701334988071288,0.6666666666666666,0.6757493188010899,False,False,False,False
Sauropsida,MACSE,Sauropsida_MACSE,179,183,0.075774138765892,0.6120018541506919,0.7524776898974799,0.0777783533212529,0.6757493188010899,False,False,False,False,C_terminal_MTase_like,other,2.466895291472574,1.485769208875168,0.664161355601562,0.08157371750258349,1.522703504133926,1.142426639684565,0.6330216312212156,0.7697567811905897,0.05808741453708333,0.6757493188010899,False,False,False,False
Sauropsida,MACSE,Sauropsida_MACSE,180,184,0.236914619541121,0.6886026891818671,0.7980068547528179,0.6666666666666666,0.6757493188010899,False,False,False,False,C_terminal_MTase_like,other,0.8737454969308162,0.6334011703712547,0.6733723455818308,0.2370353527398991,0.4900691855692026,0.3643336919678608,0.6890185268786255,0.8109189620626174,0.6628360428456606,0.6757493188010899,False,False,False,False
Sauropsida,MACSE,Sauropsida_MACSE,181,185,0.0833462894578867,0.0854928175031691,0.1796798198371691,0.6666666666666666,0.6757493188010899,False,False,False,False,C_terminal_MTase_like,other,4.159633544957507,0.5616806473082913,0.8828735394899342,0.0814809707831777,3.858748813327765,0.261988135387943,0.08809308956215756,0.17524400704343643,0.6666666666666666,0.6757493188010899,False,False,False,False
Sauropsida,MACSE,Sauropsida_MACSE,182,186,0.0250689934740753,0.0377028956557904,0.1015303801721752,0.6666666666666666,0.6757493188010899,False,False,False,False,C_terminal_MTase_like,other,1.354663983259565,0.3424871616388513,0.9459872890619246,0.03530690152495507,0.9692326182320651,0.1482279163161671,0.0627415536312822,0.13569684855137779,0.6666666666666666,0.6757493188010899,False,False,False,False
Sauropsida,MACSE,Sauropsida_MACSE,183,187,0.0482074657920974,0.0974082166400724,0.193774634171695,0.4123778828048583,0.6757493188010899,False,False,False,False,C_terminal_MTase_like,other,1.111299748341007,0.367103013412836,0.9278773910892607,0.04752850860220303,0.7326950415003839,0.1566724534898562,0.09537979570412825,0.18625889499803558,0.3754417163047002,0.6757493188010899,False,False,False,False
Sauropsida,MACSE,Sauropsida_MACSE,184,188,0.0054810169120169,0.0081175444015271,0.0307314713473634,0.6666666666666666,0.6757493188010899,False,False,False,False,C_terminal_MTase_like,other,1.996188882598377,0.2073768239858644,0.9959708793978947,0.002198416807042294,1.449541015692505,0.06773334682438817,0.002359641185700978,0.011399824949100829,0.6666666666666666,0.6757493188010899,False,False,False,False
Sauropsida,MACSE,Sauropsida_MACSE,185,189,0.033829663475658,0.0710250134060161,0.1560209005400661,0.6666666666666666,0.6757493188010899,False,False,False,False,C_terminal_MTase_like,other,1.342783059348918,0.4640463681992837,0.9423975400030994,0.03260200336713766,0.8938555391089439,0.2527044524208788,0.06979893575605167,0.14922531092673116,0.6666666666666666,0.6757493188010899,False,False,False,False
Sauropsida,MACSE,Sauropsida_MACSE,186,190,0.0118347186633918,0.0203999501965322,0.0616974103504879,0.0264799794546153,0.44775237986895,False,False,False,False,C_terminal_MTase_like,other,1.117012211401921,0.3209997491395488,0.9670893144375794,0.01937275231243327,0.8123928972389923,0.1385608967920245,0.02834007653460791,0.08172487186724141,0.2106185307587981,0.6757493188010899,False,False,False,False
Sauropsida,MACSE,Sauropsida_MACSE,187,191,7.640065576050204e-05,1.113650567019508e-05,0.0004603089010347,0.6666666666666666,0.6757493188010899,False,False,False,False,C_terminal_MTase_like,other,8.198864247831661,0.4901892399093366,0.9997942451794863,4.601514914960323e-05,6.120932992258952,0.2432661211759486,6.468799895520405e-06,0.00026737706234817676,0.6666666666666666,0.6757493188010899,False,False,False,False
Sauropsida,MACSE,Sauropsida_MACSE,188,192,0.0253272143012186,0.0494594255447485,0.1187026213073966,0.6666666666666666,0.6757493188010899,False,False,False,False,C_terminal_MTase_like,other,1.33464103879732,0.3751849739702307,0.9558499193588069,0.02538901372170501,0.8485864247923308,0.1668525755581688,0.04967841342908719,0.1155023112226277,0.6666666666666666,0.6757493188010899,False,False,False,False
Sauropsida,MACSE,Sauropsida_MACSE,189,193,0.0142203110345061,0.0392618120108138,0.1035843550923598,0.6666666666666666,0.6757493188010899,False,False,False,False,C_terminal_MTase_like,other,0.8964136007513955,0.2158334918776143,0.9743860873905746,0.01509101802244265,0.5243733071168719,0.06914688981503671,0.04055725308855751,0.10624857851368587,0.6666666666666666,0.6757493188010899,False,False,False,False
Sauropsida,MACSE,Sauropsida_MACSE,190,194,0.0195773067435564,0.0521351116974787,0.1219764877450446,0.3290853799628347,0.6757493188010899,False,False,False,False,C_terminal_MTase_like,other,0.8915235951800153,0.2327834226459419,0.9666942851994096,0.02029922979245415,0.5155106808044202,0.07592701205854717,0.05313675610447355,0.11999755765071086,0.3038006012852025,0.6757493188010899,False,False,False,False
Sauropsida,MACSE,Sauropsida_MACSE,191,195,0.0004259193612256,0.0002207464442904,0.0029045643397449,0.6666666666666666,0.6757493188010899,False,False,False,False,C_terminal_MTase_like,other,2.599957918992411,0.2059396256443344,0.9989981190631156,0.0004749350579849493,1.777650191964183,0.07171420724202139,0.0002712072520697495,0.0025505829333376533,0.6666666666666666,0.6757493188010899,False,False,False,False
Sauropsida,MACSE,Sauropsida_MACSE,192,196,0.0116760301444111,0.0539713409980666,0.1247039680203776,0.6666666666666666,0.6757493188010899,False,False,False,False,C_terminal_MTase_like,other,0.9791271128233019,0.0664981396050634,0.9808266306659413,0.01085779421763265,0.4235079370107717,9.635106635164652e-07,0.05354729723123119,0.11999755765071086,0.6666666666666666,0.6757493188010899,False,False,False,False
Sauropsida,MACSE,Sauropsida_MACSE,193,197,0.0109312378729274,0.0205692018842171,0.0617076056526515,0.6666666666666666,0.6757493188010899,False,False,False,False,C_terminal_MTase_like,other,1.175004770865905,0.1957344374051672,0.9793252881349316,0.01219092938303135,0.8660506086643862,0.05743797803417523,0.02486100939193325,0.07339917058570769,0.6666666666666666,0.6757493188010899,False,False,False,False
Sauropsida,MACSE,Sauropsida_MACSE,194,198,0.0084432979353026,0.0065862740187948,0.026631455815127,0.6666666666666666,0.6757493188010899,False,False,False,False,C_terminal_MTase_like,other,2.021042961066206,0.2880979759492751,0.9861240441759401,0.00826229275949555,1.887456738348124,0.1258287433242738,0.007274325879660259,0.026272322594501126,0.6666666666666666,0.6757493188010899,False,False,False,False
Sauropsida,MACSE,Sauropsida_MACSE,195,199,0.0182993841108013,0.0836263862188207,0.1777658038480076,0.6666666666666666,0.6757493188010899,False,False,False,False,C_terminal_MTase_like,other,0.8147720566561952,0.06970935490736677,0.9682595990903347,0.01772658994015687,0.2553124089309902,8.619529295589425e-07,0.08404127518033488,0.17083800200592666,0.6666666666666666,0.6757493188010899,False,False,False,False
Sauropsida,MACSE,Sauropsida_MACSE,196,200,0.0802559390725051,0.2380003225196725,0.3799833475421381,0.3755602718975104,0.6757493188010899,False,False,False,False,C_terminal_MTase_like,other,0.8978130326295687,0.3953110766794217,0.8804669726306742,0.08175871013070177,0.5159822109080863,0.1944890240569567,0.2487606714222345,0.39035150983501565,0.4237887001212226,0.6757493188010899,False,False,False,False
Sauropsida,MACSE,Sauropsida_MACSE,197,201,0.0067161989042943,0.0273222706037715,0.0775869058366643,0.6666666666666666,0.6757493188010899,False,False,False,False,C_terminal_MTase_like,other,3.11078641953584,1.070042536970479,0.9671276235840779,0.005227004839619508,2.714772319052297,0.670985137591569,0.02250660410363581,0.06751981231090742,0.6666666666666666,0.6757493188010899,False,False,False,False
Sauropsida,MACSE,Sauropsida_MACSE,198,202,0.0001154210657409,5.319648380008868e-05,0.0010415311565069,0.6666666666666666,0.6757493188010899,False,False,False,False,C_terminal_MTase_like,other,2.22918656752496,0.0644819919172621,0.9998875560559772,5.362395491697968e-05,2.019714948944921,2.094690421888209e-07,2.180388450112591e-05,0.0005621119241086733,0.6666666666666666,0.6757493188010899,False,False,False,False
Sauropsida,MACSE,Sauropsida_MACSE,199,203,0.0673044268394383,0.1685511023698378,0.2958611276306612,0.6666666666666666,0.6757493188010899,False,False,False,False,C_terminal_MTase_like,other,0.8561471298717628,0.2708196683666894,0.9404918945198533,0.0387160523937583,0.4873643982834971,0.08512453956807149,0.07938105996950828,0.1649706944617714,0.6666666666666666,0.6757493188010899,False,False,False,False
Sauropsida,MACSE,Sauropsida_MACSE,200,204,0.1595646381208404,0.3976979830674982,0.5480631177641212,0.6666666666666666,0.6757493188010899,False,False,False,False,C_terminal_MTase_like,other,1.040451933039989,0.5391752193992596,0.7840949658064715,0.1554932887493851,0.6379320730875216,0.2821335863783615,0.3891480386245815,0.5390549812745145,0.6666666666666666,0.6757493188010899,False,False,False,False
Sauropsida,MACSE,Sauropsida_MACSE,201,205,0.109433670607563,0.1660914555512489,0.2956268969620315,0.6666666666666666,0.6757493188010899,False,False,False,False,C_terminal_MTase_like,other,1.750584252654759,0.9056422828210856,0.7392779592527551,0.1212630037623851,1.344136296194751,0.5187164099429085,0.1690599535346025,0.2938799192283744,0.6666666666666666,0.6757493188010899,False,False,False,False
Sauropsida,MACSE,Sauropsida_MACSE,202,206,0.4269081312343777,0.7453738180128044,0.8380244624365281,0.5833676212412049,0.6757493188010899,False,False,False,False,C_terminal_MTase_like,other,1.040709834964342,0.9861567913521893,0.3467128362911543,0.4295210404069104,0.5624434279634578,0.7245371648112319,0.7630809995575987,0.8628149903812362,0.5937902406414381,0.6757493188010899,False,False,False,False
Sauropsida,MACSE,Sauropsida_MACSE,203,207,0.0003981321266642,0.000653571449487,0.0051101197723144,0.6666666666666666,0.6757493188010899,False,False,False,False,C_terminal_MTase_like,other,1.194252988161481,0.04704152664662817,0.9992873411972034,0.0003594342541382781,0.7532133904396797,1.819617063299462e-06,0.0006478531086488992,0.0043035956503105445,0.6666666666666666,0.6757493188010899,False,False,False,False
Sauropsida,MACSE,Sauropsida_MACSE,204,208,0.0027991035545242,0.0058547858984028,0.0247497767523392,0.6666666666666666,0.6757493188010899,False,False,False,False,C_terminal_MTase_like,other,1.2407187998024,0.06059283376575965,0.995347606081728,0.002590226421764131,0.896928435696311,9.974678865426557e-09,0.00597359657896579,0.023147686743492435,0.6666666666666666,0.6757493188010899,False,False,False,False
Sauropsida,MACSE,Sauropsida_MACSE,205,209,0.0013379598862029,0.0009846121758201,0.0065406380250908,0.6666666666666666,0.6757493188010899,False,False,False,False,C_terminal_MTase_like,other,1.296459140694459,0.0740534638375986,0.998738427319109,0.0005365816838825475,0.977420926858004,3.681764499554597e-08,0.0003220210193993767,0.002722541345831094,0.6666666666666666,0.6757493188010899,False,False,False,False
Sauropsida,MACSE,Sauropsida_MACSE,206,210,0.0132789578081806,0.0245395387910785,0.0713180346115719,0.6666666666666666,0.6757493188010899,False,False,False,False,C_terminal_MTase_like,other,1.227258816935878,0.308469110938543,0.9764055249682503,0.01348035225367372,0.7888678034025528,0.1301971078256542,0.02517003991662403,0.07372641613373337,0.4612996348385568,0.6757493188010899,False,False,False,False
Sauropsida,MACSE,Sauropsida_MACSE,207,211,0.7522233800225467,0.0852989987740713,0.1796798198371691,0.0940707944510755,0.6757493188010899,False,False,False,False,C_terminal_MTase_like,other,0.4743084451535624,0.8231077906516864,0.1670077851758675,0.7620907268584172,1.923023719778452e-08,0.5516072817421174,0.08021907918077353,0.16578609697359864,0.102722371039404,0.6757493188010899,False,False,False,False
Sauropsida,MACSE,Sauropsida_MACSE,208,212,0.101336546579168,0.1582044699024437,0.2856896252607235,0.6666666666666666,0.6757493188010899,False,False,False,False,C_terminal_MTase_like,other,1.197367570688001,0.5484798979727546,0.84940184404507,0.0999104481765163,0.8898036135249004,0.2829512440833874,0.1585642967005234,0.27823546402167315,0.6666666666666666,0.6757493188010899,False,False,False,False
Sauropsida,MACSE,Sauropsida_MACSE,209,213,0.3423085445755787,0.8819219521092627,0.9400428830505608,0.4968779717278325,0.6757493188010899,False,False,False,False,C_terminal_MTase_like,other,1.059478054813924,0.8291479695849876,0.505291826949166,0.3607583657128852,0.5737497073236663,0.5087337343029295,0.9167968467317463,0.9661428526464862,0.5046755582806823,0.6757493188010899,False,False,False,False
Sauropsida,MACSE,Sauropsida_MACSE,210,214,0.1602997779546372,0.5204083328504617,0.679269823931129,0.6666666666666666,0.6757493188010899,False,False,False,False,C_terminal_MTase_like,other,0.6472759614304316,0.3334352320775584,0.7784317933178639,0.1619853215725951,0.2585623188507147,0.1355425364967703,0.5252568059843695,0.6761091066650017,0.6666666666666666,0.6757493188010899,False,False,False,False
Sauropsida,MACSE,Sauropsida_MACSE,211,215,0.0828076819935188,0.1541812750890195,0.2797826065030012,0.6389217919329189,0.6757493188010899,False,False,False,False,C_terminal_MTase_like,other,1.205735871430833,0.4303078913005554,0.885328527213922,0.07967236078588123,0.9078669916097213,0.2086661613488512,0.1510597165588726,0.27016449307644524,0.6354456820463928,0.6757493188010899,False,False,False,False
Sauropsida,MACSE,Sauropsida_MACSE,212,216,1.792812949262552e-06,6.439293507298771e-07,7.984723949050476e-05,0.6666666666666666,0.6757493188010899,False,False,False,False,C_terminal_MTase_like,other,2.729296642504039,0.07980874187371184,0.999994248378911,1.612829079009713e-06,2.008251441618783,5.286149247018226e-07,6.52254332433877e-07,5.8814233937454216e-05,0.6666666666666666,0.6757493188010899,False,False,False,False
Sauropsida,MACSE,Sauropsida_MACSE,213,217,0.0390793787364585,0.0712998739027184,0.1560209005400661,0.269193078985817,0.6757493188010899,False,False,False,False,C_terminal_MTase_like,other,1.932235182801126,0.728926294198133,0.8874268502478198,0.04680247147341334,1.292317170832525,0.3904871830312129,0.07456479398763238,0.1576028600193139,0.3709935161849188,0.6757493188010899,False,False,False,False
Sauropsida,MACSE,Sauropsida_MACSE,214,218,0.013326980807249,0.0163239502130541,0.0510294914223204,0.2967147348314161,0.6757493188010899,False,False,False,False,C_terminal_MTase_like,other,1.27980618658992,0.4588300010572353,0.9364102138414601,0.02742199425228686,0.939536311156368,0.2060089353105087,0.03916841393058879,0.10558442016071762,0.6561260334301766,0.6757493188010899,False,False,False,False
Sauropsida,MACSE,Sauropsida_MACSE,215,219,0.0293611817287467,0.0577297395971936,0.1325645872231853,0.2678559957829436,0.6757493188010899,False,False,False,False,C_terminal_MTase_like,other,1.214115144124764,0.3204410802882444,0.9542950712398084,0.0290640155535491,0.8249121344959464,0.1372655438087595,0.05781611626023309,0.12726387721187402,0.2472704451692225,0.6757493188010899,False,False,False,False
Sauropsida,MACSE,Sauropsida_MACSE,216,220,0.0106737133061962,0.0090764402881109,0.0330484248470356,0.6666666666666666,0.6757493188010899,False,False,False,False,C_terminal_MTase_like,other,1.633738231556218,0.2643567262712549,0.9801475963374585,0.01188888945302653,1.381344953642944,0.09083382948738898,0.01103676841194701,0.03698808873193052,0.6666666666666666,0.6757493188010899,False,False,False,False
Sauropsida,MACSE,Sauropsida_MACSE,217,221,0.4110595846620994,0.8600690044500674,0.9193841082052444,0.6204592440708516,0.6757493188010899,False,False,False,False,C_terminal_MTase_like,other,0.789134858891674,0.7157049671782175,0.5025213435907289,0.3862696914905548,0.417117695094939,0.4327567870438123,0.9640033230741928,0.9961833572102451,0.6666666666666666,0.6757493188010899,False,False,False,False
Sauropsida,MACSE,Sauropsida_MACSE,218,222,0.5155697600235416,0.2816112378051645,0.424127046411017,0.290021992544872,0.6757493188010899,False,False,False,False,C_terminal_MTase_like,other,0.5075818942683994,0.5091770783060552,0.4226183001625108,0.5146000034625345,3.195590720824792e-05,0.2530779924067785,0.281508731695673,0.420567261810403,0.2901757204593474,0.6757493188010899,False,False,False,False
Sauropsida,MACSE,Sauropsida_MACSE,219,223,0.007732733908315,0.0432532756135839,0.1097640635226562,0.6666666666666666,0.6757493188010899,False,False,False,False,C_terminal_MTase_like,other,0.9921587877118205,0.05454669616029004,0.986046236169976,0.007262855979764161,0.4331306206888156,2.772399459407469e-07,0.04326044509213234,0.10947541206988591,0.6666666666666666,0.6757493188010899,False,False,False,False
Sauropsida,MACSE,Sauropsida_MACSE,220,224,0.2684495847974579,0.8111932383114753,0.8901589517754243,0.6666666666666666,0.6757493188010899,False,False,False,False,C_terminal_MTase_like,other,0.4279932669986498,0.2663928342395224,0.6360914296180905,0.2676583999506778,0.1118003409326046,0.07954540956223023,0.8119928330759021,0.8936725855154899,0.6666666666666666,0.6757493188010899,False,False,False,False
Sauropsida,MACSE,Sauropsida_MACSE,221,225,0.0002185464830169,0.0003987855969974,0.0040094119481907,0.6666666666666666,0.6757493188010899,False,False,False,False,C_terminal_MTase_like,other,1.224788635194251,0.0405559369227152,0.9995911959048474,0.0001959819466407509,0.8129755526290542,8.003788444600621e-08,0.0004031551544250167,0.0031244524467938795,0.6666666666666666,0.6757493188010899,False,False,False,False
Sauropsida,MACSE,Sauropsida_MACSE,222,226,0.0247219895523289,0.014945306730452,0.0489182355833438,0.6666666666666666,0.6757493188010899,False,False,False,False,C_terminal_MTase_like,other,2.635964289309764,0.6328008561193327,0.9489516571159752,0.02497407823846564,2.381865355156245,0.3222783472887035,0.01491526816180189,0.04702101488296867,0.6666666666666666,0.6757493188010899,False,False,False,False
Sauropsida,MACSE,Sauropsida_MACSE,223,227,0.1826328448991642,0.5096502614991121,0.6675700608368652,0.2056240049244165,0.6757493188010899,False,False,False,False,C_terminal_MTase_like,other,1.071671356148717,0.8124230081933437,0.5960586005451863,0.2375187315127776,0.6488005572290242,0.4988051932894319,0.6953848088655241,0.8109189620626174,0.01447753828184795,0.3846888743462455,False,False,False,False
Sauropsida,MACSE,Sauropsida_MACSE,224,228,0.4270701978445401,0.6836375802559054,0.79472868704749,0.5455796502542973,0.6757493188010899,False,False,False,False,C_terminal_MTase_like,other,0.904002819937885,0.923619832903608,0.3544706797467743,0.447552245277103,0.4621449535600741,0.6618128015850183,0.6474249872215003,0.775707722260376,0.5258064027027103,0.6757493188010899,False,False,False,False
Sauropsida,MACSE,Sauropsida_MACSE,225,229,3.772885366753296e-05,1.829621369975332e-05,0.0005671826246923,0.6666666666666666,0.6757493188010899,False,False,False,False,C_terminal_MTase_like,other,2.069463255988731,0.05968311399364548,0.9999403311344456,2.589584994565957e-05,1.47032584458065,3.9961031403284e-08,1.36402515614753e-05,0.00046128850735171014,0.6666666666666666,0.6757493188010899,False,False,False,False
Sauropsida,MACSE,Sauropsida_MACSE,226,230,0.0468224559324899,0.1683408277293224,0.2958611276306612,0.6666666666666666,0.6757493188010899,False,False,False,False,C_terminal_MTase_like,other,2.207703605952158,0.9521264102434072,0.8374726687367055,0.05626525090969488,1.3850247582026,0.5679224401823149,0.1760053339284348,0.30172342959160253,0.6666666666666666,0.6757493188010899,False,False,False,False
Sauropsida,MACSE,Sauropsida_MACSE,227,231,0.034154274084953,0.0318628226205981,0.0890132893014067,0.6666666666666666,0.6757493188010899,False,False,False,False,C_terminal_MTase_like,other,1.916166050777544,0.5795338324109953,0.9103926441219304,0.0541241509242923,1.681937336815883,0.30465146918143,0.05298404216687169,0.11999755765071086,0.6666666666666666,0.6757493188010899,False,False,False,False
Sauropsida,MACSE,Sauropsida_MACSE,228,232,0.0514078583306,0.1949343175643339,0.3281247336377023,0.6666666666666666,0.6757493188010899,False,False,False,False,C_terminal_MTase_like,other,0.9943582507709671,0.3065354172584718,0.924547795842598,0.05090123784494609,0.5242011764645408,0.1354155684970911,0.1967482619622339,0.32674264933013847,0.6666666666666666,0.6757493188010899,False,False,False,False
Sauropsida,MACSE,Sauropsida_MACSE,229,233,0.2420691043200023,0.579735170709649,0.7310558762847099,0.6666666666666666,0.6757493188010899,False,False,False,False,C_terminal_MTase_like,other,1.113556984247745,0.7359423909459779,0.6396875741689959,0.2502444986601309,0.6762058763338766,0.4204138854198782,0.5940091988492684,0.7457036262234746,0.6666666666666666,0.6757493188010899,False,False,False,False
Sauropsida,MACSE,Sauropsida_MACSE,230,234,0.1036802348342076,0.2516114147739393,0.3966078232877348,0.6178622434412914,0.6757493188010899,False,False,False,False,C_terminal_MTase_like,other,1.089210338643049,0.4465995855378001,0.8576085611027983,0.1005791817941288,0.6815923434303442,0.2126636011779249,0.2466079339707294,0.38872098066572597,0.5602078252474062,0.6757493188010899,False,False,False,False
Sauropsida,MACSE,Sauropsida_MACSE,231,235,0.216602153686122,0.7456615512540075,0.8380244624365281,0.5709708003225414,0.6757493188010899,False,False,False,False,C_terminal_MTase_like,other,1.402584793034872,0.430158392970899,0.7442660350717455,0.2103251163597392,0.004162431067414913,0.1774916895873462,0.751599511250917,0.8550306366524194,0.5733794290296585,0.6757493188010899,False,False,False,False
Sauropsida,MACSE,Sauropsida_MACSE,232,236,0.0001460786013239,0.0001272212688611,0.0022536339055396,0.6666666666666666,0.6757493188010899,False,False,False,False,C_terminal_MTase_like,other,1.544051413389632,0.04752364048315252,0.9998713741605915,5.822567532769514e-05,1.122130840049023,7.205482020577015e-07,3.792622462084339e-05,0.0006718359789977972,0.6666666666666666,0.6757493188010899,False,False,False,False
Sauropsida,MACSE,Sauropsida_MACSE,233,237,0.0012321099316247,0.0018888002074336,0.0101830967705118,0.6666666666666666,0.6757493188010899,False,False,False,False,C_terminal_MTase_like,other,1.700261868196876,0.2431606252539354,0.9953284878296681,0.002438503346370898,1.095880861113615,0.111161187999309,0.00449442206736006,0.018785674259078004,0.6666666666666666,0.6757493188010899,False,False,False,False
Sauropsida,MACSE,Sauropsida_MACSE,234,238,0.1386947396864323,0.4675720158191252,0.6306997117608247,0.6666666666666666,0.6757493188010899,False,False,False,False,C_terminal_MTase_like,other,0.8637556540722868,0.3606350799810546,0.8185303786091602,0.1360913075739749,0.4188843646424789,0.1572261622774505,0.4654060025004984,0.6250217795313552,0.6666666666666666,0.6757493188010899,False,False,False,False
Sauropsida,MACSE,Sauropsida_MACSE,235,239,0.0078929071761598,0.0437819080563571,0.1097640635226562,0.6666666666666666,0.6757493188010899,False,False,False,False,C_terminal_MTase_like,other,0.9853095144556014,0.05457899443368941,0.9857559175378392,0.007432089079288195,0.4206808865202023,1.451943389911886e-07,0.04383109149890974,0.10959778889855905,0.6666666666666666,0.6757493188010899,False,False,False,False
Sauropsida,MACSE,Sauropsida_MACSE,236,240,0.1375336548999082,0.3190900537746425,0.4686805094123868,0.0551086831357564,0.6757493188010899,False,False,False,False,C_terminal_MTase_like,other,1.018022009117933,0.6920709178573977,0.6455496974755468,0.2522762002235417,0.6700903943625669,0.398385610150152,0.5721195581408571,0.7288646425630098,0.6666666666666666,0.6757493188010899,False,False,False,False
Sauropsida,MACSE,Sauropsida_MACSE,237,241,0.1434302418539648,0.389345426996367,0.540588696633703,0.6666666666666666,0.6757493188010899,False,False,False,False,C_terminal_MTase_like,other,1.125122046022695,0.5312899320099571,0.8117011199734494,0.1336796663145576,0.6827013302483848,0.2837559697964525,0.3603513062621485,0.5058516450170537,0.6666666666666666,0.6757493188010899,False,False,False,False
Sauropsida,MACSE,Sauropsida_MACSE,238,242,0.0839010179734869,1.0,1.0,1.0,1.0,False,False,False,False,C_terminal_MTase_like,other,0.6458845094602927,0.07901437979269227,0.8574011081881436,0.0818042074962988,0.0,0.0,1.0,1.0,1.0,1.0,False,False,False,False
Sauropsida,MACSE,Sauropsida_MACSE,239,243,7.831862492892056e-05,5.203633607719915e-05,0.0010415311565069,0.6666666666666666,0.6757493188010899,False,False,False,False,C_terminal_MTase_like,other,1.520620965049302,0.04807144261117734,0.9998101867064593,8.945114292174124e-05,1.10428311030201,1.127849378525596e-06,7.175554838734222e-05,0.0011122110000038044,0.6666666666666666,0.6757493188010899,False,False,False,False
Sauropsida,MACSE,Sauropsida_MACSE,240,244,0.0002863319071498,0.0002807363262574,0.0031646640414478,0.6666666666666666,0.6757493188010899,False,False,False,False,C_terminal_MTase_like,other,1.666810213339654,0.05848605761452418,0.9996929490204933,0.0001493776019397845,1.197608798081077,2.037834187131547e-06,0.0001587231124121624,0.0019046773489459488,0.6666666666666666,0.6757493188010899,False,False,False,False
Sauropsida,MACSE,Sauropsida_MACSE,241,245,6.618916613459936e-05,6.53726292324519e-05,0.0012159309037236,0.6666666666666666,0.6757493188010899,False,False,False,False,C_terminal_MTase_like,other,1.92117003854921,0.05045144321123757,0.9999402144463063,2.683467694219457e-05,1.390442340776236,3.635574209231923e-06,2.577517038249155e-05,0.0005621119241086733,0.6666666666666666,0.6757493188010899,False,False,False,False
Sauropsida,MACSE,Sauropsida_MACSE,242,246,0.0004770994975919,0.0018711445942587,0.0101830967705118,0.6666666666666666,0.6757493188010899,False,False,False,False,C_terminal_MTase_like,other,1.172882027299008,0.03533806016721121,0.9990920832862639,0.0004038166766321962,0.7164172207413361,2.819331609481839e-06,0.00174225940776318,0.00900167360677643,0.6666666666666666,0.6757493188010899,False,False,False,False
Sauropsida,MACSE,Sauropsida_MACSE,243,247,0.0056634064837841,0.0083050353496514,0.0308947315007033,0.6666666666666666,0.6757493188010899,False,False,False,False,C_terminal_MTase_like,other,2.635934772731226,0.3343402172005236,0.9989760244767797,0.0003631146133701085,1.761652892562009,0.1726791666916893,0.0004319620976630523,0.0032793857210337853,0.6666666666666666,0.6757493188010899,False,False,False,False
Sauropsida,MACSE,Sauropsida_MACSE,244,248,0.0214705643984806,0.0373033572293256,0.1012908678051762,0.6666666666666666,0.6757493188010899,False,False,False,False,C_terminal_MTase_like,other,1.455192402670228,0.353058925475313,0.9647142878788494,0.02059093923188945,0.9745479007987072,0.1586566876036095,0.03483037351442841,0.09597702923975827,0.6666666666666666,0.6757493188010899,False,False,False,False
Sauropsida,MACSE,Sauropsida_MACSE,245,249,0.8290628274486449,0.0506131087474829,0.1199240538475391,0.0696881502203559,0.6757493188010899,False,False,False,False,C_terminal_MTase_like,other,0.2679100350834446,0.626904144071064,0.1267136115958593,0.8339221610342261,2.478118460019259e-07,0.352285576361192,0.05023574992042512,0.11607266441241083,0.06913721000313577,0.6757493188010899,False,False,False,False
Sauropsida,MACSE,Sauropsida_MACSE,246,250,0.0190623933940377,0.0179635057597962,0.0552266458069768,0.6666666666666666,0.6757493188010899,False,False,False,False,C_terminal_MTase_like,other,1.766429055157989,0.4031332739108962,0.9651682051197018,0.02055532316271977,1.385881357747924,0.1926090146871374,0.02139422856380024,0.06523486086666959,0.6666666666666666,0.6757493188010899,False,False,False,False
Sauropsida,MACSE,Sauropsida_MACSE,247,251,0.0060000217967765,0.0118510089852043,0.0405467145730341,0.6666666666666666,0.6757493188010899,False,False,False,False,C_terminal_MTase_like,other,2.585422713421281,0.6316224691551455,0.9829120844510897,0.004589623515714661,1.813446516872795,0.3404325346875546,0.008934305516448915,0.031354355208669776,0.6666666666666666,0.6757493188010899,False,False,False,False
Sauropsida,MACSE,Sauropsida_MACSE,248,252,0.0001504316141053,2.229665309294582e-05,0.0005924539250411,0.6666666666666666,0.6757493188010899,False,False,False,False,C_terminal_MTase_like,other,4.247501057166546,0.2598927870580903,0.9995509509570008,0.0001563248459637717,4.084187152416023,0.08915808885559949,2.538909468252637e-05,0.0005621119241086733,0.6666666666666666,0.6757493188010899,False,False,False,False
Sauropsida,MACSE,Sauropsida_MACSE,249,253,0.2516333178394307,0.6441437729688362,0.7668887498018093,0.6666666666666666,0.6757493188010899,False,False,False,False,C_terminal_MTase_like,other,1.340171805493725,0.8837025181353851,0.579602762585992,0.2621830125782865,0.8269298394888254,0.5507783770949438,0.6488101152164788,0.775707722260376,0.6666666666666666,0.6757493188010899,False,False,False,False
Sauropsida,MACSE,Sauropsida_MACSE,250,254,0.0156652783697817,0.0142686480116619,0.0473922951815914,0.6666666666666666,0.6757493188010899,False,False,False,False,C_terminal_MTase_like,other,1.888978148008404,0.551208886854639,0.9259260869461008,0.04481901515861492,1.714163933024634,0.2914649171017852,0.04009048981509189,0.10624857851368587,0.3515022145560904,0.6757493188010899,False,False,False,False
Sauropsida,MACSE,Sauropsida_MACSE,251,255,4.207936494325286e-05,3.717102580647058e-05,0.0008642263500004,0.6666666666666666,0.6757493188010899,False,False,False,False,C_terminal_MTase_like,other,2.482978140424623,0.1639032629021814,0.9998956748591881,4.361094160071759e-05,1.578451048627588,0.05545588112891904,4.504001113136979e-05,0.0007284732235160678,0.6666666666666666,0.6757493188010899,False,False,False,False
Sauropsida,MACSE,Sauropsida_MACSE,252,256,0.0890070583256356,0.2026912006980472,0.335116118487438,0.6666666666666666,0.6757493188010899,False,False,False,False,C_terminal_MTase_like,other,1.099312332028473,0.5078106308529629,0.8636669854072158,0.08942341545811593,0.737604611455166,0.2753634672206073,0.210156983161216,0.3413903831265168,0.6666666666666666,0.6757493188010899,False,False,False,False
Sauropsida,MACSE,Sauropsida_MACSE,253,257,0.0049800499766101,0.0094874735433125,0.0339359630587719,0.3129185687864391,0.6757493188010899,False,False,False,False,C_terminal_MTase_like,other,1.022035536691424,0.1989688232146131,0.9905361680356964,0.005160474547769757,0.6685553303120886,0.06200217511767374,0.009638184244045056,0.03336716001250591,0.2273101128883839,0.6757493188010899,False,False,False,False
Sauropsida,MACSE,Sauropsida_MACSE,254,258,0.1080827402511068,0.938516982534097,0.9779504691951936,0.6472454004774818,0.6757493188010899,False,False,False,False,C_terminal_MTase_like,other,2.673406353103829,0.2838162797109951,0.8664461689766192,0.104515925872556,0.008757186583633454,0.08566634526916767,0.9395069020347553,0.9844973733998,0.647572113160814,0.6757493188010899,False,False,False,False
Sauropsida,MACSE,Sauropsida_MACSE,255,259,0.0004411709089657,0.0001576397453199,0.0025496515330001,0.6666666666666666,0.6757493188010899,False,False,False,False,C_terminal_MTase_like,other,1.935414397214126,0.0795035348338398,0.9991873565216811,0.0004249512459404305,1.900930405929586,1.492386220383765e-05,0.0001772847458497706,0.0019984825895792324,0.6666666666666666,0.6757493188010899,False,False,False,False
Sauropsida,MACSE,Sauropsida_MACSE,256,260,0.21847154246466,0.5614655523772818,0.7202247775322373,0.1671995626031209,0.6757493188010899,False,False,False,False,C_terminal_MTase_like,other,1.342136411569347,0.5798119898709543,0.7868227921927996,0.1561649365813134,1.166079244063146,0.2999437429570727,0.2554771661121694,0.39271696608978107,0.3120529528350068,0.6757493188010899,False,False,False,False
Sauropsida,MACSE,Sauropsida_MACSE,257,261,0.001492799032018,0.0011017992428341,0.0069469375988865,0.6666666666666666,0.6757493188010899,False,False,False,False,C_terminal_MTase_like,other,1.421541890111261,0.07266247106506646,0.9973299015579418,0.001513216527773475,1.233393304285026,1.205597533009385e-07,0.001284612738801538,0.007034655129773082,0.6666666666666666,0.6757493188010899,False,False,False,False
Sauropsida,MACSE,Sauropsida_MACSE,258,262,1.619754703692579e-05,1.987759724264571e-06,0.0001478893234852,0.6666666666666666,0.6757493188010899,False,False,False,False,C_terminal_MTase_like,other,3.088889818845854,0.0803338611822685,0.9999661159500061,1.430269891571986e-05,3.061877360454011,3.180811878838288e-07,2.006561993672662e-06,0.00012440684360770504,0.6666666666666666,0.6757493188010899,False,False,False,False
Sauropsida,MACSE,Sauropsida_MACSE,259,263,0.0015919230961136,0.0006163865109649,0.0051101197723144,0.6666666666666666,0.6757493188010899,False,False,False,False,C_terminal_MTase_like,other,3.026722083601708,0.4034928569725,0.9955683788873159,0.001505545433113098,2.787098514813588,0.1840061960860863,0.0006640932404597955,0.004334082200895507,0.6666666666666666,0.6757493188010899,False,False,False,False
Sauropsida,MACSE,Sauropsida_MACSE,260,264,0.2278251181070962,0.8531996112236253,0.9174819151669624,0.4680325803263516,0.6757493188010899,False,False,False,False,C_terminal_MTase_like,other,1.750650140072378,1.291601423621464,0.4583650858002077,0.2448963717636227,1.123928441662564,1.026116827280027,0.891903602993835,0.9479661151820189,0.4646255662369885,0.6757493188010899,False,False,False,False
Sauropsida,MACSE,Sauropsida_MACSE,261,265,0.0020378349710148,0.0028380336235559,0.0145101771067817,0.6666666666666666,0.6757493188010899,False,False,False,False,C_terminal_MTase_like,other,1.520873361906266,0.1924008984874481,0.9963059191527246,0.001963397894203053,0.9851380891666863,0.06153283204406743,0.00273582188292032,0.012840352334056764,0.14525455286931,0.6757493188010899,False,False,False,False
Sauropsida,MACSE,Sauropsida_MACSE,262,266,0.0077240576631039,0.0156607252874737,0.0502223259218985,0.1207655761833074,0.6757493188010899,False,False,False,False,C_terminal_MTase_like,other,1.4199752955869,0.21203497209503,0.9870209098875776,0.00761604460663612,0.938381789795231,0.06825389106017703,0.01583949226933812,0.049515051463813284,0.1501280771336685,0.6757493188010899,False,False,False,False
Sauropsida,MACSE,Sauropsida_MACSE,263,267,0.0295290200533913,0.1203766104811597,0.2332296828072469,0.6666666666666666,0.6757493188010899,False,False,False,False,C_terminal_MTase_like,other,0.6663410534104384,0.07286071528138946,0.9476662245649043,0.02854138975017109,0.1688147566036037,7.438647908239568e-07,0.1199711952358544,0.22886812629609143,0.6666666666666666,0.6757493188010899,False,False,False,False
Sauropsida,MACSE,Sauropsida_MACSE,264,268,0.1394780636773514,0.4723300592592269,0.6320387843324906,0.6666666666666666,0.6757493188010899,False,False,False,False,C_terminal_MTase_like,other,0.796446397471068,0.3562136349699472,0.8075233214179767,0.1444500756404118,0.3429250412669765,0.1420730644523008,0.4954545862563382,0.6505808565064726,0.6666666666666666,0.6757493188010899,False,False,False,False
Sauropsida,MACSE,Sauropsida_MACSE,265,269,6.415595109998193e-07,1.983376973768713e-08,7.378162342419613e-06,0.6666666666666666,0.6757493188010899,False,False,False,False,C_terminal_MTase_like,other,8.990669664000805,0.1108778759374633,0.9999967377708138,7.717087649360054e-07,7.473292113123002,3.833288515824595e-06,2.366715701196398e-08,8.8041824084506e-06,0.6666666666666666,0.6757493188010899,False,False,False,False
Sauropsida,MACSE,Sauropsida_MACSE,266,270,0.1028224456951853,0.2313022373029127,0.3741062272899284,0.3258474388971258,0.6757493188010899,False,False,False,False,C_terminal_MTase_like,other,1.441552949676925,0.7758913433748085,0.7554632398092687,0.1273271400164744,0.9185095000364379,0.429684931880866,0.2782477848288933,0.41986894146186216,0.283618795208928,0.6757493188010899,False,False,False,False
Sauropsida,MACSE,Sauropsida_MACSE,267,271,0.8201215251915974,0.0436933701706536,0.1097640635226562,0.0611747426191223,0.6757493188010899,False,False,False,False,C_terminal_MTase_like,other,0.4001702150736441,0.8210252622087358,0.123696173295385,0.8212835498501995,1.934749115401417e-06,0.5477847561988176,0.04543770087725807,0.11047597860352941,0.06324746106166435,0.6757493188010899,False,False,False,False
Sauropsida,MACSE,Sauropsida_MACSE,268,272,0.0472138083236914,0.2021817630868582,0.335116118487438,0.6631454570682745,0.6757493188010899,False,False,False,False,C_terminal_MTase_like,other,0.6343463568803153,0.1809649272652677,0.9140661977485859,0.04915951407140049,0.245245171908114,0.05469100341064274,0.2049052367004062,0.3357918416411943,0.6666666666666666,0.6757493188010899,False,False,False,False
Sauropsida,MACSE,Sauropsida_MACSE,269,273,0.5937211589790562,0.3360396656284613,0.4807952138991831,0.0434243547156888,0.64615439816945,False,False,False,False,C_terminal_MTase_like,other,0.9853726099068132,1.0612136474962,0.2314738484290247,0.4795676103804827,0.5049425045927728,0.8040048270215479,0.4788819186818656,0.6339646752656726,0.03275273652029898,0.4994264211752192,False,False,False,False
Sauropsida,MACSE,Sauropsida_MACSE,270,274,0.0708509992889545,0.3308266152513738,0.4772403966994482,0.6666666666666666,0.6757493188010899,False,False,False,False,C_terminal_MTase_like,other,0.7897514277058173,0.2255394902955719,0.8950023509155606,0.07030000868814382,0.2895266432297562,0.06719565635025636,0.3262048965086788,0.4721720680981654,0.6666666666666666,0.6757493188010899,False,False,False,False
Sauropsida,MACSE,Sauropsida_MACSE,271,278,0.7142297562386639,0.1152598048225186,0.2256665652314574,0.1112818470236574,0.6757493188010899,False,False,False,False,C_terminal_MTase_like,other,0.3379701161273704,0.5509105394297011,0.2344432132343011,0.7112067915104515,0.01039655422575533,0.2856988177745565,0.1269505262611543,0.23689762618575888,0.0998039288661069,0.6757493188010899,False,False,False,False
Sauropsida,MACSE,Sauropsida_MACSE,272,279,0.0294198030425367,0.1031584910370772,0.2041221205627272,0.006644535918208,0.2246343577858026,False,False,False,False,C_terminal_MTase_like,other,1.033291236294711,0.2680547799536673,0.9550256959993398,0.02889773195409404,0.5935683574931188,0.1176961704051302,0.1025906933510256,0.19773957474912704,0.005472006622019632,0.2544483079239129,False,False,False,False
Sauropsida,MACSE,Sauropsida_MACSE,273,280,0.0031047168416963,0.0069945771391891,0.0279783085567566,0.6666666666666666,0.6757493188010899,False,False,False,False,C_terminal_MTase_like,other,1.17565661568238,0.05881164498411718,0.994968723539664,0.002778991866791008,0.8086283046021762,1.796129573343366e-05,0.006802751857534428,0.025055680108938685,0.6666666666666666,0.6757493188010899,False,False,False,False
Sauropsida,MACSE,Sauropsida_MACSE,274,281,0.0002931423926113,0.0001854009188235,0.0025945458115347,0.6666666666666666,0.6757493188010899,False,False,False,False,C_terminal_MTase_like,other,1.785632313638084,0.05509187627140421,0.9997940362802655,0.0001004270206044695,1.610556372536814,1.766201178367189e-06,4.135601790566934e-05,0.0006992926664049543,0.6666666666666666,0.6757493188010899,False,False,False,False
Sauropsida,MACSE,Sauropsida_MACSE,275,282,0.0303007578762154,1.0,1.0,1.0,1.0,False,False,False,False,C_terminal_MTase_like,other,2.549601654554925,0.0927905031818299,0.9553700087127566,0.0283176049658738,0.0,0.0,1.0,1.0,1.0,1.0,False,False,False,False
Sauropsida,MACSE,Sauropsida_MACSE,276,283,0.0849048310523714,0.191788581700476,0.3272814417212368,0.2627898941311299,0.6757493188010899,False,False,False,False,C_terminal_MTase_like,other,1.035962213710134,0.4312692578660869,0.8756182528083958,0.08609680088083796,0.6673239269976838,0.2097131101141613,0.2019459052436774,0.33240653429490263,0.2575788459434888,0.6757493188010899,False,False,False,False
Sauropsida,MACSE,Sauropsida_MACSE,277,284,0.0114935312518421,0.0532706300168256,0.1238542147891196,0.6666666666666666,0.6757493188010899,False,False,False,False,C_terminal_MTase_like,other,0.9737727680705013,0.06658126556693317,0.9805934017752606,0.01099358069212716,0.418615932908655,2.246919130054686e-07,0.05388569083605499,0.120032796353368,0.6666666666666666,0.6757493188010899,False,False,False,False
Sauropsida,MACSE,Sauropsida_MACSE,278,285,0.0211891407592752,0.0466980865430066,0.1128031700908992,0.6666666666666666,0.6757493188010899,False,False,False,False,C_terminal_MTase_like,other,2.091166380035619,0.6377490991687677,0.9414545978114852,0.02239487059157316,1.285814642053893,0.332198843731609,0.04527751758890175,0.11047597860352941,0.6666666666666666,0.6757493188010899,False,False,False,False
Sauropsida,MACSE,Sauropsida_MACSE,279,286,0.001558489958802,0.0038990410086134,0.0188369253922625,0.6666666666666666,0.6757493188010899,False,False,False,False,C_terminal_MTase_like,other,1.181264677011174,0.0462274136309782,0.9970614566156679,0.001473925247944986,0.8371252180231574,1.71902933346251e-07,0.004023329116448093,0.017367232775064075,0.6666666666666666,0.6757493188010899,False,False,False,False
Sauropsida,MACSE,Sauropsida_MACSE,280,287,0.0018122981825563,0.0051630055169151,0.0228647387177672,0.6666666666666666,0.6757493188010899,False,False,False,False,C_terminal_MTase_like,other,1.151841132822031,0.0454738828941541,0.9967851988081026,0.001601719720981097,0.7878195864756411,4.975360642303289e-07,0.004966184799802709,0.020526897172517863,0.6666666666666666,0.6757493188010899,False,False,False,False
Sauropsida,MACSE,Sauropsida_MACSE,281,288,0.0112561472009509,0.0149910721948957,0.0489182355833438,0.6666666666666666,0.6757493188010899,False,False,False,False,C_terminal_MTase_like,other,1.259096932011455,0.3850686902769636,0.9485215842402976,0.0295096171097776,0.9110685180613276,0.1712101967009869,0.04282770804024338,0.10947541206988591,0.6666666666666666,0.6757493188010899,False,False,False,False
Sauropsida,MACSE,Sauropsida_MACSE,282,289,0.0018954874626065,0.0035637292299934,0.0174435167573365,0.6666666666666666,0.6757493188010899,False,False,False,False,C_terminal_MTase_like,other,1.074560268005817,0.06385010811828652,0.9964917619056008,0.001959952706750818,0.6040188098799519,8.792123113668101e-08,0.00390195871670207,0.017367232775064075,0.6666666666666666,0.6757493188010899,False,False,False,False
Sauropsida,MACSE,Sauropsida_MACSE,283,290,0.001422869606674,0.0010674993303954,0.0069079446063799,0.6666666666666666,0.6757493188010899,False,False,False,False,C_terminal_MTase_like,other,1.150657163503574,0.07507417859939454,0.9971136003653367,0.001600539210198394,0.8060361677635195,3.877203263502665e-07,0.001210561050506098,0.006823162284670735,0.6666666666666666,0.6757493188010899,False,False,False,False
Sauropsida,MACSE,Sauropsida_MACSE,284,291,0.1150303882544978,0.2688944706372143,0.415057025215949,0.1592975515978065,0.6757493188010899,False,False,False,False,C_terminal_MTase_like,other,1.112688423443656,0.4395770446172373,0.8534660697139703,0.1063977084849233,0.7335681883144716,0.2071041094344715,0.2507903517488407,0.39035150983501565,0.1507568691998106,0.6757493188010899,False,False,False,False
Sauropsida,MACSE,Sauropsida_MACSE,285,292,0.3951491890661307,0.3548717370105441,0.5038636876638259,0.3455467913051218,0.6757493188010899,False,False,False,False,C_terminal_MTase_like,other,0.4756900576756743,0.3419309583835315,0.5383971002210057,0.392618053512896,2.374763847158055e-07,0.1405465422900199,0.3575364145853519,0.5057169058013342,0.3476125219213138,0.6757493188010899,False,False,False,False
Sauropsida,MACSE,Sauropsida_MACSE,286,293,0.0677706001130278,0.3225124777124806,0.470488791015854,0.6666666666666666,0.6757493188010899,False,False,False,False,C_terminal_MTase_like,other,0.7997079605792011,0.2247251731959911,0.8976366483167556,0.06831046998268957,0.2957990696067457,0.06733751728679281,0.3221043798961383,0.468057927036576,0.6666666666666666,0.6757493188010899,False,False,False,False
Sauropsida,MACSE,Sauropsida_MACSE,287,294,0.348474243579155,0.8364061042972211,0.9114571023131892,0.1492550424739574,0.6757493188010899,False,False,False,False,C_terminal_MTase_like,other,0.8813032155758652,0.7280993486617153,0.5499342571533735,0.3401822244652966,0.5342002046352037,0.4180731070273359,0.7965855857950712,0.8860619586765205,0.1966455527009124,0.6757493188010899,False,False,False,False
Sauropsida,MACSE,Sauropsida_MACSE,288,295,0.0005770558862629,0.0009704240548765,0.0065406380250908,0.6666666666666666,0.6757493188010899,False,False,False,False,C_terminal_MTase_like,other,1.44442142960213,0.04863285372055261,0.999625802524504,0.0001852941963748866,1.026722256438714,1.99897201059204e-06,0.0002167925391560743,0.0022300391783240713,0.6666666666666666,0.6757493188010899,False,False,False,False
Sauropsida,MACSE,Sauropsida_MACSE,289,296,0.247559154009857,0.6943136822931117,0.7992508366443488,0.3357993730540126,0.6757493188010899,False,False,False,False,C_terminal_MTase_like,other,0.8447320708980424,0.5153351087244844,0.6906667790071196,0.2445823372315315,0.4095920834893263,0.2544584735178245,0.6951460656717663,0.8109189620626174,0.2686411727459687,0.6757493188010899,False,False,False,False
Sauropsida,MACSE,Sauropsida_MACSE,290,297,0.0180302728842918,0.0460872462449224,0.1127329171986599,0.6666666666666666,0.6757493188010899,False,False,False,False,C_terminal_MTase_like,other,1.09293035207279,0.2867163496923106,0.9713264380109317,0.01714767717159053,0.6891054663701784,0.1243263311090567,0.04468708347546102,0.11041037202065004,0.6666666666666666,0.6757493188010899,False,False,False,False
Sauropsida,MACSE,Sauropsida_MACSE,291,298,0.0039096440242545,0.0161439416517935,0.0510294914223204,0.6666666666666666,0.6757493188010899,False,False,False,False,C_terminal_MTase_like,other,1.038029926795166,0.04610180969850453,0.9974185643684608,0.001282699430916971,0.5593127951792256,8.970731873526385e-08,0.004042464833897141,0.017367232775064075,0.6666666666666666,0.6757493188010899,False,False,False,False
Sauropsida,MACSE,Sauropsida_MACSE,292,299,0.0042875192613196,0.0059850153517879,0.0250160192232036,0.6666666666666666,0.6757493188010899,False,False,False,False,C_terminal_MTase_like,other,2.080489057273388,0.2129222192984699,0.9973120074350368,0.001365551690143504,1.413849322482458,0.07450667820861617,0.001390672512743274,0.007497538764355043,0.6666666666666666,0.6757493188010899,False,False,False,False
Sauropsida,MACSE,Sauropsida_MACSE,293,300,8.392917250819676e-07,3.439894056267434e-07,6.398202944657427e-05,0.6666666666666666,0.6757493188010899,False,False,False,False,C_terminal_MTase_like,other,2.769245684149289,0.07505302123516087,0.9999977666602142,5.44389655730296e-07,2.008251441618783,5.286149247018226e-07,2.570127081158446e-07,3.186957580636473e-05,0.6666666666666666,0.6757493188010899,False,False,False,False
Sauropsida,MACSE,Sauropsida_MACSE,294,301,0.0024850778862318,0.0057429062880383,0.0247497767523392,0.6666666666666666,0.6757493188010899,False,False,False,False,C_terminal_MTase_like,other,1.193691972081263,0.05662742102303921,0.9954432313670236,0.002465736010052645,0.8268261061328752,1.646026059650469e-06,0.006351877923029492,0.024111210075173174,0.6666666666666666,0.6757493188010899,False,False,False,False
Sauropsida,MACSE,Sauropsida_MACSE,295,302,0.0568537540620766,0.0972412404735756,0.193774634171695,0.6666666666666666,0.6757493188010899,False,False,False,False,C_terminal_MTase_like,other,1.538327696789744,0.36839352645412,0.9521966898511486,0.02976186233650828,1.231574629145155,0.1659195630409687,0.03812052513618736,0.1035097470851219,0.6666666666666666,0.6757493188010899,False,False,False,False
Sauropsida,MACSE,Sauropsida_MACSE,296,303,0.6820981102641505,0.1381740294089806,0.2570036947007039,0.1633118438634297,0.6757493188010899,False,False,False,False,C_terminal_MTase_like,other,0.3911453321455681,0.7497561718644699,0.1574281826841477,0.7893302514483425,1.477012127212466e-05,0.4560549530641927,0.07047918236808293,0.14981860480529627,0.06841184753369556,0.6757493188010899,False,False,False,False
Sauropsida,MACSE,Sauropsida_MACSE,297,304,0.0763262823982925,0.0916322364541065,0.1872922635215804,0.6666666666666666,0.6757493188010899,False,False,False,False,C_terminal_MTase_like,other,2.140766367705068,0.6463730639016716,0.8826408641188656,0.07334194295092657,1.652190270176381,0.3331789815904953,0.08785964239128319,0.17524400704343643,0.6666666666666666,0.6757493188010899,False,False,False,False
Sauropsida,MACSE,Sauropsida_MACSE,298,305,0.0080352694384961,0.0081785367295402,0.0307314713473634,0.6666666666666666,0.6757493188010899,False,False,False,False,C_terminal_MTase_like,other,2.467029352243514,0.3082024869659789,0.995305901523348,0.00227955108991634,1.877097800598397,0.1372528012085412,0.00164460362859864,0.008616796476601326,0.6666666666666666,0.6757493188010899,False,False,False,False
Sauropsida,MACSE,Sauropsida_MACSE,299,306,0.0245858616395249,0.0381593227048069,0.1015303801721752,0.1644935373418155,0.6757493188010899,False,False,False,False,C_terminal_MTase_like,other,1.545981401134784,0.4206086851984559,0.9553848075279615,0.025908720944562,1.02878293090869,0.2031479806902137,0.04133338117548169,0.10677790136999436,0.207516539993604,0.6757493188010899,False,False,False,False
Sauropsida,MACSE,Sauropsida_MACSE,300,307,0.2227949951813011,0.6580649208011105,0.7771433350413114,0.0078501254064931,0.2246343577858026,False,False,False,False,C_terminal_MTase_like,other,1.007149208708709,0.7723037753885756,0.5964568654951315,0.2592739041924204,0.5932848135781016,0.4672291529959253,0.7503290639770464,0.8550306366524194,0.03356360357360344,0.4994264211752192,False,False,False,False
Sauropsida,MACSE,Sauropsida_MACSE,301,308,0.3029442951749556,0.925506104543759,0.9698261151838826,0.4269278932665386,0.6757493188010899,False,False,False,False,C_terminal_MTase_like,other,1.014989830738196,1.016981180796193,0.3166797599029767,0.3928859658421311,0.5903084434057994,0.7602095967036376,0.6871555095957695,0.8109189620626174,0.2228359839746683,0.6757493188010899,False,False,False,False
Sauropsida,MACSE,Sauropsida_MACSE,302,309,0.0723239920871981,0.1686090297250005,0.2958611276306612,0.6235936949217755,0.6757493188010899,False,False,False,False,C_terminal_MTase_like,other,2.271254904434006,0.9254035596311962,0.8431201083058091,0.05908384691985778,1.603380847918589,0.5114327269145066,0.1257375333949111,0.23623415365104508,0.5781705100261034,0.6757493188010899,False,False,False,False
Sauropsida,MACSE,Sauropsida_MACSE,303,310,0.3386060275494285,0.9853884997641776,1.0,0.0001693924968698,0.0126028017671182,False,False,True,True,C_terminal_MTase_like,other,1.318896200038824,1.082833912521811,0.390148939528864,0.3601619694378675,0.8262741387486654,0.828686432520518,0.99833631344068,1.0,0.0006708216584714322,0.04990913139027455,False,False,True,True
Sauropsida,MACSE,Sauropsida_MACSE,304,311,0.1017635958702214,0.1971426891258878,0.3291467857019259,0.6666666666666666,0.6757493188010899,False,False,False,False,C_terminal_MTase_like,other,1.175335583128358,0.5338915500370252,0.8511392335661816,0.09762535144174365,0.8198226222488441,0.272222079377236,0.185637646534105,0.3124760385098962,0.6666666666666666,0.6757493188010899,False,False,False,False
Sauropsida,MACSE,Sauropsida_MACSE,305,312,0.2373369952761468,0.769124339798066,0.8566295042062293,0.4769232782159445,0.6757493188010899,False,False,False,False,C_terminal_MTase_like,other,1.318788363645217,1.009551467528645,0.4753314277500346,0.256350989760199,0.8177023869082473,0.6810818198606203,0.782927789226201,0.8772564385305626,0.4102294542930565,0.6757493188010899,False,False,False,False
Sauropsida,MACSE,Sauropsida_MACSE,306,313,0.5624607427402356,0.3011845804219223,0.4499625056905827,0.1982977911135369,0.6757493188010899,False,False,False,False,C_terminal_MTase_like,other,0.679224860530848,1.004979812735775,0.1537229345775896,0.7117372064127492,3.074766175671077e-06,0.7300275229165729,0.1014914116197573,0.1966396100132798,0.02082242284840941,0.4076811210320158,False,False,False,False
Sauropsida,MACSE,Sauropsida_MACSE,307,314,0.1233623597433342,0.2574823011718862,0.4024513278821078,0.6666666666666666,0.6757493188010899,False,False,False,False,C_terminal_MTase_like,other,2.522702423505508,1.064455163005719,0.8266996772159335,0.06047262069894715,2.122874150261785,0.6639015628811601,0.1273643151536338,0.23689762618575888,0.6666666666666666,0.6757493188010899,False,False,False,False
Sauropsida,MACSE,Sauropsida_MACSE,308,315,0.2530374665965348,0.7261524213378797,0.8255708508587807,0.3582952341640889,0.6757493188010899,False,False,False,False,C_terminal_MTase_like,other,1.381838468252091,1.150833284504052,0.3496769889053877,0.3071173794444905,0.8484029913725865,0.8514570964034017,1.0,1.0,0.1702093065503201,0.6757493188010899,False,False,False,False
Sauropsida,MACSE,Sauropsida_MACSE,309,316,0.63827060839745,0.2830041956524794,0.4245062934787191,0.2908431710773349,0.6757493188010899,False,False,False,False,C_terminal_MTase_like,other,0.7435114492522111,0.9414860941893818,0.2160596436724807,0.6274561813508247,0.3200580894252887,0.6876208469575497,0.3149516453231433,0.46309095675972056,0.3166359170352017,0.6757493188010899,False,False,False,False
Sauropsida,MACSE,Sauropsida_MACSE,310,317,0.5912485444420664,0.4261294089235523,0.5827946327925053,0.3962633737755135,0.6757493188010899,False,False,False,False,C_terminal_MTase_like,other,0.4951078246328948,0.6001543870597328,0.3319028394800415,0.5918863338787677,0.1467518303900735,0.3352027366562328,0.4287255755595865,0.5820653799568108,0.3982441851793851,0.6757493188010899,False,False,False,False
Sauropsida,MACSE,Sauropsida_MACSE,311,318,0.3921544210763764,0.8558231843089678,0.9174819151669624,0.2436148798104608,0.6757493188010899,False,False,False,False,C_terminal_MTase_like,other,0.6706744454658645,0.577548738858574,0.5270867458124506,0.3931153597909003,0.2350553165782586,0.288239711860222,0.8558840066382437,0.9201989897960308,0.2643237067387788,0.6757493188010899,False,False,False,False
Sauropsida,MACSE,Sauropsida_MACSE,312,319,0.0009795300478753,0.0004399643867475,0.0041744587008805,0.6666666666666666,0.6757493188010899,False,False,False,False,C_terminal_MTase_like,other,2.65024521567774,0.1943716450394709,0.9982768335851792,0.0009096605037590851,2.264807543846534,0.06243080305787251,0.0004657691545401077,0.003465322509778401,0.6666666666666666,0.6757493188010899,False,False,False,False
Sauropsida,MACSE,Sauropsida_MACSE,313,320,0.0395362899752507,0.1171309610434735,0.2281294110375504,0.6666666666666666,0.6757493188010899,False,False,False,False,C_terminal_MTase_like,other,0.9716441386532906,0.3046112112542023,0.94033859684834,0.03854416979675555,0.5608920086029042,0.1309658442338665,0.1157136599084861,0.22188392518534447,0.6666666666666666,0.6757493188010899,False,False,False,False
Sauropsida,MACSE,Sauropsida_MACSE,314,321,0.057612187521603,0.1273043823149171,0.242857590877688,0.4609542832436425,0.6757493188010899,False,False,False,False,C_terminal_MTase_like,other,1.559982435031886,0.6624925655139362,0.8635520513336988,0.06296352068375445,0.9969261894967077,0.3515701718563302,0.1325004596740613,0.24520873980113345,0.4778844354721236,0.6757493188010899,False,False,False,False
Sauropsida,MACSE,Sauropsida_MACSE,315,322,0.0097845628481782,0.0062738196363821,0.0257505899208241,0.632273922786979,0.6757493188010899,False,False,False,False,C_terminal_MTase_like,other,2.191388106137348,0.3636249600049782,0.9897494165836233,0.005372713785108908,1.777814625490866,0.1775703208346073,0.002887811253653005,0.013262540572332318,0.6666666666666666,0.6757493188010899,False,False,False,False
Sauropsida,MACSE,Sauropsida_MACSE,316,323,0.0074132188673736,0.0073746820697631,0.028877702420546,0.6666666666666666,0.6757493188010899,False,False,False,False,C_terminal_MTase_like,other,2.454509961309793,0.4251283875166155,0.9916606888016568,0.003335733710317271,1.712795856179213,0.2155621353149351,0.004061691536103695,0.017367232775064075,0.6666666666666666,0.6757493188010899,False,False,False,False
Sauropsida,MACSE,Sauropsida_MACSE,317,324,0.0154231752691657,0.0006707922296737,0.0051101197723144,0.6666666666666666,0.6757493188010899,False,False,False,False,C_terminal_MTase_like,other,20.16495380456493,0.3247825880060056,0.9778790609738935,0.01696858205122828,10000.0,0.08715468996884995,0.0009547582253116582,0.005520882546162681,0.6666666666666666,0.6757493188010899,False,False,False,False
Sauropsida,MACSE,Sauropsida_MACSE,318,325,0.000432132682683,0.000767361503149,0.005597225081793,0.6666666666666666,0.6757493188010899,False,False,False,False,C_terminal_MTase_like,other,1.225253473305234,0.03815477114454104,0.9991286728466844,0.0004042843613676543,0.9463293407511678,6.368574139400913e-07,0.0007755774966945461,0.004653464980167277,0.6666666666666666,0.6757493188010899,False,False,False,False
Sauropsida,MACSE,Sauropsida_MACSE,319,326,0.0002139827457656,0.0001450657944301,0.0024529307058195,0.6666666666666666,0.6757493188010899,False,False,False,False,C_terminal_MTase_like,other,1.512442296252748,0.04683524955685057,0.9996064898471553,0.0001939079320686862,1.352783787562592,3.176518385022008e-07,0.0001438815002704485,0.0017841306033535612,0.6666666666666666,0.6757493188010899,False,False,False,False
Sauropsida,MACSE,Sauropsida_MACSE,320,327,0.002603529970248,0.0020450222341223,0.0108678324441933,0.6666666666666666,0.6757493188010899,False,False,False,False,C_terminal_MTase_like,other,2.057190473557704,0.22355973886152,0.9958595504242335,0.002203842582705165,1.427769829608578,0.07473886218942007,0.001813929732936814,0.009061518514265818,0.6666666666666666,0.6757493188010899,False,False,False,False
Sauropsida,MACSE,Sauropsida_MACSE,321,328,0.0002250026806554,0.0007587465747102,0.005597225081793,0.6666666666666666,0.6757493188010899,False,False,False,False,C_terminal_MTase_like,other,1.158095191072734,0.03361237401664636,0.9995457624803236,0.0002009776122194052,0.7107256758035001,4.585621745631118e-07,0.0007554496201308547,0.0046204951748733195,0.6666666666666666,0.6757493188010899,False,False,False,False
Sauropsida,MACSE,Sauropsida_MACSE,322,329,0.0511446201831324,0.1363418891392407,0.25550373232623,0.0974187744384617,0.6757493188010899,False,False,False,False,C_terminal_MTase_like,other,1.363203590171251,0.3451593802864633,0.9614573994420982,0.02331368997531581,0.8990238666895949,0.1614958255941646,0.04746276460796139,0.1117477748997572,0.2174435234561171,0.6757493188010899,False,False,False,False
Sauropsida,MACSE,Sauropsida_MACSE,323,330,0.0069328656321745,0.0091505047291523,0.0330484248470356,0.6666666666666666,0.6757493188010899,False,False,False,False,C_terminal_MTase_like,other,1.573282456900941,0.2439506758474458,0.9905786451523755,0.005036865146770078,1.02411882961661,0.08091330281943397,0.006048773083825121,0.02319735656889634,0.6666666666666666,0.6757493188010899,False,False,False,False
Sauropsida,MACSE,Sauropsida_MACSE,324,331,0.3748507592134915,0.9483700157291708,0.9819783669812518,0.6666666666666666,0.6757493188010899,False,False,False,False,C_terminal_MTase_like,other,0.7305658967948625,0.578258087879353,0.5742030363677573,0.3484688101855495,0.3142224522736342,0.306076525187202,0.9759949605287394,1.0,0.4871483342092951,0.6757493188010899,False,False,False,False
Sauropsida,MACSE,Sauropsida_MACSE,325,332,0.022491920813449,0.0403187446707421,0.1056237536444794,0.0502742602094904,0.6679294570689445,False,False,False,False,C_terminal_MTase_like,other,1.060802308562754,0.2622312395710079,0.9638718179396522,0.02269383586320744,0.7850484813893429,0.1061348943146696,0.04101809628772002,0.10670441831490803,0.07068663090651128,0.6757493188010899,False,False,False,False
Sauropsida,MACSE,Sauropsida_MACSE,326,334,0.1566690845714081,0.3804921873409898,0.5334965269415306,0.1244439731535307,0.6757493188010899,False,False,False,False,C_terminal_MTase_like,other,1.013521320338819,0.4708905387143454,0.7974873176179983,0.1533290179912136,0.6438897151913189,0.229460460106354,0.3778623209394908,0.5284390352988367,0.1410810147438756,0.6757493188010899,False,False,False,False
Sauropsida,MACSE,Sauropsida_MACSE,327,335,0.0034221157115624,0.0012805589993749,0.0079394657961247,0.6666666666666666,0.6757493188010899,False,False,False,False,C_terminal_MTase_like,other,4.467064494321473,0.5562075465114822,0.9958757340676069,0.001136981527995255,4.158542482857006,0.2760082713043389,0.0003927306686486443,0.003108421462495653,0.6666666666666666,0.6757493188010899,False,False,False,False
Sauropsida,MACSE,Sauropsida_MACSE,328,336,0.1610526815294295,0.5050007128967273,0.666171153182917,0.2652495328676593,0.6757493188010899,False,False,False,False,C_terminal_MTase_like,other,0.832623843372169,0.4530501460736344,0.783880399881106,0.1600874803402315,0.430856694324679,0.2273900728952667,0.5055686038468497,0.6599000723895722,0.2860348215685042,0.6757493188010899,False,False,False,False
Sauropsida,MACSE,Sauropsida_MACSE,329,337,0.05464357203781,0.1787558484188452,0.3121933127315043,0.3576476954759803,0.6757493188010899,False,False,False,False,C_terminal_MTase_like,other,2.045294972657631,1.040886373769725,0.745458027008083,0.0754044763881842,1.235360094633632,0.6754460394300864,0.2924724375925901,0.4351989871377741,0.09093020817922681,0.6757493188010899,False,False,False,False
Sauropsida,MACSE,Sauropsida_MACSE,330,338,0.2292572297617015,0.7786891800409115,0.8646936566424449,0.0147950994349646,0.3339444287234043,False,False,False,False,C_terminal_MTase_like,other,1.098142392975121,0.7999706762949326,0.6090897215931657,0.233209645882009,0.6788618022784954,0.5386595177514373,0.754598912683571,0.8558255960923428,0.02510036789141679,0.4668668427803523,False,False,False,False
Sauropsida,MACSE,Sauropsida_MACSE,331,339,0.145108234661911,0.6678450262834079,0.7812526722560621,0.6666666666666666,0.6757493188010899,False,False,False,False,C_terminal_MTase_like,other,1.751331967856841,1.147598235885453,0.5251912737697982,0.1495151686733645,1.063987842557765,0.8679669735759098,0.7210191968357221,0.8355736486694351,0.6666666666666666,0.6757493188010899,False,False,False,False
Sauropsida,MACSE,Sauropsida_MACSE,332,340,0.0055275324117545,0.0619269564140292,0.1387760710001137,0.6340262497613424,0.6757493188010899,False,False,False,False,C_terminal_MTase_like,other,2.802524037671349,1.061698130284012,0.9406827444375274,0.009758662820426272,2.187507528657991,0.6628823372580184,0.08240309065170481,0.16911504822107234,0.6391160269295082,0.6757493188010899,False,False,False,False
Sauropsida,MACSE,Sauropsida_MACSE,333,341,6.918405189199338e-05,4.905018758183388e-05,0.0010415311565069,0.6666666666666666,0.6757493188010899,False,False,False,False,C_terminal_MTase_like,switching_helix,6.77727426041723,0.8432521163824179,0.9988824490865389,8.401380321007148e-05,5.869529792156662,0.5213876016680623,8.990222726534824e-05,0.0013320178713548318,0.6666666666666666,0.6757493188010899,False,False,False,False
Sauropsida,MACSE,Sauropsida_MACSE,334,342,0.6842902112149154,0.0904183908525692,0.1858322729124626,0.0064584416797096,0.2246343577858026,False,False,False,False,C_terminal_MTase_like,switching_helix,0.7317519056045653,1.292891414241875,0.105183195028563,0.7136663679022287,6.370871356725922e-05,1.103730494654023,0.0534968909612038,0.11999755765071086,0.0118594857902381,0.3393637472283518,False,False,False,False
Sauropsida,MACSE,Sauropsida_MACSE,335,343,0.1889184129117205,0.3616357681614296,0.5115152310116039,0.0533761696007467,0.6757493188010899,False,False,False,False,C_terminal_MTase_like,switching_helix,1.090343833177853,0.5577346405953776,0.7538186165688842,0.1855363553441563,0.8076655376760115,0.2782318708497027,0.35959546260345,0.5058516450170537,0.0613256887101572,0.6757493188010899,False,False,False,False
Sauropsida,MACSE,Sauropsida_MACSE,336,344,0.0259775546758083,0.0899607009531007,0.1858322729124626,0.3631192261193921,0.6757493188010899,False,False,False,False,C_terminal_MTase_like,switching_helix,2.460619681473321,0.9042271439022412,0.9053334856928265,0.02336542681555108,1.74623740627111,0.5226814710075576,0.08273908273181496,0.16911504822107234,0.3776720805206514,0.6757493188010899,False,False,False,False
Sauropsida,MACSE,Sauropsida_MACSE,337,345,0.1685555288044457,0.636175763032623,0.7634109156391476,0.4311765447780918,0.6757493188010899,False,False,False,False,C_terminal_MTase_like,switching_helix,1.752207369229385,1.090882597128731,0.571717719139724,0.1833501406422739,1.119656848946492,0.802206757421742,0.6350459762939703,0.7697567811905897,0.4956323823146254,0.6757493188010899,False,False,False,False
Sauropsida,MACSE,Sauropsida_MACSE,338,346,0.0507942156436629,0.0962383215087525,0.193774634171695,0.5650125654136695,0.6757493188010899,False,False,False,False,C_terminal_MTase_like,switching_helix,2.077297710226337,0.6805057725207307,0.9210021871024326,0.02493344568345772,1.275619044923687,0.3451070675087165,0.04740976877505432,0.1117477748997572,0.57739993837254,0.6757493188010899,False,False,False,False
Sauropsida,MACSE,Sauropsida_MACSE,339,347,0.2783647926893765,0.7547019543106862,0.8430904714822081,0.291900270578094,0.6757493188010899,False,False,False,False,C_terminal_MTase_like,switching_helix,0.836986529604984,0.6435591299794681,0.6246819026761319,0.2759932408729565,0.4878812501008569,0.359989861701162,0.7207123826884759,0.8355736486694351,0.6666666666666666,0.6757493188010899,False,False,False,False
Sauropsida,MACSE,Sauropsida_MACSE,340,348,0.0409715927114256,0.163892305120243,0.2945310990566686,0.6666666666666666,0.6757493188010899,False,False,False,False,C_terminal_MTase_like,switching_helix,0.784103109105602,0.2153375667278377,0.9333646023947532,0.04176475535005009,0.341429109281512,0.06605683410390115,0.1639168461549223,0.28627730877761076,0.6666666666666666,0.6757493188010899,False,False,False,False
Sauropsida,MACSE,Sauropsida_MACSE,341,349,0.2286830086137011,0.5563696048904557,0.7161574152915209,0.2492886278861013,0.6757493188010899,False,False,False,False,C_terminal_MTase_like,switching_helix,1.648722430963613,1.034187279187913,0.5751891741497341,0.2016089941067446,1.042684248571269,0.6865416107269797,0.5652500359790531,0.7225876748598205,0.1961438921928521,0.6757493188010899,False,False,False,False
Sauropsida,MACSE,Sauropsida_MACSE,342,350,0.5877944869510974,0.447383316442918,0.6073963274334507,0.3114003112963033,0.6757493188010899,False,False,False,False,C_terminal_MTase_like,switching_helix,0.8809442394951821,1.139243105989721,0.1449908754293432,0.6128784517427138,0.3670618205824422,0.8794045183130393,0.3364926111374673,0.48330212873798395,0.3323487976190611,0.6757493188010899,False,False,False,False
Sauropsida,MACSE,Sauropsida_MACSE,343,351,0.0021696461967814,0.0016843062865039,0.0094933627057495,0.6666666666666666,0.6757493188010899,False,False,False,False,C_terminal_MTase_like,switching_helix,2.606106858774297,0.3130664287724026,0.9980916378660258,0.0006480578562368791,1.835705804366507,0.1436759271472757,0.00048388411951239,0.003482106652434954,0.6666666666666666,0.6757493188010899,False,False,False,False
Sauropsida,MACSE,Sauropsida_MACSE,344,352,0.4625168045470502,0.6452585448601246,0.7668887498018093,0.5320042766456162,0.6757493188010899,False,False,False,False,C_terminal_MTase_like,switching_helix,1.650599942299974,1.793679648868298,0.2622699597087568,0.3771363653731719,1.013358605688219,1.235859248185174,0.7285780982047185,0.8391054257961464,0.5755851212133744,0.6757493188010899,False,False,False,False
Sauropsida,MACSE,Sauropsida_MACSE,345,353,0.0289211692798798,0.1823718040373596,0.3170201453359709,0.5108153964460957,0.6757493188010899,False,False,False,False,C_terminal_MTase_like,switching_helix,2.543071772411749,1.096229817002154,0.870132128659818,0.03316142459886639,1.75476410448347,0.7253216320025506,0.1749400779008381,0.30172342959160253,0.4826818313153627,0.6757493188010899,False,False,False,False
Sauropsida,MACSE,Sauropsida_MACSE,346,354,0.1586178327174473,0.5752741043118005,0.7286449545433824,0.6585211014096424,0.6757493188010899,False,False,False,False,C_terminal_MTase_like,switching_helix,1.983050702580641,1.106573988735926,0.6633882666343831,0.1042445074213577,1.170215415611074,0.7944007822013145,0.5200787267402514,0.6717683553728246,0.6666666666666666,0.6757493188010899,False,False,False,False
Sauropsida,MACSE,Sauropsida_MACSE,347,355,0.3373506741813228,0.8881263462289258,0.9424379565041944,0.0036400956609117,0.1692644482323951,False,False,False,False,C_terminal_MTase_like,switching_helix,0.8932371150806228,0.6874322861604648,0.5688506107229582,0.3430764517906676,0.4777844909298763,0.4000813136254159,0.8997316539464038,0.9525386152082852,0.003548353640116297,0.1885696505890375,False,False,False,False
Sauropsida,MACSE,Sauropsida_MACSE,348,356,0.0372604095967197,0.061533879766961,0.1387654401557463,0.2260373456471854,0.6757493188010899,False,False,False,False,C_terminal_MTase_like,switching_helix_adjacent_loop,2.41736750505758,0.7739848518599022,0.9384741612635092,0.019672334692585,1.750356236061672,0.4112082731574553,0.03102752717311064,0.08810870311753555,0.6666666666666666,0.6757493188010899,False,False,False,False
Sauropsida,MACSE,Sauropsida_MACSE,349,357,0.0666254760359612,0.1528098473243698,0.2797826065030012,0.1532267497913704,0.6757493188010899,False,False,False,False,C_terminal_MTase_like,switching_helix_adjacent_loop,2.16510698174645,1.001736578941466,0.7840369145757549,0.0791193339587629,1.702393125869583,0.6132417430909723,0.1569019666734296,0.2766233725237716,0.1546694476136905,0.6757493188010899,False,False,False,False
Sauropsida,MACSE,Sauropsida_MACSE,350,358,0.1625006525681314,0.3977877467642815,0.5480631177641212,0.0035622051530816,0.1692644482323951,False,False,False,False,C_terminal_MTase_like,switching_helix_adjacent_loop,1.632052654826379,0.6776292057664396,0.8412412511460888,0.0851145815064741,1.08859599665151,0.3783148710990859,0.1813168363314277,0.30659028688768686,0.0102464297571041,0.3176393224702271,False,False,False,False
Sauropsida,MACSE,Sauropsida_MACSE,351,359,0.3290524578602855,0.844026963556155,0.9153878438568211,0.6666666666666666,0.6757493188010899,False,False,False,False,C_terminal_MTase_like,switching_helix_adjacent_loop,0.9398434724298795,0.7757816093835426,0.5246416219605915,0.3434630908594147,0.5186039368028168,0.4491427170299603,0.8679104951958595,0.9277663914162636,0.6666666666666666,0.6757493188010899,False,False,False,False
Sauropsida,MACSE,Sauropsida_MACSE,352,360,0.0442411317074499,0.1252872142643598,0.2402414624038239,0.1138859922327814,0.6757493188010899,False,False,False,False,C_terminal_MTase_like,switching_helix_adjacent_loop,2.117438949220882,0.9626331631780372,0.8197222860454623,0.05633103242522412,1.256804489094135,0.566728285097621,0.1752638313898103,0.30172342959160253,0.06561184947444332,0.6757493188010899,False,False,False,False
Sauropsida,MACSE,Sauropsida_MACSE,353,361,9.28595894846084e-05,0.0002264310910016,0.0029045643397449,0.6666666666666666,0.6757493188010899,False,False,False,False,C_terminal_MTase_like,other,1.238188782271025,0.03247956403021768,0.9998113805502784,8.260945345344957e-05,0.8198812791257832,6.930700363417971e-09,0.0002287862379695138,0.0022396968559120823,0.6666666666666666,0.6757493188010899,False,False,False,False
Sauropsida,MACSE,Sauropsida_MACSE,354,362,0.069596363720235,0.1475117013127237,0.2726307962811247,0.0900786578730549,0.6757493188010899,False,False,False,False,C_terminal_MTase_like,other,1.03074246836439,0.4966946203576965,0.8888922765156212,0.06790194712891795,0.7041984200492353,0.2568445929649348,0.1424748617252869,0.258539749081984,0.08669552362122135,0.6757493188010899,False,False,False,False
Sauropsida,MACSE,Sauropsida_MACSE,355,363,0.0119313307236169,0.0162024407825263,0.0510294914223204,0.6666666666666666,0.6757493188010899,False,False,False,False,C_terminal_MTase_like,other,2.189998325825695,0.3939489147178733,0.9902489765306818,0.004354185111590994,1.422196999217428,0.1997427356508509,0.005406975383647428,0.02210324002985542,0.6666666666666666,0.6757493188010899,False,False,False,False
Sauropsida,MACSE,Sauropsida_MACSE,356,364,0.3225399813980186,0.9159731689879156,0.9625480758856062,0.2093315637256673,0.6757493188010899,False,False,False,False,C_terminal_MTase_like,other,0.9691742713555993,0.7753552993426521,0.5983694460402348,0.2404952751050516,0.6483318765776634,0.466825299196676,0.6393947456663769,0.7697567811905897,0.2854700116559051,0.6757493188010899,False,False,False,False
Sauropsida,MACSE,Sauropsida_MACSE,357,365,0.1315986086869071,0.249485200316982,0.3949297639060311,0.6666666666666666,0.6757493188010899,False,False,False,False,C_terminal_MTase_like,other,1.412688513412229,0.6798499452113125,0.7770616860500125,0.1391303150976869,1.013468854844413,0.3676085935055161,0.2604830287555248,0.3987641427862355,0.6666666666666666,0.6757493188010899,False,False,False,False
Sauropsida,MACSE,Sauropsida_MACSE,358,366,0.0025518586914978,0.0049155667319856,0.0220312147505864,0.6385043597506931,0.6757493188010899,False,False,False,False,C_terminal_MTase_like,other,3.596514232022148,0.8403494301504946,0.9914028931086257,0.001384496988722235,2.961840656760051,0.440079925949923,0.002761366093345541,0.012840352334056764,0.5860933273804646,0.6757493188010899,False,False,False,False
Sauropsida,MACSE,Sauropsida_MACSE,359,367,0.1079934203186493,0.2075847898925892,0.3416882382302795,0.6666666666666666,0.6757493188010899,False,False,False,False,C_terminal_MTase_like,other,1.658558530519883,0.7889928837159924,0.7883654366359724,0.1094853383923672,1.148375053179806,0.4344410752034778,0.1959632422031892,0.32674264933013847,0.6666666666666666,0.6757493188010899,False,False,False,False
Sauropsida,MACSE,Sauropsida_MACSE,360,368,0.2141783596800696,0.6269321762661697,0.7572037973084906,0.0944697387998519,0.6757493188010899,False,False,False,False,C_terminal_MTase_like,other,0.8614704398931751,0.4805238480936083,0.7250618346746586,0.2147119556079926,0.4311331865439315,0.2398565566643925,0.6364002645455427,0.7697567811905897,0.06535304305718392,0.6757493188010899,False,False,False,False
Sauropsida,MACSE,Sauropsida_MACSE,361,369,0.2259622938800158,0.4696339251552378,0.6306997117608247,0.0014100382589448,0.0874223720545783,False,False,True,False,C_terminal_MTase_like,other,1.336376264772341,0.814987147080404,0.6414154833611592,0.2289532300629344,0.9832984499477921,0.4908425215032997,0.4556248657202979,0.6163361819925485,0.001740642048886465,0.10791980703096082,False,False,False,False
Sauropsida,MACSE,Sauropsida_MACSE,362,370,0.2028132853641328,0.5933984318117704,0.7416866033652947,0.6666666666666666,0.6757493188010899,False,False,False,False,C_terminal_MTase_like,other,0.8362270943752053,0.5178087888456295,0.7266688303184962,0.2048380792863593,0.432925162504684,0.2634583167791817,0.5984901111696767,0.7457036262234746,0.6666666666666666,0.6757493188010899,False,False,False,False
Sauropsida,MACSE,Sauropsida_MACSE,363,371,0.0091075660163597,0.0138839337471866,0.0469529395813948,0.476722545206384,0.6757493188010899,False,False,False,False,C_terminal_MTase_like,other,1.577704779245171,0.3617341943518053,0.9833726363729629,0.008532670151604431,1.051875680652964,0.1869203066900864,0.01297227146842217,0.04196247814133085,0.453209672920023,0.6757493188010899,False,False,False,False
Sauropsida,MACSE,Sauropsida_MACSE,364,372,0.4396608635185542,0.8317846953782682,0.910070313766811,0.0203202033400803,0.3645606351599395,False,False,False,False,C_terminal_MTase_like,other,0.6822477730053617,0.6657716003477164,0.4632659740195137,0.444586268181695,0.3061238349751261,0.3789268993559138,0.8363625262338309,0.9123954831641793,0.01700927901153804,0.38986052727596604,False,False,False,False
Sauropsida,MACSE,Sauropsida_MACSE,365,373,0.0302052079068454,0.0382103581293132,0.1015303801721752,0.6666666666666666,0.6757493188010899,False,False,False,False,C_terminal_MTase_like,other,1.742035992794072,0.4426179714361367,0.9497474840395481,0.03000487566485693,1.31264299520935,0.218211167893904,0.04011189156603789,0.10624857851368587,0.6666666666666666,0.6757493188010899,False,False,False,False
Sauropsida,MACSE,Sauropsida_MACSE,366,374,0.1044646811170393,0.1480414538945892,0.2726307962811247,0.6666666666666666,0.6757493188010899,False,False,False,False,C_terminal_MTase_like,other,1.648343686638517,0.7399441177295154,0.8118871407245047,0.1054340804083535,1.278547031290461,0.4018675279109003,0.1435705633126664,0.2592633473413199,0.6666666666666666,0.6757493188010899,False,False,False,False
Sauropsida,MACSE,Sauropsida_MACSE,367,375,0.0321946889688783,0.0267642162129884,0.0771805304746642,0.6112281793318818,0.6757493188010899,False,False,False,False,C_terminal_MTase_like,other,2.34391747490336,0.5721624130890804,0.9376527550748371,0.03246307544537185,2.091969849406116,0.2866112168107592,0.02709593119184883,0.07874755002631066,0.6472201902293305,0.6757493188010899,False,False,False,False
Sauropsida,MACSE,Sauropsida_MACSE,368,376,0.0720261882181503,0.0877898543367267,0.1834709315351816,0.6348612500554569,0.6757493188010899,False,False,False,False,C_terminal_MTase_like,other,1.573302248965615,0.5053231454109548,0.8924411360134484,0.0703076467768632,1.343774880535923,0.2485565989996421,0.08700764484655299,0.17495591288063628,0.6544883554263405,0.6757493188010899,False,False,False,False
Sauropsida,MACSE,Sauropsida_MACSE,369,377,0.01022990421332,0.0110686469102453,0.0392146347677263,0.4864739596502758,0.6757493188010899,False,False,False,False,C_terminal_MTase_like,other,1.813886692115388,0.408285299528592,0.9780029567001177,0.01068173209382239,1.189230411211522,0.1938740200050455,0.01154379157055907,0.03800257048007056,0.4020367877346551,0.6757493188010899,False,False,False,False
Sauropsida,MACSE,Sauropsida_MACSE,370,378,0.2181378847742091,0.507645877966407,0.6672942282809309,0.213095359160254,0.6757493188010899,False,False,False,False,C_terminal_MTase_like,other,1.186916365473042,0.7336138060063805,0.7239508448877269,0.1602847578790416,0.8077978439392176,0.4223477852899396,0.3510763064872379,0.5003846207404311,0.243817537794722,0.6757493188010899,False,False,False,False
Sauropsida,MACSE,Sauropsida_MACSE,371,379,0.1494810790116515,0.2807594074901906,0.424127046411017,0.2486358963608293,0.6757493188010899,False,False,False,False,C_terminal_MTase_like,other,1.24088311036729,0.5958480728135253,0.786034298857051,0.1478344066096459,0.9301855681460056,0.3230474303107727,0.2796430827029948,0.41986894146186216,0.2739580497537011,0.6757493188010899,False,False,False,False
Sauropsida,MACSE,Sauropsida_MACSE,372,380,0.300821060074973,0.6652813253802767,0.7812526722560621,0.0179628793208922,0.3516942688090481,False,False,False,False,C_terminal_MTase_like,other,1.785014940370585,1.642080190770884,0.3986751345843129,0.309906416003482,0.9584637068014413,1.318064191811159,0.6505935735087024,0.775707722260376,0.01886421906174029,0.38986052727596604,False,False,False,False
