Aligner,Alignment_Site,Human_Position,Masked_FUBAR_PP_positive,Masked_MEME_p,Masked_MEME_q,Unmasked_FUBAR_PP_positive,Unmasked_FEL_p,Unmasked_FEL_q,Unmasked_MEME_p,Unmasked_MEME_q,FUBAR_PP_Shift_Unmasked_Minus_Masked,MEME_q_Shift_Unmasked_Minus_Masked
MACSE,,1,,,,3.659620351372836e-06,6.9462581353541e-08,3.5379608102736883e-07,0.6666666666666666,0.673721340388007,,
MAFFT,,1,,,,5.581163822532877e-06,3.293661304804019e-07,1.3753750503577225e-06,0.4761055266308894,0.6737588652482269,,
MACSE,,2,,,,5.658970052734039e-13,3.593138009350128e-10,2.4955976719486346e-09,1.021469975270861e-08,1.9510076527673444e-06,,
MAFFT,,2,,,,4.367954734545108e-10,1.472967564586369e-07,6.508461331893259e-07,0.001900343100366353,0.04513314863370088,,
MACSE,,6,,,,0.0008324839082718897,0.9987064175345448,1.0,0.1777157034131065,0.673721340388007,,
MAFFT,,6,,,,0.244846315895041,0.1239506399477723,0.16942893230271033,0.1354273238592406,0.6737588652482269,,
MACSE,,7,,,,0.02967195042078564,0.8331164384944677,0.8695368292483242,0.0005352066104366004,0.02555611564834767,,
MAFFT,,7,,,,0.7360629464232503,0.3386169147163897,0.3996100235783481,0.334313913054346,0.6737588652482269,,
MACSE,,8,,,,0.1947530605813221,0.3830347133916837,0.4586810674470946,0.3154905178683054,0.673721340388007,,
MAFFT,,8,,,,0.2464146922374168,0.5894671574287186,0.6511555808805612,0.3514866816036744,0.6737588652482269,,
PRANK,,8,,,,0.2264974489139676,0.4788732452095684,0.5445723184852714,0.2362959043193936,0.6775658492279746,,
MACSE,,9,,,,0.008919212007657414,0.0936272574249426,0.12773432977260027,0.5716200647748351,0.673721340388007,,
MAFFT,,9,,,,0.0005989546012345692,0.04133975199736506,0.06388375395621361,0.5134361520567576,0.6737588652482269,,
PRANK,,9,,,,0.01591995571686369,0.1769384560877147,0.22836693467376326,0.6366304522501537,0.6775658492279746,,
MACSE,,10,,,,0.0003632579727250956,0.000925696244464036,0.00211746087057043,0.6666666666666666,0.673721340388007,,
MAFFT,,10,,,,4.656715848717437e-05,7.300407540833387e-05,0.0002101632473876278,0.6666666666666666,0.6737588652482269,,
PRANK,,10,,,,0.003619644546455161,0.006127982996227854,0.011843200298409273,0.6666666666666666,0.6775658492279746,,
MACSE,,11,,,,4.286540263028788e-07,0.003206449355117269,0.006515232200291472,0.6666666666666666,0.673721340388007,,
PRANK,,11,,,,9.036311506192534e-06,0.007358873840435765,0.013933299200418987,0.6666666666666666,0.6775658492279746,,
MACSE,,12,,,,3.977064001191167e-06,8.418592633119282e-06,3.005516248459407e-05,0.6666666666666666,0.673721340388007,,
MAFFT,,12,,,,0.002133005351151379,0.006954923006234681,0.01270610933831336,0.6666666666666666,0.6737588652482269,,
PRANK,,12,,,,1.910122401251043e-05,6.664978331938354e-05,0.00019123360906253892,0.6666666666666666,0.6775658492279746,,
MACSE,1.0,13,0.04528714244050946,0.2460469862420404,0.6703397612488521,0.0105694267672932,0.4021482495525321,0.47708270599089214,0.537946453827227,0.673721340388007,-0.03471771567321626,0.0033815791391549332
MAFFT,1.0,13,0.04391626743270436,0.1667999669917491,0.6703397612488521,0.009166098680580681,0.3819339571755052,0.4438376260755107,0.1663443780835966,0.6737588652482269,-0.03475016875212368,0.0034191039993748396
PRANK,1.0,13,0.04407296539815073,0.1699375260172561,0.6703397612488521,0.02536191232822133,0.6181047076338426,0.676108668467517,0.3527901353669662,0.6775658492279746,-0.018711053069929404,0.0072260879791224975
MACSE,2.0,14,0.003240461513778429,0.5813714267397729,0.6703397612488521,0.004005361315736714,0.004695986171198485,0.009152381211213374,0.6666666666666666,0.673721340388007,0.0007648998019582852,0.0033815791391549332
MAFFT,2.0,14,0.003308126433422736,0.577838146497922,0.6703397612488521,0.001099177300062757,0.001610494508320848,0.003381148691502333,0.4590514168885543,0.6737588652482269,-0.002208949133359979,0.0034191039993748396
PRANK,2.0,14,0.003282771580336497,0.5802551051974282,0.6703397612488521,0.0006801739809558068,0.0008311699425643804,0.0018676288468464691,0.6666666666666666,0.6775658492279746,-0.0026025975993806904,0.0072260879791224975
MACSE,3.0,15,0.01844741950591108,0.6666666666666666,0.6703397612488521,0.05911034609104919,0.3346423164275591,0.4097223233183576,0.6666666666666666,0.673721340388007,0.04066292658513811,0.0033815791391549332
MAFFT,3.0,15,0.01843953313187773,0.6666666666666666,0.6703397612488521,0.0295758661095543,0.2823645785597259,0.34280683659008254,0.5997319330183303,0.6737588652482269,0.01113633297767657,0.0034191039993748396
PRANK,3.0,15,0.05716768920068387,0.6666666666666666,0.6703397612488521,0.05276839652736847,0.4811521786167084,0.5455007982493381,0.6666666666666666,0.6775658492279746,-0.0043992926733154025,0.0072260879791224975
MACSE,4.0,16,6.839980389756246e-12,0.6666666666666666,0.6703397612488521,7.083782847643361e-12,6.31050767196939e-13,7.304890699067597e-12,0.6666666666666666,0.673721340388007,2.4380245788711467e-13,0.0033815791391549332
MAFFT,4.0,16,6.653649976739359e-12,0.6666666666666666,0.6703397612488521,8.287873667806336e-12,2.088995643134695e-12,1.8900436771218668e-11,0.6666666666666666,0.6737588652482269,1.6342236910669765e-12,0.0034191039993748396
PRANK,4.0,16,6.47667155253084e-12,0.6666666666666666,0.6703397612488521,9.922126793121023e-12,2.939648524602489e-12,2.8115099991710985e-11,0.6666666666666666,0.6775658492279746,3.4454552405901834e-12,0.0072260879791224975
MACSE,5.0,17,0.07361268150751206,0.6666666666666666,0.6703397612488521,0.0749775161793633,0.5772990819518972,0.6355280959816274,0.6666666666666666,0.673721340388007,0.0013648346718512366,0.0033815791391549332
MAFFT,5.0,17,0.07390742259241252,0.6666666666666666,0.6703397612488521,0.07278748268130701,0.689912209208722,0.7343603347319729,0.4002648265312534,0.6737588652482269,-0.0011199399111055108,0.0034191039993748396
PRANK,5.0,17,0.07212777203108206,0.6666666666666666,0.6703397612488521,0.08380031603816325,0.7311827389758236,0.7837102345919029,0.6666666666666666,0.6775658492279746,0.01167254400708119,0.0072260879791224975
MACSE,6.0,18,0.05886557461658609,0.6666666666666666,0.6703397612488521,0.05624137269538242,0.1614097077548255,0.21115927521350458,0.6095234718060415,0.673721340388007,-0.0026242019212036685,0.0033815791391549332
MAFFT,6.0,18,0.05920859308105866,0.6666666666666666,0.6703397612488521,0.05127371580541361,0.1623821232756185,0.21425419043310773,0.6666666666666666,0.6737588652482269,-0.007934877275645048,0.0034191039993748396
PRANK,6.0,18,0.05815074003469183,0.6666666666666666,0.6703397612488521,0.04740783290403645,0.1422090582702801,0.1928871953993254,0.6666666666666666,0.6775658492279746,-0.010742907130655385,0.0072260879791224975
MACSE,7.0,19,0.2072119566714579,0.520018795611134,0.6703397612488521,0.1832126308406659,0.4772624592475324,0.5458510761453814,0.04356365878127588,0.3975193574143153,-0.02399932583079198,-0.27282040383453676
MAFFT,7.0,19,0.2083033980871445,0.5188363185160887,0.6703397612488521,0.127230104118572,0.3095883759449508,0.3722898191743079,0.5473607912913898,0.6737588652482269,-0.08107329396857249,0.0034191039993748396
PRANK,7.0,19,0.2066365075758788,0.5256335823330629,0.6703397612488521,0.1406323671638883,0.356578110873002,0.4208975802393346,0.5540252113889966,0.6775658492279746,-0.06600414041199049,0.0072260879791224975
MACSE,8.0,20,0.0546056366741729,0.6666666666666666,0.6703397612488521,0.09431886424414877,0.2829898693128055,0.350980941810038,0.4513485486304488,0.673721340388007,0.039713227569975876,0.0033815791391549332
MAFFT,8.0,20,0.05501797888304762,0.6666666666666666,0.6703397612488521,0.1854190280546157,0.4438820680705523,0.5080577887554514,0.0002043324243040656,0.007887964278605832,0.13040104917156806,-0.6624517969702463
PRANK,8.0,20,0.05472980248648195,0.6666666666666666,0.6703397612488521,0.05286261484169306,0.1790110878357427,0.23024529573355873,0.6666666666666666,0.6775658492279746,-0.0018671876447888952,0.0072260879791224975
MACSE,9.0,21,0.0554044399217686,0.6666666666666666,0.6703397612488521,0.01987754713073762,0.03292903767221322,0.053300391486379016,0.6666666666666666,0.673721340388007,-0.03552689279103098,0.0033815791391549332
MAFFT,9.0,21,0.05574057089363523,0.6666666666666666,0.6703397612488521,0.1014590033138684,0.2273491968736602,0.28606852586751946,0.6666666666666666,0.6737588652482269,0.045718432420233164,0.0034191039993748396
PRANK,9.0,21,0.05437189235253919,0.6666666666666666,0.6703397612488521,0.12875656877972,0.2546081012388056,0.312397440006824,0.6666666666666666,0.6775658492279746,0.0743846764271808,0.0072260879791224975
MACSE,10.0,22,0.02495365598755274,0.5942762896472644,0.6703397612488521,0.02568008719295022,0.06350717384410898,0.09154619022056465,0.2370697724310101,0.673721340388007,0.0007264312053974799,0.0033815791391549332
MAFFT,10.0,22,0.02485255942098284,0.5953257762240132,0.6703397612488521,0.01412966500748951,0.04146922552805576,0.06388375395621361,0.6666666666666666,0.6737588652482269,-0.010722894413493328,0.0034191039993748396
PRANK,10.0,22,0.02457439785565518,0.5968260634613352,0.6703397612488521,0.01963991245750838,0.04780914071138986,0.07161770877649967,0.631075074441785,0.6775658492279746,-0.004934485398146799,0.0072260879791224975
MACSE,11.0,23,7.768452882517557e-16,0.6666666666666666,0.6703397612488521,4.285787555056506e-15,1.477706845776083e-13,1.946496603746427e-12,0.6666666666666666,0.673721340388007,3.5089422668047506e-15,0.0033815791391549332
MAFFT,11.0,23,3.964851228510987e-15,0.6666666666666666,0.6703397612488521,6.470156885195312e-16,2.126077092157175e-13,2.5247165469366454e-12,0.6666666666666666,0.6737588652482269,-3.3178355399914554e-15,0.0034191039993748396
PRANK,11.0,23,1.550111286260396e-15,0.6666666666666666,0.6703397612488521,2.706501866808463e-16,6.328271240363392e-15,9.835188219398106e-14,0.6666666666666666,0.6775658492279746,-1.2794610995795496e-15,0.0072260879791224975
MACSE,12.0,24,0.0668024627582968,0.6666666666666666,0.6703397612488521,0.08025314135481523,0.1934507775978854,0.2513544117088171,0.5504937499986011,0.673721340388007,0.01345067859651844,0.0033815791391549332
MAFFT,12.0,24,0.06790317190057853,0.6666666666666666,0.6703397612488521,0.06667710534087415,0.2023597806237678,0.25978620485483706,0.6666666666666666,0.6737588652482269,-0.001226066559704378,0.0034191039993748396
PRANK,12.0,24,0.06694971493184182,0.6666666666666666,0.6703397612488521,0.09783368768444388,0.2314423567430853,0.28969127203077455,0.6666666666666666,0.6775658492279746,0.03088397275260206,0.0072260879791224975
MACSE,13.0,25,0.2488521718707363,0.3077154603992612,0.6703397612488521,0.164906075505188,0.4257139657641521,0.4955991439150787,0.04554338057408636,0.3975193574143153,-0.08394609636554831,-0.27282040383453676
MAFFT,13.0,25,0.2484484143124082,0.3082566691463208,0.6703397612488521,0.09383898411991787,0.5123803987677613,0.5743497095331838,0.05428941911203145,0.503170225916389,-0.15460943019249032,-0.16716953533246304
PRANK,13.0,25,0.24525639175036,0.3028944387708667,0.6703397612488521,0.3122718597480357,0.3665399537674754,0.42858746945225185,0.2049623310638783,0.6775658492279746,0.06701546799767569,0.0072260879791224975
MACSE,14.0,26,6.597371390257822e-06,0.6666666666666666,0.6703397612488521,7.861641207006287e-06,0.0005447631668312747,0.0013006220608096683,0.6666666666666666,0.673721340388007,1.264269816748465e-06,0.0033815791391549332
MAFFT,14.0,26,2.155472150696079e-06,0.6666666666666666,0.6703397612488521,2.396550277936774e-06,0.004206130319647672,0.007951888166498087,0.6666666666666666,0.6737588652482269,2.4107812724069507e-07,0.0034191039993748396
PRANK,14.0,26,6.378790760208642e-06,0.6666666666666666,0.6703397612488521,5.571892112650033e-06,0.002022831860129637,0.004287024339933832,0.6666666666666666,0.6775658492279746,-8.068986475586095e-07,0.0072260879791224975
MACSE,15.0,27,3.703955949564633e-06,0.6666666666666666,0.6703397612488521,2.159044181122816e-06,0.00121844195920251,0.002721899581376367,0.6666666666666666,0.673721340388007,-1.5449117684418168e-06,0.0033815791391549332
MAFFT,15.0,27,3.740709495558655e-06,0.6666666666666666,0.6703397612488521,5.211335673916611e-07,0.007296556012518218,0.013140716989369304,0.6666666666666666,0.6737588652482269,-3.219575928166994e-06,0.0034191039993748396
PRANK,15.0,27,3.838259804973015e-06,0.6666666666666666,0.6703397612488521,1.282951778564515e-05,0.01561736524283575,0.02748765305084992,0.6666666666666666,0.6775658492279746,8.991257980672136e-06,0.0072260879791224975
MACSE,16.0,28,4.683658555335353e-07,0.6666666666666666,0.6703397612488521,3.712911974629393e-08,4.472527176391239e-07,1.9866341643970387e-06,0.6666666666666666,0.673721340388007,-4.3123673578724137e-07,0.0033815791391549332
MAFFT,16.0,28,4.494745167106545e-07,0.6666666666666666,0.6703397612488521,9.30055207675674e-08,1.008123853396548e-05,3.36041284465516e-05,0.6666666666666666,0.6737588652482269,-3.564689959430871e-07,0.0034191039993748396
PRANK,16.0,28,5.023379505468703e-07,0.6666666666666666,0.6703397612488521,5.728279145227077e-07,1.928509818527324e-05,6.255079672266885e-05,0.6666666666666666,0.6775658492279746,7.048996397583745e-08,0.0072260879791224975
MACSE,17.0,29,1.120270307468861e-07,0.6666666666666666,0.6703397612488521,8.352289514239188e-07,0.004633828547536356,0.009077551308507119,0.6666666666666666,0.673721340388007,7.232019206770327e-07,0.0033815791391549332
MAFFT,17.0,29,1.124793949237199e-07,0.6666666666666666,0.6703397612488521,2.764023774082426e-08,0.0008909801537890782,0.001923707150226419,0.6666666666666666,0.6737588652482269,-8.483915718289564e-08,0.0034191039993748396
PRANK,17.0,29,1.117280715747424e-07,0.6666666666666666,0.6703397612488521,1.019135692438058e-07,0.005029256214531319,0.009978258340532883,0.6666666666666666,0.6775658492279746,-9.814502330936599e-09,0.0072260879791224975
MACSE,18.0,30,2.163133347207672e-06,0.6666666666666666,0.6703397612488521,3.197207385810975e-07,0.0008853729757236639,0.00203742455859301,0.6666666666666666,0.673721340388007,-1.8434126086265746e-06,0.0033815791391549332
MAFFT,18.0,30,8.64188090452866e-06,0.6666666666666666,0.6703397612488521,3.006161386742192e-06,0.003352426092607108,0.006433949066619702,0.6666666666666666,0.6737588652482269,-5.635719517786469e-06,0.0034191039993748396
PRANK,18.0,30,7.477868709860253e-06,0.6666666666666666,0.6703397612488521,1.797439074566077e-05,0.01222160448431997,0.022022504698798785,0.6666666666666666,0.6775658492279746,1.0496522035800517e-05,0.0072260879791224975
MACSE,19.0,31,5.833797461912566e-10,0.6666666666666666,0.6703397612488521,1.053279766188813e-10,7.156823911280696e-09,4.2717292720456657e-08,0.6666666666666666,0.673721340388007,-4.780517695723753e-10,0.0033815791391549332
MAFFT,19.0,31,4.096575848082027e-10,0.6666666666666666,0.6703397612488521,6.24964644818948e-11,2.008575306078342e-09,1.3159631315685689e-08,0.6666666666666666,0.6737588652482269,-3.471611203263079e-10,0.0034191039993748396
PRANK,19.0,31,3.894791456156654e-10,0.6666666666666666,0.6703397612488521,3.329804443784524e-10,1.469559982592017e-07,6.938555360845852e-07,0.6666666666666666,0.6775658492279746,-5.649870123721302e-11,0.0072260879791224975
MACSE,20.0,32,2.122818630339832e-05,0.6666666666666666,0.6703397612488521,6.704300994963286e-05,0.08740845569041411,0.12110649366142483,0.6666666666666666,0.673721340388007,4.581482364623454e-05,0.0033815791391549332
MAFFT,20.0,32,9.196527087376896e-06,0.6666666666666666,0.6703397612488521,1.949599855922517e-05,0.04156477203088849,0.06388375395621361,0.6666666666666666,0.6737588652482269,1.0299471471848274e-05,0.0034191039993748396
PRANK,20.0,32,2.248536960482107e-05,0.6666666666666666,0.6703397612488521,1.143306028302613e-05,0.03342386456646318,0.053051495673577725,0.6666666666666666,0.6775658492279746,-1.1052309321794939e-05,0.0072260879791224975
MACSE,21.0,33,0.2218883615579519,0.5437166116842412,0.6703397612488521,0.2431547364194662,0.660831804903415,0.7131009872121596,0.5281588679017075,0.673721340388007,0.02126637486151428,0.0033815791391549332
MAFFT,21.0,33,0.2216858157544807,0.5442030533350808,0.6703397612488521,0.06764104878715047,0.9200865352049785,0.947514589099978,0.560022014609971,0.6737588652482269,-0.15404476696733024,0.0034191039993748396
PRANK,21.0,33,0.2153160364383631,0.54066762672788,0.6703397612488521,0.07954471523293627,0.8138363505089086,0.8526993223028734,0.6666666666666666,0.6775658492279746,-0.13577132120542684,0.0072260879791224975
MACSE,22.0,34,0.7707836694590563,0.3014897848369745,0.6703397612488521,0.6740587562804509,0.4165856940590722,0.48814642678087605,0.3890469056155452,0.673721340388007,-0.09672491317860543,0.0033815791391549332
MAFFT,22.0,34,0.7696719703784789,0.3015759682236577,0.6703397612488521,0.6695993383111912,0.4259921944799002,0.4890544830887072,0.3960686646053685,0.6737588652482269,-0.10007263206728767,0.0034191039993748396
PRANK,22.0,34,0.7710504524032218,0.3017132817404927,0.6703397612488521,0.7166636911571195,0.4042380246512529,0.46824927868956784,0.3786681672763658,0.6775658492279746,-0.05438676124610231,0.0072260879791224975
MACSE,23.0,35,0.004530429037495359,0.6666666666666666,0.6703397612488521,0.007198747321090585,0.0491753286653851,0.07395659665424058,0.1171269523246811,0.673721340388007,0.0026683182835952257,0.0033815791391549332
MAFFT,23.0,35,0.004508476055003175,0.6666666666666666,0.6703397612488521,0.02642164374375544,0.1555089116618021,0.2059003011549993,0.0004192539414745733,0.013276374813361488,0.021913167688752268,-0.6570633864354906
PRANK,23.0,35,0.004548150559201498,0.6666666666666666,0.6703397612488521,0.004743416748058418,0.02237308695963935,0.03803780652557057,0.03540331254608076,0.6775658492279746,0.00019526618885691918,0.0072260879791224975
MACSE,24.0,36,0.04785994988092071,0.6666666666666666,0.6703397612488521,0.03912005864801071,0.03831686212608409,0.06073461133678059,0.6666666666666666,0.673721340388007,-0.008739891232910003,0.0033815791391549332
MAFFT,24.0,36,0.1284975211138616,0.6666666666666666,0.6703397612488521,0.1543496109664386,0.2678180216799362,0.32829305883347015,0.6666666666666666,0.6737588652482269,0.025852089852577004,0.0034191039993748396
PRANK,24.0,36,0.07980313405591367,0.6666666666666666,0.6703397612488521,0.1429907854245769,0.1861434418734894,0.23616157761500528,0.6666666666666666,0.6775658492279746,0.06318765136866324,0.0072260879791224975
MACSE,25.0,37,6.174000398613525e-05,0.6666666666666666,0.6703397612488521,0.000842506542255794,0.09293364658945269,0.12724248386082768,0.4444644391565128,0.673721340388007,0.0007807665382696588,0.0033815791391549332
MAFFT,25.0,37,6.171162342700883e-05,0.6666666666666666,0.6703397612488521,0.0001261651753132002,0.01473490847104098,0.025221915400880958,0.4654822549090008,0.6737588652482269,6.445355188619137e-05,0.0034191039993748396
PRANK,25.0,37,5.586962949844755e-05,0.6666666666666666,0.6703397612488521,3.345090542235048e-05,0.0300958804060788,0.048179242023465206,0.4339891453379021,0.6775658492279746,-2.2418724076097076e-05,0.0072260879791224975
MACSE,26.0,38,0.004559346871544275,0.593833100599304,0.6703397612488521,0.002115083367058439,0.003034137644044366,0.006231400967876064,0.549257658291249,0.673721340388007,-0.002444263504485836,0.0033815791391549332
MAFFT,26.0,38,0.004596334416065827,0.5964631373915426,0.6703397612488521,0.005418863968010964,0.004861333686636438,0.009145083172880427,0.3773522640697433,0.6737588652482269,0.000822529551945137,0.0034191039993748396
PRANK,26.0,38,0.004419141544889272,0.5946926863208484,0.6703397612488521,0.01134358908961294,0.01016284970119119,0.01849142896850885,0.565560159936729,0.6775658492279746,0.0069244475447236675,0.0072260879791224975
MACSE,27.0,39,3.362013542132243e-11,0.6666666666666666,0.6703397612488521,1.12213349804151e-10,2.40660686601224e-07,1.0815574386078538e-06,0.4103711071425722,0.673721340388007,7.859321438282856e-11,0.0033815791391549332
MAFFT,27.0,39,3.577183019733529e-11,0.3952020409100938,0.6703397612488521,3.512046090909396e-11,1.443204042939072e-07,6.451971015492322e-07,0.1818236817025645,0.6737588652482269,-6.513692882413282e-13,0.0034191039993748396
PRANK,27.0,39,3.471893460518619e-11,0.4039903141467267,0.6703397612488521,1.741927707799402e-11,1.574782764190985e-07,7.342424638040467e-07,0.6666666666666666,0.6775658492279746,-1.7299657527192174e-11,0.0072260879791224975
MACSE,28.0,40,0.0001503417274223778,0.6666666666666666,0.6703397612488521,0.000200586541068015,0.0001210482991981232,0.0003326651100264968,0.6666666666666666,0.673721340388007,5.024481364563721e-05,0.0033815791391549332
MAFFT,28.0,40,0.0001544063106251041,0.6666666666666666,0.6703397612488521,0.0004463133298193808,0.0005246815444088782,0.0011938861489543336,0.6666666666666666,0.6737588652482269,0.0002919070191942767,0.0034191039993748396
PRANK,28.0,40,0.0001353449998352777,0.6666666666666666,0.6703397612488521,0.000283159389882408,0.0004653150845499443,0.0010780281151374486,0.6666666666666666,0.6775658492279746,0.0001478143900471303,0.0072260879791224975
MACSE,29.0,41,0.01016484975044509,0.6666666666666666,0.6703397612488521,0.02845853920414325,0.1579089912161503,0.20728946613254093,0.1238993463407067,0.673721340388007,0.018293689453698157,0.0033815791391549332
MAFFT,29.0,41,0.01017396053240058,0.6666666666666666,0.6703397612488521,0.02213388408993225,0.1269983157139032,0.17297261638452763,0.05004572466705071,0.4754343843369818,0.01195992355753167,-0.19490537691187027
PRANK,29.0,41,0.01031244823175382,0.6666666666666666,0.6703397612488521,0.03379928502610817,0.1612374892041972,0.21102309990584406,0.08952957778053217,0.6775658492279746,0.02348683679435435,0.0072260879791224975
MACSE,30.0,42,0.1263341236484365,0.644791454604988,0.6703397612488521,0.1372804019199174,0.4940887190865233,0.5617318175328926,0.1345804553157065,0.673721340388007,0.010946278271480897,0.0033815791391549332
MAFFT,30.0,42,0.1268618832006949,0.6443606969738254,0.6703397612488521,0.1710869457716055,0.6366627422956318,0.6873063695236934,0.6666666666666666,0.6737588652482269,0.04422506257091058,0.0034191039993748396
PRANK,30.0,42,0.1276694516251637,0.6457189617194501,0.6703397612488521,0.1003597974155474,0.350383255368795,0.4148982674684461,0.6666666666666666,0.6775658492279746,-0.027309654209616285,0.0072260879791224975
MACSE,31.0,43,0.0007703906680428486,0.6666666666666666,0.6703397612488521,0.0006724000206387361,0.006653452622216394,0.012458916184738541,0.6666666666666666,0.673721340388007,-9.799064740411247e-05,0.0033815791391549332
MAFFT,31.0,43,0.0007787826904825105,0.6666666666666666,0.6703397612488521,0.002932247934215432,0.01422812389152217,0.02446464741528699,0.6666666666666666,0.6737588652482269,0.0021534652437329212,0.0034191039993748396
PRANK,31.0,43,0.0007261291348590976,0.6666666666666666,0.6703397612488521,0.001426122765550784,0.02866288730636024,0.04648372593596682,0.6666666666666666,0.6775658492279746,0.0006999936306916864,0.0072260879791224975
MACSE,32.0,44,3.199431560274067e-05,0.6666666666666666,0.6703397612488521,8.087489583827843e-05,0.0001016267350287814,0.00028756602059995924,0.6666666666666666,0.673721340388007,4.8880580235537765e-05,0.0033815791391549332
MAFFT,32.0,44,3.263076759694247e-05,0.6666666666666666,0.6703397612488521,0.0001565891394941497,0.0001898900770627154,0.0004976429605781507,0.6666666666666666,0.6737588652482269,0.00012395837189720725,0.0034191039993748396
PRANK,32.0,44,3.261733166922316e-05,0.6666666666666666,0.6703397612488521,5.113587590790883e-05,0.000202159860533957,0.0005310255491490561,0.6666666666666666,0.6775658492279746,1.8518544238685668e-05,0.0072260879791224975
MACSE,33.0,45,0.08428155305554356,0.4061456247040902,0.6703397612488521,0.0733588129701259,0.2361873358526858,0.29974605413862454,0.1934842466048883,0.673721340388007,-0.01092274008541766,0.0033815791391549332
MAFFT,33.0,45,0.08401067137142007,0.4044472488075148,0.6703397612488521,0.03544380847137199,0.1463631946698835,0.19446858033061445,0.2059227706980039,0.6737588652482269,-0.04856686290004808,0.0034191039993748396
PRANK,33.0,45,0.08403804161819853,0.408065938953063,0.6703397612488521,0.09668304851565207,0.4016622787837546,0.4667290653780077,0.5873898586638514,0.6775658492279746,0.012645006897453542,0.0072260879791224975
MACSE,34.0,46,0.281294251759608,0.6666666666666666,0.6703397612488521,0.2728738556656179,0.9112722036988707,0.9357687683144319,0.6666666666666666,0.673721340388007,-0.00842039609399009,0.0033815791391549332
MAFFT,34.0,46,0.2829695344575356,0.6666666666666666,0.6703397612488521,0.2986416661862264,0.9003317947758951,0.9296904402577176,0.6666666666666666,0.6737588652482269,0.015672131728690808,0.0034191039993748396
PRANK,34.0,46,0.2791923970887235,0.6666666666666666,0.6703397612488521,0.1661438250117432,0.613506606469249,0.6730528359206761,0.6666666666666666,0.6775658492279746,-0.1130485720769803,0.0072260879791224975
MACSE,35.0,47,8.974261641493561e-08,0.6666666666666666,0.6703397612488521,1.895413525848551e-06,5.325961074387209e-06,1.975259349918363e-05,0.6666666666666666,0.673721340388007,1.8056709094336154e-06,0.0033815791391549332
MAFFT,35.0,47,9.27527503281325e-08,0.6666666666666666,0.6703397612488521,1.528963593798669e-07,3.809938800003465e-07,1.55674918709819e-06,0.3625118911143868,0.6737588652482269,6.014360905173441e-08,0.0034191039993748396
PRANK,35.0,47,9.348335822155399e-08,0.6666666666666666,0.6703397612488521,9.043158143318241e-07,2.65279752231784e-06,1.0096872202291371e-05,0.6666666666666666,0.6775658492279746,8.108324561102702e-07,0.0072260879791224975
MACSE,36.0,48,0.297246524260423,0.6666666666666666,0.6703397612488521,0.1740136812734433,0.307107531613507,0.37966044361281454,0.1879486356076734,0.673721340388007,-0.12323284298697967,0.0033815791391549332
MAFFT,36.0,48,0.2978856490833389,0.6666666666666666,0.6703397612488521,0.2324499355668619,0.3888293787458024,0.45047306074208815,0.2894093794099368,0.6737588652482269,-0.06543571351647703,0.0034191039993748396
PRANK,36.0,48,0.3009671701156515,0.6666666666666666,0.6703397612488521,0.3240827278875277,0.5409964384970986,0.604166681315622,0.6666666666666666,0.6775658492279746,0.023115557771876183,0.0072260879791224975
MACSE,37.0,49,2.719639786793481e-08,0.6666666666666666,0.6703397612488521,2.848243550944255e-06,1.381790839372066e-05,4.712893755715439e-05,0.1821594462757941,0.673721340388007,2.8210471530763202e-06,0.0033815791391549332
MAFFT,37.0,49,2.737433018415914e-08,0.6666666666666666,0.6703397612488521,3.848694739779156e-07,2.431218719678441e-06,9.331950641189975e-06,0.2031355486860106,0.6737588652482269,3.5749514379375646e-07,0.0034191039993748396
PRANK,37.0,49,2.62439462146193e-08,0.6666666666666666,0.6703397612488521,8.095425220188387e-08,5.50157901679782e-07,2.3587229577765366e-06,0.5697288881301183,0.6775658492279746,5.471030598726457e-08,0.0072260879791224975
MACSE,38.0,50,0.003529898688735553,0.6666666666666666,0.6703397612488521,0.2933957587835577,0.9583543404688819,0.9788538985537778,4.303134648608875e-08,5.479324785895301e-06,0.2898658600948222,-0.6703342819240662
MAFFT,38.0,50,0.003506396153891789,0.6666666666666666,0.6703397612488521,0.02416044330609455,0.1675841335273742,0.21883838742406253,0.01344165450131152,0.17613202449994403,0.02065404715220276,-0.49420773674890806
PRANK,38.0,50,0.003553239543126425,0.6666666666666666,0.6703397612488521,0.04060792104087259,0.2163762396879357,0.2726633020391892,0.6666666666666666,0.6775658492279746,0.03705468149774616,0.0072260879791224975
MACSE,39.0,51,0.002357665343486597,0.6666666666666666,0.6703397612488521,0.001368572322444834,0.001839257044505938,0.003903312172229268,0.6666666666666666,0.673721340388007,-0.0009890930210417629,0.0033815791391549332
MAFFT,39.0,51,0.002339137901328714,0.6666666666666666,0.6703397612488521,0.0001057567697674475,0.0002312934577720638,0.0005782336444301596,0.6666666666666666,0.6737588652482269,-0.0022333811315612666,0.0034191039993748396
PRANK,39.0,51,0.002324880320411377,0.6666666666666666,0.6703397612488521,0.0009348417962613601,0.001522893156699623,0.0033025531828427875,0.6666666666666666,0.6775658492279746,-0.0013900385241500171,0.0072260879791224975
MACSE,40.0,52,0.8647493467615066,0.0620256639990149,0.6703397612488521,0.8923110037891017,0.02865656688102336,0.04738878159545854,0.0421370213758222,0.3975193574143153,0.027561657027595055,-0.27282040383453676
MAFFT,40.0,52,0.8646236199715898,0.0617707169803186,0.6703397612488521,0.8169811290980679,0.03879779629687397,0.0609221594744302,0.05596579795739498,0.5063572196145261,-0.0476424908735219,-0.16398254163432602
PRANK,40.0,52,0.8598590238547692,0.0619538610779243,0.6703397612488521,0.8952382536911845,0.04157246305759688,0.06329195396115771,0.05939297383091846,0.6775658492279746,0.03537922983641528,0.0072260879791224975
MACSE,41.0,53,2.582572833116412e-08,0.6666666666666666,0.6703397612488521,4.493677359066203e-08,1.320840650187449e-07,6.307014104645069e-07,0.03245784812027386,0.356066473232577,1.9111045259497913e-08,-0.3142732880162751
MAFFT,41.0,53,2.531547892636775e-08,0.6666666666666666,0.6703397612488521,1.962787329269312e-09,5.403593239527993e-09,3.15902374003175e-08,0.6666666666666666,0.6737588652482269,-2.3352691597098437e-08,0.0034191039993748396
PRANK,41.0,53,2.502376445763717e-08,0.6666666666666666,0.6703397612488521,2.15646131617636e-08,6.384783968194085e-08,3.2182762434275593e-07,0.6666666666666666,0.6775658492279746,-3.4591512958735715e-09,0.0072260879791224975
MACSE,42.0,54,0.01523756978872439,0.6333298636367416,0.6703397612488521,0.02972840428893326,0.139126010455406,0.184705143545018,0.04411301099614662,0.3975193574143153,0.014490834500208868,-0.27282040383453676
MAFFT,42.0,54,0.0152479477052677,0.6330483306033318,0.6703397612488521,0.02911660713495835,0.1379670192751409,0.1852560682846415,0.02881930468651328,0.32209811120220727,0.01386865942969065,-0.3482416500466448
PRANK,42.0,54,0.01549286244386006,0.6328155709098688,0.6703397612488521,0.01302799877859085,0.05789209398361606,0.08273467837505284,0.634105165846739,0.6775658492279746,-0.002464863665269209,0.0072260879791224975
MACSE,43.0,55,0.004571084601734668,0.2551067690532898,0.6703397612488521,0.002877667755301662,0.01275596584012373,0.022455202538835324,0.002121661370285133,0.08104746434489207,-0.0016934168464330058,-0.58929229690396
MAFFT,43.0,55,0.006946862508952645,0.2546170230190583,0.6703397612488521,0.006822252341284957,0.02539715446313173,0.0412432422905558,0.0002075780073317324,0.007887964278605832,-0.00012461016766768772,-0.6624517969702463
PRANK,43.0,55,0.007094887727701103,0.2555817140497784,0.6703397612488521,0.004082131120611262,0.02460814270640777,0.041160705064978015,0.318131534960005,0.6775658492279746,-0.0030127566070898403,0.0072260879791224975
MACSE,44.0,56,7.189708947578179e-18,0.6666666666666666,0.6703397612488521,2.007130337562733e-14,1.77635683940025e-15,3.392841563254478e-14,0.04919273304656124,0.39982178774013605,2.0064113666679752e-14,-0.27051797350871604
MAFFT,44.0,56,6.734262002202308e-18,0.6666666666666666,0.6703397612488521,1.20860979840816e-14,1.221245327087672e-15,2.4424906541753438e-14,0.002875794569445644,0.05464009681946723,1.2079363722079398e-14,-0.6156996644293848
PRANK,44.0,56,6.417547711098516e-18,0.6666666666666666,0.6703397612488521,3.342399598675007e-18,0.0,0.0,0.6666666666666666,0.6775658492279746,-3.0751481124235092e-18,0.0072260879791224975
MACSE,45.0,57,1.979305760327833e-08,0.6666666666666666,0.6703397612488521,3.295455074741728e-09,6.008221808961878e-09,3.7018398887474796e-08,0.6666666666666666,0.673721340388007,-1.6497602528536603e-08,0.0033815791391549332
MAFFT,45.0,57,2.02585334241185e-08,0.6666666666666666,0.6703397612488521,1.438840547425502e-09,2.666751264257528e-09,1.661254885930919e-08,0.6666666666666666,0.6737588652482269,-1.8819692876692997e-08,0.0034191039993748396
PRANK,45.0,57,1.933326348716151e-08,0.6666666666666666,0.6703397612488521,2.294133889301465e-08,3.548933658059639e-08,1.9466944918474196e-07,0.6666666666666666,0.6775658492279746,3.608075405853139e-09,0.0072260879791224975
MACSE,46.0,58,3.685731726146521e-07,0.6666666666666666,0.6703397612488521,6.016201955355031e-07,1.290035229750686e-07,6.237891870440025e-07,0.4244089609683612,0.673721340388007,2.33047022920851e-07,0.0033815791391549332
MAFFT,46.0,58,3.634371976469273e-07,0.6666666666666666,0.6703397612488521,1.826923861372004e-07,4.021764932193861e-08,2.122598158657871e-07,0.6666666666666666,0.6737588652482269,-1.8074481150972693e-07,0.0034191039993748396
PRANK,46.0,58,3.238788772580064e-07,0.6666666666666666,0.6703397612488521,2.225694300231326e-07,4.10774768644373e-08,2.2205650536862484e-07,0.6666666666666666,0.6775658492279746,-1.013094472348738e-07,0.0072260879791224975
MACSE,47.0,59,0.6770482180921412,0.0949853052012558,0.6703397612488521,0.59308468339599,0.4000532483783085,0.4760758282882052,0.03826562648295595,0.3846702451707677,-0.08396353469615125,-0.2856695160780844
MAFFT,47.0,59,0.6764000200374303,0.0952653227447539,0.6703397612488521,0.666084467311157,0.2863829616804654,0.34657810649228293,0.1266151206918177,0.6737588652482269,-0.01031555272627327,0.0034191039993748396
PRANK,47.0,59,0.6736610866266367,0.0981321364821066,0.6703397612488521,0.6910213034249897,0.3501990253042911,0.4148982674684461,0.1560781851255812,0.6775658492279746,0.01736021679835298,0.0072260879791224975
MACSE,48.0,60,0.8286119734786664,0.03417679533853,0.6703397612488521,0.6724108593389521,0.2472365860560444,0.312729721435129,0.0033921646383549,0.08423596933587574,-0.15620111413971438,-0.5861037919129763
MAFFT,48.0,60,0.8285547090670775,0.0340640087885165,0.6703397612488521,0.8869801912502439,0.02630464875765559,0.04253517671450691,0.006509267494637094,0.09513544799854215,0.058425482183166344,-0.57520431325031
PRANK,48.0,60,0.8285239171938101,0.03412346129112,0.6703397612488521,0.8084443563812508,0.05760811082969264,0.0826454820749052,0.0360476084386856,0.6775658492279746,-0.02007956081255935,0.0072260879791224975
MACSE,49.0,61,0.01383293373240603,0.6110464397799644,0.6703397612488521,0.01981314028821862,0.0752033513818865,0.10600620010288059,0.6666666666666666,0.673721340388007,0.005980206555812589,0.0033815791391549332
MAFFT,49.0,61,0.0139399952715435,0.6110442468955446,0.6703397612488521,0.02070886371960479,0.09262185628036823,0.13035668661681454,0.6666666666666666,0.6737588652482269,0.00676886844806129,0.0034191039993748396
PRANK,49.0,61,0.01367217569619795,0.6173676967240348,0.6703397612488521,0.01275153656589322,0.04827810181066616,0.07203092790151391,0.6237423504332998,0.6775658492279746,-0.0009206391303047297,0.0072260879791224975
MACSE,50.0,62,0.0004320359704806811,0.1654662345098004,0.6703397612488521,0.0005698885611252762,0.0005906422166824798,0.001401399545172095,0.1246454593049,0.673721340388007,0.00013785259064459508,0.0033815791391549332
MAFFT,50.0,62,0.0004387510595399809,0.1652584890692018,0.6703397612488521,0.0002558646661563144,0.0002231348014669621,0.0005652748303829707,0.2691790596766911,0.6737588652482269,-0.00018288639338366646,0.0034191039993748396
PRANK,50.0,62,0.0004556979451294587,0.1640316956479835,0.6703397612488521,0.0004738012761397532,0.0005346937478214464,0.001231115851465429,0.1569052119318869,0.6775658492279746,1.8103331010294477e-05,0.0072260879791224975
MACSE,51.0,63,2.559841533964007e-15,0.6666666666666666,0.6703397612488521,9.450614965293194e-16,6.872280522429719e-14,1.0096965998339048e-12,0.6666666666666666,0.673721340388007,-1.6147800374346876e-15,0.0033815791391549332
MAFFT,51.0,63,2.580128430328744e-15,0.6666666666666666,0.6703397612488521,1.079284358546849e-15,2.065014825802791e-14,3.138822535220242e-13,0.6666666666666666,0.6737588652482269,-1.5008440717818948e-15,0.0034191039993748396
PRANK,51.0,63,2.19521232145224e-15,0.6666666666666666,0.6703397612488521,7.348209701605781e-16,6.339373470609644e-14,8.444951087633562e-13,0.6666666666666666,0.6775658492279746,-1.4603913512916621e-15,0.0072260879791224975
MACSE,52.0,64,0.4237634933451563,0.5890350227833856,0.6703397612488521,0.3901045125136999,0.8474875375979257,0.8821259928130998,0.003235608457750838,0.08423596933587574,-0.03365898083145641,-0.5861037919129763
MAFFT,52.0,64,0.424837644531153,0.5884993410098246,0.6703397612488521,0.3441077576628375,0.8511714986250198,0.8837299712500206,0.6149027618806403,0.6737588652482269,-0.0807298868683155,0.0034191039993748396
PRANK,52.0,64,0.422853830603791,0.5893647399044488,0.6703397612488521,0.3946494949568363,0.8111272405205671,0.8522548189131591,0.5989690564371187,0.6775658492279746,-0.02820433564695468,0.0072260879791224975
MACSE,53.0,65,1.557162015748202e-05,0.6666666666666666,0.6703397612488521,0.0003754991471697507,0.006339908268154781,0.011989331477401615,0.05281025472542245,0.4117044347981914,0.00035992752701226864,-0.2586353264506607
MAFFT,53.0,65,1.583737018598873e-05,0.6666666666666666,0.6703397612488521,6.979104661429168e-06,0.0001950845316992522,0.000504300149970856,0.6666666666666666,0.6737588652482269,-8.858265524559561e-06,0.0034191039993748396
PRANK,53.0,65,1.56916343646894e-05,0.6666666666666666,0.6703397612488521,1.435812850231073e-05,0.0002288173503104396,0.0005968452564041536,0.6666666666666666,0.6775658492279746,-1.333505862378669e-06,0.0072260879791224975
MACSE,54.0,66,4.27633934919925e-10,0.6666666666666666,0.6703397612488521,1.93203529449928e-08,1.069260147090745e-07,5.236633028059803e-07,0.003643047799919752,0.08423596933587574,1.8892719010072875e-08,-0.5861037919129763
MAFFT,54.0,66,4.504801677878101e-10,0.6666666666666666,0.6703397612488521,2.165478174588062e-10,1.151281403544147e-09,7.954307879032289e-09,0.6666666666666666,0.6737588652482269,-2.339323503290039e-10,0.0034191039993748396
PRANK,54.0,66,4.474780580572464e-10,0.6666666666666666,0.6703397612488521,4.266708910167648e-10,9.071979834018862e-10,6.1524517783437005e-09,0.6666666666666666,0.6775658492279746,-2.0807167040481628e-11,0.0072260879791224975
MACSE,55.0,67,1.407334859917227e-05,0.6666666666666666,0.6703397612488521,0.0004417313447003213,0.001073292961526029,0.0024260231438043966,0.02933319700122605,0.33955397740813187,0.000427657996101149,-0.3307857838407202
MAFFT,55.0,67,1.475060127029e-05,0.6666666666666666,0.6703397612488521,5.94932577808155e-06,7.5685647671353e-06,2.638582212395793e-05,0.6666666666666666,0.6737588652482269,-8.801275492208452e-06,0.0034191039993748396
PRANK,55.0,67,1.443010429684118e-05,0.6666666666666666,0.6703397612488521,1.206530688497963e-05,1.11193905280027e-05,3.7365159161666735e-05,0.6666666666666666,0.6775658492279746,-2.364797411861551e-06,0.0072260879791224975
MACSE,56.0,68,8.744734988860358e-09,0.6666666666666666,0.6703397612488521,5.379181721208751e-08,1.999590371060123e-08,1.1070195967318362e-07,0.03355600271301773,0.356066473232577,4.504708222322715e-08,-0.3142732880162751
MAFFT,56.0,68,3.26200018865907e-09,0.6666666666666666,0.6703397612488521,2.266870634119092e-09,1.397107651790463e-09,9.480373351435286e-09,0.6666666666666666,0.6737588652482269,-9.951295545399778e-10,0.0034191039993748396
PRANK,56.0,68,3.229171009487524e-09,0.6666666666666666,0.6703397612488521,6.835375063820509e-09,1.917113023885975e-09,1.2329019963956356e-08,0.6666666666666666,0.6775658492279746,3.606204054332985e-09,0.0072260879791224975
MACSE,57.0,69,2.392191088414698e-06,0.6666666666666666,0.6703397612488521,3.754960611128041e-07,5.322028913123944e-07,2.3367989020843063e-06,0.6666666666666666,0.673721340388007,-2.016695027301894e-06,0.0033815791391549332
MAFFT,57.0,69,2.418237477236046e-06,0.6666666666666666,0.6703397612488521,1.367027880319076e-07,1.590092626457817e-07,6.866309068795119e-07,0.6666666666666666,0.6737588652482269,-2.2815346892041384e-06,0.0034191039993748396
PRANK,57.0,69,2.427219686044098e-06,0.6666666666666666,0.6703397612488521,2.677137355517533e-06,3.80093616692001e-06,1.3899501865305526e-05,0.6666666666666666,0.6775658492279746,2.4991766947343506e-07,0.0072260879791224975
MACSE,58.0,70,1.435378460675234e-10,0.6666666666666666,0.6703397612488521,2.436105584565726e-10,3.35300009979278e-10,2.371937107631189e-09,0.6666666666666666,0.673721340388007,1.0007271238904919e-10,0.0033815791391549332
MAFFT,58.0,70,4.268538492262076e-11,0.6666666666666666,0.6703397612488521,1.710489409095675e-11,1.869648880159502e-11,1.4209331489212216e-10,0.6666666666666666,0.6737588652482269,-2.5580490831664008e-11,0.0034191039993748396
PRANK,58.0,70,1.377978648812691e-10,0.6666666666666666,0.6703397612488521,3.524827906182728e-10,3.28813642980208e-10,2.358605554454184e-09,0.6666666666666666,0.6775658492279746,2.146849257370037e-10,0.0072260879791224975
MACSE,59.0,71,7.843675782483658e-13,0.6666666666666666,0.6703397612488521,1.321765092475568e-10,2.875594207196741e-10,2.07259808896067e-09,0.6666666666666666,0.673721340388007,1.3139214166930842e-10,0.0033815791391549332
MAFFT,59.0,71,7.585437741287411e-13,0.6666666666666666,0.6703397612488521,3.694729645839411e-15,4.773959005888173e-15,8.638592486845265e-14,0.6666666666666666,0.6737588652482269,-7.548490444829017e-13,0.0034191039993748396
PRANK,59.0,71,7.418980539761594e-13,0.6666666666666666,0.6703397612488521,8.356207470835965e-13,1.409206085156711e-12,1.3832470256932979e-11,0.6666666666666666,0.6775658492279746,9.372269310743704e-14,0.0072260879791224975
MACSE,60.0,72,0.08410677664144886,0.6666666666666666,0.6703397612488521,0.1160288208057962,0.2710692528510585,0.3372913830263985,0.6666666666666666,0.673721340388007,0.03192204416434734,0.0033815791391549332
MAFFT,60.0,72,0.08446730904857642,0.6666666666666666,0.6703397612488521,0.05983502255684529,0.1107866565656669,0.15308701634528518,0.6666666666666666,0.6737588652482269,-0.024632286491731138,0.0034191039993748396
PRANK,60.0,72,0.0842168286742962,0.6666666666666666,0.6703397612488521,0.07662996605418498,0.1588296783928386,0.20934088353543745,0.6666666666666666,0.6775658492279746,-0.007586862620111212,0.0072260879791224975
MACSE,61.0,73,3.336378254429537e-16,0.6666666666666666,0.6703397612488521,1.763030179782502e-15,2.220446049250313e-16,4.712279948964553e-15,0.01787981381023396,0.21486648917326953,1.4293923543395482e-15,-0.4554732720755825
MAFFT,61.0,73,3.243820293591821e-16,0.6666666666666666,0.6703397612488521,2.801920371318902e-15,4.440892098500626e-16,9.37521665239021e-15,0.086759272033751,0.6737588652482269,2.4775383419597197e-15,0.0034191039993748396
PRANK,61.0,73,6.056985081318305e-17,0.6666666666666666,0.6703397612488521,6.82772700508083e-17,0.0,0.0,0.6666666666666666,0.6775658492279746,7.70741923762525e-18,0.0072260879791224975
MACSE,62.0,74,0.0001139694230721342,0.6666666666666666,0.6703397612488521,0.001139898680531173,0.01640694346021376,0.028105167721083662,0.4067870199986122,0.673721340388007,0.0010259292574590388,0.0033815791391549332
MAFFT,62.0,74,0.0001161507467393551,0.6666666666666666,0.6703397612488521,0.0001299055304351051,0.007208946098263835,0.013044759606382178,0.3491784446244357,0.6737588652482269,1.375478369575001e-05,0.0034191039993748396
PRANK,62.0,74,8.172295486991236e-05,0.6666666666666666,0.6703397612488521,0.0008684794709205467,0.02264692123933909,0.03822308426368091,0.6666666666666666,0.6775658492279746,0.0007867565160506343,0.0072260879791224975
MACSE,63.0,75,1.546381619096758e-20,0.6666666666666666,0.6703397612488521,5.018253303603092e-20,5.773159728050814e-15,1.0024304618706413e-13,0.6666666666666666,0.673721340388007,3.471871684506334e-20,0.0033815791391549332
MAFFT,63.0,75,1.600337649203478e-20,0.6666666666666666,0.6703397612488521,6.404261848865419e-20,2.220446049250313e-15,4.218847493575595e-14,0.6666666666666666,0.6737588652482269,4.803924199661941e-20,0.0034191039993748396
PRANK,63.0,75,1.265320213464737e-20,0.6666666666666666,0.6703397612488521,1.045040429129601e-20,5.662137425588298e-15,9.182509824975806e-14,0.6666666666666666,0.6775658492279746,-2.202797843351359e-21,0.0072260879791224975
MACSE,64.0,76,5.890489692524774e-08,0.6666666666666666,0.6703397612488521,8.791899970448019e-05,0.0002440284163669482,0.0006256298996790215,0.007913516351604866,0.1153053188862178,8.786009480755494e-05,-0.5550344423626343
MAFFT,64.0,76,6.118411697379267e-08,0.6666666666666666,0.6703397612488521,4.44304393504431e-05,0.0001022982449265797,0.00027766666480071636,0.003871806514090581,0.06687665797065549,4.43692552334693e-05,-0.6034631032781966
PRANK,64.0,76,6.920992309684098e-08,0.6666666666666666,0.6703397612488521,4.35886157242482e-08,6.781864891891587e-08,3.3728474729007493e-07,0.6666666666666666,0.6775658492279746,-2.5621307372592777e-08,0.0072260879791224975
MACSE,65.0,77,0.02431990331333787,0.6666666666666666,0.6703397612488521,0.2071406095354364,0.6226510622047627,0.675717914097214,0.511867562285802,0.673721340388007,0.18282070622209853,0.0033815791391549332
MAFFT,65.0,77,0.0243509218874947,0.6666666666666666,0.6703397612488521,0.201069482456148,0.6268576096993304,0.680588261959273,0.5138854661214054,0.6737588652482269,0.17671856056865332,0.0034191039993748396
PRANK,65.0,77,0.02440083596801495,0.6666666666666666,0.6703397612488521,0.02672499482696846,1.0,1.0,1.0,1.0,0.0023241588589535123,0.3296602387511479
MACSE,66.0,78,0.04079359643205546,0.6666666666666666,0.6703397612488521,0.02726409544213167,0.2189789492212579,0.2807045590688608,0.6666666666666666,0.673721340388007,-0.013529500989923792,0.0033815791391549332
MAFFT,66.0,78,0.04065517639795164,0.6666666666666666,0.6703397612488521,0.08746505454235927,0.6830161795479406,0.7291053956359592,0.6666666666666666,0.6737588652482269,0.04680987814440763,0.0034191039993748396
PRANK,66.0,78,0.04126229345447083,0.6666666666666666,0.6703397612488521,0.03740946228065333,0.2362519991986651,0.29472239364917086,0.6666666666666666,0.6775658492279746,-0.003852831173817496,0.0072260879791224975
MACSE,67.0,79,0.08965011553130262,0.6666666666666666,0.6703397612488521,0.0600425625805643,0.137158288389821,0.18319743414304762,0.6022902383330502,0.673721340388007,-0.029607552950738317,0.0033815791391549332
MAFFT,67.0,79,0.09081455704037938,0.6666666666666666,0.6703397612488521,0.09101455663841791,0.1972770139015374,0.25411954333079395,0.6666666666666666,0.6737588652482269,0.00019999959803852774,0.0034191039993748396
PRANK,67.0,79,0.08961128434140492,0.6666666666666666,0.6703397612488521,0.1022850142494064,0.1848710687508991,0.23534781107196368,0.6666666666666666,0.6775658492279746,0.012673729908001488,0.0072260879791224975
MACSE,68.0,80,0.003279916147025157,0.6666666666666666,0.6703397612488521,0.00187769464585589,0.01486533938545587,0.02569484002372915,0.6666666666666666,0.673721340388007,-0.001402221501169267,0.0033815791391549332
MAFFT,68.0,80,0.003287221775802159,0.6666666666666666,0.6703397612488521,0.0004454006552483658,0.002809266766323759,0.00556000714168244,0.6666666666666666,0.6737588652482269,-0.002841821120553793,0.0034191039993748396
PRANK,68.0,80,0.003286499292340118,0.6666666666666666,0.6703397612488521,0.002857197817719977,0.01430119724327716,0.02552318933848029,0.6666666666666666,0.6775658492279746,-0.0004293014746201409,0.0072260879791224975
MACSE,69.0,81,0.00294129028075589,0.6666666666666666,0.6703397612488521,0.0009205182131783052,0.002227413371874487,0.004624303848130729,0.6666666666666666,0.673721340388007,-0.0020207720675775847,0.0033815791391549332
MAFFT,69.0,81,0.002970612244978604,0.6666666666666666,0.6703397612488521,0.000913932737315779,0.002188401771880288,0.004447019643393099,0.6666666666666666,0.6737588652482269,-0.002056679507662825,0.0034191039993748396
PRANK,69.0,81,0.002986627362904418,0.6666666666666666,0.6703397612488521,0.002618947354978818,0.005777669914567074,0.011283093602793292,0.6666666666666666,0.6775658492279746,-0.00036768000792559985,0.0072260879791224975
MACSE,70.0,82,0.01740471213661033,0.6666666666666666,0.6703397612488521,0.0393239693319617,0.06704954928424423,0.09592856863888126,0.6256297432699183,0.673721340388007,0.02191925719535137,0.0033815791391549332
MAFFT,70.0,82,0.01770633017766822,0.6666666666666666,0.6703397612488521,0.04718296399063127,0.08093712823669708,0.11519141846421306,0.6666666666666666,0.6737588652482269,0.029476633812963053,0.0034191039993748396
PRANK,70.0,82,0.01696486887965249,0.6666666666666666,0.6703397612488521,0.01939347944691653,0.0707820172480953,0.09925448283285543,0.6666666666666666,0.6775658492279746,0.002428610567264039,0.0072260879791224975
MACSE,71.0,83,0.01616891404457834,0.6666666666666666,0.6703397612488521,0.04726730095299939,0.09030686478579397,0.12409072787112696,0.5411994143418174,0.673721340388007,0.031098386908421052,0.0033815791391549332
MAFFT,71.0,83,0.01625857169712872,0.6666666666666666,0.6703397612488521,0.02561080032887537,0.04339599133998484,0.06622681409314957,0.6080562400079235,0.6737588652482269,0.009352228631746652,0.0034191039993748396
PRANK,71.0,83,0.01609649567586095,0.6666666666666666,0.6703397612488521,0.01719429305897226,0.07355599042298588,0.10275799411151211,0.6666666666666666,0.6775658492279746,0.001097797383111311,0.0072260879791224975
MACSE,72.0,84,0.04469758377378999,0.4574792831179034,0.6703397612488521,0.03288914640719272,0.1449442927578708,0.1915872658598846,0.3737600879362495,0.673721340388007,-0.011808437366597271,0.0033815791391549332
MAFFT,72.0,84,0.04497110968217086,0.5688965285964827,0.6703397612488521,0.03369530450566675,0.1450038659929944,0.1933384879906592,0.3831158210396903,0.6737588652482269,-0.01127580517650411,0.0034191039993748396
PRANK,72.0,84,0.04527480717731926,0.5733208467638213,0.6703397612488521,0.03997939118590337,0.1449453453325164,0.19517911122393003,0.4559659477174552,0.6775658492279746,-0.005295415991415885,0.0072260879791224975
MACSE,73.0,85,1.55411243653e-05,0.6666666666666666,0.6703397612488521,7.52560914960349e-06,5.421366030311514e-05,0.0001643620494903967,0.6666666666666666,0.673721340388007,-8.015515215696509e-06,0.0033815791391549332
MAFFT,73.0,85,1.546551273244955e-05,0.6666666666666666,0.6703397612488521,7.451952716769043e-06,5.375042958155607e-05,0.00016082805701567957,0.6666666666666666,0.6737588652482269,-8.013560015680509e-06,0.0034191039993748396
PRANK,73.0,85,1.576119734709953e-05,0.6666666666666666,0.6703397612488521,1.360856021876085e-05,7.234724647575685e-05,0.0002044357798140705,0.6666666666666666,0.6775658492279746,-2.152637128338678e-06,0.0072260879791224975
MACSE,74.0,86,0.005064928088879381,0.6666666666666666,0.6703397612488521,0.002614507652366349,0.005753629718513897,0.010989432762361544,0.6666666666666666,0.673721340388007,-0.002450420436513032,0.0033815791391549332
MAFFT,74.0,86,0.005100152208279141,0.6666666666666666,0.6703397612488521,0.002546158085905828,0.005768977044289691,0.010799070329212228,0.6666666666666666,0.6737588652482269,-0.0025539941223733124,0.0034191039993748396
PRANK,74.0,86,0.00496127787717477,0.6666666666666666,0.6703397612488521,0.004234732405571492,0.007110348773885833,0.013531429044180691,0.6666666666666666,0.6775658492279746,-0.0007265454716032784,0.0072260879791224975
MACSE,75.0,87,6.379882680216213e-25,0.6666666666666666,0.6703397612488521,5.811865109922951e-26,0.0,0.0,0.6666666666666666,0.673721340388007,-5.798696169223918e-25,0.0033815791391549332
MAFFT,75.0,87,7.199931821824935e-25,0.6666666666666666,0.6703397612488521,2.715015696494167e-26,0.0,0.0,0.6666666666666666,0.6737588652482269,-6.9284302521755185e-25,0.0034191039993748396
PRANK,75.0,87,4.174799930139807e-25,0.6666666666666666,0.6703397612488521,4.659077192510895e-25,0.0,0.0,0.6666666666666666,0.6775658492279746,4.8427726237108737e-26,0.0072260879791224975
MACSE,76.0,88,3.214591410332336e-23,0.6666666666666666,0.6703397612488521,1.011670545446274e-24,0.0,0.0,0.6666666666666666,0.673721340388007,-3.113424355787709e-23,0.0033815791391549332
MAFFT,76.0,88,2.972013444885297e-23,0.6666666666666666,0.6703397612488521,4.252468761175859e-25,0.0,0.0,0.6666666666666666,0.6737588652482269,-2.9294887572735383e-23,0.0034191039993748396
PRANK,76.0,88,3.385505945608328e-23,0.6666666666666666,0.6703397612488521,2.181934251121362e-23,0.0,0.0,0.6666666666666666,0.6775658492279746,-1.203571694486966e-23,0.0072260879791224975
MACSE,77.0,89,4.36065099401988e-10,0.6666666666666666,0.6703397612488521,4.254735945100972e-09,1.750819544898974e-08,9.982284569424e-08,0.6666666666666666,0.673721340388007,3.818670845698984e-09,0.0033815791391549332
MAFFT,77.0,89,4.189938548328175e-10,0.6666666666666666,0.6703397612488521,1.098608261689767e-09,1.192080567591347e-08,6.761053965443461e-08,0.6666666666666666,0.6737588652482269,6.796144068569494e-10,0.0034191039993748396
PRANK,77.0,89,7.869940436508685e-10,0.6666666666666666,0.6703397612488521,4.682057426907714e-10,2.569157364629149e-08,1.4519631772828373e-07,0.6666666666666666,0.6775658492279746,-3.1878830096009713e-10,0.0072260879791224975
MACSE,78.0,90,2.059031333180233e-17,0.6666666666666666,0.6703397612488521,1.14747974637478e-19,0.0,0.0,0.6666666666666666,0.673721340388007,-2.0475565357164854e-17,0.0033815791391549332
MAFFT,78.0,90,1.907655787901017e-17,0.6666666666666666,0.6703397612488521,3.502690155705162e-21,0.0,0.0,0.6666666666666666,0.6737588652482269,-1.9073055188854465e-17,0.0034191039993748396
PRANK,78.0,90,2.241645085800338e-17,0.6666666666666666,0.6703397612488521,1.486812831505814e-18,0.0,0.0,0.6666666666666666,0.6775658492279746,-2.0929638026497567e-17,0.0072260879791224975
MACSE,79.0,91,6.023069156517611e-12,0.6666666666666666,0.6703397612488521,6.612598861860733e-12,4.792499730399413e-12,4.5768372425314394e-11,0.6666666666666666,0.673721340388007,5.895297053431219e-13,0.0033815791391549332
MAFFT,79.0,91,6.155674228584361e-12,0.6666666666666666,0.6703397612488521,9.765814383458607e-12,6.004974295592547e-12,4.960630939837321e-11,0.6666666666666666,0.6737588652482269,3.610140154874246e-12,0.0034191039993748396
PRANK,79.0,91,5.968282363756285e-12,0.6666666666666666,0.6703397612488521,9.209618897980013e-12,3.533728865079411e-12,3.295202166686551e-11,0.6666666666666666,0.6775658492279746,3.241336534223728e-12,0.0072260879791224975
MACSE,80.0,92,0.002442466572697601,0.6666666666666666,0.6703397612488521,0.001127422015976219,0.00355875841125497,0.007129041685369542,0.6666666666666666,0.673721340388007,-0.0013150445567213821,0.0033815791391549332
MAFFT,80.0,92,0.002418633678493139,0.6666666666666666,0.6703397612488521,0.001019963950401316,0.003324667055573549,0.006413063355928674,0.6666666666666666,0.6737588652482269,-0.0013986697280918231,0.0034191039993748396
PRANK,80.0,92,0.002452370727755092,0.6666666666666666,0.6703397612488521,0.00210843433119398,0.003984465278804583,0.007990352413946826,0.6666666666666666,0.6775658492279746,-0.00034393639656111205,0.0072260879791224975
MACSE,81.0,93,6.682803497272292e-05,0.6666666666666666,0.6703397612488521,2.948200185558755e-05,0.0002156233591006362,0.0005641652272359111,0.6666666666666666,0.673721340388007,-3.7346033117135375e-05,0.0033815791391549332
MAFFT,81.0,93,6.735889635698359e-05,0.6666666666666666,0.6703397612488521,2.616952234699591e-05,0.0001968627440140924,0.00050545839679294,0.6666666666666666,0.6737588652482269,-4.118937400998768e-05,0.0034191039993748396
PRANK,81.0,93,6.579884395929193e-05,0.6666666666666666,0.6703397612488521,5.646627091455721e-05,0.0002468858964551623,0.0006395030512345523,0.6666666666666666,0.6775658492279746,-9.332573044734723e-06,0.0072260879791224975
MACSE,82.0,94,1.049356111804387e-05,0.6666666666666666,0.6703397612488521,5.65900019338514e-06,1.495313640675899e-05,5.0160208774048594e-05,0.6666666666666666,0.673721340388007,-4.834560924658731e-06,0.0033815791391549332
MAFFT,82.0,94,1.069944087334615e-05,0.6666666666666666,0.6703397612488521,1.830805073031208e-06,3.531367023579257e-06,1.3028344358836095e-05,0.6666666666666666,0.6737588652482269,-8.868635800314942e-06,0.0034191039993748396
PRANK,82.0,94,1.080963676527538e-05,0.6666666666666666,0.6703397612488521,9.615369596233542e-06,1.012405671452221e-05,3.464470783960353e-05,0.6666666666666666,0.6775658492279746,-1.1942671690418379e-06,0.0072260879791224975
MACSE,83.0,95,0.03951883043783933,0.6666666666666666,0.6703397612488521,0.03249555751530205,0.03526722356542611,0.056605375638625104,0.6666666666666666,0.673721340388007,-0.00702327292253728,0.0033815791391549332
MAFFT,83.0,95,0.0400186075798509,0.6666666666666666,0.6703397612488521,0.02439327385025048,0.02717995982741928,0.04376434209499714,0.6666666666666666,0.6737588652482269,-0.01562533372960042,0.0034191039993748396
PRANK,83.0,95,0.04022175947598619,0.6666666666666666,0.6703397612488521,0.03553661864280691,0.03650978744267308,0.05746055154479772,0.6666666666666666,0.6775658492279746,-0.00468514083317928,0.0072260879791224975
MACSE,84.0,96,1.131644071412528e-09,0.6666666666666666,0.6703397612488521,1.025577236004772e-10,1.672040284006471e-10,1.2283065163278306e-09,0.6666666666666666,0.673721340388007,-1.0290863478120507e-09,0.0033815791391549332
MAFFT,84.0,96,1.044480626769096e-09,0.6666666666666666,0.6703397612488521,5.155558395647417e-11,1.052482545560451e-10,7.842026810058263e-10,0.6666666666666666,0.6737588652482269,-9.92925042812622e-10,0.0034191039993748396
PRANK,84.0,96,1.084185483208866e-09,0.6666666666666666,0.6703397612488521,9.407171935899969e-10,2.161921086596408e-09,1.3667738394923053e-08,0.6666666666666666,0.6775658492279746,-1.4346828961886904e-10,0.0072260879791224975
MACSE,85.0,97,0.000122363020394098,0.6666666666666666,0.6703397612488521,6.699335585444456e-05,0.0003398910520593379,0.0008269960629724018,0.6666666666666666,0.673721340388007,-5.5369664539653453e-05,0.0033815791391549332
MAFFT,85.0,97,0.0001238021627579134,0.6666666666666666,0.6703397612488521,6.237070411925798e-05,0.0003066935333337906,0.0007376173586508888,0.6666666666666666,0.6737588652482269,-6.143145863865543e-05,0.0034191039993748396
PRANK,85.0,97,0.0001283170794402309,0.6666666666666666,0.6703397612488521,0.0001066890002195121,0.0002633259513866726,0.0006773833094291646,0.6666666666666666,0.6775658492279746,-2.1628079220718788e-05,0.0072260879791224975
MACSE,86.0,98,1.109573563311077e-05,0.6666666666666666,0.6703397612488521,4.629360365579615e-06,2.505034016075935e-05,8.10951689950006e-05,0.6666666666666666,0.673721340388007,-6.4663752675311555e-06,0.0033815791391549332
MAFFT,86.0,98,1.115406217900797e-05,0.6666666666666666,0.6703397612488521,4.499644226634769e-06,2.57390142013314e-05,8.288835081784688e-05,0.6666666666666666,0.6737588652482269,-6.654417952373201e-06,0.0034191039993748396
PRANK,86.0,98,1.126207911469319e-05,0.6666666666666666,0.6703397612488521,8.701555147492306e-06,2.477047059468163e-05,7.829987738827329e-05,0.6666666666666666,0.6775658492279746,-2.5605239672008846e-06,0.0072260879791224975
MACSE,87.0,99,0.0001542967300328851,0.6666666666666666,0.6703397612488521,9.963928425623156e-05,0.003014421352812047,0.006224372739320011,0.6666666666666666,0.673721340388007,-5.465744577665355e-05,0.0033815791391549332
MAFFT,87.0,99,0.0001560076370794608,0.6666666666666666,0.6703397612488521,7.439134245222359e-05,0.002931780379326843,0.005772417327172023,0.6666666666666666,0.6737588652482269,-8.161629462723721e-05,0.0034191039993748396
PRANK,87.0,99,0.0001553117531134888,0.6666666666666666,0.6703397612488521,0.0001474324763007383,0.003219724860943907,0.006671985406289318,0.6666666666666666,0.6775658492279746,-7.879276812750507e-06,0.0072260879791224975
MACSE,88.0,100,6.707815399766841e-05,0.6666666666666666,0.6703397612488521,3.613939192779812e-05,2.998143029309119e-05,9.544088643300695e-05,0.6666666666666666,0.673721340388007,-3.0938762069870296e-05,0.0033815791391549332
MAFFT,88.0,100,6.589291129583157e-05,0.6666666666666666,0.6703397612488521,2.142452721082074e-05,1.988378678852154e-05,6.457982033878791e-05,0.6666666666666666,0.6737588652482269,-4.4468384085010834e-05,0.0034191039993748396
PRANK,88.0,100,6.829337230925877e-05,0.6666666666666666,0.6703397612488521,5.578095884138918e-05,3.715014127869676e-05,0.00011644540081473858,0.6666666666666666,0.6775658492279746,-1.2512413467869593e-05,0.0072260879791224975
MACSE,89.0,101,1.242011446294005e-23,0.6666666666666666,0.6703397612488521,7.224199481991334e-22,0.0,0.0,0.6666666666666666,0.673721340388007,7.099998337361934e-22,0.0033815791391549332
MAFFT,89.0,101,1.38292970104101e-23,0.6666666666666666,0.6703397612488521,5.052075587077607e-22,0.0,0.0,0.6666666666666666,0.6737588652482269,4.913782616973506e-22,0.0034191039993748396
PRANK,89.0,101,3.448092387454062e-24,0.6666666666666666,0.6703397612488521,6.686916654661323e-24,0.0,0.0,0.6666666666666666,0.6775658492279746,3.2388242672072608e-24,0.0072260879791224975
MACSE,90.0,102,9.534517853432813e-09,0.6666666666666666,0.6703397612488521,2.278926001953866e-08,3.161816042318577e-08,1.6788924432168764e-07,0.6666666666666666,0.673721340388007,1.3254742166105848e-08,0.0033815791391549332
MAFFT,90.0,102,9.81078924727056e-09,0.6666666666666666,0.6703397612488521,4.771004841296235e-08,8.214730429223494e-08,3.952515474970478e-07,0.6666666666666666,0.6737588652482269,3.789925916569179e-08,0.0034191039993748396
PRANK,90.0,102,9.54225659376978e-09,0.6666666666666666,0.6703397612488521,9.28530701104984e-09,2.010474275948582e-08,1.1717295389512829e-07,0.6666666666666666,0.6775658492279746,-2.5694958271993965e-10,0.0072260879791224975
MACSE,91.0,103,0.003431640837383273,0.6666666666666666,0.6703397612488521,0.006520416333730433,0.03998554023970868,0.06260031299823245,0.6666666666666666,0.673721340388007,0.00308877549634716,0.0033815791391549332
MAFFT,91.0,103,0.003378504592001349,0.6666666666666666,0.6703397612488521,0.007802787410060379,0.0377894629484814,0.059585045312958225,0.6666666666666666,0.6737588652482269,0.00442428281805903,0.0034191039993748396
PRANK,91.0,103,0.003321825536455584,0.6666666666666666,0.6703397612488521,0.002812129390805307,0.05042524642170187,0.0737592820207639,0.6666666666666666,0.6775658492279746,-0.000509696145650277,0.0072260879791224975
MACSE,92.0,104,1.988589818022241e-11,0.6666666666666666,0.6703397612488521,2.484664657197979e-11,7.716716154959613e-12,6.855315281847842e-11,0.6666666666666666,0.673721340388007,4.960748391757378e-12,0.0033815791391549332
MAFFT,92.0,104,1.96941545571552e-11,0.6666666666666666,0.6703397612488521,4.327703712289937e-12,1.800892768244466e-12,1.7547160305971723e-11,0.6666666666666666,0.6737588652482269,-1.5366450844865263e-11,0.0034191039993748396
PRANK,92.0,104,2.065796971348468e-11,0.6666666666666666,0.6703397612488521,1.779251765244166e-11,3.719580199401662e-12,3.383910766772732e-11,0.6666666666666666,0.6775658492279746,-2.8654520610430183e-12,0.0072260879791224975
MACSE,93.0,105,0.0003413223140277352,0.6666666666666666,0.6703397612488521,0.0001987292104997089,0.000349735847590793,0.0008455638846815376,0.6666666666666666,0.673721340388007,-0.00014259310352802632,0.0033815791391549332
MAFFT,93.0,105,0.0003446631146304844,0.6666666666666666,0.6703397612488521,0.0001735139327281188,0.0003423620071637545,0.0008182236649196648,0.6666666666666666,0.6737588652482269,-0.0001711491819023656,0.0034191039993748396
PRANK,93.0,105,0.000346222922979668,0.6666666666666666,0.6703397612488521,0.0003071293171779291,0.0004363467703109025,0.0010172334082872915,0.6666666666666666,0.6775658492279746,-3.909360580173888e-05,0.0072260879791224975
MACSE,94.0,106,2.439508640085183e-05,0.6666666666666666,0.6703397612488521,1.738167189799318e-05,8.81364221855252e-05,0.00025506146420356535,0.6666666666666666,0.673721340388007,-7.013414502858651e-06,0.0033815791391549332
MAFFT,94.0,106,2.44059614922786e-05,0.6666666666666666,0.6703397612488521,1.872729278702198e-05,8.721394371968838e-05,0.00024368601921677635,0.6666666666666666,0.6737588652482269,-5.678668705256623e-06,0.0034191039993748396
PRANK,94.0,106,2.520258374105366e-05,0.6666666666666666,0.6703397612488521,2.339881270209417e-05,9.150140684321961e-05,0.0002547016772576188,0.6666666666666666,0.6775658492279746,-1.803771038959489e-06,0.0072260879791224975
MACSE,95.0,107,0.1150124214133498,0.5415029063938983,0.6703397612488521,0.08201981884194964,0.4532449923050508,0.5215047803027995,0.5002210474686944,0.673721340388007,-0.03299260257140016,0.0033815791391549332
MAFFT,95.0,107,0.1152125878113822,0.5412555020264256,0.6703397612488521,0.08031039970335226,0.4573842674725056,0.5219400049235801,0.5751773287215918,0.6737588652482269,-0.03490218810802995,0.0034191039993748396
PRANK,95.0,107,0.1154780252462683,0.5403486422373875,0.6703397612488521,0.1008622765245389,0.4657360093741141,0.5312523898976897,0.5277025172843459,0.6775658492279746,-0.014615748721729396,0.0072260879791224975
MACSE,96.0,108,1.583466497726316e-19,0.6666666666666666,0.6703397612488521,1.445735862153136e-19,0.0,0.0,0.6666666666666666,0.673721340388007,-1.3773063557317996e-20,0.0033815791391549332
MAFFT,96.0,108,1.547842747800698e-19,0.6666666666666666,0.6703397612488521,5.669426353411317e-20,0.0,0.0,0.6666666666666666,0.6737588652482269,-9.809001124595664e-20,0.0034191039993748396
PRANK,96.0,108,1.623651581916995e-19,0.6666666666666666,0.6703397612488521,1.611801534988045e-19,0.0,0.0,0.6666666666666666,0.6775658492279746,-1.1850046928950026e-21,0.0072260879791224975
MACSE,97.0,109,1.693843484972706e-08,0.6666666666666666,0.6703397612488521,6.303386862458345e-08,1.631849393390894e-07,7.510439376811102e-07,0.6666666666666666,0.673721340388007,4.6095433774856396e-08,0.0033815791391549332
MAFFT,97.0,109,1.712609388098596e-08,0.6666666666666666,0.6703397612488521,2.102167641307461e-08,4.813767562339422e-08,2.471934694174298e-07,0.6666666666666666,0.6737588652482269,3.89558253208865e-09,0.0034191039993748396
PRANK,97.0,109,5.871052268985311e-09,0.6666666666666666,0.6703397612488521,2.451480093851108e-08,5.282538650952517e-08,2.736648495562901e-07,0.6666666666666666,0.6775658492279746,1.864374866952577e-08,0.0072260879791224975
MACSE,98.0,110,0.1073786313543947,0.6666666666666666,0.6703397612488521,0.06503735661013092,0.1392541396360345,0.184705143545018,0.601517565976527,0.673721340388007,-0.042341274744263774,0.0033815791391549332
MAFFT,98.0,110,0.107599962035144,0.6666666666666666,0.6703397612488521,0.03968309260107093,0.1027431916778463,0.14301250123656262,0.5165892028921821,0.6737588652482269,-0.06791686943407307,0.0034191039993748396
PRANK,98.0,110,0.1067486673710536,0.6666666666666666,0.6703397612488521,0.08971871102198424,0.1439395902417409,0.19452705492814984,0.6477089089543989,0.6775658492279746,-0.017029956349069356,0.0072260879791224975
MACSE,99.0,111,9.66359420421086e-22,0.6666666666666666,0.6703397612488521,1.516787914077593e-20,0.0,0.0,0.6666666666666666,0.673721340388007,1.4201519720354844e-20,0.0033815791391549332
MAFFT,99.0,111,9.040571836205418e-22,0.6666666666666666,0.6703397612488521,1.303833727209954e-20,0.0,0.0,0.6666666666666666,0.6737588652482269,1.2134280088478998e-20,0.0034191039993748396
PRANK,99.0,111,1.041090298895579e-21,0.6666666666666666,0.6703397612488521,7.627556686382767e-22,0.0,0.0,0.6666666666666666,0.6775658492279746,-2.7833463025730227e-22,0.0072260879791224975
MACSE,100.0,112,1.619499435389462e-05,0.6666666666666666,0.6703397612488521,1.354672742645277e-06,4.800083250655618e-06,1.797678237010241e-05,0.6666666666666666,0.673721340388007,-1.4840321611249344e-05,0.0033815791391549332
MAFFT,100.0,112,1.603087253220757e-05,0.6666666666666666,0.6703397612488521,1.201503244867671e-06,4.422041798290977e-06,1.5852602673118598e-05,0.6666666666666666,0.6737588652482269,-1.48293692873399e-05,0.0034191039993748396
PRANK,100.0,112,1.611301585615995e-05,0.6666666666666666,0.6703397612488521,1.484640752645725e-05,4.678030817240053e-05,0.000140718185066979,0.6666666666666666,0.6775658492279746,-1.2666083297027018e-06,0.0072260879791224975
MACSE,101.0,113,3.870309815701945e-09,0.6666666666666666,0.6703397612488521,2.486449338360167e-09,3.941746928859402e-09,2.552114113261511e-08,0.6666666666666666,0.673721340388007,-1.3838604773417776e-09,0.0033815791391549332
MAFFT,101.0,113,3.789364446059927e-09,0.6666666666666666,0.6703397612488521,1.586634287240092e-09,4.254632424149918e-09,2.5662862240904265e-08,0.6666666666666666,0.6737588652482269,-2.2027301588198356e-09,0.0034191039993748396
PRANK,101.0,113,3.767445298073231e-09,0.6666666666666666,0.6703397612488521,2.878820242407319e-09,4.454389190833297e-09,2.7237494560341305e-08,0.6666666666666666,0.6775658492279746,-8.886250556659123e-10,0.0072260879791224975
MACSE,102.0,114,1.246941606712136e-06,0.6666666666666666,0.6703397612488521,1.153562031655993e-06,5.392505572743289e-06,1.9807087776807082e-05,0.6666666666666666,0.673721340388007,-9.337957505614298e-08,0.0033815791391549332
MAFFT,102.0,114,1.253862819661104e-06,0.6666666666666666,0.6703397612488521,1.180783928996699e-06,4.058290888786509e-06,1.468714797846546e-05,0.6666666666666666,0.6737588652482269,-7.307889066440509e-08,0.0034191039993748396
PRANK,102.0,114,1.286371926634117e-06,0.6666666666666666,0.6703397612488521,4.708575224536081e-07,1.17690978684859e-06,4.720294091338968e-06,0.6666666666666666,0.6775658492279746,-8.155144041805089e-07,0.0072260879791224975
MACSE,103.0,115,3.636299720605439e-13,0.6666666666666666,0.6703397612488521,1.401690008708051e-11,1.189393028511176e-11,9.877133410679766e-11,0.6666666666666666,0.673721340388007,1.3653270115019965e-11,0.0033815791391549332
MAFFT,103.0,115,9.792192126252211e-14,0.6666666666666666,0.6703397612488521,1.958506502046857e-12,1.852851205796924e-12,1.760208645507078e-11,0.6666666666666666,0.6737588652482269,1.860584580784335e-12,0.0034191039993748396
PRANK,103.0,115,3.138198141005075e-13,0.6666666666666666,0.6703397612488521,1.939895331301441e-12,6.731504242907249e-12,5.706479733191827e-11,0.6666666666666666,0.6775658492279746,1.6260755172009334e-12,0.0072260879791224975
MACSE,104.0,116,0.0003650456386836264,0.6666666666666666,0.6703397612488521,0.0002622059957972242,0.003564520842684771,0.007129041685369542,0.6666666666666666,0.673721340388007,-0.00010283964288640223,0.0033815791391549332
MAFFT,104.0,116,0.000363488950801659,0.6666666666666666,0.6703397612488521,0.0003161031277166728,0.00382983458759234,0.007313251976306981,0.1159058629061076,0.6737588652482269,-4.738582308498623e-05,0.0034191039993748396
PRANK,104.0,116,0.0003687234681720848,0.6666666666666666,0.6703397612488521,0.0003442365517865113,0.003875071211356662,0.007812981415329918,0.6666666666666666,0.6775658492279746,-2.448691638557354e-05,0.0072260879791224975
MACSE,105.0,117,4.056688615938216e-05,0.6666666666666666,0.6703397612488521,2.324063727533409e-05,9.962347140357597e-05,0.0002840012393743733,0.6666666666666666,0.673721340388007,-1.732624888404807e-05,0.0033815791391549332
MAFFT,105.0,117,4.049393364490944e-05,0.6666666666666666,0.6703397612488521,8.048322219062734e-05,0.0003928489969731164,0.0009158442874219893,0.6666666666666666,0.6737588652482269,3.9989288545717904e-05,0.0034191039993748396
PRANK,105.0,117,4.126567959355776e-05,0.6666666666666666,0.6703397612488521,3.719079250023261e-05,0.0001139663516398493,0.0003125694791298808,0.6666666666666666,0.6775658492279746,-4.07488709332515e-06,0.0072260879791224975
MACSE,106.0,118,4.277155771320664e-12,0.6666666666666666,0.6703397612488521,1.335917730091105e-12,2.726707748479384e-13,3.360007612642338e-12,0.6666666666666666,0.673721340388007,-2.9412380412295592e-12,0.0033815791391549332
MAFFT,106.0,118,3.981199505528351e-12,0.6666666666666666,0.6703397612488521,1.94364121748978e-13,4.840572387365683e-14,6.812657434070221e-13,0.6666666666666666,0.6737588652482269,-3.786835383779373e-12,0.0034191039993748396
PRANK,106.0,118,4.098731097559619e-12,0.6666666666666666,0.6703397612488521,3.382812033105595e-12,8.379963389870682e-13,9.193312777711071e-12,0.6666666666666666,0.6775658492279746,-7.159190644540243e-13,0.0072260879791224975
MACSE,107.0,119,1.230797643510013e-13,0.6666666666666666,0.6703397612488521,5.620472989034875e-14,2.442490654175344e-15,4.4430068090237206e-14,0.6666666666666666,0.673721340388007,-6.687503446065256e-14,0.0033815791391549332
MAFFT,107.0,119,1.238583513973506e-13,0.6666666666666666,0.6703397612488521,1.165131852154207e-12,6.261657858885883e-14,7.973621762857874e-13,0.6666666666666666,0.6737588652482269,1.0412735007568566e-12,0.0034191039993748396
PRANK,107.0,119,1.215835580062649e-13,0.6666666666666666,0.6703397612488521,7.77540791702423e-14,4.218847493575595e-15,7.152864159562258e-14,0.6666666666666666,0.6775658492279746,-4.382947883602259e-14,0.0072260879791224975
MACSE,108.0,120,0.1402453035977863,0.2544400711780194,0.6703397612488521,0.09748312039956926,0.5336279975302829,0.5977885485529855,0.2092264111019585,0.673721340388007,-0.04276218319821705,0.0033815791391549332
MAFFT,108.0,120,0.1408980706862783,0.2563603538077749,0.6703397612488521,0.03499291112862181,0.1942821781444831,0.25197006039216235,0.3205691467099734,0.6737588652482269,-0.10590515955765649,0.0034191039993748396
PRANK,108.0,120,0.1388754535074966,0.2589138690190135,0.6703397612488521,0.1240927002491772,0.5448536236231272,0.6057885834105277,0.2595674187683519,0.6775658492279746,-0.014782753258319403,0.0072260879791224975
MACSE,109.0,121,1.290728564525029e-11,0.6666666666666666,0.6703397612488521,1.795936556758245e-11,3.779643265033883e-12,3.718206369576831e-11,0.6666666666666666,0.673721340388007,5.052079922332161e-12,0.0033815791391549332
MAFFT,109.0,121,1.209249467172449e-11,0.6666666666666666,0.6703397612488521,3.568747179877722e-12,9.460210392830959e-13,1.0271085569359327e-11,0.6666666666666666,0.6737588652482269,-8.523747491846767e-12,0.0034191039993748396
PRANK,109.0,121,1.303435942661288e-11,0.6666666666666666,0.6703397612488521,2.630042873646867e-11,6.044609257571665e-12,5.245080597239452e-11,0.6666666666666666,0.6775658492279746,1.3266069309855788e-11,0.0072260879791224975
MACSE,110.0,122,0.007951363100299072,0.6666666666666666,0.6703397612488521,0.02163744068811918,0.03417023561383348,0.055076075968288556,0.6666666666666666,0.673721340388007,0.013686077587820108,0.0033815791391549332
MAFFT,110.0,122,0.009620760133956113,0.6666666666666666,0.6703397612488521,0.009252449479025994,0.01113194975642073,0.019583985682592026,0.6235630699954398,0.6737588652482269,-0.000368310654930119,0.0034191039993748396
PRANK,110.0,122,0.008967069870043481,0.6666666666666666,0.6703397612488521,0.008994529042420157,0.02055565736594345,0.035496574988411606,0.6666666666666666,0.6775658492279746,2.7459172376675944e-05,0.0072260879791224975
MACSE,111.0,123,2.192381950812779e-15,0.6666666666666666,0.6703397612488521,4.908380826833225e-16,0.0,0.0,0.6666666666666666,0.673721340388007,-1.7015438681294567e-15,0.0033815791391549332
MAFFT,111.0,123,2.011253564977132e-15,0.6666666666666666,0.6703397612488521,1.751305969509967e-16,0.0,0.0,0.6666666666666666,0.6737588652482269,-1.8361229680261353e-15,0.0034191039993748396
PRANK,111.0,123,4.920923080435684e-15,0.6666666666666666,0.6703397612488521,1.839813405842513e-15,1.110223024625157e-16,2.30062882325102e-15,0.6666666666666666,0.6775658492279746,-3.0811096745931708e-15,0.0072260879791224975
MACSE,112.0,124,0.01732624431977752,0.6666666666666666,0.6703397612488521,0.03285678345662789,0.04528174443086552,0.06919050549036251,0.6666666666666666,0.673721340388007,0.015530539136850367,0.0033815791391549332
MAFFT,112.0,124,0.01766728676250978,0.6666666666666666,0.6703397612488521,0.01368815200209251,0.01519080572093134,0.025885677910107218,0.6666666666666666,0.6737588652482269,-0.003979134760417268,0.0034191039993748396
PRANK,112.0,124,0.01761553380116663,0.6666666666666666,0.6703397612488521,0.01655529303926221,0.04041322184321428,0.062187431640080094,0.6666666666666666,0.6775658492279746,-0.0010602407619044185,0.0072260879791224975
MACSE,113.0,125,0.002236740224990087,0.6666666666666666,0.6703397612488521,0.001537061774003026,0.003260113542804199,0.006589224197625418,0.6666666666666666,0.673721340388007,-0.0006996784509870609,0.0033815791391549332
MAFFT,113.0,125,0.002235930110802622,0.6666666666666666,0.6703397612488521,0.001352996945266121,0.003177160926119638,0.00619139052269468,0.6666666666666666,0.6737588652482269,-0.000882933165536501,0.0034191039993748396
PRANK,113.0,125,0.002252585411917611,0.6666666666666666,0.6703397612488521,0.00214624296074572,0.003821333257655768,0.0077465070929652255,0.6666666666666666,0.6775658492279746,-0.0001063424511718908,0.0072260879791224975
MACSE,114.0,126,0.0001163684570067147,0.6666666666666666,0.6703397612488521,2.841609271639601e-05,3.229510038182948e-05,0.00010195643261040381,0.6666666666666666,0.673721340388007,-8.79523642903187e-05,0.0033815791391549332
MAFFT,114.0,126,0.0001176597478628995,0.6666666666666666,0.6703397612488521,1.163935996996701e-05,8.93297290305295e-06,3.085936093781928e-05,0.6666666666666666,0.6737588652482269,-0.0001060203878929325,0.0034191039993748396
PRANK,114.0,126,9.98310012832844e-05,0.6666666666666666,0.6703397612488521,8.60863904614978e-05,5.519213752525065e-05,0.00016469333837534794,0.6666666666666666,0.6775658492279746,-1.3744610821786606e-05,0.0072260879791224975
MACSE,115.0,127,0.1922273383580981,0.515592228759487,0.6703397612488521,0.1676871961607505,0.4200791509510854,0.49073466563704776,0.4802738684551654,0.673721340388007,-0.024540142197347597,0.0033815791391549332
MAFFT,115.0,127,0.1927125550379138,0.5208559532016402,0.6703397612488521,0.124345649827539,0.3480646963104986,0.40948787801235126,0.5373098990599967,0.6737588652482269,-0.06836690521037479,0.0034191039993748396
PRANK,115.0,127,0.1547246316314959,0.4675445476292666,0.6703397612488521,0.1750113367438974,0.3706797707911619,0.43207360782844806,0.5006580791701849,0.6775658492279746,0.020286705112401493,0.0072260879791224975
MACSE,116.0,128,1.632750308933782e-29,0.6666666666666666,0.6703397612488521,1.397865458162931e-28,0.0,0.0,0.6666666666666666,0.673721340388007,1.2345904272695528e-28,0.0033815791391549332
MAFFT,116.0,128,1.601951472816824e-29,0.6666666666666666,0.6703397612488521,5.899912189649924e-30,0.0,0.0,0.6666666666666666,0.6737588652482269,-1.0119602538518317e-29,0.0034191039993748396
PRANK,116.0,128,1.919771343316579e-29,0.6666666666666666,0.6703397612488521,2.426066531389117e-30,0.0,0.0,0.6666666666666666,0.6775658492279746,-1.6771646901776672e-29,0.0072260879791224975
MACSE,117.0,129,0.0004499580727937558,0.0284005955279801,0.6703397612488521,0.001030422563993417,0.004761688057875801,0.009233324051312468,0.0002511419525387248,0.013705175124256124,0.0005804644911996613,-0.6566345861245959
MAFFT,117.0,129,0.0004526975256331921,0.0284008646171457,0.6703397612488521,0.0001214411894766188,0.0006977242044478027,0.001568847323610444,0.03143772973172965,0.3348913611739204,-0.0003312563361565733,-0.3354484000749317
PRANK,117.0,129,0.0004606918353890519,0.0294302832693622,0.6703397612488521,0.000426877493797647,0.001762356152573474,0.0037563362566280334,0.02471140494155322,0.5760846276999595,-3.381434159140486e-05,-0.09425513354889259
MACSE,118.0,130,1.257059553753068e-06,0.6666666666666666,0.6703397612488521,3.710216123324781e-06,1.981783433357975e-06,8.05363054832709e-06,0.6058228088390122,0.673721340388007,2.4531565695717133e-06,0.0033815791391549332
MAFFT,118.0,130,1.265455736313908e-06,0.6666666666666666,0.6703397612488521,6.858706165738932e-07,8.078646046572047e-07,3.2314584186288187e-06,0.6666666666666666,0.6737588652482269,-5.795851197400148e-07,0.0034191039993748396
PRANK,118.0,130,1.258171226225917e-06,0.6666666666666666,0.6703397612488521,1.090746205433537e-06,4.948135260418596e-07,2.1713581789836896e-06,0.6666666666666666,0.6775658492279746,-1.6742502079237984e-07,0.0072260879791224975
MACSE,119.0,131,1.901106595931332e-08,0.6666666666666666,0.6703397612488521,6.589405624882835e-07,1.873310983002696e-06,7.694675220505698e-06,0.6666666666666666,0.673721340388007,6.399294965289701e-07,0.0033815791391549332
MAFFT,119.0,131,1.979555697878792e-08,0.6666666666666666,0.6703397612488521,6.520216807468102e-08,1.505229727527535e-07,6.574566625982337e-07,0.6666666666666666,0.6737588652482269,4.54066110958931e-08,0.0034191039993748396
PRANK,119.0,131,1.91329905730604e-08,0.6666666666666666,0.6703397612488521,1.862217777669524e-08,1.184815008326012e-07,5.665846129559007e-07,0.6666666666666666,0.6775658492279746,-5.108127963651602e-10,0.0072260879791224975
MACSE,120.0,132,0.1624448094195656,0.6666666666666666,0.6703397612488521,0.204633700244214,0.4981756880927354,0.5630269610988903,0.5471158007155159,0.673721340388007,0.04218889082464841,0.0033815791391549332
MAFFT,120.0,132,0.1647506161871339,0.6666666666666666,0.6703397612488521,0.167262902667544,0.4145869249229877,0.477403125668895,0.6666666666666666,0.6737588652482269,0.002512286480410103,0.0034191039993748396
PRANK,120.0,132,0.1280549777603262,0.6666666666666666,0.6703397612488521,0.157962879413846,0.3123074243998056,0.3782164587698944,0.6666666666666666,0.6775658492279746,0.02990790165351981,0.0072260879791224975
MACSE,121.0,133,2.47477542312451e-07,0.6666666666666666,0.6703397612488521,1.064967035891363e-06,3.747099238071705e-05,0.00011732720565109764,0.6666666666666666,0.673721340388007,8.17489493578912e-07,0.0033815791391549332
MAFFT,121.0,133,2.534845873509973e-07,0.6666666666666666,0.6703397612488521,2.383201320658283e-06,5.630212021912051e-05,0.00016585120684702167,0.6666666666666666,0.6737588652482269,2.129716733307286e-06,0.0034191039993748396
PRANK,121.0,133,2.412897227639531e-07,0.6666666666666666,0.6703397612488521,6.303224818662597e-07,6.526326155686935e-05,0.00018870695008304082,0.6666666666666666,0.6775658492279746,3.890327591023066e-07,0.0072260879791224975
MACSE,122.0,134,5.221002784474337e-06,0.6666666666666666,0.6703397612488521,9.982986043108108e-06,2.194204858307902e-05,7.163985092936912e-05,0.6666666666666666,0.673721340388007,4.761983258633771e-06,0.0033815791391549332
MAFFT,122.0,134,5.292612933746519e-06,0.6666666666666666,0.6703397612488521,4.047192130596468e-05,5.612300139135051e-05,0.00016585120684702167,0.6666666666666666,0.6737588652482269,3.517930837221816e-05,0.0034191039993748396
PRANK,122.0,134,4.988232223552105e-06,0.6666666666666666,0.6703397612488521,8.69518805097518e-06,2.019159015054228e-05,6.492640625993336e-05,0.6666666666666666,0.6775658492279746,3.7069558274230745e-06,0.0072260879791224975
MACSE,123.0,135,2.757750171016973e-07,0.6666666666666666,0.6703397612488521,1.397566247313544e-07,3.229085809852705e-08,1.68974079364895e-07,0.6666666666666666,0.673721340388007,-1.3601839237034288e-07,0.0033815791391549332
MAFFT,123.0,135,2.64313029782257e-07,0.6666666666666666,0.6703397612488521,4.914695947092355e-07,1.772594756532797e-07,7.568382106544527e-07,0.6666666666666666,0.6737588652482269,2.2715656492697852e-07,0.0034191039993748396
PRANK,123.0,135,2.648327328606788e-07,0.6666666666666666,0.6703397612488521,2.152838837609845e-07,8.056431566316746e-08,3.954011808205456e-07,0.6666666666666666,0.6775658492279746,-4.954884909969429e-08,0.0072260879791224975
MACSE,124.0,136,0.1114994031590134,0.2414231226231903,0.6703397612488521,0.1049751871773445,0.2562153192900962,0.3208991867830057,0.1404755032922546,0.673721340388007,-0.006524215981668899,0.0033815791391549332
MAFFT,124.0,136,0.1118437074729199,0.2492060738085005,0.6703397612488521,0.08418147181963541,0.2522452644132234,0.31324575319289183,0.366927885371364,0.6737588652482269,-0.02766223565328449,0.0034191039993748396
PRANK,124.0,136,0.109875328183379,0.2527167722798498,0.6703397612488521,0.1024429763903794,0.2439378570399665,0.30228844078374584,0.3394637361402029,0.6775658492279746,-0.0074323517929996,0.0072260879791224975
MACSE,125.0,137,0.03511176189700328,0.6666666666666666,0.6703397612488521,0.00872999186214786,0.008025951802932085,0.014811176757101724,0.6666666666666666,0.673721340388007,-0.026381770034855423,0.0033815791391549332
MAFFT,125.0,137,0.04603779053723958,0.6666666666666666,0.6703397612488521,0.04436869141727438,0.07279982923757122,0.10399975605367318,0.6666666666666666,0.6737588652482269,-0.0016690991199652047,0.0034191039993748396
PRANK,125.0,137,0.04584867713062151,0.6666666666666666,0.6703397612488521,0.03629797926241463,0.03793341878602174,0.05895485502994212,0.6104827789325787,0.6775658492279746,-0.009550697868206878,0.0072260879791224975
MACSE,126.0,138,3.729999831287751e-06,0.6666666666666666,0.6703397612488521,2.09572727602053e-05,8.056403353218222e-06,2.9033453593673216e-05,0.6666666666666666,0.673721340388007,1.722727292891755e-05,0.0033815791391549332
MAFFT,126.0,138,3.671362424378182e-06,0.6666666666666666,0.6703397612488521,1.715687208857508e-07,6.089457171842838e-08,3.044728585921419e-07,0.6666666666666666,0.6737588652482269,-3.4997937034924316e-06,0.0034191039993748396
PRANK,126.0,138,8.496060116497891e-06,0.6666666666666666,0.6703397612488521,2.299510661122905e-05,8.640539624016341e-06,3.0120759623907433e-05,0.6666666666666666,0.6775658492279746,1.4499046494731159e-05,0.0072260879791224975
MACSE,127.0,139,0.317989342220304,0.0982357076828092,0.6703397612488521,0.2968029502978781,0.654437816664694,0.7082018299317652,0.04786882314413221,0.3975193574143153,-0.021186391922425885,-0.27282040383453676
MAFFT,127.0,139,0.3182421326206905,0.1002390755476824,0.6703397612488521,0.2251901319207699,0.4817968605195394,0.5448893065399553,0.08223107254690964,0.6737588652482269,-0.09305200069992062,0.0034191039993748396
PRANK,127.0,139,0.320049116426539,0.1010201707773651,0.6703397612488521,0.2941487890239618,0.5456969544931295,0.6057885834105277,0.09286067107586427,0.6775658492279746,-0.025900327402577195,0.0072260879791224975
MACSE,128.0,140,0.005000567594253031,0.6666666666666666,0.6703397612488521,0.005124049549918041,1.0,1.0,1.0,1.0,0.00012348195566500974,0.3296602387511479
MAFFT,128.0,140,0.004997446850584346,0.6666666666666666,0.6703397612488521,0.004388251065480921,1.0,1.0,1.0,1.0,-0.0006091957851034249,0.3296602387511479
PRANK,128.0,140,0.005015053747804138,0.6666666666666666,0.6703397612488521,0.004935880888656572,1.0,1.0,1.0,1.0,-7.917285914756621e-05,0.3296602387511479
MACSE,129.0,141,0.001896062845329384,0.6666666666666666,0.6703397612488521,0.0009432436777168433,0.001655133106223561,0.003572095178403392,0.6666666666666666,0.673721340388007,-0.0009528191676125406,0.0033815791391549332
MAFFT,129.0,141,0.001903376483995974,0.6666666666666666,0.6703397612488521,0.0009313112019084547,0.001829030562556233,0.003797986960499282,0.6666666666666666,0.6737588652482269,-0.0009720652820875193,0.0034191039993748396
PRANK,129.0,141,0.001865034862665508,0.6666666666666666,0.6703397612488521,0.001611812716069021,0.001500596639020468,0.003273231265231781,0.6666666666666666,0.6775658492279746,-0.0002532221465964871,0.0072260879791224975
MACSE,130.0,142,5.620340640126655e-07,0.6666666666666666,0.6703397612488521,3.509719851531753e-07,2.643345006103637e-06,1.0409874147748346e-05,0.6666666666666666,0.673721340388007,-2.1106207885949016e-07,0.0033815791391549332
MAFFT,130.0,142,5.722174291703481e-07,0.6666666666666666,0.6703397612488521,2.896342919822521e-08,1.940174259029703e-07,8.191846871458746e-07,0.6666666666666666,0.6737588652482269,-5.432539999721228e-07,0.0034191039993748396
PRANK,130.0,142,5.637979174914888e-07,0.6666666666666666,0.6703397612488521,4.603860258129968e-07,2.967604702086568e-06,1.1180975291699899e-05,0.6666666666666666,0.6775658492279746,-1.03411891678492e-07,0.0072260879791224975
MACSE,131.0,143,0.008640040937159274,0.0666488733970274,0.6703397612488521,0.004634543131329007,0.04327542086837899,0.06665810795048699,0.07100703797546382,0.5117865755967392,-0.0040054978058302665,-0.15855318565211285
MAFFT,131.0,143,0.008640656174864574,0.0670566264528441,0.6703397612488521,0.004288070984189677,0.04169255521352888,0.06388375395621361,0.03952033270153199,0.3952033270153199,-0.004352585190674897,-0.2751364342335322
PRANK,131.0,143,0.008800018635383558,0.065560613288362,0.6703397612488521,0.007473753920013634,0.04956185434900884,0.07335941139754086,0.06605709183493358,0.6775658492279746,-0.0013262647153699236,0.0072260879791224975
MACSE,132.0,144,9.348872865497122e-05,0.6666666666666666,0.6703397612488521,0.001208363339530231,0.003589255259078605,0.007141122442541808,0.00773731045363979,0.1153053188862178,0.0011148746108752597,-0.5550344423626343
MAFFT,132.0,144,9.539263602052719e-05,0.6666666666666666,0.6703397612488521,2.195860069829899e-05,3.56797697801392e-05,0.00011113370915125326,0.6666666666666666,0.6737588652482269,-7.34340353222282e-05,0.0034191039993748396
PRANK,132.0,144,9.543305199515835e-05,0.6666666666666666,0.6703397612488521,7.837241384575374e-05,0.0001049993672626037,0.0002901093628811199,0.6666666666666666,0.6775658492279746,-1.7060638149404606e-05,0.0072260879791224975
MACSE,133.0,145,1.172369664736162e-08,0.6666666666666666,0.6703397612488521,8.564683280997283e-09,2.741217308699362e-08,1.495921445604509e-07,0.6666666666666666,0.673721340388007,-3.1590133663643362e-09,0.0033815791391549332
MAFFT,133.0,145,1.138692075753872e-08,0.6666666666666666,0.6703397612488521,5.227951266873598e-09,2.429538648041074e-08,1.3380067916747945e-07,0.6666666666666666,0.6737588652482269,-6.158969490665123e-09,0.0034191039993748396
PRANK,133.0,145,1.168830990505326e-08,0.6666666666666666,0.6703397612488521,8.943590155076715e-09,2.935236342871406e-08,1.634094262523932e-07,0.6666666666666666,0.6775658492279746,-2.7447197499765444e-09,0.0072260879791224975
MACSE,134.0,146,0.142810992993441,0.045376898964226,0.6703397612488521,0.1072362983396209,0.325755660152623,0.4014150392848451,0.03584590237474838,0.37008472181496976,-0.0355746946538201,-0.3002550394338823
MAFFT,134.0,146,0.2289327929994868,0.0943475163783176,0.6703397612488521,0.1063917105992725,0.3252102043856533,0.3861871177079633,0.02675289657290802,0.30806365750621356,-0.1225410824002143,-0.3622761037426385
PRANK,134.0,146,0.2289156775891607,0.0981802019351896,0.6703397612488521,0.1307221907099434,0.3657384175904077,0.42858746945225185,0.04102783509511199,0.6775658492279746,-0.0981934868792173,0.0072260879791224975
MACSE,135.0,147,5.458120843235684e-07,0.0493133741068808,0.6703397612488521,2.837771680790019e-07,6.538752514995139e-07,2.838413023554708e-06,0.2351453068693574,0.673721340388007,-2.6203491624456654e-07,0.0033815791391549332
MAFFT,135.0,147,5.503410912553475e-07,0.0500510744277457,0.6703397612488521,5.774003928893258e-08,8.702615239553069e-08,4.1337422387877076e-07,0.09423800412987449,0.6737588652482269,-4.92601051966415e-07,0.0034191039993748396
PRANK,135.0,147,5.267899553119696e-07,0.0458597689593506,0.6703397612488521,4.705349510331279e-07,5.091022773351384e-07,2.2080831330931e-06,0.0468139092777925,0.6775658492279746,-5.6255004278841696e-08,0.0072260879791224975
MACSE,136.0,148,0.04993015831379508,0.6666666666666666,0.6703397612488521,0.0307388832239415,0.0508717917603303,0.07601257864304752,0.6666666666666666,0.673721340388007,-0.019191275089853584,0.0033815791391549332
MAFFT,136.0,148,0.05060966551556595,0.6666666666666666,0.6703397612488521,0.02708058663440236,0.0488437497957277,0.07336215384338547,0.6666666666666666,0.6737588652482269,-0.02352907888116359,0.0034191039993748396
PRANK,136.0,148,0.05006923664465161,0.6666666666666666,0.6703397612488521,0.04403442703479989,0.05991341254104288,0.08529657586949999,0.6666666666666666,0.6775658492279746,-0.00603480960985172,0.0072260879791224975
MACSE,137.0,149,4.573871147078429e-05,0.6666666666666666,0.6703397612488521,0.0001688070192849267,0.0003232838471354249,0.0007916309590111046,0.6666666666666666,0.673721340388007,0.0001230683078141424,0.0033815791391549332
MAFFT,137.0,149,3.033531436243509e-05,0.6666666666666666,0.6703397612488521,0.0007543107007947816,0.0007890634106356709,0.0017332028672922251,0.6666666666666666,0.6737588652482269,0.0007239753864323465,0.0034191039993748396
PRANK,137.0,149,3.031156837686317e-05,0.6666666666666666,0.6703397612488521,2.975596698595788e-05,0.0001773656181158767,0.0004725526825515858,0.6666666666666666,0.6775658492279746,-5.556013909052931e-07,0.0072260879791224975
MACSE,138.0,150,0.009890280498718295,0.4426745796073421,0.6703397612488521,0.05733898153158695,0.3805259361348473,0.45735265133350134,0.5970886845931572,0.673721340388007,0.047448701032868655,0.0033815791391549332
MAFFT,138.0,150,0.009917025882418827,0.4398857774353647,0.6703397612488521,0.05582119980529876,0.3814887461403228,0.4438376260755107,0.415259517513923,0.6737588652482269,0.04590417392287993,0.0034191039993748396
PRANK,138.0,150,0.009842701131490017,0.4176811877530294,0.6703397612488521,0.01156016210896994,0.2474845804259527,0.3056680413870211,0.330749490748451,0.6775658492279746,0.0017174609774799222,0.0072260879791224975
MACSE,139.0,151,1.11908563318018e-16,0.6666666666666666,0.6703397612488521,1.187525295460851e-16,0.0,0.0,0.6666666666666666,0.673721340388007,6.843966228067083e-18,0.0033815791391549332
MAFFT,139.0,151,1.073719041141646e-16,0.6666666666666666,0.6703397612488521,3.477955760572205e-17,0.0,0.0,0.6666666666666666,0.6737588652482269,-7.259234650844255e-17,0.0034191039993748396
PRANK,139.0,151,1.044335810200485e-16,0.6666666666666666,0.6703397612488521,8.035820478912964e-17,0.0,0.0,0.6666666666666666,0.6775658492279746,-2.4075376230918855e-17,0.0072260879791224975
MACSE,140.0,152,7.329840337156773e-10,0.6666666666666666,0.6703397612488521,2.324066301556549e-10,1.245276104455684e-10,9.32736219415826e-10,0.6666666666666666,0.673721340388007,-5.005774035600223e-10,0.0033815791391549332
MAFFT,140.0,152,7.303218105002029e-10,0.6666666666666666,0.6703397612488521,4.903434927327004e-10,5.499880550985381e-10,3.943310583725368e-09,0.6666666666666666,0.6737588652482269,-2.399783177675025e-10,0.0034191039993748396
PRANK,140.0,152,7.31033085849786e-10,0.6666666666666666,0.6703397612488521,7.132117854763456e-10,4.319883339931607e-10,2.9839194181379433e-09,0.6666666666666666,0.6775658492279746,-1.7821300373440456e-11,0.0072260879791224975
MACSE,141.0,153,0.001078255402355903,0.6666666666666666,0.6703397612488521,0.0004735003474347792,0.001400129933903815,0.003073848475581939,0.6666666666666666,0.673721340388007,-0.0006047550549211236,0.0033815791391549332
MAFFT,141.0,153,0.001088382743248845,0.6666666666666666,0.6703397612488521,0.0008800958336842989,0.002090499577618199,0.004270913115564062,0.5219597600780903,0.6737588652482269,-0.0002082869095645461,0.0034191039993748396
PRANK,141.0,153,0.001116589959676735,0.6666666666666666,0.6703397612488521,0.003483210922854485,0.006828709930961963,0.013129426826024805,0.437141634135857,0.6775658492279746,0.00236662096317775,0.0072260879791224975
MACSE,142.0,154,0.0002442600980768177,0.6666666666666666,0.6703397612488521,0.000145249977741325,0.0002547439482181169,0.0006487479214621377,0.6666666666666666,0.673721340388007,-9.901012033549273e-05,0.0033815791391549332
MAFFT,142.0,154,0.0002472644490877566,0.6666666666666666,0.6703397612488521,0.0001289773961721991,0.0002562801539583992,0.0006282997322851077,0.6666666666666666,0.6737588652482269,-0.00011828705291555748,0.0034191039993748396
PRANK,142.0,154,0.0002474972521721248,0.6666666666666666,0.6703397612488521,0.0002225716495694611,0.0003139931855364875,0.0007705227513494068,0.6666666666666666,0.6775658492279746,-2.4925602602663728e-05,0.0072260879791224975
MACSE,143.0,155,0.1870220609595604,0.6666666666666666,0.6703397612488521,0.2212787328450058,0.7211633286129592,0.767365993120196,0.6666666666666666,0.673721340388007,0.0342566718854454,0.0033815791391549332
MAFFT,143.0,155,0.1887331367162965,0.6666666666666666,0.6703397612488521,0.1467796150446565,0.696439208536277,0.7392371487256573,0.6666666666666666,0.6737588652482269,-0.04195352167163999,0.0034191039993748396
PRANK,143.0,155,0.1824067517626775,0.6666666666666666,0.6703397612488521,0.2013304261673826,0.7740597132480349,0.8249264944043343,0.6666666666666666,0.6775658492279746,0.018923674404705076,0.0072260879791224975
MACSE,144.0,156,2.416080344561555e-24,0.6666666666666666,0.6703397612488521,1.006141646402587e-18,0.0,0.0,0.6666666666666666,0.673721340388007,1.0061392303222425e-18,0.0033815791391549332
MAFFT,144.0,156,2.356022929703771e-23,0.6666666666666666,0.6703397612488521,1.529967801855613e-23,0.0,0.0,0.6666666666666666,0.6737588652482269,-8.260551278481579e-24,0.0034191039993748396
PRANK,144.0,156,6.931737992511317e-24,0.6666666666666666,0.6703397612488521,7.030734614059577e-22,0.0,0.0,0.6666666666666666,0.6775658492279746,6.961417234134463e-22,0.0072260879791224975
MACSE,145.0,157,1.661802539858197e-19,0.6666666666666666,0.6703397612488521,1.554987125815125e-16,2.220446049250313e-16,4.712279948964553e-15,0.04610407717349851,0.3975193574143153,1.5533253232752667e-16,-0.27282040383453676
MAFFT,145.0,157,1.738388307073951e-19,0.6666666666666666,0.6703397612488521,5.125899324364317e-18,0.0,0.0,0.1967930770333863,0.6737588652482269,4.952060493656922e-18,0.0034191039993748396
PRANK,145.0,157,1.768207643589689e-19,0.6666666666666666,0.6703397612488521,6.204887546997178e-19,0.0,0.0,0.6666666666666666,0.6775658492279746,4.436679903407489e-19,0.0072260879791224975
MACSE,146.0,158,1.364128010692939e-05,0.6666666666666666,0.6703397612488521,5.59574081432734e-05,0.0007005814694720502,0.0016519884033229827,0.6666666666666666,0.673721340388007,4.231612803634401e-05,0.0033815791391549332
MAFFT,146.0,158,1.406748538859687e-05,0.6666666666666666,0.6703397612488521,1.878289208061914e-05,0.0003629336069085332,0.0008513257446002632,0.4693909760458045,0.6737588652482269,4.715406692022269e-06,0.0034191039993748396
PRANK,146.0,158,1.361763486332505e-05,0.6666666666666666,0.6703397612488521,1.840367507458232e-05,0.0004129843411382339,0.0009688249009091902,0.6666666666666666,0.6775658492279746,4.786040211257272e-06,0.0072260879791224975
MACSE,147.0,159,0.05854319897101397,0.6666666666666666,0.6703397612488521,0.08224159414220719,0.2644918775607342,0.3301826706803937,0.3119157821080992,0.673721340388007,0.023698395171193223,0.0033815791391549332
MAFFT,147.0,159,0.05890517958180202,0.6666666666666666,0.6703397612488521,0.01970920895920636,0.05081991259849328,0.07602979050168285,0.5180989819593134,0.6737588652482269,-0.03919597062259566,0.0034191039993748396
PRANK,147.0,159,0.05818650658848765,0.6666666666666666,0.6703397612488521,0.04927293376976743,0.1622717524404704,0.21163413867236175,0.6666666666666666,0.6775658492279746,-0.008913572818720225,0.0072260879791224975
MACSE,148.0,160,0.005000567594253031,0.6666666666666666,0.6703397612488521,0.005049505469344482,1.0,1.0,1.0,1.0,4.893787509145046e-05,0.3296602387511479
MAFFT,148.0,160,0.004997446850584346,0.6666666666666666,0.6703397612488521,0.004338098213807101,1.0,1.0,1.0,1.0,-0.0006593486367772452,0.3296602387511479
PRANK,148.0,160,0.005015053747804138,0.6666666666666666,0.6703397612488521,0.004935880888656572,1.0,1.0,1.0,1.0,-7.917285914756621e-05,0.3296602387511479
MACSE,149.0,161,8.044575265982812e-14,0.6666666666666666,0.6703397612488521,2.545079796259098e-13,2.085887018665744e-12,2.2133578920286508e-11,0.6666666666666666,0.673721340388007,1.7406222696608168e-13,0.0033815791391549332
MAFFT,149.0,161,8.144176581912176e-14,0.6666666666666666,0.6703397612488521,1.326221951219844e-13,1.217914658013797e-12,1.2508312703925482e-11,0.6666666666666666,0.6737588652482269,5.1180429302862654e-14,0.0034191039993748396
PRANK,149.0,161,7.905444362628747e-14,0.6666666666666666,0.6703397612488521,4.592312273253969e-14,3.58046925441613e-13,4.308113006120053e-12,0.6666666666666666,0.6775658492279746,-3.313132089374778e-14,0.0072260879791224975
MACSE,150.0,162,7.191140800921331e-05,0.6666666666666666,0.6703397612488521,0.000102993561581111,0.02386385348353381,0.039634747959608335,0.6666666666666666,0.673721340388007,3.108215357189768e-05,0.0033815791391549332
MAFFT,150.0,162,7.204076456637497e-05,0.6666666666666666,0.6703397612488521,0.0001721713007700131,0.01694526338479951,0.02861866704988362,0.6666666666666666,0.6737588652482269,0.00010013053620363814,0.0034191039993748396
PRANK,150.0,162,7.762314648319691e-05,0.6666666666666666,0.6703397612488521,1.203282700365557e-05,0.007022037195098529,0.013431896788573086,0.6666666666666666,0.6775658492279746,-6.559031947954133e-05,0.0072260879791224975
MACSE,151.0,163,0.1319735597453217,0.6666666666666666,0.6703397612488521,0.1674025186186844,0.5675443551599233,0.6284114309306976,0.2552719922971551,0.673721340388007,0.0354289588733627,0.0033815791391549332
MAFFT,151.0,163,0.1333310974410733,0.6666666666666666,0.6703397612488521,0.1984919182013968,0.7526006877809802,0.7944118371021457,0.6666666666666666,0.6737588652482269,0.0651608207603235,0.0034191039993748396
PRANK,151.0,163,0.1461904950795205,0.6666666666666666,0.6703397612488521,0.1303860169026986,0.4956511497339822,0.5568610808758294,0.6666666666666666,0.6775658492279746,-0.0158044781768219,0.0072260879791224975
MACSE,152.0,164,0.05969465452270148,0.6666666666666666,0.6703397612488521,0.1060175917302497,0.3396770082011119,0.41374383230844386,0.6666666666666666,0.673721340388007,0.04632293720754822,0.0033815791391549332
MAFFT,152.0,164,0.05978612537853187,0.6666666666666666,0.6703397612488521,0.04318666533208705,0.1314130797472137,0.1770814549785149,0.6666666666666666,0.6737588652482269,-0.016599460046444817,0.0034191039993748396
PRANK,152.0,164,0.06008518159661026,0.6666666666666666,0.6703397612488521,0.05275845433757569,0.1467661350269701,0.19692003009014333,0.6666666666666666,0.6775658492279746,-0.00732672725903457,0.0072260879791224975
MACSE,153.0,165,0.001412090631379204,0.6666666666666666,0.6703397612488521,0.001080558613214639,0.01857249578733799,0.03156311177617571,0.1792070551998675,0.673721340388007,-0.00033153201816456517,0.0033815791391549332
MAFFT,153.0,165,0.001419022840101252,0.6666666666666666,0.6703397612488521,0.002357407790792081,0.05252276351899465,0.0782692162243842,0.6666666666666666,0.6737588652482269,0.0009383849506908288,0.0034191039993748396
PRANK,153.0,165,0.001422942228049005,0.6666666666666666,0.6703397612488521,0.001316085093580016,0.02318293794891313,0.038951512860110796,0.6666666666666666,0.6775658492279746,-0.00010685713446898903,0.0072260879791224975
MACSE,154.0,166,0.02034634398891863,0.6666666666666666,0.6703397612488521,0.03390254680633952,0.170466637028362,0.22224660527247195,0.6666666666666666,0.673721340388007,0.013556202817420891,0.0033815791391549332
MAFFT,154.0,166,0.02041094423795747,0.6666666666666666,0.6703397612488521,0.02452325267448695,0.1161983963004748,0.1599832992542769,0.5920852327369601,0.6737588652482269,0.004112308436529481,0.0034191039993748396
PRANK,154.0,166,0.02061808554592155,0.6666666666666666,0.6703397612488521,0.01963291203330038,0.09400602158066484,0.12938836180659774,0.6666666666666666,0.6775658492279746,-0.0009851735126211701,0.0072260879791224975
MACSE,155.0,167,0.006820324156269742,0.6666666666666666,0.6703397612488521,0.001718034572950747,0.01081144535616829,0.01957332761164117,0.6666666666666666,0.673721340388007,-0.005102289583318995,0.0033815791391549332
MAFFT,155.0,167,0.006821416344451098,0.6666666666666666,0.6703397612488521,0.006571610973098165,0.05643565749048818,0.08312228622630041,0.6666666666666666,0.6737588652482269,-0.0002498053713529333,0.0034191039993748396
PRANK,155.0,167,0.006936122997453322,0.6666666666666666,0.6703397612488521,0.005873117948154778,0.04155418097130814,0.06329195396115771,0.6666666666666666,0.6775658492279746,-0.0010630050492985432,0.0072260879791224975
MACSE,156.0,168,2.143685891353297e-08,0.6666666666666666,0.6703397612488521,3.551987376852171e-08,6.068028279848647e-08,3.132414598516464e-07,0.6666666666666666,0.673721340388007,1.4083014854988736e-08,0.0033815791391549332
MAFFT,156.0,168,1.983589768647526e-08,0.6666666666666666,0.6703397612488521,5.177813693350161e-10,8.074046986550343e-10,5.681736768313204e-09,0.6666666666666666,0.6737588652482269,-1.9318116317140245e-08,0.0034191039993748396
PRANK,156.0,168,1.924103826578235e-08,0.6666666666666666,0.6703397612488521,2.386357791954741e-08,8.47257181080252e-08,4.104245825232909e-07,0.6666666666666666,0.6775658492279746,4.622539653765059e-09,0.0072260879791224975
MACSE,157.0,169,0.0004357933208157708,0.4465068974983893,0.6703397612488521,3.336050741498817e-05,2.687245635946134e-05,8.626284310348093e-05,0.6097496447642968,0.673721340388007,-0.0004024328134007826,0.0033815791391549332
MAFFT,157.0,169,0.0004285831311991932,0.445579129275984,0.6703397612488521,0.0001191805366982602,0.000239180100150449,0.0005901846627089001,0.3908030534675089,0.6737588652482269,-0.000309402594500933,0.0034191039993748396
PRANK,157.0,169,0.0004325940908535637,0.4670116894298959,0.6703397612488521,0.0003696650050767508,0.0003615255459497035,0.0008644168502515346,0.4517061046623698,0.6775658492279746,-6.292908577681293e-05,0.0072260879791224975
MACSE,158.0,170,9.934995967312288e-05,0.5580214470383125,0.6703397612488521,0.0008034670686147754,0.01468855693875071,0.025504676139103507,0.2468084602142092,0.673721340388007,0.0007041171089416526,0.0033815791391549332
MAFFT,158.0,170,0.000101466969840164,0.564472778305882,0.6703397612488521,0.000137085196597498,0.002797433075305,0.00556000714168244,0.3808124218364232,0.6737588652482269,3.5618226757334e-05,0.0034191039993748396
PRANK,158.0,170,8.914107388185317e-05,0.5702111701470456,0.6703397612488521,0.0001125468657664047,0.00850637123737008,0.015707309265044753,0.5102997386916197,0.6775658492279746,2.3405791884551527e-05,0.0072260879791224975
MACSE,159.0,171,0.1498103951238904,0.0225752531547925,0.6703397612488521,0.177902707974915,0.8012434566965391,0.8385616450906244,0.003211968583443081,0.08423596933587574,0.028092312851024592,-0.5861037919129763
MAFFT,159.0,171,0.1506056251892674,0.0219503603579647,0.6703397612488521,0.1652013886073899,0.7861629304873485,0.8222816181491096,0.002130036457038909,0.04761257962792855,0.014595763418122493,-0.6227271816209236
PRANK,159.0,171,0.1489442231645245,0.0229312424061973,0.6703397612488521,0.1338981094085525,0.6357006374398222,0.6933226250440166,0.0179199886822573,0.49049272958705126,-0.01504611375597198,-0.17984703166180083
MACSE,160.0,172,0.4008482927240783,0.0468576051560694,0.6703397612488521,0.5105321027772767,0.4661566386303928,0.5347502581285587,0.01379867826842185,0.18162436565999715,0.10968381005319838,-0.4887153955888549
MAFFT,160.0,172,0.4020504098574487,0.0489029073153634,0.6703397612488521,0.5285559902596784,0.5386144321568653,0.5984604801742949,0.00464046854055622,0.07053512181645454,0.12650558040222964,-0.5998046394323976
PRANK,160.0,172,0.403519794785544,0.0479572638085644,0.6703397612488521,0.4262961135095572,0.8577640158966541,0.8937038489649496,0.08702211892732559,0.6775658492279746,0.0227763187240132,0.0072260879791224975
MACSE,161.0,173,0.03231623745984476,0.6666666666666666,0.6703397612488521,0.04393829857315685,0.5577436417735615,0.6193548580159899,0.6666666666666666,0.673721340388007,0.011622061113312092,0.0033815791391549332
MAFFT,161.0,173,0.03255971906036496,0.6666666666666666,0.6703397612488521,0.07383217653947317,0.6541499475498878,0.7041840795154599,0.599991450043618,0.6737588652482269,0.04127245747910822,0.0034191039993748396
PRANK,161.0,173,0.0311066633229968,0.6666666666666666,0.6703397612488521,0.03076963022609125,0.6544787087602377,0.7096527859522345,0.6666666666666666,0.6775658492279746,-0.00033703309690555003,0.0072260879791224975
MACSE,162.0,174,0.03277512112719359,0.6477550750259722,0.6703397612488521,0.03332797145252987,0.03595947849736469,0.05723550327497213,0.3721772315172859,0.673721340388007,0.0005528503253362793,0.0033815791391549332
MAFFT,162.0,174,0.03297412474566597,0.6503957796405758,0.6703397612488521,0.02394807168449975,0.02339969938282205,0.03832709381669129,0.3029172263208794,0.6737588652482269,-0.009026053061166217,0.0034191039993748396
PRANK,162.0,174,0.03217519375895279,0.6436444388558339,0.6703397612488521,0.04423741922154848,0.04328691725246891,0.06536850257154211,0.5325557469572364,0.6775658492279746,0.012062225462595694,0.0072260879791224975
MACSE,163.0,175,0.001418010818852541,0.6666666666666666,0.6703397612488521,0.0004139882658502204,0.0005394124791199273,0.0012959469624139134,0.6666666666666666,0.673721340388007,-0.0010040225530023206,0.0033815791391549332
MAFFT,163.0,175,0.001422077511297241,0.6666666666666666,0.6703397612488521,0.0007245049020617941,0.001775044669253711,0.0037061372215187374,0.6666666666666666,0.6737588652482269,-0.0006975726092354468,0.0034191039993748396
PRANK,163.0,175,0.001426994741926407,0.6666666666666666,0.6703397612488521,0.0005271164339638837,0.0005597023758426856,0.0012807913263148572,0.6666666666666666,0.6775658492279746,-0.0008998783079625233,0.0072260879791224975
MACSE,164.0,176,0.0640790696555423,0.503623238946568,0.6703397612488521,0.05115987370430298,0.2117435907223101,0.2723436082690992,0.5095261556307804,0.673721340388007,-0.012919195951239325,0.0033815791391549332
MAFFT,164.0,176,0.06448066610903377,0.5047651908030775,0.6703397612488521,0.05250153447238277,0.2102046412967222,0.2689486993022035,0.4153329114942271,0.6737588652482269,-0.011979131636651007,0.0034191039993748396
PRANK,164.0,176,0.05730284332581079,0.5077341238729354,0.6703397612488521,0.04535200981531406,0.2375773391864108,0.29538782505510414,0.6666666666666666,0.6775658492279746,-0.01195083351049673,0.0072260879791224975
MACSE,165.0,177,0.00622857605482817,0.393456434663504,0.6703397612488521,0.002533595505602044,0.01179492692241768,0.021153343119077715,0.2961000516746517,0.673721340388007,-0.003694980549226126,0.0033815791391549332
MAFFT,165.0,177,0.006260573016341994,0.3969905989500375,0.6703397612488521,0.002241139028561099,0.01106258990887399,0.019552484490102863,0.3301487327251139,0.6737588652482269,-0.004019433987780895,0.0034191039993748396
PRANK,165.0,177,0.006218069436456228,0.3951497635772207,0.6703397612488521,0.005325602415408155,0.01563223388591217,0.02748765305084992,0.3887197294776877,0.6775658492279746,-0.0008924670210480722,0.0072260879791224975
MACSE,166.0,178,5.983453231397532e-06,0.6666666666666666,0.6703397612488521,1.014004229850639e-05,2.249047660884962e-06,9.043539015347951e-06,0.6666666666666666,0.673721340388007,4.1565890671088585e-06,0.0033815791391549332
MAFFT,166.0,178,6.180283222170855e-06,0.6666666666666666,0.6703397612488521,4.545293878431472e-06,9.71261613691432e-07,3.844577220861918e-06,0.6666666666666666,0.6737588652482269,-1.6349893437393831e-06,0.0034191039993748396
PRANK,166.0,178,6.123585134807317e-06,0.6666666666666666,0.6703397612488521,7.191619100486399e-06,1.300076763133262e-06,5.158815240943689e-06,0.6666666666666666,0.6775658492279746,1.0680339656790816e-06,0.0072260879791224975
MACSE,167.0,179,5.548250154381108e-08,0.6666666666666666,0.6703397612488521,5.477586674299946e-08,1.280844619255816e-08,7.527425300857258e-08,0.6666666666666666,0.673721340388007,-7.0663480081162e-10,0.0033815791391549332
MAFFT,167.0,179,5.41922259241272e-08,0.6666666666666666,0.6703397612488521,3.954098880999482e-07,1.287970448071718e-07,5.896732171894612e-07,0.6666666666666666,0.6737588652482269,3.41217662175821e-07,0.0034191039993748396
PRANK,167.0,179,5.33187637193112e-08,0.6666666666666666,0.6703397612488521,6.265330477246513e-08,1.44050575912047e-08,8.52870870082437e-08,0.6666666666666666,0.6775658492279746,9.334541053153931e-09,0.0072260879791224975
MACSE,168.0,180,0.001635026172700093,0.6666666666666666,0.6703397612488521,0.001321311880199057,0.004079446908861639,0.008074345695259826,0.6666666666666666,0.673721340388007,-0.00031371429250103607,0.0033815791391549332
MAFFT,168.0,180,0.001639574014426432,0.6666666666666666,0.6703397612488521,0.0002543056257081204,0.000562506657131534,0.001272336486368946,0.6666666666666666,0.6737588652482269,-0.0013852683887183117,0.0034191039993748396
PRANK,168.0,180,0.001571958727263636,0.6666666666666666,0.6703397612488521,0.002567377158868562,0.004321293746602395,0.008619478970495685,0.6666666666666666,0.6775658492279746,0.000995418431604926,0.0072260879791224975
MACSE,169.0,181,4.205743121604863e-13,0.6666666666666666,0.6703397612488521,1.580316060198835e-13,4.89608353859694e-13,5.8446997242000975e-12,0.6666666666666666,0.673721340388007,-2.625427061406028e-13,0.0033815791391549332
MAFFT,169.0,181,4.204379654556121e-13,0.6666666666666666,0.6703397612488521,9.217426280042502e-15,2.431388423929093e-14,3.553567696511752e-13,0.6666666666666666,0.6737588652482269,-4.112205391755696e-13,0.0034191039993748396
PRANK,169.0,181,5.948027598590236e-13,0.6666666666666666,0.6703397612488521,1.359567521922737e-13,6.806777363976835e-13,7.693721081101089e-12,0.6666666666666666,0.6775658492279746,-4.588460076667499e-13,0.0072260879791224975
MACSE,170.0,182,0.0002107768210943284,0.4795983085998539,0.6703397612488521,0.0001313604731467421,0.0007228768598173119,0.0016941040518417983,0.4539562185143963,0.673721340388007,-7.941634794758631e-05,0.0033815791391549332
MAFFT,170.0,182,0.0002131508443752243,0.477401786367674,0.6703397612488521,0.0001422282721688164,0.0007349067258899389,0.0016297145939189288,0.6666666666666666,0.6737588652482269,-7.092257220640792e-05,0.0034191039993748396
PRANK,170.0,182,0.0002181487932278821,0.4728535945282364,0.6703397612488521,0.0001974732518813462,0.0006683464975593134,0.0015108681429674177,0.4775200058963233,0.6775658492279746,-2.0675541346535905e-05,0.0072260879791224975
MACSE,171.0,183,2.461940815730574e-12,0.6666666666666666,0.6703397612488521,3.58005943286145e-12,1.349276246287445e-11,1.096645800174051e-10,0.6666666666666666,0.673721340388007,1.1181186171308758e-12,0.0033815791391549332
MAFFT,171.0,183,2.642451144344652e-12,0.6666666666666666,0.6703397612488521,3.99073027736006e-13,1.773914348746075e-12,1.7547160305971723e-11,0.6666666666666666,0.6737588652482269,-2.243378116608646e-12,0.0034191039993748396
PRANK,171.0,183,2.341578738575991e-12,0.6666666666666666,0.6703397612488521,2.405028828926185e-12,1.627109558199891e-11,1.291301840869275e-10,0.6666666666666666,0.6775658492279746,6.345009035019393e-14,0.0072260879791224975
MACSE,172.0,184,0.0007922942999449808,0.6666666666666666,0.6703397612488521,0.001790257240021321,0.001972876605414786,0.004140872875101364,0.6666666666666666,0.673721340388007,0.0009979629400763401,0.0033815791391549332
MAFFT,172.0,184,0.0007931287034990109,0.6666666666666666,0.6703397612488521,0.001969377382649131,0.002202675223732964,0.004452215877758119,0.6666666666666666,0.6737588652482269,0.0011762486791501202,0.0034191039993748396
PRANK,172.0,184,0.0007735993993968211,0.6666666666666666,0.6703397612488521,0.0009048284913302884,0.001732087329802234,0.0037130377817024903,0.6666666666666666,0.6775658492279746,0.0001312290919334673,0.0072260879791224975
MACSE,173.0,185,0.0910529969180244,0.62199982777533,0.6703397612488521,0.0625793463463543,0.8855800599545111,0.9192706057136502,0.6278242980734463,0.673721340388007,-0.028473650571670103,0.0033815791391549332
MAFFT,173.0,185,0.09100975804709949,0.6220388220704233,0.6703397612488521,0.06008295702020598,0.8854479932837825,0.9168126360976494,0.6293090229042078,0.6737588652482269,-0.030926801026893505,0.0034191039993748396
PRANK,173.0,185,0.09115647318885482,0.6220424989346646,0.6703397612488521,0.08263079928638954,0.8706105942257332,0.9020493101283291,0.6238864800907704,0.6775658492279746,-0.00852567390246528,0.0072260879791224975
MACSE,174.0,186,1.250767710795207e-06,0.6666666666666666,0.6703397612488521,5.858374746713056e-07,4.498138833075593e-06,1.70127627151968e-05,0.6666666666666666,0.673721340388007,-6.649302361239013e-07,0.0033815791391549332
MAFFT,174.0,186,1.278192225548463e-06,0.6666666666666666,0.6703397612488521,5.122741501454754e-07,3.969198057562906e-06,1.4502839056479848e-05,0.6666666666666666,0.6737588652482269,-7.659180754029875e-07,0.0034191039993748396
PRANK,174.0,186,1.183441098270024e-06,0.6666666666666666,0.6703397612488521,9.724663086942345e-07,4.72721769295692e-06,1.6634454712008783e-05,0.6666666666666666,0.6775658492279746,-2.1097478957578938e-07,0.0072260879791224975
MACSE,175.0,187,0.0003302090586378078,0.6666666666666666,0.6703397612488521,0.0006564852420812058,0.005671370637116424,0.010927173564946926,0.6666666666666666,0.673721340388007,0.000326276183443398,0.0033815791391549332
MAFFT,175.0,187,0.0003313515432190586,0.6666666666666666,0.6703397612488521,9.020852582598519e-05,0.0008565145723711254,0.0018598602142915865,0.6666666666666666,0.6737588652482269,-0.00024114301739307345,0.0034191039993748396
PRANK,175.0,187,0.0003336308029969347,0.6666666666666666,0.6703397612488521,0.0007639851455250234,0.005924179057409718,0.011508952022988671,0.6666666666666666,0.6775658492279746,0.00043035434252808866,0.0072260879791224975
MACSE,176.0,188,0.329662071277194,0.6666666666666666,0.6703397612488521,0.2618458732220764,0.7793548257259486,0.8224131033903656,0.6666666666666666,0.673721340388007,-0.06781619805511757,0.0033815791391549332
MAFFT,176.0,188,0.3321679526365661,0.6666666666666666,0.6703397612488521,0.2608322041517584,0.762804281280764,0.8007337759300838,0.6666666666666666,0.6737588652482269,-0.07133574848480773,0.0034191039993748396
PRANK,176.0,188,0.331567850507886,0.6666666666666666,0.6703397612488521,0.308910110015351,0.8063471901989628,0.8496257117068169,0.6666666666666666,0.6775658492279746,-0.022657740492534995,0.0072260879791224975
MACSE,177.0,189,9.482726751024204e-16,0.6666666666666666,0.6703397612488521,1.219932227380328e-15,7.37188088351104e-14,1.0429846287041545e-12,0.6666666666666666,0.673721340388007,2.716595522779075e-16,0.0033815791391549332
MAFFT,177.0,189,9.67833392584537e-16,0.6666666666666666,0.6703397612488521,2.553693309475178e-15,1.109112801600531e-13,1.359557627768393e-12,0.6666666666666666,0.6737588652482269,1.585859916890641e-15,0.0034191039993748396
PRANK,177.0,189,9.121276978234205e-16,0.6666666666666666,0.6703397612488521,8.938362015453014e-16,1.170175067954915e-13,1.4549176678239443e-12,0.6666666666666666,0.6775658492279746,-1.829149627811902e-17,0.0072260879791224975
MACSE,178.0,190,0.05820179246880366,0.6666666666666666,0.6703397612488521,0.1208243838648856,0.4812546263323461,0.5487739321162872,0.6666666666666666,0.673721340388007,0.06262259139608195,0.0033815791391549332
MAFFT,178.0,190,0.05858229724869995,0.6666666666666666,0.6703397612488521,0.07990534266724825,0.3368239639110819,0.39873241833710626,0.6666666666666666,0.6737588652482269,0.0213230454185483,0.0034191039993748396
PRANK,178.0,190,0.05740417226922123,0.6666666666666666,0.6703397612488521,0.06222624103745927,0.4401838253970501,0.50364591065368,0.6666666666666666,0.6775658492279746,0.004822068768238041,0.0072260879791224975
MACSE,179.0,191,7.046248802651051e-08,0.6666666666666666,0.6703397612488521,3.454121281420509e-08,8.76315396913796e-08,4.3474348262476633e-07,0.6666666666666666,0.673721340388007,-3.592127521230542e-08,0.0033815791391549332
MAFFT,179.0,191,7.319235919330707e-08,0.6666666666666666,0.6703397612488521,4.33402334481841e-08,1.020651213545776e-07,4.7298470871633515e-07,0.6666666666666666,0.6737588652482269,-2.985212574512297e-08,0.0034191039993748396
PRANK,179.0,191,6.971957724277762e-08,0.6666666666666666,0.6703397612488521,6.539540565492279e-08,1.763154326983596e-07,8.11921683907261e-07,0.6666666666666666,0.6775658492279746,-4.324171587854833e-09,0.0072260879791224975
MACSE,180.0,192,9.70693048878755e-05,0.6666666666666666,0.6703397612488521,2.926578669835717e-05,0.0001326706710478298,0.0003620014024305071,0.6666666666666666,0.673721340388007,-6.780351818951833e-05,0.0033815791391549332
MAFFT,180.0,192,9.82262172093996e-05,0.6666666666666666,0.6703397612488521,3.280131558930819e-05,0.0001337857028824718,0.00035551445521216286,0.6666666666666666,0.6737588652482269,-6.54249016200914e-05,0.0034191039993748396
PRANK,180.0,192,9.951976682538527e-05,0.6666666666666666,0.6703397612488521,9.260392779557258e-05,0.0002993999334244268,0.0007495045313242362,0.6666666666666666,0.6775658492279746,-6.9158390298126925e-06,0.0072260879791224975
MACSE,181.0,193,0.0002394367385453127,0.6666666666666666,0.6703397612488521,0.0001488883049765676,0.0002725258420750443,0.0006816082918171867,0.6666666666666666,0.673721340388007,-9.054843356874512e-05,0.0033815791391549332
MAFFT,181.0,193,0.0002423011921544318,0.6666666666666666,0.6703397612488521,0.0001311689789086389,0.0002737720959704593,0.0006630508629485843,0.6666666666666666,0.6737588652482269,-0.00011113221324579288,0.0034191039993748396
PRANK,181.0,193,0.0002430970825671298,0.6666666666666666,0.6703397612488521,0.00022413419876557,0.0003350679565962134,0.0008168650183685463,0.6666666666666666,0.6775658492279746,-1.8962883801559795e-05,0.0072260879791224975
MACSE,182.0,194,0.01598886316293903,0.6666666666666666,0.6703397612488521,0.01184411481600763,0.04523594273641141,0.06919050549036251,0.6666666666666666,0.673721340388007,-0.004144748346931399,0.0033815791391549332
MAFFT,182.0,194,0.01614483134448457,0.6666666666666666,0.6703397612488521,0.01121662282482228,0.04376498535024065,0.06652277773236578,0.6666666666666666,0.6737588652482269,-0.0049282085196622905,0.0034191039993748396
PRANK,182.0,194,0.01586903426500139,0.6666666666666666,0.6703397612488521,0.01432415794659291,0.03695699395748919,0.05791999473169525,0.6666666666666666,0.6775658492279746,-0.001544876318408479,0.0072260879791224975
MACSE,183.0,195,5.4140958445459e-06,0.6666666666666666,0.6703397612488521,3.352106584407214e-06,1.496927696398309e-05,5.0160208774048594e-05,0.6666666666666666,0.673721340388007,-2.0619892601386863e-06,0.0033815791391549332
MAFFT,183.0,195,5.417913211035363e-06,0.6666666666666666,0.6703397612488521,6.53237156344339e-07,2.667804889444625e-06,1.0137658579889575e-05,0.6666666666666666,0.6737588652482269,-4.764676054691024e-06,0.0034191039993748396
PRANK,183.0,195,5.263472758784732e-06,0.6666666666666666,0.6703397612488521,5.264825021820693e-06,1.745254742802071e-05,5.710351044431338e-05,0.6666666666666666,0.6775658492279746,1.3522630359606239e-09,0.0072260879791224975
MACSE,184.0,196,2.518114214832114e-08,0.6666666666666666,0.6703397612488521,7.235281109832412e-09,5.197184127503363e-09,3.254630060174238e-08,0.6666666666666666,0.673721340388007,-1.794586103848873e-08,0.0033815791391549332
MAFFT,184.0,196,2.672554313307023e-08,0.6666666666666666,0.6703397612488521,2.265209685644629e-09,1.773421409723142e-09,1.1822809398154279e-08,0.6666666666666666,0.6737588652482269,-2.4460333447425602e-08,0.0034191039993748396
PRANK,184.0,196,2.627701097634316e-08,0.6666666666666666,0.6703397612488521,8.61716443312821e-09,2.796683440386971e-09,1.738604872107234e-08,0.6666666666666666,0.6775658492279746,-1.765984654321495e-08,0.0072260879791224975
MACSE,185.0,197,0.005402546935367901,0.6666666666666666,0.6703397612488521,0.002192342594335316,0.004192202759064401,0.00825474976269382,0.6666666666666666,0.673721340388007,-0.0032102043410325845,0.0033815791391549332
MAFFT,185.0,197,0.005471814361871638,0.6666666666666666,0.6703397612488521,0.001930120125709129,0.004154678628460085,0.007893889394074162,0.6666666666666666,0.6737588652482269,-0.0035416942361625086,0.0034191039993748396
PRANK,185.0,197,0.005333305207589314,0.6666666666666666,0.6703397612488521,0.005013043482433383,0.005367054994475984,0.010592124407087525,0.6666666666666666,0.6775658492279746,-0.0003202617251559306,0.0072260879791224975
MACSE,186.0,198,0.3508823094062966,0.6666666666666666,0.6703397612488521,0.2705962052714989,0.5706097760977574,0.6299795793911657,0.6666666666666666,0.673721340388007,-0.0802861041347977,0.0033815791391549332
MAFFT,186.0,198,0.3508822727777899,0.6666666666666666,0.6703397612488521,0.268441658517337,0.5365419307679322,0.5979059639056136,0.6666666666666666,0.6737588652482269,-0.0824406142604529,0.0034191039993748396
PRANK,186.0,198,0.3525264468958071,0.6666666666666666,0.6703397612488521,0.3369928113916791,0.613119081003104,0.6730528359206761,0.6666666666666666,0.6775658492279746,-0.015533635504128007,0.0072260879791224975
MACSE,187.0,199,3.429364704669965e-08,0.6666666666666666,0.6703397612488521,1.313705820824442e-08,3.164404605016102e-08,1.6788924432168764e-07,0.6666666666666666,0.673721340388007,-2.1156588838455233e-08,0.0033815791391549332
MAFFT,187.0,199,3.537601976394481e-08,0.6666666666666666,0.6703397612488521,7.647323373589613e-09,2.941660925959155e-08,1.596901645520684e-07,0.6666666666666666,0.6737588652482269,-2.7728696390355192e-08,0.0034191039993748396
PRANK,187.0,199,3.554320160087001e-08,0.6666666666666666,0.6703397612488521,2.508427367676567e-08,4.315050761150019e-08,2.2993056198699386e-07,0.6666666666666666,0.6775658492279746,-1.045892792410434e-08,0.0072260879791224975
MACSE,188.0,200,0.3500023210867348,0.6477337804854917,0.6703397612488521,0.3284449635079967,1.0,1.0,0.5217932738385748,0.673721340388007,-0.021557357578738112,0.0033815791391549332
MAFFT,188.0,200,0.35105601819855,0.6477435264521195,0.6703397612488521,0.3537738740051007,0.9469933869894321,0.9725878028540114,0.6632207930953338,0.6737588652482269,0.0027178558065507064,0.0034191039993748396
PRANK,188.0,200,0.3403031360740276,0.6483676296756251,0.6703397612488521,0.3451748196179475,0.9977591040004474,1.0,0.6613671875545877,0.6775658492279746,0.004871683543919869,0.0072260879791224975
MACSE,189.0,201,0.7328206575498013,0.0127600977733027,0.6703397612488521,0.6802646416477993,0.3957182131118967,0.4723886169023267,0.00551836373686454,0.10038166416582163,-0.052556015902001985,-0.5699580970830305
MAFFT,189.0,201,0.7317088760065701,0.0129942989073929,0.6703397612488521,0.8016434508061135,0.2186480389341904,0.2769541826499745,0.003773010936002463,0.06687665797065549,0.06993457479954346,-0.6034631032781966
PRANK,189.0,201,0.7335969307889046,0.013340956096265,0.6703397612488521,0.7980256262584109,0.2111067086188768,0.26692475360963064,0.002985886926522796,0.2784339558982507,0.06442869546950625,-0.3919058053506014
MACSE,190.0,202,2.896867377261969e-06,0.6666666666666666,0.6703397612488521,1.753714441384319e-06,1.583480572175944e-05,5.214565332510436e-05,0.6666666666666666,0.673721340388007,-1.14315293587765e-06,0.0033815791391549332
MAFFT,190.0,202,2.935537985808995e-06,0.6666666666666666,0.6703397612488521,1.574910602729235e-06,1.411513276949883e-05,4.6641308281822226e-05,0.6666666666666666,0.6737588652482269,-1.3606273830797599e-06,0.0034191039993748396
PRANK,190.0,202,2.915679165088301e-06,0.6666666666666666,0.6703397612488521,2.660301421504625e-06,1.718621889013061e-05,5.672973138069662e-05,0.6666666666666666,0.6775658492279746,-2.5537774358367597e-07,0.0072260879791224975
MACSE,191.0,203,1.466773093072716e-06,0.6666666666666666,0.6703397612488521,6.897559847116986e-07,8.472057889674645e-07,3.556402322918367e-06,0.6666666666666666,0.673721340388007,-7.770171083610175e-07,0.0033815791391549332
MAFFT,191.0,203,1.554750644912285e-06,0.6666666666666666,0.6703397612488521,2.41630172298476e-07,3.34662880296932e-07,1.382303201226458e-06,0.6666666666666666,0.6737588652482269,-1.3131204726138091e-06,0.0034191039993748396
PRANK,191.0,203,1.499409188085155e-06,0.6666666666666666,0.6703397612488521,1.21181606093935e-06,1.155008321762629e-06,4.682805478450659e-06,0.6666666666666666,0.6775658492279746,-2.8759312714580503e-07,0.0072260879791224975
MACSE,192.0,204,0.02434263858897046,0.6534782451632967,0.6703397612488521,0.06945731617772884,0.7130770236455723,0.7620014957102773,0.2308449994255058,0.673721340388007,0.04511467758875838,0.0033815791391549332
MAFFT,192.0,204,0.02451715042999559,0.6614324848289379,0.6703397612488521,0.06414358121305282,0.9678244772472813,0.981814044115059,0.6666666666666666,0.6737588652482269,0.03962643078305723,0.0034191039993748396
PRANK,192.0,204,0.0244890021729009,0.6666666666666666,0.6703397612488521,0.02247154719196439,0.729953720507541,0.7837102345919029,0.6404846568203139,0.6775658492279746,-0.002017454980936511,0.0072260879791224975
MACSE,193.0,205,4.375432345865422e-07,0.6666666666666666,0.6703397612488521,1.389833351788756e-07,1.530952322692514e-07,7.131997405713907e-07,0.6666666666666666,0.673721340388007,-2.9855989940766663e-07,0.0033815791391549332
MAFFT,193.0,205,4.317785879767266e-07,0.6666666666666666,0.6703397612488521,4.821683234609367e-08,4.147620857875012e-08,2.1590355150582254e-07,0.6666666666666666,0.6737588652482269,-3.835617556306329e-07,0.0034191039993748396
PRANK,193.0,205,4.405379033371031e-07,0.6666666666666666,0.6703397612488521,1.601275740838701e-07,4.446388368606335e-08,2.3359195232255814e-07,0.6666666666666666,0.6775658492279746,-2.80410329253233e-07,0.0072260879791224975
MACSE,194.0,206,7.202964464149398e-11,0.6666666666666666,0.6703397612488521,9.167104310158476e-11,3.264655212831258e-11,2.545098553676613e-10,0.6666666666666666,0.673721340388007,1.9641398460090783e-11,0.0033815791391549332
MAFFT,194.0,206,7.04380453988274e-11,0.6666666666666666,0.6703397612488521,2.852563369353397e-11,1.273758876152442e-11,9.878130059957713e-11,0.6666666666666666,0.6737588652482269,-4.191241170529343e-11,0.0034191039993748396
PRANK,194.0,206,8.209738852121623e-11,0.6666666666666666,0.6703397612488521,6.617767382386763e-11,9.023137792496527e-11,6.599275287453343e-10,0.6666666666666666,0.6775658492279746,-1.5919714697348604e-11,0.0072260879791224975
MACSE,195.0,207,1.226508484402002e-05,0.6666666666666666,0.6703397612488521,1.147985638311752e-05,5.218619823865733e-05,0.0001594810218173368,0.6666666666666666,0.673721340388007,-7.852284609025009e-07,0.0033815791391549332
MAFFT,195.0,207,1.251466092455166e-05,0.6666666666666666,0.6703397612488521,8.691830784868936e-06,4.999495405944021e-05,0.00015198466034069825,0.6666666666666666,0.6737588652482269,-3.822830139682725e-06,0.0034191039993748396
PRANK,195.0,207,1.223130782622283e-05,0.6666666666666666,0.6703397612488521,1.166471552306419e-05,4.303376359104938e-05,0.00013157044114312638,0.6666666666666666,0.6775658492279746,-5.665923031586403e-07,0.0072260879791224975
MACSE,196.0,208,5.786510410196296e-07,0.6666666666666666,0.6703397612488521,1.219781858314134e-07,1.462812742047959e-07,6.898697129164447e-07,0.6666666666666666,0.673721340388007,-4.566728551882162e-07,0.0033815791391549332
MAFFT,196.0,208,5.802546856817064e-07,0.6666666666666666,0.6703397612488521,4.430106297269552e-08,3.55876764723817e-08,1.9046925435922602e-07,0.6666666666666666,0.6737588652482269,-5.359536227090109e-07,0.0034191039993748396
PRANK,196.0,208,6.110592555075809e-07,0.6666666666666666,0.6703397612488521,5.292101562510027e-07,4.24224468775769e-07,1.8837586530162125e-06,0.6666666666666666,0.6775658492279746,-8.184909925657816e-08,0.0072260879791224975
MACSE,197.0,209,1.229585052921655e-05,0.6666666666666666,0.6703397612488521,9.073484172704096e-06,9.935272210159773e-06,3.450249076619121e-05,0.6666666666666666,0.673721340388007,-3.2223663565124543e-06,0.0033815791391549332
MAFFT,197.0,209,1.240178659073257e-05,0.6666666666666666,0.6703397612488521,1.757212408531326e-06,1.012749690332271e-06,3.967473013672814e-06,0.6666666666666666,0.6737588652482269,-1.0644574182201244e-05,0.0034191039993748396
PRANK,197.0,209,1.167693785829282e-05,0.6666666666666666,0.6703397612488521,1.465466526268357e-05,1.055793430082552e-05,3.580099540189017e-05,0.6666666666666666,0.6775658492279746,2.97772740439075e-06,0.0072260879791224975
MACSE,198.0,210,0.0006221383226047197,0.6666666666666666,0.6703397612488521,0.0006438981220284038,0.003076800273073776,0.006285228365316483,0.2982056296406735,0.673721340388007,2.1759799423684144e-05,0.0033815791391549332
MAFFT,198.0,210,0.0006250237660688268,0.6666666666666666,0.6703397612488521,0.0002334071041786013,0.001010801444781273,0.0021700821978355013,0.3161192070807457,0.6737588652482269,-0.0003916166618902255,0.0034191039993748396
PRANK,198.0,210,0.0006292824702996213,0.6666666666666666,0.6703397612488521,0.002355573695654534,0.007403245138699055,0.0139465173572462,0.6666666666666666,0.6775658492279746,0.0017262912253549127,0.0072260879791224975
MACSE,199.0,211,7.394561191115409e-06,0.6666666666666666,0.6703397612488521,1.361387431558786e-07,0.0009681075057547117,0.0022012920666565467,0.6666666666666666,0.673721340388007,-7.25842244795953e-06,0.0033815791391549332
MAFFT,199.0,211,7.342781168424632e-06,0.6666666666666666,0.6703397612488521,6.803946883319694e-08,0.0004557048613706982,0.0010495021049749414,0.6666666666666666,0.6737588652482269,-7.2747416995914346e-06,0.0034191039993748396
PRANK,199.0,211,6.770812626169555e-06,0.6666666666666666,0.6703397612488521,6.068737061666478e-07,0.0008903279471957903,0.0019885767922396993,0.6666666666666666,0.6775658492279746,-6.163938920002907e-06,0.0072260879791224975
MACSE,200.0,212,0.0004993439080200452,0.6666666666666666,0.6703397612488521,0.0007599564588214552,0.0007632715708978388,0.0017778642687986245,0.6666666666666666,0.673721340388007,0.00026061255080141003,0.0033815791391549332
MAFFT,200.0,212,0.0005058480441638101,0.6666666666666666,0.6703397612488521,0.0003552338899049674,0.0003598565962019684,0.0008493509724021615,0.6666666666666666,0.6737588652482269,-0.0001506141542588427,0.0034191039993748396
PRANK,200.0,212,0.0004814373802530767,0.6666666666666666,0.6703397612488521,0.0006144033788508152,0.0003505221208310871,0.0008435145230322288,0.6666666666666666,0.6775658492279746,0.0001329659985977385,0.0072260879791224975
MACSE,201.0,213,0.0002233770709112245,0.3346226786398031,0.6703397612488521,0.0002308458480057958,0.0002909888528438431,0.0007218035180931693,0.3268782349563025,0.673721340388007,7.468777094571285e-06,0.0033815791391549332
MAFFT,201.0,213,1.95511202636473e-05,0.6666666666666666,0.6703397612488521,0.0001408747671185762,0.0001931579508500647,0.0005027398720755109,0.6666666666666666,0.6737588652482269,0.00012132364685492889,0.0034191039993748396
PRANK,201.0,213,0.0002022099543423543,0.6666666666666666,0.6703397612488521,0.0002249942428898053,0.0002847292305375726,0.0007224762108198271,0.6666666666666666,0.6775658492279746,2.278428854745102e-05,0.0072260879791224975
MACSE,202.0,214,0.2584151922771734,0.6666666666666666,0.6703397612488521,0.2402137788568491,0.8968109921563968,0.9284059593597387,0.05081915031591155,0.40443573793079607,-0.018201413420324303,-0.265904023318056
MAFFT,202.0,214,0.2552848205224885,0.6666666666666666,0.6703397612488521,0.1390602528278974,0.9536733286381276,0.9731357923989076,0.1863926054525771,0.6737588652482269,-0.11622456769459111,0.0034191039993748396
PRANK,202.0,214,0.2498719908798753,0.6666666666666666,0.6703397612488521,0.2778318240142229,0.9613849788356678,0.9824564304265865,0.1163284568093129,0.6775658492279746,0.027959833134347606,0.0072260879791224975
MACSE,203.0,215,3.063545655791988e-07,0.6666666666666666,0.6703397612488521,2.697478983318935e-06,0.001870495102548886,0.003947674746815881,0.6666666666666666,0.673721340388007,2.3911244177397366e-06,0.0033815791391549332
MAFFT,203.0,215,3.14183226970011e-07,0.6666666666666666,0.6703397612488521,5.687284741870498e-07,0.0008049129475945493,0.001757855862562809,0.6666666666666666,0.6737588652482269,2.545452472170388e-07,0.0034191039993748396
PRANK,203.0,215,2.713103348390973e-07,0.6666666666666666,0.6703397612488521,2.593068336537921e-07,0.003436651633672794,0.007043247578900837,0.6666666666666666,0.6775658492279746,-1.2003501185305235e-08,0.0072260879791224975
MACSE,204.0,216,0.0006898716322790686,0.579472204719488,0.6703397612488521,0.0005350973042632703,0.001560323220282545,0.0033866106258405235,0.4418573626836457,0.673721340388007,-0.00015477432801579833,0.0033815791391549332
MAFFT,204.0,216,0.0007055616190170447,0.5804520202980595,0.6703397612488521,0.000392092618754034,0.00146650313951413,0.0031132468883540193,0.4437547167270992,0.6737588652482269,-0.0003134690002630107,0.0034191039993748396
PRANK,204.0,216,0.0006591079219648407,0.5807129518255277,0.6703397612488521,0.0008722274091084132,0.002087715101404708,0.004379292224244524,0.5288304745290797,0.6775658492279746,0.00021311948714357255,0.0072260879791224975
MACSE,205.0,217,5.083489251505014e-05,0.467836338030769,0.6703397612488521,0.0003230573509889516,0.02110043057866606,0.03566532956217006,0.4358809084315032,0.673721340388007,0.00027222245847390145,0.0033815791391549332
MAFFT,205.0,217,5.253322753890989e-05,0.4752419442764401,0.6703397612488521,0.0003439973766722596,0.0285683726399435,0.04580582954927649,0.6666666666666666,0.6737588652482269,0.0002914641491333497,0.0034191039993748396
PRANK,205.0,217,4.989715798271785e-05,0.4736184782893776,0.6703397612488521,4.87386632100146e-05,0.02843769173868693,0.046319908377861235,0.5255129778131906,0.6775658492279746,-1.1584947727032475e-06,0.0072260879791224975
MACSE,206.0,218,0.3458077602607703,0.6341125779011362,0.6703397612488521,0.2850485050402224,0.7992456043750901,0.8385616450906244,0.6442028805626414,0.673721340388007,-0.060759255220547925,0.0033815791391549332
MAFFT,206.0,218,0.3473951769355528,0.6342781233950969,0.6703397612488521,0.2803345737946381,0.7876592342270418,0.8222816181491096,0.6458867867378254,0.6737588652482269,-0.06706060314091467,0.0034191039993748396
PRANK,206.0,218,0.3476103077591194,0.6342876753564191,0.6703397612488521,0.3254066011160171,0.8643358821370434,0.8980425739195464,0.6375496387209578,0.6775658492279746,-0.022203706643102283,0.0072260879791224975
MACSE,207.0,219,9.909299569600404e-07,0.6666666666666666,0.6703397612488521,3.189188922054812e-06,1.008555224846219e-05,3.470883746768069e-05,0.6666666666666666,0.673721340388007,2.198258965094772e-06,0.0033815791391549332
MAFFT,207.0,219,1.029668800004041e-06,0.6666666666666666,0.6703397612488521,2.420982081702222e-06,9.7716012101845e-06,3.300867116595915e-05,0.6666666666666666,0.6737588652482269,1.391313281698181e-06,0.0034191039993748396
PRANK,207.0,219,2.479349436858127e-06,0.6666666666666666,0.6703397612488521,2.87145131011583e-06,1.274052479105503e-05,4.243049774163863e-05,0.6666666666666666,0.6775658492279746,3.9210187325770336e-07,0.0072260879791224975
MACSE,208.0,220,9.198899258731821e-08,0.6666666666666666,0.6703397612488521,2.776246181720627e-08,7.056804585126031e-09,4.2717292720456657e-08,0.6666666666666666,0.673721340388007,-6.422653077011194e-08,0.0033815791391549332
MAFFT,208.0,220,8.884520829101942e-08,0.6666666666666666,0.6703397612488521,2.328496087360927e-07,9.671659506604868e-08,4.537321743839321e-07,0.6666666666666666,0.6737588652482269,1.440044004450733e-07,0.0034191039993748396
PRANK,208.0,220,4.272147844849216e-07,0.6666666666666666,0.6703397612488521,2.356465150356659e-08,5.346260656402535e-09,3.2163793949002346e-08,0.6666666666666666,0.6775658492279746,-4.03650132981355e-07,0.0072260879791224975
MACSE,209.0,221,0.00143270960165322,0.6666666666666666,0.6703397612488521,0.000926499574058599,0.001676935373879695,0.003598816364168784,0.6666666666666666,0.673721340388007,-0.000506210027594621,0.0033815791391549332
MAFFT,209.0,221,0.001463355989286097,0.6666666666666666,0.6703397612488521,0.0002622057524229437,0.0003533043232407662,0.0008390977676968198,0.6666666666666666,0.6737588652482269,-0.0012011502368631532,0.0034191039993748396
PRANK,209.0,221,0.002156048237075184,0.6666666666666666,0.6703397612488521,0.002374507219356393,0.00307811325462759,0.006414168960760284,0.6666666666666666,0.6775658492279746,0.000218458982281209,0.0072260879791224975
MACSE,210.0,222,1.328367858869893e-06,0.6666666666666666,0.6703397612488521,2.321906205624529e-06,1.551528517207412e-05,5.153772987593316e-05,0.6666666666666666,0.673721340388007,9.93538346754636e-07,0.0033815791391549332
MAFFT,210.0,222,1.34213566810684e-06,0.6666666666666666,0.6703397612488521,4.741624683584406e-06,3.017215871015111e-05,9.554516924881185e-05,0.6666666666666666,0.6737588652482269,3.3994890154775655e-06,0.0034191039993748396
PRANK,210.0,222,1.359144714812054e-06,0.6666666666666666,0.6703397612488521,1.497189215567191e-06,4.026160301728865e-05,0.00012411221425990635,0.6666666666666666,0.6775658492279746,1.3804450075513713e-07,0.0072260879791224975
MACSE,211.0,223,6.134930007839196e-12,0.6666666666666666,0.6703397612488521,5.909255733735386e-13,8.915090887740007e-14,1.2162731139702439e-12,0.6666666666666666,0.673721340388007,-5.544004434465658e-12,0.0033815791391549332
MAFFT,211.0,223,5.925836297832699e-12,0.6666666666666666,0.6703397612488521,5.601745690705834e-12,1.046163156104285e-12,1.104283331443412e-11,0.6666666666666666,0.6737588652482269,-3.24090607126865e-13,0.0034191039993748396
PRANK,211.0,223,5.657232084624488e-12,0.6666666666666666,0.6703397612488521,7.118501068262244e-12,9.132694600566538e-13,9.46248635003144e-12,0.6666666666666666,0.6775658492279746,1.4612689836377565e-12,0.0072260879791224975
MACSE,212.0,224,0.00382949481345969,0.2928224387037729,0.6703397612488521,0.002218949346679719,0.00837906642466646,0.015388477760685517,0.1087491841398602,0.673721340388007,-0.0016105454667799711,0.0033815791391549332
MAFFT,212.0,224,0.003855517249551487,0.1540306845513655,0.6703397612488521,0.002364190412608681,0.008770588747187502,0.015720866622317222,0.107676093236199,0.6737588652482269,-0.0014913268369428057,0.0034191039993748396
PRANK,212.0,224,0.003883132820663791,0.1524615440111518,0.6703397612488521,0.003517738782643945,0.008331331470969316,0.015460630043142066,0.144543337207954,0.6775658492279746,-0.00036539403801984574,0.0072260879791224975
MACSE,213.0,225,1.382785357587826e-12,0.6666666666666666,0.6703397612488521,3.16564247100748e-12,9.07895980617468e-12,7.882187831724381e-11,0.6666666666666666,0.673721340388007,1.7828571134196539e-12,0.0033815791391549332
MAFFT,213.0,225,1.417634709428286e-12,0.6666666666666666,0.6703397612488521,1.998463560905846e-12,4.988898183455603e-12,4.212847354918064e-11,0.6666666666666666,0.6737588652482269,5.808288514775601e-13,0.0034191039993748396
PRANK,213.0,225,1.108911716109747e-12,0.6666666666666666,0.6703397612488521,1.469331745375446e-12,6.04660765901599e-12,5.245080597239452e-11,0.6666666666666666,0.6775658492279746,3.6042002926569894e-13,0.0072260879791224975
MACSE,214.0,226,5.7267194676535e-05,0.6666666666666666,0.6703397612488521,0.0001010593253906355,0.0001138295857751048,0.00031509349105862347,0.6666666666666666,0.673721340388007,4.3792130714100504e-05,0.0033815791391549332
MAFFT,214.0,226,5.783152810899138e-05,0.6666666666666666,0.6703397612488521,4.555902510665572e-05,4.529694491040015e-05,0.00013994178102400047,0.6666666666666666,0.6737588652482269,-1.227250300233566e-05,0.0034191039993748396
PRANK,214.0,226,5.139014616826696e-05,0.6666666666666666,0.6703397612488521,8.400759562362129e-05,0.0001740223828494702,0.00046698092663922583,0.6666666666666666,0.6775658492279746,3.261744945535433e-05,0.0072260879791224975
MACSE,215.0,227,9.753752175751794e-09,0.6666666666666666,0.6703397612488521,1.391016843811783e-07,0.000152373470349465,0.00040703962009437504,0.6666666666666666,0.673721340388007,1.293479322054265e-07,0.0033815791391549332
MAFFT,215.0,227,9.988077945930174e-09,0.6666666666666666,0.6703397612488521,5.016826429748387e-08,0.0001066164695585625,0.00028531167910037853,0.6666666666666666,0.6737588652482269,4.018018635155369e-08,0.0034191039993748396
PRANK,215.0,227,9.607051301070449e-09,0.6666666666666666,0.6703397612488521,1.446690287993923e-08,0.0001967620309766271,0.0005205123230800136,0.6666666666666666,0.6775658492279746,4.85985157886878e-09,0.0072260879791224975
MACSE,216.0,228,0.008894660433660847,0.6666666666666666,0.6703397612488521,0.007895591116072553,0.05225633882516945,0.0770730557189758,0.6666666666666666,0.673721340388007,-0.0009990693175882942,0.0033815791391549332
MAFFT,216.0,228,0.00895269212091834,0.6666666666666666,0.6703397612488521,0.008010405929832638,0.05345264579712639,0.07934377110510948,0.6666666666666666,0.6737588652482269,-0.0009422861910857016,0.0034191039993748396
PRANK,216.0,228,0.009074356663265015,0.6666666666666666,0.6703397612488521,0.00832162069007392,0.04995302707247862,0.07339119673967733,0.6666666666666666,0.6775658492279746,-0.0007527359731910946,0.0072260879791224975
MACSE,217.0,229,1.413427165116448e-12,0.6666666666666666,0.6703397612488521,3.003020712948565e-12,9.6614938271955e-12,8.201534759974847e-11,0.6666666666666666,0.673721340388007,1.5895935478321169e-12,0.0033815791391549332
MAFFT,217.0,229,1.420778583069091e-12,0.6666666666666666,0.6703397612488521,8.364653116814536e-13,3.184674746137262e-12,2.814363729144557e-11,0.6666666666666666,0.6737588652482269,-5.843132713876375e-13,0.0034191039993748396
PRANK,217.0,229,1.393660984375769e-12,0.6666666666666666,0.6703397612488521,1.443715270322037e-12,7.244316257981609e-12,6.004733253838089e-11,0.6666666666666666,0.6775658492279746,5.005428594626807e-14,0.0072260879791224975
MACSE,218.0,230,0.01832080364092821,0.6666666666666666,0.6703397612488521,0.004805251674338427,0.03028457977842725,0.04965111362815111,0.6666666666666666,0.673721340388007,-0.013515551966589783,0.0033815791391549332
MAFFT,218.0,230,0.01844734902585391,0.6666666666666666,0.6703397612488521,0.01340365624151135,0.0727236024187844,0.10399975605367318,0.6666666666666666,0.6737588652482269,-0.00504369278434256,0.0034191039993748396
PRANK,218.0,230,0.01778654004547155,0.6666666666666666,0.6703397612488521,0.008863990944166213,0.03826887196798567,0.059229415950450844,0.6666666666666666,0.6775658492279746,-0.008922549101305337,0.0072260879791224975
MACSE,219.0,231,2.324579270186953e-10,0.6666666666666666,0.6703397612488521,6.68957212265673e-11,3.796074565798335e-12,3.718206369576831e-11,0.6666666666666666,0.673721340388007,-1.65562205792128e-10,0.0033815791391549332
MAFFT,219.0,231,2.211194358262068e-10,0.6666666666666666,0.6703397612488521,3.141310781145325e-11,1.911359959194669e-12,1.7715043524243277e-11,0.6666666666666666,0.6737588652482269,-1.8970632801475355e-10,0.0034191039993748396
PRANK,219.0,231,2.403637568520001e-10,0.6666666666666666,0.6703397612488521,5.203837958836303e-10,2.826805456379589e-11,2.1966634067283055e-10,0.6666666666666666,0.6775658492279746,2.8002003903163015e-10,0.0072260879791224975
MACSE,220.0,232,0.004273784199148836,0.6666666666666666,0.6703397612488521,0.003018650112279646,0.01859083808806161,0.03156311177617571,0.485078769826767,0.673721340388007,-0.0012551340868691904,0.0033815791391549332
MAFFT,220.0,232,0.004311900659594681,0.6666666666666666,0.6703397612488521,0.003296166164593023,0.01929434275003283,0.032157237916721385,0.3567633147097024,0.6737588652482269,-0.0010157344950016585,0.0034191039993748396
PRANK,220.0,232,0.004381326750790141,0.6666666666666666,0.6703397612488521,0.003968076236355688,0.01810254074086715,0.03140580323880673,0.4208520175952933,0.6775658492279746,-0.0004132505144344529,0.0072260879791224975
MACSE,221.0,233,1.723377969349262e-06,0.6666666666666666,0.6703397612488521,1.749378694148422e-06,2.511553936379585e-06,9.993891705177099e-06,0.6666666666666666,0.673721340388007,2.6000724799159837e-08,0.0033815791391549332
MAFFT,221.0,233,5.132792067867668e-06,0.6666666666666666,0.6703397612488521,2.192657437709752e-06,3.051197071113343e-06,1.1479751356664062e-05,0.6666666666666666,0.6737588652482269,-2.940134630157916e-06,0.0034191039993748396
PRANK,221.0,233,5.122027013455195e-06,0.6666666666666666,0.6703397612488521,1.92959638846314e-06,4.125168378554811e-06,1.4795075050009081e-05,0.6666666666666666,0.6775658492279746,-3.1924306249920554e-06,0.0072260879791224975
MACSE,222.0,234,0.004216194231473337,0.2939540058837182,0.6703397612488521,0.02300412844143254,0.5378257874514942,0.600729388323014,0.2832367871084245,0.673721340388007,0.018787934209959202,0.0033815791391549332
MAFFT,222.0,234,0.004331184395085767,0.2915531749103498,0.6703397612488521,0.02049921116174009,0.5311543731937924,0.5936431229812974,0.2424113707726864,0.6737588652482269,0.016168026766654322,0.0034191039993748396
PRANK,222.0,234,0.004346170208846213,0.2890423355315322,0.6703397612488521,0.007264802384496811,0.6448312072788978,0.7012304382362358,0.3048233014608113,0.6775658492279746,0.0029186321756505982,0.0072260879791224975
MACSE,223.0,235,0.004970927186223279,1.0,1.0,0.005049505469344482,1.0,1.0,1.0,1.0,7.857828312120285e-05,0.0
MAFFT,223.0,235,0.004966658307353565,1.0,1.0,0.004338098213807101,1.0,1.0,1.0,1.0,-0.0006285600935464642,0.0
PRANK,223.0,235,0.004985226232583396,1.0,1.0,0.004905332831262086,1.0,1.0,1.0,1.0,-7.989340132130967e-05,0.0
MACSE,224.0,236,9.044935386269921e-08,0.6666666666666666,0.6703397612488521,6.082345615084629e-08,8.253408356750924e-08,4.1484236740511223e-07,0.6666666666666666,0.673721340388007,-2.962589771185292e-08,0.0033815791391549332
MAFFT,224.0,236,9.098259749245594e-08,0.6666666666666666,0.6703397612488521,6.094976544604491e-08,8.217071645333363e-08,3.952515474970478e-07,0.6666666666666666,0.6737588652482269,-3.003283204641103e-08,0.0034191039993748396
PRANK,224.0,236,9.142678886116798e-08,0.6666666666666666,0.6703397612488521,9.426428452029207e-08,5.713456030509434e-08,2.9193412320274233e-07,0.6666666666666666,0.6775658492279746,2.8374956591240843e-09,0.0072260879791224975
MACSE,225.0,237,4.923516046579497e-16,0.6666666666666666,0.6703397612488521,1.120628949536734e-16,2.220446049250313e-16,4.712279948964553e-15,0.6666666666666666,0.673721340388007,-3.802887097042763e-16,0.0033815791391549332
MAFFT,225.0,237,5.169349481490985e-16,0.6666666666666666,0.6703397612488521,9.060940749481012e-17,1.110223024625157e-16,2.481674996220939e-15,0.6666666666666666,0.6737588652482269,-4.263255406542884e-16,0.0034191039993748396
PRANK,225.0,237,1.831002792577849e-16,0.6666666666666666,0.6703397612488521,3.961798553850116e-16,3.33066907387547e-16,6.211697822777752e-15,0.6666666666666666,0.6775658492279746,2.130795761272267e-16,0.0072260879791224975
MACSE,226.0,238,1.364617452304961e-15,0.6666666666666666,0.6703397612488521,1.02293420614122e-16,0.0,0.0,0.6666666666666666,0.673721340388007,-1.262324031690839e-15,0.0033815791391549332
MAFFT,226.0,238,1.328502299216189e-15,0.6666666666666666,0.6703397612488521,2.772332119190281e-17,0.0,0.0,0.6666666666666666,0.6737588652482269,-1.3007789780242862e-15,0.0034191039993748396
PRANK,226.0,238,6.260156560524956e-15,0.6666666666666666,0.6703397612488521,1.146822399012144e-15,0.0,0.0,0.6666666666666666,0.6775658492279746,-5.1133341615128126e-15,0.0072260879791224975
MACSE,227.0,239,0.001201294022766701,0.6666666666666666,0.6703397612488521,0.0005115443929724002,0.001503880495115184,0.003282756280765716,0.6666666666666666,0.673721340388007,-0.0006897496297943007,0.0033815791391549332
MAFFT,227.0,239,0.001185062675821316,0.6666666666666666,0.6703397612488521,0.001336373808608554,0.006179866709621007,0.0114793688487586,0.6666666666666666,0.6737588652482269,0.00015131113278723813,0.0034191039993748396
PRANK,227.0,239,0.001187989105223564,0.6666666666666666,0.6703397612488521,0.001019276594737676,0.001561176926585084,0.0033660057434464533,0.6666666666666666,0.6775658492279746,-0.00016871251048588805,0.0072260879791224975
MACSE,228.0,240,8.019359190771495e-13,0.6666666666666666,0.6703397612488521,1.012590707336528e-12,1.161848395270226e-12,1.3053708440977244e-11,0.6666666666666666,0.673721340388007,2.1065478825937851e-13,0.0033815791391549332
MAFFT,228.0,240,8.06847847997297e-13,0.6666666666666666,0.6703397612488521,4.882728972687682e-12,4.404920872502771e-12,3.8042498444342115e-11,0.6666666666666666,0.6737588652482269,4.075881124690386e-12,0.0034191039993748396
PRANK,228.0,240,7.946662060019793e-13,0.6666666666666666,0.6703397612488521,8.137084305891589e-13,1.036726260394971e-12,1.045132148992768e-11,0.6666666666666666,0.6775658492279746,1.904222458717958e-14,0.0072260879791224975
MACSE,229.0,241,0.7207851498612441,0.1931845678050914,0.6703397612488521,0.7607696720431463,0.157851328052756,0.20728946613254093,0.1837209691345765,0.673721340388007,0.03998452218190218,0.0033815791391549332
MAFFT,229.0,241,0.7208898953691864,0.1925759775462468,0.6703397612488521,0.6336117568264371,0.3541066334380012,0.41531024909395203,0.3453889474773474,0.6737588652482269,-0.08727813854274924,0.0034191039993748396
PRANK,229.0,241,0.7161339751775222,0.1916588548902224,0.6703397612488521,0.742092430956645,0.1738329377812367,0.2251377978902823,0.1993336245932705,0.6775658492279746,0.025958455779122813,0.0072260879791224975
MACSE,230.0,242,1.045145464410514e-21,0.6666666666666666,0.6703397612488521,2.46231095718952e-22,0.0,0.0,0.6666666666666666,0.673721340388007,-7.989143686915621e-22,0.0033815791391549332
MAFFT,230.0,242,1.152677413946994e-21,0.6666666666666666,0.6703397612488521,1.843918373236042e-22,0.0,0.0,0.6666666666666666,0.6737588652482269,-9.682855766233898e-22,0.0034191039993748396
PRANK,230.0,242,4.295284470269954e-21,0.6666666666666666,0.6703397612488521,5.748543276512822e-22,0.0,0.0,0.6666666666666666,0.6775658492279746,-3.720430142618672e-21,0.0072260879791224975
MACSE,231.0,243,5.404639287855997e-05,0.6666666666666666,0.6703397612488521,5.690055611224276e-05,0.0002265208551557318,0.000588646031765235,0.6666666666666666,0.673721340388007,2.854163233682786e-06,0.0033815791391549332
MAFFT,231.0,243,5.411428731381887e-05,0.6666666666666666,0.6703397612488521,0.0001530606626286093,0.0007064141759087761,0.0015790434520313818,0.6666666666666666,0.6737588652482269,9.894637531479042e-05,0.0034191039993748396
PRANK,231.0,243,5.450696268974365e-05,0.6666666666666666,0.6703397612488521,5.280911707118763e-05,0.0001617320441331671,0.0004371453076932705,0.6666666666666666,0.6775658492279746,-1.6978456185560205e-06,0.0072260879791224975
MACSE,232.0,244,9.153825833901299e-13,0.6666666666666666,0.6703397612488521,2.365215160283134e-12,7.079747899041422e-11,5.408927394867646e-10,0.6666666666666666,0.673721340388007,1.4498325768930042e-12,0.0033815791391549332
MAFFT,232.0,244,9.658095287553235e-13,0.6666666666666666,0.6703397612488521,1.967158325400579e-13,1.077149480721573e-11,8.527433389045786e-11,0.6666666666666666,0.6737588652482269,-7.690936962152656e-13,0.0034191039993748396
PRANK,232.0,244,7.838530174175397e-13,0.6666666666666666,0.6703397612488521,6.113774641787637e-13,3.015276917039955e-11,2.2953026327671496e-10,0.6666666666666666,0.6775658492279746,-1.7247555323877605e-13,0.0072260879791224975
MACSE,233.0,245,1.328246889499978e-15,0.6666666666666666,0.6703397612488521,2.714890311555441e-14,6.38378239159465e-14,9.754419494356625e-13,0.6666666666666666,0.673721340388007,2.5820656226054434e-14,0.0033815791391549332
MAFFT,233.0,245,1.380087551563666e-15,0.6666666666666666,0.6703397612488521,2.189261659595841e-15,5.773159728050814e-15,9.971821348451405e-14,0.6666666666666666,0.6737588652482269,8.09174108032175e-16,0.0034191039993748396
PRANK,233.0,245,1.334025414511914e-15,0.6666666666666666,0.6703397612488521,1.931977231167413e-15,4.218847493575595e-15,7.152864159562258e-14,0.6666666666666666,0.6775658492279746,5.979518166554992e-16,0.0072260879791224975
MACSE,234.0,246,9.523135127825803e-08,0.3825401345017811,0.6703397612488521,1.846099185734336e-07,2.340226052943706e-07,1.064245657410114e-06,0.2908073599062889,0.673721340388007,8.937856729517558e-08,0.0033815791391549332
MAFFT,234.0,246,9.38148105149492e-08,0.382455167173619,0.6703397612488521,5.090791799586741e-08,7.950968095027378e-08,3.9238543845589653e-07,0.2210108087090666,0.6737588652482269,-4.2906892519081795e-08,0.0034191039993748396
PRANK,234.0,246,8.692804963150961e-08,0.3853359162804976,0.6703397612488521,9.95004978270669e-08,2.152085669671067e-07,9.67142114201576e-07,0.3685404678858607,0.6775658492279746,1.2572448195557288e-08,0.0072260879791224975
MACSE,235.0,247,0.0479696805243203,0.6666666666666666,0.6703397612488521,0.0654172042660016,0.194263142176884,0.2515543061409142,0.6666666666666666,0.673721340388007,0.0174475237416813,0.0033815791391549332
MAFFT,235.0,247,0.04833027869020457,0.6666666666666666,0.6703397612488521,0.08455904781302649,0.2305337071959932,0.2891181806418397,0.6666666666666666,0.6737588652482269,0.03622876912282192,0.0034191039993748396
PRANK,235.0,247,0.04761157801335976,0.6666666666666666,0.6703397612488521,0.05174618688463107,0.1822647548287228,0.23282449846271785,0.6666666666666666,0.6775658492279746,0.00413460887127131,0.0072260879791224975
MACSE,236.0,248,0.0009889326778537608,0.6666666666666666,0.6703397612488521,0.003298350949023029,0.2052247645057518,0.2648508785175581,0.6666666666666666,0.673721340388007,0.002309418271169268,0.0033815791391549332
MAFFT,236.0,248,0.0009756149506673028,0.6666666666666666,0.6703397612488521,0.00478303075015143,0.2182976845054043,0.2769541826499745,0.6666666666666666,0.6737588652482269,0.0038074157994841275,0.0034191039993748396
PRANK,236.0,248,0.0009057147337803861,0.6666666666666666,0.6703397612488521,0.0005649445199697568,0.3287319889001508,0.39426698347188505,0.6666666666666666,0.6775658492279746,-0.00034077021381062936,0.0072260879791224975
MACSE,237.0,249,0.02020963780414236,0.5630307911540773,0.6703397612488521,0.01517596438184313,0.05637675075633974,0.08219816331649535,0.456727063153311,0.673721340388007,-0.005033673422299229,0.0033815791391549332
MAFFT,237.0,249,0.02028190298537099,0.5631125643853705,0.6703397612488521,0.01484070022125201,0.05537136634745488,0.08187205919078931,0.4657448814912328,0.6737588652482269,-0.005441202764118981,0.0034191039993748396
PRANK,237.0,249,0.02005607032091127,0.5798764752734455,0.6703397612488521,0.01845294350496509,0.04896271305799538,0.07276132259216045,0.5292178240195804,0.6775658492279746,-0.0016031268159461785,0.0072260879791224975
MACSE,238.0,250,3.143236364961398e-06,0.6666666666666666,0.6703397612488521,6.322007006033066e-06,9.205487263574952e-06,3.256014939523733e-05,0.6666666666666666,0.673721340388007,3.1787706410716675e-06,0.0033815791391549332
MAFFT,238.0,250,2.827062715798093e-06,0.6666666666666666,0.6703397612488521,4.096953013711367e-06,6.065870793103834e-06,2.134287871647645e-05,0.6666666666666666,0.6737588652482269,1.2698902979132736e-06,0.0034191039993748396
PRANK,238.0,250,2.824458364828144e-06,0.6666666666666666,0.6703397612488521,3.320921927820495e-06,4.604942412722579e-06,1.6358509713766876e-05,0.6666666666666666,0.6775658492279746,4.964635629923508e-07,0.0072260879791224975
MACSE,239.0,251,0.9113407436648371,0.0987330963374035,0.6703397612488521,0.9224426247572602,0.0578446333530318,0.08401768038349106,0.07797818041999716,0.5415939076443439,0.01110188109242316,-0.1287458536045082
MAFFT,239.0,251,0.9106937113757383,0.0988456214640316,0.6703397612488521,0.9251673227532531,0.06284899412469003,0.091155029646497,0.08392801768544611,0.6737588652482269,0.014473611377514795,0.0034191039993748396
PRANK,239.0,251,0.9123677754897718,0.0971696712132764,0.6703397612488521,0.9087283904276358,0.07545358237427346,0.10501562024479105,0.09835878764388539,0.6775658492279746,-0.0036393850621360135,0.0072260879791224975
MACSE,240.0,252,0.0001187308217396683,0.6666666666666666,0.6703397612488521,3.089519670967525e-05,0.0003039189171993861,0.0007490130733559064,0.6666666666666666,0.673721340388007,-8.783562502999306e-05,0.0033815791391549332
MAFFT,240.0,252,0.0001190396055695873,0.6666666666666666,0.6703397612488521,2.864708942569522e-06,3.395667201877561e-05,0.00010664078815813829,0.6666666666666666,0.6737588652482269,-0.00011617489662701778,0.0034191039993748396
PRANK,240.0,252,0.0001156048783794913,0.6666666666666666,0.6703397612488521,0.0001454684151960669,0.003359851167236361,0.0069238921844152635,0.6666666666666666,0.6775658492279746,2.9863536816575602e-05,0.0072260879791224975
MACSE,241.0,253,0.1488986076892071,0.6666666666666666,0.6703397612488521,0.2058689758784153,0.5306622610118019,0.5962146579603187,0.5786349409011016,0.673721340388007,0.0569703681892082,0.0033815791391549332
MAFFT,241.0,253,0.1487574270278806,0.6666666666666666,0.6703397612488521,0.216726264704085,0.4733469137492733,0.5384109001278999,0.551691590778947,0.6737588652482269,0.06796883767620437,0.0034191039993748396
PRANK,241.0,253,0.1466051414941989,0.6666666666666666,0.6703397612488521,0.157060958945247,0.504061815061327,0.5646097808344593,0.6666666666666666,0.6775658492279746,0.010455817451048094,0.0072260879791224975
MACSE,242.0,254,1.480721202662192e-06,0.6666666666666666,0.6703397612488521,1.978351292306838e-06,8.730245106480794e-05,0.0002545766130286766,0.6666666666666666,0.673721340388007,4.97630089644646e-07,0.0033815791391549332
MAFFT,242.0,254,1.478510050554775e-06,0.6666666666666666,0.6703397612488521,1.599916606113586e-06,5.06767448174017e-05,0.00015283462722708447,0.6666666666666666,0.6737588652482269,1.214065555588111e-07,0.0034191039993748396
PRANK,242.0,254,1.514453162404718e-06,0.6666666666666666,0.6703397612488521,1.489355676339547e-06,0.0003095768972227742,0.0007647164414840713,0.6666666666666666,0.6775658492279746,-2.5097486065171104e-08,0.0072260879791224975
MACSE,243.0,255,5.804552150134486e-07,0.6666666666666666,0.6703397612488521,5.565551615539874e-07,8.309968222430797e-07,3.527119845520627e-06,0.6666666666666666,0.673721340388007,-2.3900053459461246e-08,0.0033815791391549332
MAFFT,243.0,255,5.542815239912256e-07,0.6666666666666666,0.6703397612488521,1.071007897427303e-07,1.379177085869543e-07,6.239134436076503e-07,0.6666666666666666,0.6737588652482269,-4.471807342484953e-07,0.0034191039993748396
PRANK,243.0,255,5.284286575565633e-07,0.6666666666666666,0.6703397612488521,5.357014032469283e-07,8.011838468213739e-07,3.3577705040940728e-06,0.6666666666666666,0.6775658492279746,7.272745690365035e-09,0.0072260879791224975
MACSE,244.0,256,3.03447756070501e-23,0.6666666666666666,0.6703397612488521,7.45443705993253e-23,0.0,0.0,0.6666666666666666,0.673721340388007,4.4199594992275194e-23,0.0033815791391549332
MAFFT,244.0,256,2.902077227446404e-23,0.6666666666666666,0.6703397612488521,2.910840848359966e-23,0.0,0.0,0.6666666666666666,0.6737588652482269,8.763620913562251e-26,0.0034191039993748396
PRANK,244.0,256,3.681374363884832e-23,0.6666666666666666,0.6703397612488521,3.587488534766925e-23,0.0,0.0,0.6666666666666666,0.6775658492279746,-9.388582911790712e-25,0.0072260879791224975
MACSE,245.0,257,2.444407405688879e-05,0.6666666666666666,0.6703397612488521,3.099777696264314e-05,7.380626919206712e-05,0.00022199995930212316,0.6666666666666666,0.673721340388007,6.553702905754347e-06,0.0033815791391549332
MAFFT,245.0,257,2.519424045025152e-05,0.6666666666666666,0.6703397612488521,3.209775589710207e-05,7.808763429151266e-05,0.00022144254500578217,0.6666666666666666,0.6737588652482269,6.903515446850548e-06,0.0034191039993748396
PRANK,245.0,257,2.357838448472357e-05,0.6666666666666666,0.6703397612488521,1.802415086808897e-05,5.726509945302993e-05,0.00016952287377762035,0.6666666666666666,0.6775658492279746,-5.5542336166346006e-06,0.0072260879791224975
MACSE,246.0,258,0.02201797958894936,0.643153472985339,0.6703397612488521,0.01896871443114849,0.9941557788205031,1.0,0.6423208498153942,0.673721340388007,-0.003049265157800872,0.0033815791391549332
MAFFT,246.0,258,0.02202512303804786,0.6431560843291619,0.6703397612488521,0.01969843728068102,0.9932200559480411,1.0,0.6436770479591097,0.6737588652482269,-0.0023266857573668413,0.0034191039993748396
PRANK,246.0,258,0.02210893598345772,0.6431455443657823,0.6703397612488521,0.02184850749708941,0.9908382137402585,1.0,0.6429851356145646,0.6775658492279746,-0.00026042848636831026,0.0072260879791224975
MACSE,247.0,259,0.0112304545190377,0.6666666666666666,0.6703397612488521,0.00543823398802561,0.01225069699843861,0.02186806660468948,0.6666666666666666,0.673721340388007,-0.005792220531012091,0.0033815791391549332
MAFFT,247.0,259,0.01120225056857924,0.6666666666666666,0.6703397612488521,0.004831927028251294,0.01158140629891979,0.020280803657094563,0.6666666666666666,0.6737588652482269,-0.006370323540327945,0.0034191039993748396
PRANK,247.0,259,0.01119882314296199,0.6666666666666666,0.6703397612488521,0.009628493964335504,0.01389512894220502,0.024917707189627273,0.6666666666666666,0.6775658492279746,-0.0015703291786264856,0.0072260879791224975
MACSE,248.0,260,0.278177489429187,0.6666666666666666,0.6703397612488521,0.2544428903914742,0.7892319413837692,0.8305416022275477,0.6666666666666666,0.673721340388007,-0.0237345990377128,0.0033815791391549332
MAFFT,248.0,260,0.2799590850495395,0.6666666666666666,0.6703397612488521,0.3664750117999868,0.9688954382714399,0.981814044115059,0.6666666666666666,0.6737588652482269,0.08651592675044734,0.0034191039993748396
PRANK,248.0,260,0.2805035218122477,0.6666666666666666,0.6703397612488521,0.2665841561685686,0.7961124817108168,0.8412180047539226,0.6666666666666666,0.6775658492279746,-0.013919365643679071,0.0072260879791224975
MACSE,249.0,261,0.3807646456471713,0.5500718416163732,0.6703397612488521,0.3127775214484082,0.7455025858549593,0.7910610772127624,0.5722081994531342,0.673721340388007,-0.06798712419876307,0.0033815791391549332
MAFFT,249.0,261,0.3806346447379685,0.5503980080382979,0.6703397612488521,0.2995523868866513,0.7620241775071249,0.8007337759300838,0.5795807831262108,0.6737588652482269,-0.08108225785131717,0.0034191039993748396
PRANK,249.0,261,0.3803070851457567,0.5495036514024333,0.6703397612488521,0.3494224456114123,0.7202637787031422,0.7764693336886475,0.5606258719055971,0.6775658492279746,-0.030884639534344394,0.0072260879791224975
MACSE,250.0,262,1.368624478362707e-06,0.6666666666666666,0.6703397612488521,3.383407119515766e-07,1.414265940136161e-06,5.872278142739277e-06,0.6666666666666666,0.673721340388007,-1.0302837664111306e-06,0.0033815791391549332
MAFFT,250.0,262,1.019999738047317e-06,0.6666666666666666,0.6703397612488521,2.767957172940382e-07,1.132085079014189e-06,4.389717653320324e-06,0.6666666666666666,0.6737588652482269,-7.432040207532788e-07,0.0034191039993748396
PRANK,250.0,262,9.900978976609506e-07,0.6666666666666666,0.6703397612488521,7.37670807576649e-07,1.767844416633579e-06,6.868812160461719e-06,0.6666666666666666,0.6775658492279746,-2.524270900843015e-07,0.0072260879791224975
MACSE,251.0,263,5.229034824646827e-07,0.6666666666666666,0.6703397612488521,2.134874904491095e-07,7.935517557511318e-07,3.4060311314262063e-06,0.6666666666666666,0.673721340388007,-3.094159920155732e-07,0.0033815791391549332
MAFFT,251.0,263,5.203421616549871e-07,0.6666666666666666,0.6703397612488521,2.036361897117001e-07,7.329444161596754e-07,2.962966788730603e-06,0.6666666666666666,0.6737588652482269,-3.1670597194328705e-07,0.0034191039993748396
PRANK,251.0,263,5.347495979884968e-07,0.6666666666666666,0.6703397612488521,4.509350533420114e-07,1.082984107725338e-06,4.439044749247814e-06,0.6666666666666666,0.6775658492279746,-8.381454464648543e-08,0.0072260879791224975
MACSE,252.0,264,0.001602395517129565,0.0807727468603606,0.6703397612488521,0.0009756589556354072,0.01457128643592165,0.02541658181973548,0.07764066784745272,0.5415939076443439,-0.0006267365614941578,-0.1287458536045082
MAFFT,252.0,264,0.001589562124548573,0.0810188914242372,0.6703397612488521,0.0008859636475915376,0.01384807242351371,0.023919397822432773,0.06305088365362,0.5571938555436186,-0.0007035984769570353,-0.11314590570523353
PRANK,252.0,264,0.001637926248087546,0.0800277716024586,0.6703397612488521,0.001465346091284019,0.01569670268051215,0.02748765305084992,0.08367408458066017,0.6775658492279746,-0.00017258015680352706,0.0072260879791224975
MACSE,253.0,265,3.914715834882344e-10,0.6666666666666666,0.6703397612488521,1.318348461516449e-09,2.247360519902486e-09,1.5061258221100872e-08,0.6666666666666666,0.673721340388007,9.268768780282146e-10,0.0033815791391549332
MAFFT,253.0,265,3.915097712184094e-10,0.6666666666666666,0.6703397612488521,8.613444891497021e-10,2.266311138754418e-09,1.435330387877798e-08,0.6666666666666666,0.6737588652482269,4.698347179312926e-10,0.0034191039993748396
PRANK,253.0,265,4.677544560373892e-10,0.6666666666666666,0.6703397612488521,3.833351772095591e-10,3.734198505966901e-10,2.628030269293687e-09,0.6666666666666666,0.6775658492279746,-8.441927882783007e-11,0.0072260879791224975
MACSE,254.0,266,0.06166609658974149,0.6666666666666666,0.6703397612488521,0.1096601974031755,0.340093097761391,0.41374383230844386,0.6666666666666666,0.673721340388007,0.047994100813434006,0.0033815791391549332
MAFFT,254.0,266,0.06242674377912571,0.6666666666666666,0.6703397612488521,0.08390346262392222,0.2272607470973685,0.28606852586751946,0.6666666666666666,0.6737588652482269,0.02147671884479651,0.0034191039993748396
PRANK,254.0,266,0.0630196987078742,0.6666666666666666,0.6703397612488521,0.05910872875861052,0.3330425261464486,0.3981566097840555,0.6666666666666666,0.6775658492279746,-0.003910969949263682,0.0072260879791224975
MACSE,255.0,267,0.05651902859377278,0.6552001518552222,0.6703397612488521,0.04152675104650976,0.1325103635598187,0.17886557908074469,0.6421891027760164,0.673721340388007,-0.014992277547263018,0.0033815791391549332
MAFFT,255.0,267,0.05686022357389102,0.6554263220082112,0.6703397612488521,0.03901963829349286,0.1304292851531406,0.1763812397088734,0.6483867434189717,0.6737588652482269,-0.017840585280398162,0.0034191039993748396
PRANK,255.0,267,0.05728359336790433,0.6556838564273801,0.6703397612488521,0.05040357270060267,0.1480841710896679,0.1972692707730219,0.6525376066710054,0.6775658492279746,-0.006880020667301666,0.0072260879791224975
MACSE,256.0,268,0.005278487945257552,0.0133007950258506,0.6703397612488521,0.002438017840162341,0.02134133424428797,0.035913610930916315,0.01135421038830209,0.15490387029754996,-0.002840470105095211,-0.5154358909513022
MAFFT,256.0,268,0.005303688945767447,0.0132942356529278,0.6703397612488521,0.002162765253496706,0.01973875176071105,0.03275426056362532,0.01431646506966311,0.1813418908823994,-0.003140923692270741,-0.4889978703664527
PRANK,256.0,268,0.005341591734213469,0.0134474337055151,0.6703397612488521,0.004593737856700753,0.02548207910774813,0.04224362447640023,0.01355347623304459,0.459586057720512,-0.0007478538775127158,-0.2107537035283401
MACSE,257.0,269,1.477778391023179e-10,0.6666666666666666,0.6703397612488521,3.908445746949023e-11,5.967559779662679e-12,5.427637704359865e-11,0.6666666666666666,0.673721340388007,-1.0869338163282767e-10,0.0033815791391549332
MAFFT,257.0,269,1.473395505016671e-10,0.6666666666666666,0.6703397612488521,3.853481044699868e-11,6.709743871624596e-12,5.424899300462439e-11,0.6666666666666666,0.6737588652482269,-1.0880474005466842e-10,0.0034191039993748396
PRANK,257.0,269,1.485039052492286e-10,0.6666666666666666,0.6703397612488521,1.276355347394817e-10,9.909628673199222e-12,8.035416293702848e-11,0.6666666666666666,0.6775658492279746,-2.0868370509746903e-11,0.0072260879791224975
MACSE,258.0,270,2.05042682082003e-13,0.6666666666666666,0.6703397612488521,8.315245469714387e-13,3.157918371243795e-12,3.260337345446296e-11,0.6666666666666666,0.673721340388007,6.264818648894357e-13,0.0033815791391549332
MAFFT,258.0,270,2.024101566844082e-13,0.6666666666666666,0.6703397612488521,8.389966182197876e-14,3.134159598516817e-13,3.609032264958759e-12,0.6666666666666666,0.6737588652482269,-1.1851049486242943e-13,0.0034191039993748396
PRANK,258.0,270,5.716740528250368e-14,0.6666666666666666,0.6703397612488521,1.74310568453621e-13,8.999467837611519e-13,9.46248635003144e-12,0.6666666666666666,0.6775658492279746,1.1714316317111732e-13,0.0072260879791224975
MACSE,259.0,271,4.30338025226047e-05,0.6666666666666666,0.6703397612488521,4.024466153000587e-05,0.0001975338258671799,0.0005203994584914671,0.6666666666666666,0.673721340388007,-2.7891409925988317e-06,0.0033815791391549332
MAFFT,259.0,271,4.46183258806573e-05,0.6666666666666666,0.6703397612488521,1.885840898607286e-05,0.0001009718649896962,0.0002760381920581623,0.6666666666666666,0.6737588652482269,-2.5759916894584436e-05,0.0034191039993748396
PRANK,259.0,271,4.219770096353743e-05,0.6666666666666666,0.6703397612488521,4.539647620161272e-05,0.0004097456317710968,0.0009673108901937918,0.6666666666666666,0.6775658492279746,3.198775238075292e-06,0.0072260879791224975
MACSE,260.0,272,0.012267837375655,0.0052295513247361,0.6703397612488521,0.001829831552664973,0.01236910483736386,0.021976735106386022,0.006096183722889892,0.10584702160819816,-0.010438005822990027,-0.5644927396406539
MAFFT,260.0,272,0.01230407262315942,0.0053296944577218,0.6703397612488521,0.003849984586932086,0.02356672859704423,0.03843500801234681,0.004293616740157602,0.06798226505249537,-0.008454088036227336,-0.6023574961963567
PRANK,260.0,272,0.006493546777107929,0.0067175439472423,0.6703397612488521,0.01130165560347897,0.05585732820662048,0.08044317923192834,0.004993613577945921,0.31043631076230477,0.004808108826371042,-0.3599034504865473
MACSE,261.0,273,0.1290900963135499,0.5985124371191696,0.6703397612488521,0.08235210254535477,0.6635475543088021,0.7140145513970771,0.2311262896066449,0.673721340388007,-0.046737993768195124,0.0033815791391549332
MAFFT,261.0,273,0.1273944848795931,0.5979892498794013,0.6703397612488521,0.03961516693977252,0.955209606749454,0.9731357923989076,0.1619392270225073,0.6737588652482269,-0.08777931793982058,0.0034191039993748396
PRANK,261.0,273,0.1355143192451092,0.5965698951091941,0.6703397612488521,0.03315160483441026,0.9586208669081844,0.9823230311998702,0.4328218752313249,0.6775658492279746,-0.10236271441069894,0.0072260879791224975
MACSE,262.0,274,2.106659097022563e-07,0.6666666666666666,0.6703397612488521,5.330250103076502e-06,0.002124378349944167,0.00443449469769766,0.6666666666666666,0.673721340388007,5.119584193374245e-06,0.0033815791391549332
MAFFT,262.0,274,2.109507757475852e-07,0.6666666666666666,0.6703397612488521,1.89406389092647e-06,0.000737660289879094,0.0016297145939189288,0.6666666666666666,0.6737588652482269,1.6831131151788847e-06,0.0034191039993748396
PRANK,262.0,274,2.096981310117063e-07,0.6666666666666666,0.6703397612488521,1.304743818007788e-07,0.000599840017417197,0.0013642702835159417,0.6666666666666666,0.6775658492279746,-7.92237492109275e-08,0.0072260879791224975
MACSE,263.0,275,0.6285550566244885,0.013891589811895,0.6703397612488521,0.6039925784366111,0.5883082355274021,0.6457866263547919,0.006372988212011932,0.10584702160819816,-0.02456247818787738,-0.5644927396406539
MAFFT,263.0,275,0.6277675006934028,0.0140596162117021,0.6703397612488521,0.6302091612582346,0.5952886155035246,0.6556802141777952,0.06482429305130633,0.5598461672612819,0.002441660564831749,-0.1104935939875702
PRANK,263.0,275,0.6298009288743245,0.0145950621843451,0.6703397612488521,0.6376677751016565,0.5915064092409454,0.654694037527812,0.03551716285532425,0.6775658492279746,0.007866846227332025,0.0072260879791224975
MACSE,264.0,276,0.3926048545635863,0.6102951153896098,0.6703397612488521,0.2408775778406582,0.497547439930455,0.5630269610988903,0.6666666666666666,0.673721340388007,-0.1517272767229281,0.0033815791391549332
MAFFT,264.0,276,0.3922557454498616,0.6666666666666666,0.6703397612488521,0.3705526473560491,0.7925524028906433,0.8251230495847793,0.5880254797051889,0.6737588652482269,-0.02170309809381249,0.0034191039993748396
PRANK,264.0,276,0.3954590887930752,0.609120824212436,0.6703397612488521,0.3727369016516129,0.7358390510679047,0.7864411634622591,0.6666666666666666,0.6775658492279746,-0.02272218714146229,0.0072260879791224975
MACSE,265.0,277,7.230942306870011e-05,0.3602752647702472,0.6703397612488521,0.000492958842134785,0.01584860469842186,0.027271022499086264,0.3133270271663983,0.673721340388007,0.00042064941906608494,0.0033815791391549332
MAFFT,265.0,277,7.384294956514729e-05,0.3627598629352662,0.6703397612488521,0.002390319721078001,0.06430218151970246,0.09290809497143322,0.624015373867706,0.6737588652482269,0.0023164767715128536,0.0034191039993748396
PRANK,265.0,277,7.046417883804555e-05,0.3773191823621821,0.6703397612488521,0.0001806782909450178,0.02677949667798141,0.044003313924612625,0.49075239275017,0.6775658492279746,0.00011021411210697224,0.0072260879791224975
MACSE,266.0,278,0.01510771980047671,0.6666666666666666,0.6703397612488521,0.07470704191571133,0.3807281233613964,0.45735265133350134,0.6666666666666666,0.673721340388007,0.05959932211523462,0.0033815791391549332
MAFFT,266.0,278,0.01507603339530249,0.6666666666666666,0.6703397612488521,0.07227670629673338,0.4891103317649089,0.5515190684589477,0.6666666666666666,0.6737588652482269,0.057200672901430896,0.0034191039993748396
PRANK,266.0,278,0.01484734378328612,0.6666666666666666,0.6703397612488521,0.01788575258260154,0.405481278865229,0.46824927868956784,0.6666666666666666,0.6775658492279746,0.0030384087993154205,0.0072260879791224975
MACSE,267.0,279,1.561679378872578e-05,0.6666666666666666,0.6703397612488521,1.078605402436647e-05,9.646890535697228e-05,0.00027707610410799557,0.6666666666666666,0.673721340388007,-4.8307397643593105e-06,0.0033815791391549332
MAFFT,267.0,279,1.570568024725153e-05,0.6666666666666666,0.6703397612488521,1.054134587958359e-05,9.221344531595843e-05,0.0002539210813048131,0.6666666666666666,0.6737588652482269,-5.164334367667939e-06,0.0034191039993748396
PRANK,267.0,279,1.618235387506974e-05,0.6666666666666666,0.6703397612488521,1.546133966772759e-05,7.899609846084843e-05,0.0002215454490668907,0.6666666666666666,0.6775658492279746,-7.210142073421496e-07,0.0072260879791224975
MACSE,268.0,280,1.37313472961451e-05,0.6666666666666666,0.6703397612488521,6.704399740016153e-06,4.86059579710707e-05,0.00015095508898332527,0.6666666666666666,0.673721340388007,-7.026947556128948e-06,0.0033815791391549332
MAFFT,268.0,280,1.364614101192498e-05,0.6666666666666666,0.6703397612488521,6.470807556779697e-06,4.600941361621036e-05,0.00014099659011419303,0.6666666666666666,0.6737588652482269,-7.175333455145284e-06,0.0034191039993748396
PRANK,268.0,280,1.393604462832083e-05,0.6666666666666666,0.6703397612488521,1.199972063892272e-05,6.313219158382566e-05,0.00018397115203724196,0.6666666666666666,0.6775658492279746,-1.93632398939811e-06,0.0072260879791224975
MACSE,269.0,281,0.001472638285086318,0.6666666666666666,0.6703397612488521,0.0009198066150185677,0.04023229841537646,0.0627295428354033,0.6666666666666666,0.673721340388007,-0.0005528316700677502,0.0033815791391549332
MAFFT,269.0,281,0.001475153141688822,0.6666666666666666,0.6703397612488521,0.0007590439966218942,0.03942477630580787,0.06165191356463782,0.6666666666666666,0.6737588652482269,-0.0007161091450669278,0.0034191039993748396
PRANK,269.0,281,0.001486501490005946,0.6666666666666666,0.6703397612488521,0.00150285035376111,0.04272231587539632,0.06477814561594646,0.6666666666666666,0.6775658492279746,1.6348863755163978e-05,0.0072260879791224975
MACSE,270.0,282,0.004970927186223279,1.0,1.0,0.005049505469344482,1.0,1.0,1.0,1.0,7.857828312120285e-05,0.0
MAFFT,270.0,282,0.004966658307353565,1.0,1.0,0.004338098213807101,1.0,1.0,1.0,1.0,-0.0006285600935464642,0.0
PRANK,270.0,282,0.004985226232583396,1.0,1.0,0.004905332831262086,1.0,1.0,1.0,1.0,-7.989340132130967e-05,0.0
MACSE,271.0,283,0.1400809643698193,0.1820451275658253,0.6703397612488521,0.08687286122082574,0.4122430479918727,0.48603964300276353,0.1423620513706941,0.673721340388007,-0.053208103148993546,0.0033815791391549332
MAFFT,271.0,283,0.1398788771172806,0.1837381613157643,0.6703397612488521,0.0807822199745138,0.394044318638364,0.4551271765427912,0.1348380559905764,0.6737588652482269,-0.05909665714276678,0.0034191039993748396
PRANK,271.0,283,0.1391420481895181,0.1843152548148162,0.6703397612488521,0.1221521058090861,0.4383850111055856,0.5031311050534875,0.1758300952328134,0.6775658492279746,-0.016989942380432013,0.0072260879791224975
MACSE,272.0,284,4.536211700656826e-22,0.6666666666666666,0.6703397612488521,2.034110648823735e-23,0.0,0.0,0.6666666666666666,0.673721340388007,-4.332800635774453e-22,0.0033815791391549332
MAFFT,272.0,284,4.293009179622393e-22,0.6666666666666666,0.6703397612488521,1.470123642695115e-24,0.0,0.0,0.6666666666666666,0.6737588652482269,-4.278307943195442e-22,0.0034191039993748396
PRANK,272.0,284,1.299703458506251e-22,0.6666666666666666,0.6703397612488521,5.192602720711193e-23,0.0,0.0,0.6666666666666666,0.6775658492279746,-7.804431864351316e-23,0.0072260879791224975
MACSE,273.0,285,0.1739207733933179,0.6666666666666666,0.6703397612488521,0.1204666335768108,0.4322865771569914,0.5004044620423356,0.6666666666666666,0.673721340388007,-0.05345413981650711,0.0033815791391549332
MAFFT,273.0,285,0.1752404114866422,0.6666666666666666,0.6703397612488521,0.08817590169202436,0.2931512409848738,0.35364276690238744,0.6666666666666666,0.6737588652482269,-0.08706450979461786,0.0034191039993748396
PRANK,273.0,285,0.1740630501628757,0.6666666666666666,0.6703397612488521,0.1606225170571987,0.4893703627226047,0.5531368039258532,0.6666666666666666,0.6775658492279746,-0.013440533105677,0.0072260879791224975
MACSE,274.0,286,2.789354675638406e-05,0.6666666666666666,0.6703397612488521,1.736652973340859e-05,0.0002651713011611045,0.0006708307088976286,0.6666666666666666,0.673721340388007,-1.052701702297547e-05,0.0033815791391549332
MAFFT,274.0,286,2.829792064532095e-05,0.6666666666666666,0.6703397612488521,1.132570161379869e-05,0.0002379896245650048,0.0005901846627089001,0.6666666666666666,0.6737588652482269,-1.697221903152226e-05,0.0034191039993748396
PRANK,274.0,286,2.813927736733918e-05,0.6666666666666666,0.6703397612488521,2.587538730451992e-05,0.000294196160997795,0.0007414538381903887,0.6666666666666666,0.6775658492279746,-2.2638900628192598e-06,0.0072260879791224975
MACSE,275.0,287,0.0002946389957216648,0.6666666666666666,0.6703397612488521,0.0003376344417495696,0.0001099377392136391,0.00030654172539861413,0.6666666666666666,0.673721340388007,4.2995446027904814e-05,0.0033815791391549332
MAFFT,275.0,287,0.0002918159972203846,0.6666666666666666,0.6703397612488521,3.470553134964491e-05,9.216573362835767e-06,3.1552233134032355e-05,0.6666666666666666,0.6737588652482269,-0.00025711046587073973,0.0034191039993748396
PRANK,275.0,287,0.0003078336865790522,0.6666666666666666,0.6703397612488521,0.00028343408137083,7.218882579651531e-05,0.0002044357798140705,0.6666666666666666,0.6775658492279746,-2.4399605208222223e-05,0.0072260879791224975
MACSE,276.0,288,0.0002545356817728753,0.6666666666666666,0.6703397612488521,0.0001260591424745588,0.0002730001797068837,0.0006816082918171867,0.6666666666666666,0.673721340388007,-0.00012847653929831652,0.0033815791391549332
MAFFT,276.0,288,0.0002586456944977994,0.6666666666666666,0.6703397612488521,0.0001350327775681563,0.0002739446986392835,0.0006630508629485843,0.6666666666666666,0.6737588652482269,-0.00012361291692964308,0.0034191039993748396
PRANK,276.0,288,0.0002605925801618052,0.6666666666666666,0.6703397612488521,0.0002270721019677603,0.0003951347149544482,0.0009387595457198036,0.6666666666666666,0.6775658492279746,-3.352047819404487e-05,0.0072260879791224975
MACSE,277.0,289,0.979750557515324,0.0146299629626204,0.6703397612488521,0.9783213074883248,0.01112666267775053,0.02004898652311652,0.01799928705116394,0.21486648917326953,-0.0014292500269992292,-0.4554732720755825
MAFFT,277.0,289,0.9795973367874717,0.0146067133298055,0.6703397612488521,0.9813721638030791,0.009841220647815452,0.017557107259013483,0.01187933467228097,0.16121954198095603,0.001774827015607383,-0.5091202192678961
PRANK,277.0,289,0.9796604070632391,0.01464269686573,0.6703397612488521,0.9774717906144852,0.009826352942568173,0.017966811997931022,0.01607500116982741,0.49049272958705126,-0.0021886164487538995,-0.17984703166180083
MACSE,278.0,290,0.03933049001812737,0.6666666666666666,0.6703397612488521,0.02722785696615267,0.08336987067165036,0.11623098757872423,0.6152945826368833,0.673721340388007,-0.0121026330519747,0.0033815791391549332
MAFFT,278.0,290,0.03973177123562936,0.6666666666666666,0.6703397612488521,0.02724757256289382,0.08155371271015777,0.11563586130544758,0.6455968548438153,0.6737588652482269,-0.012484198672735543,0.0034191039993748396
PRANK,278.0,290,0.03964816624833922,0.6666666666666666,0.6703397612488521,0.03585877204269999,0.09490582004067394,0.13014658409989477,0.6523945703508788,0.6775658492279746,-0.0037893942056392294,0.0072260879791224975
MACSE,279.0,291,0.006002489399070809,0.6666666666666666,0.6703397612488521,0.01078442507795198,0.009301911266791252,0.01700157944456583,0.6020994264665152,0.673721340388007,0.004781935678881171,0.0033815791391549332
MAFFT,279.0,291,0.006177551051260718,0.6666666666666666,0.6703397612488521,0.01397764964498548,0.01214577353392854,0.02107485818672532,0.6666666666666666,0.6737588652482269,0.007800098593724762,0.0034191039993748396
PRANK,279.0,291,0.005933570535552023,0.6666666666666666,0.6703397612488521,0.006720325798276801,0.008940789350856848,0.016428149890983273,0.6343346488774468,0.6775658492279746,0.0007867552627247778,0.0072260879791224975
MACSE,280.0,292,9.156273523956604e-07,0.6666666666666666,0.6703397612488521,8.618470410604795e-06,0.007177496039244446,0.013374651156055505,0.6666666666666666,0.673721340388007,7.702843058209135e-06,0.0033815791391549332
MAFFT,280.0,292,9.382041184298175e-07,0.6666666666666666,0.6703397612488521,8.532441704863707e-06,0.006552010538558917,0.012027845433103325,0.6666666666666666,0.6737588652482269,7.59423758643389e-06,0.0034191039993748396
PRANK,280.0,292,1.255614979613846e-06,0.6666666666666666,0.6703397612488521,6.986931624405116e-07,0.005441282986574425,0.010682097652590846,0.6666666666666666,0.6775658492279746,-5.569218171733343e-07,0.0072260879791224975
MACSE,281.0,293,9.66252719492443e-05,0.6666666666666666,0.6703397612488521,0.0006377121278247507,0.001297727151527317,0.0028655015715805497,0.6666666666666666,0.673721340388007,0.0005410868558755064,0.0033815791391549332
MAFFT,281.0,293,9.54517326714569e-05,0.6666666666666666,0.6703397612488521,4.781831596452314e-05,0.0001405837161375656,0.00037098480647413144,0.6666666666666666,0.6737588652482269,-4.763341670693376e-05,0.0034191039993748396
PRANK,281.0,293,0.000121766235720051,0.6666666666666666,0.6703397612488521,0.0003445405219164519,0.001497806590252115,0.003273231265231781,0.6666666666666666,0.6775658492279746,0.0002227742861964009,0.0072260879791224975
MACSE,282.0,294,0.0114177861964882,0.6666666666666666,0.6703397612488521,0.006546615705402624,0.0509403668393198,0.07601257864304752,0.6666666666666666,0.673721340388007,-0.004871170491085576,0.0033815791391549332
MAFFT,282.0,294,0.01137576444583178,0.6666666666666666,0.6703397612488521,0.005795906829352811,0.0482226583702291,0.07271670706621848,0.6666666666666666,0.6737588652482269,-0.005579857616478968,0.0034191039993748396
PRANK,282.0,294,0.0115489070097479,0.6666666666666666,0.6703397612488521,0.01034834186752926,0.05537675627317973,0.08006019414688388,0.6666666666666666,0.6775658492279746,-0.0012005651422186386,0.0072260879791224975
MACSE,283.0,295,0.0008113618120513339,0.4060682422239897,0.6703397612488521,0.001933251099165179,0.05523757335259261,0.08115674238727068,0.2140209762220895,0.673721340388007,0.0011218892871138453,0.0033815791391549332
MAFFT,283.0,295,0.0008251414541828274,0.4059361867935756,0.6703397612488521,0.007359761903881307,0.1087714536811499,0.15085092116363855,0.193355282501127,0.6737588652482269,0.0065346204496984795,0.0034191039993748396
PRANK,283.0,295,0.0007268930948258316,0.4484271579178735,0.6703397612488521,0.0003333727767886409,0.06042818902647773,0.08570233652804636,0.3281111381456253,0.6775658492279746,-0.00039352031803719067,0.0072260879791224975
MACSE,284.0,296,1.729630199999077e-05,0.5917001186987562,0.6703397612488521,0.0001276536214403458,0.02965983576743814,0.04883645372052315,0.3957086904903781,0.673721340388007,0.00011035731944035503,0.0033815791391549332
MAFFT,284.0,296,1.730540197958642e-05,0.5896748970087636,0.6703397612488521,7.450221466807101e-05,0.02010851207410924,0.03322275907896309,0.4539495766418401,0.6737588652482269,5.7196812688484596e-05,0.0034191039993748396
PRANK,284.0,296,1.764591713224256e-05,0.6666666666666666,0.6703397612488521,1.638828360699591e-05,0.02728606192345773,0.04463903990109533,0.5385900076412946,0.6775658492279746,-1.2576335252466518e-06,0.0072260879791224975
MACSE,285.0,297,3.472112218551737e-08,0.6666666666666666,0.6703397612488521,5.394341145336336e-07,4.929917664520111e-05,0.00015187326998763567,0.6317580554056612,0.673721340388007,5.047129923481162e-07,0.0033815791391549332
MAFFT,285.0,297,3.630533969243356e-08,0.6666666666666666,0.6703397612488521,4.101523276425601e-08,9.815736425666799e-06,3.300867116595915e-05,0.6666666666666666,0.6737588652482269,4.709893071822454e-09,0.0034191039993748396
PRANK,285.0,297,2.797012815684235e-08,0.6666666666666666,0.6703397612488521,9.404398823477596e-08,6.230711032806369e-05,0.00018299647364069098,0.6666666666666666,0.6775658492279746,6.60738600779336e-08,0.0072260879791224975
MACSE,286.0,298,9.431365730896242e-09,0.6666666666666666,0.6703397612488521,1.007191682272697e-08,1.738949650942345e-08,9.982284569424e-08,0.6666666666666666,0.673721340388007,6.405510918307276e-10,0.0033815791391549332
MAFFT,286.0,298,9.580518528994992e-09,0.6666666666666666,0.6703397612488521,2.970539058855439e-09,4.640971162928054e-09,2.755576627988532e-08,0.6666666666666666,0.6737588652482269,-6.609979470139553e-09,0.0034191039993748396
PRANK,286.0,298,9.057280321615849e-09,0.6666666666666666,0.6703397612488521,9.824846102625275e-09,2.08279672397893e-08,1.1952048892986782e-07,0.6666666666666666,0.6775658492279746,7.675657810094266e-10,0.0072260879791224975
MACSE,287.0,299,0.002255278186134411,0.6365992072754789,0.6703397612488521,0.02093584473432364,0.3285078564559121,0.4035048269008309,0.3330713392757033,0.673721340388007,0.018680566548189226,0.0033815791391549332
MAFFT,287.0,299,0.002261756997181643,0.6331259251565095,0.6703397612488521,0.01957852920456031,0.3173039778230859,0.38036438981947207,0.6666666666666666,0.6737588652482269,0.017316772207378667,0.0034191039993748396
PRANK,287.0,299,0.004599917925476114,0.6666666666666666,0.6703397612488521,0.003046450222177119,0.3255260279448643,0.3916813174949496,0.6666666666666666,0.6775658492279746,-0.0015534677032989952,0.0072260879791224975
MACSE,288.0,300,6.59772047648443e-07,0.6666666666666666,0.6703397612488521,6.529540529400586e-07,3.441367544598783e-06,1.3146024020367351e-05,0.6666666666666666,0.673721340388007,-6.817994708384381e-09,0.0033815791391549332
MAFFT,288.0,300,6.838152217047929e-07,0.6666666666666666,0.6703397612488521,4.876273216520422e-07,3.364727028776215e-06,1.2535257558185899e-05,0.6666666666666666,0.6737588652482269,-1.9618790005275074e-07,0.0034191039993748396
PRANK,288.0,300,6.700543172798963e-07,0.6666666666666666,0.6703397612488521,5.936846103165791e-07,2.528245281019359e-06,9.722015358971349e-06,0.6666666666666666,0.6775658492279746,-7.636970696331716e-08,0.0072260879791224975
MACSE,289.0,301,0.00160702215961659,0.6666666666666666,0.6703397612488521,0.0009804476671999975,0.04166036496820014,0.06469211145468477,0.6666666666666666,0.673721340388007,-0.0006265744924165925,0.0033815791391549332
MAFFT,289.0,301,0.001608104995766369,0.6666666666666666,0.6703397612488521,0.0008222079976198699,0.04119891271733134,0.06388375395621361,0.6666666666666666,0.6737588652482269,-0.0007858969981464992,0.0034191039993748396
PRANK,289.0,301,0.001620201008073314,0.6666666666666666,0.6703397612488521,0.001619312200409158,0.0443583182805507,0.06671634160744117,0.6666666666666666,0.6775658492279746,-8.888076641561451e-07,0.0072260879791224975
MACSE,290.0,302,0.02011531967920382,0.6666666666666666,0.6703397612488521,0.01416996092526669,0.0461219203430222,0.07019352020332462,0.6666666666666666,0.673721340388007,-0.005945358753937131,0.0033815791391549332
MAFFT,290.0,302,0.02030429762181361,0.6666666666666666,0.6703397612488521,0.01483118202823451,0.04776596618560747,0.07231500856785195,0.6666666666666666,0.6737588652482269,-0.0054731155935791,0.0034191039993748396
PRANK,290.0,302,0.02017854687666628,0.6666666666666666,0.6703397612488521,0.01821277802918422,0.0499768471095926,0.07339119673967733,0.6666666666666666,0.6775658492279746,-0.00196576884748206,0.0072260879791224975
MACSE,291.0,303,0.1834860568707014,0.4936656090307341,0.6703397612488521,0.2147118172265129,0.5977469575154247,0.6505394238486959,0.4982760865178168,0.673721340388007,0.031225760355811483,0.0033815791391549332
MAFFT,291.0,303,0.1839153765532297,0.4935284306580585,0.6703397612488521,0.2081960005152039,0.6009753715627576,0.6600307548955141,0.5001601038481118,0.6737588652482269,0.024280623961974196,0.0034191039993748396
PRANK,291.0,303,0.1836466353369983,0.4936761881598856,0.6703397612488521,0.1756969273277613,0.5935477400132846,0.6550097840975004,0.496059795419721,0.6775658492279746,-0.007949708009237,0.0072260879791224975
MACSE,292.0,304,9.859848806117375e-07,0.6666666666666666,0.6703397612488521,4.421275092565698e-07,0.006333885141196927,0.011989331477401615,0.6666666666666666,0.673721340388007,-5.438573713551677e-07,0.0033815791391549332
MAFFT,292.0,304,9.585626709787272e-07,0.6666666666666666,0.6703397612488521,1.378765812206733e-07,0.002221203686647688,0.004465912174212283,0.6666666666666666,0.6737588652482269,-8.206860897580539e-07,0.0034191039993748396
PRANK,292.0,304,1.037833106100917e-06,0.6666666666666666,0.6703397612488521,1.03617250418648e-07,0.001333177750342807,0.0029424574016441835,0.6666666666666666,0.6775658492279746,-9.342158556822691e-07,0.0072260879791224975
MACSE,293.0,305,0.02111670799528522,0.6666666666666666,0.6703397612488521,0.01166466766326361,0.05129344215182818,0.0762416144046629,0.6666666666666666,0.673721340388007,-0.00945204033202161,0.0033815791391549332
MAFFT,293.0,305,0.02148970176076904,0.6666666666666666,0.6703397612488521,0.01242759469544653,0.03623710840084582,0.057375421634672547,0.6666666666666666,0.6737588652482269,-0.009062107065322511,0.0034191039993748396
PRANK,293.0,305,0.02123163301627954,0.6666666666666666,0.6703397612488521,0.007176456511395061,0.03783538379119766,0.05895485502994212,0.6666666666666666,0.6775658492279746,-0.014055176504884479,0.0072260879791224975
MACSE,294.0,306,3.868806467742277e-17,0.6666666666666666,0.6703397612488521,2.637103910357884e-16,1.77635683940025e-15,3.392841563254478e-14,0.6666666666666666,0.673721340388007,2.2502232635836566e-16,0.0033815791391549332
MAFFT,294.0,306,3.426280329104421e-17,0.6666666666666666,0.6703397612488521,1.271914919696977e-17,0.0,0.0,0.6666666666666666,0.6737588652482269,-2.1543654094074438e-17,0.0034191039993748396
PRANK,294.0,306,1.451095083186208e-15,0.6666666666666666,0.6703397612488521,1.893124962407868e-15,1.754152378907747e-14,2.6171953493303587e-13,0.6666666666666666,0.6775658492279746,4.4202987922165996e-16,0.0072260879791224975
MACSE,295.0,307,0.1276561268617006,0.6666666666666666,0.6703397612488521,0.1090076262999079,0.2545184706817883,0.31982255197514187,0.6666666666666666,0.673721340388007,-0.018648500561792708,0.0033815791391549332
MAFFT,295.0,307,0.1288324864436062,0.6666666666666666,0.6703397612488521,0.1352289252380328,0.2810462755624272,0.3422999510055203,0.6666666666666666,0.6737588652482269,0.006396438794426584,0.0034191039993748396
PRANK,295.0,307,0.1275504603857412,0.6666666666666666,0.6703397612488521,0.1185573812310419,0.2510479947493074,0.30904588132505495,0.6666666666666666,0.6775658492279746,-0.008993079154699296,0.0072260879791224975
MACSE,296.0,308,0.1094737013706203,0.6666666666666666,0.6703397612488521,0.2432761603812528,0.9342891331290122,0.9568323025610795,0.234649368743166,0.673721340388007,0.13380245901063248,0.0033815791391549332
MAFFT,296.0,308,0.1092962988145898,0.6666666666666666,0.6703397612488521,0.1437380190106738,0.611595878249524,0.6678345796977562,0.458589140598673,0.6737588652482269,0.03444172019608399,0.0034191039993748396
PRANK,296.0,308,0.1100210690786154,0.6666666666666666,0.6703397612488521,0.1026478568886089,0.6799109669043123,0.7350921468269811,0.6666666666666666,0.6775658492279746,-0.007373212190006501,0.0072260879791224975
MACSE,297.0,309,0.003808244702795278,0.6666666666666666,0.6703397612488521,0.02977698869909788,0.04732649966781743,0.0717409637821677,0.1690108396024577,0.673721340388007,0.025968743996302602,0.0033815791391549332
MAFFT,297.0,309,0.00385747219329202,0.6666666666666666,0.6703397612488521,0.08614450957261786,0.1664622985165093,0.2181230118492191,0.03260784306167119,0.3348913611739204,0.08228703737932584,-0.3354484000749317
PRANK,297.0,309,0.01175694000167485,0.6314470467045683,0.6703397612488521,0.009461898758523171,0.02243516738773599,0.03803780652557057,0.6666666666666666,0.6775658492279746,-0.0022950412431516787,0.0072260879791224975
MACSE,298.0,310,0.01999768267852356,0.6666666666666666,0.6703397612488521,0.03329006732534597,0.07194601890935426,0.10179029341990121,0.5888039483949964,0.673721340388007,0.013292384646822412,0.0033815791391549332
MAFFT,298.0,310,0.02027133725088527,0.6666666666666666,0.6703397612488521,0.003598816654359799,0.01177385677331,0.020523236577329358,0.6666666666666666,0.6737588652482269,-0.01667252059652547,0.0034191039993748396
PRANK,298.0,310,0.01998628286768604,0.6666666666666666,0.6703397612488521,0.01825989314808095,0.03647339383864601,0.05746055154479772,0.6666666666666666,0.6775658492279746,-0.001726389719605089,0.0072260879791224975
MACSE,299.0,311,8.243358522625142e-09,0.6666666666666666,0.6703397612488521,3.404599130277666e-09,6.091633864002688e-10,4.155364528658976e-09,0.6666666666666666,0.673721340388007,-4.838759392347476e-09,0.0033815791391549332
MAFFT,299.0,311,8.185820060391856e-09,0.6666666666666666,0.6703397612488521,1.754726433063936e-08,3.214975174969936e-09,1.9704686556267348e-08,0.6666666666666666,0.6737588652482269,9.361444270247504e-09,0.0034191039993748396
PRANK,299.0,311,8.817628026712766e-09,0.6666666666666666,0.6703397612488521,9.646494340612334e-09,1.119620951506306e-09,7.457475266283074e-09,0.6666666666666666,0.6775658492279746,8.288663138995682e-10,0.0072260879791224975
MACSE,300.0,312,0.3970626612145781,0.6666666666666666,0.6703397612488521,0.1698550608827883,0.4472688499661033,0.5161833857614847,0.6666666666666666,0.673721340388007,-0.22720760033178983,0.0033815791391549332
MAFFT,300.0,312,0.3972275370105253,0.6666666666666666,0.6703397612488521,0.1434493904422082,0.5702239146071701,0.6317349491274772,0.4873394764467088,0.6737588652482269,-0.2537781465683171,0.0034191039993748396
PRANK,300.0,312,0.3978311833582663,0.6666666666666666,0.6703397612488521,0.390948944471204,0.8750022845237329,0.9040882330397572,0.6666666666666666,0.6775658492279746,-0.0068822388870622975,0.0072260879791224975
MACSE,301.0,313,6.313570712158546e-20,0.6666666666666666,0.6703397612488521,1.615628168634032e-20,3.430589146091734e-14,5.697761103508879e-13,0.6666666666666666,0.673721340388007,-4.6979425435245137e-20,0.0033815791391549332
MAFFT,301.0,313,5.939459879601986e-20,0.6666666666666666,0.6703397612488521,4.261096659923353e-20,5.412337245047638e-13,6.0490828032885364e-12,0.6666666666666666,0.6737588652482269,-1.678363219678633e-20,0.0034191039993748396
PRANK,301.0,313,1.767333676940016e-19,0.6666666666666666,0.6703397612488521,1.504602853514174e-18,6.533662499919046e-13,7.615800351468138e-12,0.6666666666666666,0.6775658492279746,1.3278694858201724e-18,0.0072260879791224975
MACSE,302.0,314,0.06318461422266068,0.6457360249194352,0.6703397612488521,0.03997361923600853,0.07191230689580896,0.10179029341990121,0.4856459060559585,0.673721340388007,-0.023210994986652154,0.0033815791391549332
MAFFT,302.0,314,0.03762762509014829,0.6666666666666666,0.6703397612488521,0.01986204427321057,0.03124378128363092,0.04988502894025105,0.4380520314136067,0.6737588652482269,-0.01776558081693772,0.0034191039993748396
PRANK,302.0,314,0.06192724158261512,0.6414467457964862,0.6703397612488521,0.08263720582152574,0.1546078798873188,0.20500207952329672,0.5851504368336635,0.6775658492279746,0.020709964238910625,0.0072260879791224975
MACSE,303.0,315,5.338723143084331e-05,0.6666666666666666,0.6703397612488521,6.820612838201683e-05,0.00569242811367654,0.010927173564946926,0.6666666666666666,0.673721340388007,1.4818896951173517e-05,0.0033815791391549332
MAFFT,303.0,315,0.0001084730837119285,0.6548113081994601,0.6703397612488521,4.960521408637786e-07,0.0002288699180870157,0.00057596403227196,0.6666666666666666,0.6737588652482269,-0.00010797703157106473,0.0034191039993748396
PRANK,303.0,315,9.724263996967015e-05,0.6450038487402108,0.6703397612488521,7.686978068030145e-05,0.007822175938062115,0.014661666456769694,0.5365278261141188,0.6775658492279746,-2.0372859289368705e-05,0.0072260879791224975
MACSE,304.0,316,0.09990774032865114,0.6666666666666666,0.6703397612488521,0.1005289114311498,0.709054845313627,0.7608397497466447,0.6666666666666666,0.673721340388007,0.0006211711024986522,0.0033815791391549332
MAFFT,304.0,316,0.09826479346322357,0.6666666666666666,0.6703397612488521,0.09171069875326843,0.705148858780948,0.7463971207152097,0.6666666666666666,0.6737588652482269,-0.006554094709955147,0.0034191039993748396
PRANK,304.0,316,0.09717937276539669,0.6666666666666666,0.6703397612488521,0.05976657776067814,0.2242107679160947,0.2815845671134792,0.6666666666666666,0.6775658492279746,-0.03741279500471855,0.0072260879791224975
MACSE,305.0,317,0.0005259857442205995,0.3494394189903686,0.6703397612488521,0.0001961154412425525,0.1342457546460137,0.18056999392527195,0.6666666666666666,0.673721340388007,-0.000329870302978047,0.0033815791391549332
MAFFT,305.0,317,0.0005282624502562032,0.3466950697005681,0.6703397612488521,0.0002544958930877587,0.1662247199441316,0.2181230118492191,0.1220530642090473,0.6737588652482269,-0.00027376655716844457,0.0034191039993748396
PRANK,305.0,317,0.0004834396722093027,0.3525520307744805,0.6703397612488521,0.0001946353716949729,0.1612183483276102,0.21102309990584406,0.2861225149164757,0.6775658492279746,-0.0002888043005143298,0.0072260879791224975
MACSE,306.0,318,0.01631293964020784,0.6666666666666666,0.6703397612488521,0.001663507500840273,0.03899428527015281,0.06155296269916684,0.6666666666666666,0.673721340388007,-0.014649432139367567,0.0033815791391549332
MAFFT,306.0,318,0.01666377777609953,0.6666666666666666,0.6703397612488521,0.01550384804756026,0.2145968465131347,0.2736469854865476,0.1683298398654248,0.6737588652482269,-0.0011599297285392694,0.0034191039993748396
PRANK,306.0,318,0.01521141003209336,0.6666666666666666,0.6703397612488521,0.02367669937813319,0.1635519205868163,0.21256051003094942,0.6666666666666666,0.6775658492279746,0.00846528934603983,0.0072260879791224975
MACSE,307.0,319,4.393481131665135e-17,0.6666666666666666,0.6703397612488521,6.153743285028448e-15,1.503908109157237e-12,1.641408279137327e-11,0.6666666666666666,0.673721340388007,6.1098084737117965e-15,0.0033815791391549332
MAFFT,307.0,319,3.970547994678908e-17,0.6666666666666666,0.6703397612488521,9.204104399876583e-17,6.294964549624638e-14,7.973621762857874e-13,0.6666666666666666,0.6737588652482269,5.233556405197675e-17,0.0034191039993748396
PRANK,307.0,319,1.481941895107645e-16,0.6666666666666666,0.6703397612488521,2.32692686366998e-16,3.408384685599231e-14,4.708620324920419e-13,0.6666666666666666,0.6775658492279746,8.449849685623348e-17,0.0072260879791224975
MACSE,308.0,320,4.984258789228262e-11,0.6666666666666666,0.6703397612488521,2.098648938605442e-11,2.366629114902707e-11,1.8834423372767376e-10,0.6666666666666666,0.673721340388007,-2.8856098506228202e-11,0.0033815791391549332
MAFFT,308.0,320,4.974476636205251e-11,0.6666666666666666,0.6703397612488521,2.640129540058161e-09,5.66913105348732e-09,3.264045152007851e-08,0.4359252921721202,0.6737588652482269,2.5903847736961084e-09,0.0034191039993748396
PRANK,308.0,320,5.368397859459482e-11,0.6666666666666666,0.6703397612488521,5.882995521433384e-11,5.580225170831454e-11,4.162847977440265e-10,0.6666666666666666,0.6775658492279746,5.145976619739024e-12,0.0072260879791224975
MACSE,309.0,321,0.006615664936609024,0.6666666666666666,0.6703397612488521,0.02107609786030908,0.03225494426779285,0.052431441320412206,0.6666666666666666,0.673721340388007,0.014460432923700056,0.0033815791391549332
MAFFT,309.0,321,0.006745226970514607,0.6666666666666666,0.6703397612488521,0.01365086037554093,0.02101905895017719,0.034576806931027416,0.1881019910831263,0.6737588652482269,0.006905633405026324,0.0034191039993748396
PRANK,309.0,321,0.006621352757608811,0.6666666666666666,0.6703397612488521,0.006547324832855755,0.007877073106144716,0.014690741342959897,0.6666666666666666,0.6775658492279746,-7.40279247530562e-05,0.0072260879791224975
MACSE,310.0,322,2.050352459337057e-17,0.6666666666666666,0.6703397612488521,1.148799303490807e-16,2.227107387398064e-13,2.835850073286868e-12,0.6666666666666666,0.673721340388007,9.437640575571013e-17,0.0033815791391549332
MAFFT,310.0,322,8.129416046770388e-18,0.6666666666666666,0.6703397612488521,6.448741612232885e-18,5.873079800267078e-14,7.970608300362464e-13,0.6666666666666666,0.6737588652482269,-1.6806744345375033e-18,0.0034191039993748396
PRANK,310.0,322,8.38324058139147e-18,0.6666666666666666,0.6703397612488521,3.081876759524829e-18,2.653433028854124e-14,3.806655845240724e-13,0.6666666666666666,0.6775658492279746,-5.30136382186664e-18,0.0072260879791224975
MACSE,311.0,323,4.572209999464521e-06,0.6666666666666666,0.6703397612488521,9.618698165152668e-05,8.011229352344884e-05,0.0002372317529143989,0.04468364021125037,0.3975193574143153,9.161477165206216e-05,-0.27282040383453676
MAFFT,311.0,323,4.677457262347884e-06,0.6666666666666666,0.6703397612488521,0.0001020932785403717,7.928108071131312e-05,0.00022316156052073325,0.5345571607612893,0.6737588652482269,9.741582127802382e-05,0.0034191039993748396
PRANK,311.0,323,4.676060897082552e-06,0.6666666666666666,0.6703397612488521,4.574160479316252e-06,3.944248519349713e-06,1.428354075453828e-05,0.6666666666666666,0.6775658492279746,-1.0190041776629965e-07,0.0072260879791224975
MACSE,312.0,324,0.005091071858664013,0.6666666666666666,0.6703397612488521,0.06145405863105231,0.9051834397597573,0.9345407405087224,0.005421556992652676,0.10038166416582163,0.056362986772388296,-0.5699580970830305
MAFFT,312.0,324,0.005089887190184834,0.6666666666666666,0.6703397612488521,0.001568592975820001,0.003223023131484481,0.006248718316143382,0.6666666666666666,0.6737588652482269,-0.0035212942143648335,0.0034191039993748396
PRANK,312.0,324,0.005103273919752987,0.6666666666666666,0.6703397612488521,0.005117431127807979,1.0,1.0,1.0,1.0,1.415720805499239e-05,0.3296602387511479
MACSE,313.0,325,0.01378768451349336,0.0104976654246734,0.6703397612488521,0.05302680835790068,0.2316404649200131,0.2949555253314834,0.003969234157187862,0.08423596933587574,0.03923912384440732,-0.5861037919129763
MAFFT,313.0,325,0.01369930453621181,0.1147110455902649,0.6703397612488521,0.01410236342226553,0.06063763595329319,0.08828468069828127,0.002710112010749,0.054202240214980005,0.0004030588860537195,-0.6161375210338721
PRANK,313.0,325,0.01398578127016576,0.0282681890317149,0.6703397612488521,0.01255425217031257,0.1185742334386264,0.1614167484401739,0.01062156328645358,0.459586057720512,-0.0014315290998531908,-0.2107537035283401
MACSE,314.0,326,8.439246303583283e-07,0.6666666666666666,0.6703397612488521,3.623511407357919e-06,3.155083792227842e-06,1.2174161703343794e-05,0.003558233324628346,0.08423596933587574,2.7795867769995907e-06,-0.5861037919129763
MAFFT,314.0,326,8.311670100393029e-07,0.6666666666666666,0.6703397612488521,6.419900143349532e-05,6.049606884950265e-05,0.0001768346627908539,0.4000806201356236,0.6737588652482269,6.336783442345601e-05,0.0034191039993748396
PRANK,314.0,326,8.380375502860801e-07,0.6666666666666666,0.6703397612488521,3.20963379594427e-06,9.453674139625612e-06,3.26501893896329e-05,0.6666666666666666,0.6775658492279746,2.3715962456581896e-06,0.0072260879791224975
MACSE,315.0,327,3.388230326690547e-05,0.6666666666666666,0.6703397612488521,6.604151818452223e-05,7.587259613528463e-05,0.00022643227909124007,0.6666666666666666,0.673721340388007,3.215921491761676e-05,0.0033815791391549332
MAFFT,315.0,327,3.338048444149069e-05,0.6666666666666666,0.6703397612488521,9.220980935683078e-05,0.000203911272723345,0.0005200421720461147,0.3595202168832763,0.6737588652482269,5.882932491534009e-05,0.0034191039993748396
PRANK,315.0,327,3.433778889409926e-05,0.6666666666666666,0.6703397612488521,5.512136834870874e-05,4.517601094899959e-05,0.0001369971714144459,0.6666666666666666,0.6775658492279746,2.0783579454609486e-05,0.0072260879791224975
MACSE,316.0,328,2.747263406635151e-18,0.6666666666666666,0.6703397612488521,3.547763481020698e-19,0.0,0.0,0.6666666666666666,0.673721340388007,-2.3924870585330812e-18,0.0033815791391549332
MAFFT,316.0,328,6.83346139100345e-19,0.6666666666666666,0.6703397612488521,3.783214445577272e-16,2.031708135064036e-14,3.138822535220242e-13,0.6666666666666666,0.6737588652482269,3.7763809841862685e-16,0.0034191039993748396
PRANK,316.0,328,6.887453542161882e-19,0.6666666666666666,0.6703397612488521,1.422300597426293e-18,1.110223024625157e-16,2.30062882325102e-15,0.6666666666666666,0.6775658492279746,7.335552432101049e-19,0.0072260879791224975
MACSE,317.0,329,2.706663364227245e-14,0.6666666666666666,0.6703397612488521,2.209732262034405e-12,5.384692691734472e-12,5.0169575810794345e-11,0.6666666666666666,0.673721340388007,2.1826656283921323e-12,0.0033815791391549332
MAFFT,317.0,329,2.717846622487316e-14,0.6666666666666666,0.6703397612488521,4.701515029788236e-11,1.141762240308708e-10,8.343647140717482e-10,0.248274662123821,0.6737588652482269,4.6987971831657484e-11,0.0034191039993748396
PRANK,317.0,329,1.907095015749956e-14,0.6666666666666666,0.6703397612488521,5.605415982681933e-14,8.559819519859957e-14,1.1009698899681945e-12,0.6666666666666666,0.6775658492279746,3.698320966931977e-14,0.0072260879791224975
MACSE,318.0,330,0.3279201137147647,0.6418620970341139,0.6703397612488521,0.4167529428706056,0.9078650435352628,0.9347828750147449,1.612561500718979e-05,0.0012319969865493,0.0888328291558409,-0.6691077642623028
MAFFT,318.0,330,0.3290098737653988,0.6422399568959828,0.6703397612488521,0.223360258145106,0.6065121170221719,0.6641919437130412,0.6666666666666666,0.6737588652482269,-0.10564961562029282,0.0034191039993748396
PRANK,318.0,330,0.3293808754538826,0.6419612234239942,0.6703397612488521,0.4330630473166607,0.8244820032760876,0.8614335776526069,0.0004785575444602452,0.12860757733010586,0.10368217186277806,-0.5417321839187462
MACSE,319.0,331,0.0441034397178222,0.6666666666666666,0.6703397612488521,0.003301267060935049,0.01330323392647381,0.023311171375747685,0.6666666666666666,0.673721340388007,-0.040802172656887147,0.0033815791391549332
MAFFT,319.0,331,0.04583541029674255,0.6666666666666666,0.6703397612488521,0.0008617234565844825,0.00619281740525135,0.0114793688487586,0.6666666666666666,0.6737588652482269,-0.04497368684015807,0.0034191039993748396
PRANK,319.0,331,0.04571797869807603,0.6666666666666666,0.6703397612488521,0.03252548650881826,0.111052390648112,0.1517309220210468,0.6666666666666666,0.6775658492279746,-0.01319249218925777,0.0072260879791224975
MACSE,,332,,,,0.003354608208351407,0.01260675720413584,0.022295283573980976,0.002534969035797197,0.08423596933587574,,
MAFFT,,333,,,,0.0560136395805235,0.05760503040425391,0.08451703302554628,8.986145161316017e-13,8.536837903250216e-11,,
PRANK,,333,,,,0.05338137626701268,0.4956471171459916,0.5568610808758294,0.01134029313924501,0.459586057720512,,
MACSE,320.0,334,1.915440932046142e-06,0.2531698326151626,0.6703397612488521,8.079330951184179e-07,3.151144599922162e-06,1.2174161703343794e-05,0.2795354862683165,0.673721340388007,-1.1075078369277239e-06,0.0033815791391549332
MAFFT,320.0,334,2.069507234307351e-06,0.2586573800280852,0.6703397612488521,1.153363744191532e-09,2.207456772929106e-09,1.4217518198526446e-08,0.1809515702846929,0.6737588652482269,-2.0683538705631593e-06,0.0034191039993748396
PRANK,320.0,334,1.521005472728775e-06,0.2928281489926592,0.6703397612488521,7.136050285358615e-07,1.610303459576023e-06,6.322559899177439e-06,0.03773477211676113,0.6775658492279746,-8.074004441929135e-07,0.0072260879791224975
MACSE,321.0,335,1.057643411104732e-08,0.6666666666666666,0.6703397612488521,1.913375378942781e-08,4.694185262721362e-09,2.988631283932601e-08,0.6666666666666666,0.673721340388007,8.55731967838049e-09,0.0033815791391549332
MAFFT,321.0,335,1.017563315086778e-08,0.6666666666666666,0.6703397612488521,4.090136824209666e-08,1.360671986194717e-08,7.603755216970477e-08,0.6666666666666666,0.6737588652482269,3.072573509122888e-08,0.0034191039993748396
PRANK,321.0,335,1.182713780942028e-08,0.6666666666666666,0.6703397612488521,1.008531664232034e-08,1.165387675250429e-09,7.626133383656317e-09,0.6666666666666666,0.6775658492279746,-1.7418211670999409e-09,0.0072260879791224975
MACSE,322.0,336,1.778402627272326e-05,0.6666666666666666,0.6703397612488521,5.918600180784091e-06,0.05151574840243456,0.07627525538655039,0.6666666666666666,0.673721340388007,-1.1865426091939168e-05,0.0033815791391549332
MAFFT,322.0,336,1.790932356754983e-05,0.6666666666666666,0.6703397612488521,5.287873046386107e-06,0.1002208856489278,0.14053113116823823,0.6666666666666666,0.6737588652482269,-1.2621450521163724e-05,0.0034191039993748396
PRANK,322.0,336,1.850029149146655e-05,0.6666666666666666,0.6703397612488521,8.148133532997277e-06,0.06518365945694438,0.09209660976303126,0.6666666666666666,0.6775658492279746,-1.0352157958469272e-05,0.0072260879791224975
MACSE,323.0,337,0.04620374274146261,0.286805006097704,0.6703397612488521,0.0244872898699318,0.04245825007066117,0.06566417622264197,0.2319155508966717,0.673721340388007,-0.021716452871530813,0.0033815791391549332
MAFFT,323.0,337,0.04686094193686521,0.2819802328779713,0.6703397612488521,0.001281409606682652,0.00297713318445747,0.005831497990174426,0.431031411036968,0.6737588652482269,-0.045579532330182554,0.0034191039993748396
PRANK,323.0,337,0.04735197170989253,0.2812882528189944,0.6703397612488521,0.0464657201187467,0.06679898914568783,0.09402272811827003,0.2227459961822696,0.6775658492279746,-0.0008862515911458313,0.0072260879791224975
MACSE,324.0,338,0.01366555103581498,0.6666666666666666,0.6703397612488521,0.08811357117944389,0.2487688587537995,0.31362938628366804,0.008149852382010159,0.1153053188862178,0.07444802014362892,-0.5550344423626343
MAFFT,324.0,338,0.01382183010564766,0.6666666666666666,0.6703397612488521,0.1022192591594187,0.2461619821647779,0.3066936171233298,0.2327730964657868,0.6737588652482269,0.08839742905377103,0.0034191039993748396
PRANK,324.0,338,0.01369617322279345,0.6666666666666666,0.6703397612488521,0.01215925866299854,0.02644581715073513,0.043647299987717714,0.6666666666666666,0.6775658492279746,-0.0015369145597949087,0.0072260879791224975
MACSE,325.0,339,0.000884287258328641,0.3323062315818847,0.6703397612488521,0.0004452782737972173,0.3560177045891848,0.43174210524783674,0.1980227906802859,0.673721340388007,-0.00043900898453142373,0.0033815791391549332
MAFFT,325.0,339,0.0008787596099449104,0.326743210000417,0.6703397612488521,0.0002577093287192002,0.2629962299201262,0.3244758680832726,0.08947636024606487,0.6737588652482269,-0.0006210502812257102,0.0034191039993748396
PRANK,325.0,339,0.0007984144077919098,0.2836893413063767,0.6703397612488521,0.001782965689178624,0.304586379088057,0.3700674899017761,0.6666666666666666,0.6775658492279746,0.000984551281386714,0.0072260879791224975
MACSE,326.0,340,2.305535522517461e-05,0.6666666666666666,0.6703397612488521,1.110856897875338e-06,0.000178147162135045,0.00047258483288602215,0.6666666666666666,0.673721340388007,-2.1944498327299275e-05,0.0033815791391549332
MAFFT,326.0,340,2.333908135098403e-05,0.6666666666666666,0.6703397612488521,3.323089316878826e-07,7.767769658806323e-05,0.00022144254500578217,0.6666666666666666,0.6737588652482269,-2.3006772419296147e-05,0.0034191039993748396
PRANK,326.0,340,2.287474580025895e-05,0.6666666666666666,0.6703397612488521,1.0076222001753e-05,0.0003091611808350159,0.0007647164414840713,0.6666666666666666,0.6775658492279746,-1.2798523798505951e-05,0.0072260879791224975
MACSE,327.0,341,1.350664831586418e-05,0.6666666666666666,0.6703397612488521,2.539188145425857e-06,0.0007692425561356409,0.0017809130693564534,0.6666666666666666,0.673721340388007,-1.0967460170438323e-05,0.0033815791391549332
MAFFT,327.0,341,1.369457703798744e-05,0.6666666666666666,0.6703397612488521,1.83839611965632e-05,0.001972325729879709,0.004073281398664616,0.6666666666666666,0.6737588652482269,4.6893841585757595e-06,0.0034191039993748396
PRANK,327.0,341,1.364913533798758e-05,0.6666666666666666,0.6703397612488521,9.947120894859385e-06,0.0009829705172980097,0.002182428589000938,0.6666666666666666,0.6775658492279746,-3.7020144431281945e-06,0.0072260879791224975
MACSE,328.0,342,0.06820184550085107,0.6666666666666666,0.6703397612488521,0.04690234987090621,0.08859983167931962,0.12218460542057795,0.3441806592278243,0.673721340388007,-0.021299495629944855,0.0033815791391549332
MAFFT,328.0,342,0.06872993859578695,0.6666666666666666,0.6703397612488521,0.0799610347316887,0.1716445706693362,0.22337307141899918,0.2396909609818404,0.6737588652482269,0.011231096135901744,0.0034191039993748396
PRANK,328.0,342,0.06735236025085514,0.6666666666666666,0.6703397612488521,0.06230441177407266,0.1800720600274045,0.23081401508667312,0.6666666666666666,0.6775658492279746,-0.005047948476782485,0.0072260879791224975
MACSE,329.0,343,2.148682199442205e-06,0.6666666666666666,0.6703397612488521,8.104525150697204e-07,9.781022154764507e-06,3.42784446157802e-05,0.1223731254218298,0.673721340388007,-1.3382296843724847e-06,0.0033815791391549332
MAFFT,329.0,343,2.172193104700604e-06,0.6666666666666666,0.6703397612488521,6.241484271185788e-06,2.93220126621474e-05,9.363331774467237e-05,0.6666666666666666,0.6737588652482269,4.0692911664851835e-06,0.0034191039993748396
PRANK,329.0,343,2.122481251710434e-06,0.6666666666666666,0.6703397612488521,1.833684130259752e-06,3.427800155053617e-06,1.2659103542920782e-05,0.6666666666666666,0.6775658492279746,-2.88797121450682e-07,0.0072260879791224975
MACSE,330.0,344,2.792798209902304e-05,0.6666666666666666,0.6703397612488521,4.10432080215941e-06,0.0218400736993255,0.0365917024260629,0.4168220110901187,0.673721340388007,-2.382366129686363e-05,0.0033815791391549332
MAFFT,330.0,344,2.809366364678179e-05,0.6666666666666666,0.6703397612488521,2.325078196920065e-05,0.06833170095819985,0.0983562362277119,0.6666666666666666,0.6737588652482269,-4.8428816775811385e-06,0.0034191039993748396
PRANK,330.0,344,0.0002826914320782024,0.5610185009663315,0.6703397612488521,7.787342615450598e-06,0.02225400409995526,0.03803780652557057,0.6666666666666666,0.6775658492279746,-0.0002749040894627518,0.0072260879791224975
MACSE,331.0,345,0.0002720177844217073,0.6666666666666666,0.6703397612488521,4.22327970340591e-05,0.006382176526249839,0.012009810014913488,0.6666666666666666,0.673721340388007,-0.00022978498738764823,0.0033815791391549332
MAFFT,331.0,345,0.0002735134846464904,0.6666666666666666,0.6703397612488521,1.301728743215565e-05,0.001562811422058163,0.0032992685576783446,0.5894044914430343,0.6737588652482269,-0.00026049619721433474,0.0034191039993748396
PRANK,331.0,345,0.0002674191028307564,0.6666666666666666,0.6703397612488521,0.0005164631533093275,0.01197448341380758,0.021681952977428285,0.6666666666666666,0.6775658492279746,0.00024904405047857105,0.0072260879791224975
MACSE,332.0,346,0.4128814678794191,0.6525998374856066,0.6703397612488521,0.2237256615886418,0.5492459219305097,0.6116966244240662,0.4421882666399898,0.673721340388007,-0.1891558062907773,0.0033815791391549332
MAFFT,332.0,346,0.4142990028783011,0.6525675081042858,0.6703397612488521,0.7615646238785745,0.278458949007511,0.3402392302985665,1.083767124676616e-05,0.0005147893842213925,0.34726562100027336,-0.6698249718646306
PRANK,332.0,346,0.414779843473398,0.6533346922528412,0.6703397612488521,0.2991105198054413,0.7806814176417383,0.8278514634225084,0.6516784166593912,0.6775658492279746,-0.11566932366795674,0.0072260879791224975
MACSE,333.0,347,0.9075908745712409,0.0980932076084492,0.6703397612488521,0.900596007800126,0.06762149609862877,0.09638586384207536,0.04762533392326163,0.3975193574143153,-0.006994866771114827,-0.27282040383453676
MAFFT,333.0,347,0.9073251097900503,0.0980669580135434,0.6703397612488521,0.820404340096892,0.102530645162114,0.14301250123656262,0.07368223463354384,0.6222055369054813,-0.08692076969315832,-0.04813422434337078
PRANK,333.0,347,0.9078503301381192,0.0980565724051939,0.6703397612488521,0.8995452181720984,0.08020354168169286,0.11121160240621351,0.1035371818832768,0.6775658492279746,-0.008305111966020795,0.0072260879791224975
MACSE,334.0,348,0.003502286767313211,0.0961504510675539,0.6703397612488521,0.001311851758880462,0.03552193937778636,0.056775652059892844,0.03301285167133483,0.356066473232577,-0.002190435008432749,-0.3142732880162751
MAFFT,334.0,348,0.003516577141803673,0.093756023193726,0.6703397612488521,0.01366016917781449,0.3563721976505955,0.4166813387914655,0.002444765768150226,0.051611721772060325,0.010143592036010817,-0.6187280394767918
PRANK,334.0,348,0.003595162538271979,0.0992120080091106,0.6703397612488521,0.003669229965142939,0.02930933624519749,0.04712233801490803,0.08076923778010048,0.6775658492279746,7.406742687096016e-05,0.0072260879791224975
MACSE,335.0,349,0.02966074020768909,0.1546655224186412,0.6703397612488521,0.008076384885650911,0.4148084432657785,0.4875594625462381,0.09251824922289542,0.6200345825113343,-0.02158435532203818,-0.05030517873751783
MAFFT,335.0,349,0.02963001537528008,0.1554904552691411,0.6703397612488521,0.0007304710830651982,0.1209996321847394,0.16599227519928147,0.6666666666666666,0.6737588652482269,-0.028899544292214883,0.0034191039993748396
PRANK,335.0,349,0.02899159102787941,0.1639826582880098,0.6703397612488521,0.0206550268036415,0.2606997516745377,0.31882297499869694,0.2737753392392368,0.6775658492279746,-0.00833656422423791,0.0072260879791224975
MACSE,336.0,350,0.1169783182112275,0.6666666666666666,0.6703397612488521,0.006425431783914705,0.08046167979246999,0.1130013297085424,0.6666666666666666,0.673721340388007,-0.1105528864273128,0.0033815791391549332
MAFFT,336.0,350,0.1160291166868753,0.6666666666666666,0.6703397612488521,0.009883291868977035,0.2658365729316177,0.32691876282852667,0.2489207372442094,0.6737588652482269,-0.10614582481789826,0.0034191039993748396
PRANK,336.0,350,0.1155937349838927,0.6666666666666666,0.6703397612488521,0.119316451337776,0.4159673740847031,0.4788760201654143,0.6666666666666666,0.6775658492279746,0.0037227163538833125,0.0072260879791224975
MACSE,337.0,351,0.002840310834953011,0.6666666666666666,0.6703397612488521,0.002664869405174937,0.06284114903690041,0.09092923837915134,0.6666666666666666,0.673721340388007,-0.00017544142977807438,0.0033815791391549332
MAFFT,337.0,351,0.002921584961205713,0.6666666666666666,0.6703397612488521,0.0002319399404337591,0.006497167665449055,0.011985066567333209,0.6666666666666666,0.6737588652482269,-0.002689645020771954,0.0034191039993748396
PRANK,337.0,351,0.002783212370943628,0.6666666666666666,0.6703397612488521,0.003554647717589516,0.03235863432369857,0.05158021625102379,0.6666666666666666,0.6775658492279746,0.0007714353466458882,0.0072260879791224975
MACSE,338.0,352,0.3516902661792451,0.3770923509177437,0.6703397612488521,0.0760495868214041,0.4268380061467563,0.4955991439150787,0.6666666666666666,0.673721340388007,-0.275640679357841,0.0033815791391549332
MAFFT,338.0,352,0.3538522579451042,0.392072532431016,0.6703397612488521,0.03617102626169593,0.621791098163371,0.6770218260804612,0.03210499466406336,0.3348913611739204,-0.3176812316834083,-0.3354484000749317
PRANK,338.0,352,0.3515719246403255,0.3339894362085767,0.6703397612488521,0.4160323681247529,0.9253623566878203,0.9508544326296335,0.6666666666666666,0.6775658492279746,0.06446044348442742,0.0072260879791224975
MACSE,339.0,353,0.0007391806411574861,0.6666666666666666,0.6703397612488521,0.001106096998848417,0.08103729535914739,0.11339284552085825,0.06101921554877665,0.4570458890124055,0.0003669163576909308,-0.21329387223644658
MAFFT,339.0,353,0.0007584780024527601,0.6666666666666666,0.6703397612488521,0.001086133419784905,0.01065045365471295,0.01891202050836879,0.6666666666666666,0.6737588652482269,0.0003276554173321448,0.0034191039993748396
PRANK,339.0,353,0.000740845593065301,0.6666666666666666,0.6703397612488521,0.0008279809701334122,0.002089849908620711,0.004379292224244524,0.6666666666666666,0.6775658492279746,8.713537706811112e-05,0.0072260879791224975
MACSE,340.0,354,0.02524466760810656,0.2379310966171184,0.6703397612488521,0.0007641084020099879,0.06524832686094717,0.09370248443940533,0.05505317962545397,0.4206062923384683,-0.024480559206096573,-0.24973346891038378
MAFFT,340.0,354,0.0259049374686551,0.2363953993688861,0.6703397612488521,0.001143718727734647,0.1962991235143914,0.25371995556281884,0.1670265895656616,0.6737588652482269,-0.02476121874092045,0.0034191039993748396
PRANK,340.0,354,0.02462536846385968,0.2385371787739382,0.6703397612488521,0.005379167138926454,0.1480285313367214,0.1972692707730219,0.6666666666666666,0.6775658492279746,-0.019246201324933227,0.0072260879791224975
MACSE,341.0,355,0.1738359252147006,0.6666666666666666,0.6703397612488521,0.01048295499303888,0.1353004649711343,0.18135009690867823,0.6666666666666666,0.673721340388007,-0.1633529702216617,0.0033815791391549332
MAFFT,341.0,355,0.1767323524157262,0.6666666666666666,0.6703397612488521,0.004022552027610796,0.1389781314746343,0.18595665479000364,0.1456738982957568,0.6737588652482269,-0.17270980038811543,0.0034191039993748396
PRANK,341.0,355,0.1756987997282256,0.6666666666666666,0.6703397612488521,0.1159332634204609,0.3435573497866518,0.4094149887233902,0.5361422742467294,0.6775658492279746,-0.05976553630776471,0.0072260879791224975
MACSE,342.0,356,0.01235763999296099,0.1821727996134504,0.6703397612488521,0.001337178346901767,0.1193960337408145,0.16173505279784092,0.2302705685837171,0.673721340388007,-0.011020461646059222,0.0033815791391549332
MAFFT,342.0,356,0.01224989553878216,0.1815063281318889,0.6703397612488521,0.00817472466544944,0.5094234920508989,0.572724636033555,0.01887461721260653,0.23087847003470327,-0.00407517087333272,-0.4394612912141488
PRANK,342.0,356,0.01241098099907714,0.6666666666666666,0.6703397612488521,0.002481624503470059,0.3627413399359725,0.4268218290098351,0.6666666666666666,0.6775658492279746,-0.009929356495607082,0.0072260879791224975
MACSE,343.0,357,8.49916433993204e-06,0.6666666666666666,0.6703397612488521,4.549948581362907e-06,0.0001496606720799987,0.00040260828686309506,0.5622629444333193,0.673721340388007,-3.9492157585691325e-06,0.0033815791391549332
MAFFT,343.0,357,8.665100553004661e-06,0.6666666666666666,0.6703397612488521,2.41683985846792e-06,8.900659553434664e-05,0.00024687960805147243,0.6109437587291517,0.6737588652482269,-6.248260694536742e-06,0.0034191039993748396
PRANK,343.0,357,9.188701625336329e-06,0.6666666666666666,0.6703397612488521,9.944766533965593e-06,0.0002770514949959058,0.0007078096413251566,0.6666666666666666,0.6775658492279746,7.560649086292638e-07,0.0072260879791224975
MACSE,344.0,358,0.9980696264228225,0.0044066269040767,0.6703397612488521,0.9938201648139944,0.03950186174564829,0.06209757690056645,0.01426369363821967,0.18162436565999715,-0.004249461608828109,-0.4887153955888549
MAFFT,344.0,358,0.9980988200415384,0.0043721794307932,0.6703397612488521,0.9993087071318053,0.002008883280158136,0.004126354845730225,0.001756308156674158,0.04449313996907867,0.0012098870902669256,-0.6258466212797734
PRANK,344.0,358,0.9979814742341658,0.0044586237232285,0.6703397612488521,0.9999751220055431,0.000338492647658506,0.0008198555686793685,0.0006895848650407821,0.12860757733010586,0.001993647771377227,-0.5417321839187462
MACSE,345.0,359,0.0006796009060130451,0.6666666666666666,0.6703397612488521,9.984444883008158e-05,0.03180462100520653,0.05192036420508075,0.6666666666666666,0.673721340388007,-0.0005797564571829635,0.0033815791391549332
MAFFT,345.0,359,0.0006740408349660901,0.6666666666666666,0.6703397612488521,0.001148596589672907,0.08566340248493376,0.12101149793410716,0.6666666666666666,0.6737588652482269,0.000474555754706817,0.0034191039993748396
PRANK,345.0,359,0.0007074701378347278,0.6666666666666666,0.6703397612488521,9.934614075623071e-05,0.02536542408857356,0.042237960647490795,0.6666666666666666,0.6775658492279746,-0.000608123997078497,0.0072260879791224975
MACSE,346.0,360,0.0003891682160387931,0.2207643120903023,0.6703397612488521,0.0002455333762354322,0.08750102683390903,0.12110649366142483,0.1478744386182756,0.673721340388007,-0.00014363483980336087,0.0033815791391549332
MAFFT,346.0,360,0.000392825328852161,0.230523285538442,0.6703397612488521,2.929452884105098e-05,0.03619873240813487,0.057375421634672547,0.00406767961014598,0.06720514138502054,-0.00036353080001111,-0.6031346198638315
PRANK,346.0,360,0.0003739641743576944,0.2188639340598205,0.6703397612488521,0.0001647410592304442,0.05506881231246696,0.08006019414688388,0.2188911864796181,0.6775658492279746,-0.0002092231151272502,0.0072260879791224975
MACSE,347.0,361,4.99856367686384e-10,0.6666666666666666,0.6703397612488521,1.081322503641983e-10,1.789257475515171e-08,1.0051416994805814e-07,0.6666666666666666,0.673721340388007,-3.917241173221857e-10,0.0033815791391549332
MAFFT,347.0,361,4.701060336159201e-10,0.6666666666666666,0.6703397612488521,3.242563351968379e-10,5.112406686880178e-08,2.590286054685957e-07,0.6666666666666666,0.6737588652482269,-1.458496984190822e-10,0.0034191039993748396
PRANK,347.0,361,1.678860973302514e-08,0.6666666666666666,0.6703397612488521,2.1838653431049e-09,7.406576458812708e-07,3.139378430837659e-06,0.6666666666666666,0.6775658492279746,-1.4604744389920242e-08,0.0072260879791224975
MACSE,348.0,362,0.06048272752058819,0.6666666666666666,0.6703397612488521,0.104876643603015,0.2259352731977738,0.2886530915101993,0.6666666666666666,0.673721340388007,0.044393916082426814,0.0033815791391549332
MAFFT,348.0,362,0.06111780203289813,0.6666666666666666,0.6703397612488521,0.1088324930666296,0.4746517145864381,0.5384109001278999,0.01944239747660659,0.23087847003470327,0.047714691033731466,-0.4394612912141488
PRANK,348.0,362,0.05986250984725423,0.6666666666666666,0.6703397612488521,0.1510168550609958,0.2777336319333702,0.3385445905593042,0.4559588501168551,0.6775658492279746,0.09115434521374156,0.0072260879791224975
MACSE,349.0,363,8.81623310741963e-05,0.6666666666666666,0.6703397612488521,8.944898113656217e-05,0.02271021242619897,0.03788341112143234,0.6666666666666666,0.673721340388007,1.286650062365876e-06,0.0033815791391549332
MAFFT,349.0,363,8.778238954299037e-05,0.6666666666666666,0.6703397612488521,3.045860648124403e-05,0.01863301918128413,0.031191838277039512,0.4750019281013673,0.6737588652482269,-5.7323783061746346e-05,0.0034191039993748396
PRANK,349.0,363,0.0001052765553026228,0.6666666666666666,0.6703397612488521,7.429779687499338e-05,0.02179201898019612,0.03745817087379332,0.4812898241966035,0.6775658492279746,-3.0978758427629416e-05,0.0072260879791224975
MACSE,350.0,364,0.003692703061535447,0.6666666666666666,0.6703397612488521,0.02243598467494631,0.0560774175158113,0.08207499421854375,0.4447515984252892,0.673721340388007,0.018743281613410864,0.0033815791391549332
MAFFT,350.0,364,0.003713289880057441,0.6666666666666666,0.6703397612488521,0.0528407812936473,0.1290671008684227,0.17516249403571654,0.0003418289935371854,0.011808637958557312,0.04912749141358986,-0.6585311232902947
PRANK,350.0,364,0.00375676082574563,0.6666666666666666,0.6703397612488521,0.03462746059899423,0.09011338990967921,0.12448997939374201,0.002055734862373981,0.2555963678884983,0.0308706997732486,-0.41474339336035376
MACSE,351.0,365,0.003097723886240758,0.6666666666666666,0.6703397612488521,0.02787539388674556,0.04872465797236969,0.07356845591085068,0.3499546052312771,0.673721340388007,0.024777670000504803,0.0033815791391549332
MAFFT,351.0,365,0.003134289718361925,0.6666666666666666,0.6703397612488521,0.01122975723359728,0.01840627500852077,0.03094860399662784,0.1575700927392296,0.6737588652482269,0.008095467515235356,0.0034191039993748396
PRANK,351.0,365,0.003133216813494932,0.6666666666666666,0.6703397612488521,0.0282537847669957,0.04051352785131224,0.062187431640080094,0.01972490869653021,0.49049272958705126,0.025120567953500768,-0.17984703166180083
MACSE,352.0,366,0.0001435408299656625,0.6666666666666666,0.6703397612488521,0.001242457714945895,0.001200064638942289,0.0026966158357409086,0.1538097350990403,0.673721340388007,0.0010989168849802325,0.0033815791391549332
MAFFT,352.0,366,0.0001453782024194848,0.6666666666666666,0.6703397612488521,0.001388450688836854,0.002277339193552108,0.004554678387104216,0.6666666666666666,0.6737588652482269,0.001243072486417369,0.0034191039993748396
PRANK,352.0,366,0.0001424718078172004,0.6666666666666666,0.6703397612488521,9.0057516962962e-05,0.0001350140425491198,0.0003675929771592824,0.6666666666666666,0.6775658492279746,-5.241429085423839e-05,0.0072260879791224975
MACSE,353.0,367,0.0009777978684528557,0.6666666666666666,0.6703397612488521,0.001963307065442101,0.01034980939622876,0.0188267961398066,0.6666666666666666,0.673721340388007,0.0009855091969892453,0.0033815791391549332
MAFFT,353.0,367,0.0009882244280636314,0.6666666666666666,0.6703397612488521,0.002094425733861826,0.01690312964868634,0.02861866704988362,0.6666666666666666,0.6737588652482269,0.0011062013057981945,0.0034191039993748396
PRANK,353.0,367,0.0009580970708047583,0.6666666666666666,0.6703397612488521,0.0009137687429023684,0.003535382231721451,0.007205997663563395,0.6666666666666666,0.6775658492279746,-4.4328327902389865e-05,0.0072260879791224975
MACSE,354.0,368,1.524616630427916e-07,0.6666666666666666,0.6703397612488521,2.497256502011343e-09,3.016037308789521e-09,1.9864245723406845e-08,0.6666666666666666,0.673721340388007,-1.4996440654078027e-07,0.0033815791391549332
MAFFT,354.0,368,1.520833893561597e-07,0.6666666666666666,0.6703397612488521,1.340019546265277e-05,1.710721913195101e-05,5.604089025983951e-05,0.2583824480970601,0.6737588652482269,1.324811207329661e-05,0.0034191039993748396
PRANK,354.0,368,1.515798923712061e-07,0.6666666666666666,0.6703397612488521,3.677444622213566e-05,3.863177825791375e-05,0.00012008044408501525,0.07162350977807785,0.6775658492279746,3.662286632976445e-05,0.0072260879791224975
MACSE,355.0,369,2.633277289125844e-06,0.6666666666666666,0.6703397612488521,0.0003886395226601077,0.00023400563564413,0.0006039875190274166,0.3545759111046426,0.673721340388007,0.0003860062453709819,0.0033815791391549332
MAFFT,355.0,369,2.647764099621374e-06,0.6666666666666666,0.6703397612488521,0.001784523298670459,0.001361637844678687,0.0029068673088646127,0.04553202876198603,0.4436454084501203,0.0017818755345708375,-0.2266943527987318
PRANK,355.0,369,2.703139312913815e-06,0.6666666666666666,0.6703397612488521,1.404045353343141e-05,2.091858105901512e-05,6.668915158130461e-05,0.6666666666666666,0.6775658492279746,1.1337314220517595e-05,0.0072260879791224975
MACSE,356.0,370,0.01040868842996372,0.6666666666666666,0.6703397612488521,0.0006488293676620484,0.001692565002870072,0.003612066095510433,0.6666666666666666,0.673721340388007,-0.009759859062301672,0.0033815791391549332
MAFFT,356.0,370,0.01045375739199787,0.6666666666666666,0.6703397612488521,0.02822315273780816,0.05858923372574953,0.08563041852224931,0.4157931391710891,0.6737588652482269,0.01776939534581029,0.0034191039993748396
PRANK,356.0,370,0.01058124095383896,0.6666666666666666,0.6703397612488521,0.02696549675344214,0.05529882460793534,0.08006019414688388,0.2161473672925402,0.6775658492279746,0.016384255799603183,0.0072260879791224975
MACSE,357.0,371,3.223688891150808e-16,0.6666666666666666,0.6703397612488521,1.697198296672414e-14,4.096722960866828e-14,6.520617379379702e-13,0.6666666666666666,0.673721340388007,1.6649614077609058e-14,0.0033815791391549332
MAFFT,357.0,371,3.081861967684093e-16,0.6666666666666666,0.6703397612488521,3.011993296081996e-15,6.661338147750939e-15,1.1005689113675465e-13,0.6666666666666666,0.6737588652482269,2.7038070993135867e-15,0.0034191039993748396
PRANK,357.0,371,3.402875076177359e-16,0.6666666666666666,0.6703397612488521,2.861271091976789e-16,3.33066907387547e-16,6.211697822777752e-15,0.6666666666666666,0.6775658492279746,-5.416039842005701e-17,0.0072260879791224975
MACSE,358.0,372,7.808764059444406e-07,0.6666666666666666,0.6703397612488521,0.0001001417159162839,0.0001412554330049165,0.00038269202416934823,0.3180364545762125,0.673721340388007,9.936083951033946e-05,0.0033815791391549332
MAFFT,358.0,372,8.331620106206946e-07,0.6666666666666666,0.6703397612488521,5.184687841673278e-06,5.644784334402075e-06,2.0046897636194288e-05,0.3856255306052839,0.6737588652482269,4.351525831052583e-06,0.0034191039993748396
PRANK,358.0,372,8.189652904162522e-07,0.6666666666666666,0.6703397612488521,3.126016153296203e-07,2.134704931711084e-07,9.67142114201576e-07,0.6666666666666666,0.6775658492279746,-5.06363675086632e-07,0.0072260879791224975
MACSE,359.0,373,0.00103081628537712,0.6257042400492442,0.6703397612488521,2.019217767781659e-05,8.252052149981814e-05,0.0002424833785610041,0.2381619013750898,0.673721340388007,-0.0010106241076993036,0.0033815791391549332
MAFFT,359.0,373,0.001042957716260263,0.6277285931481937,0.6703397612488521,0.0001588865011493421,0.0003953122280048182,0.0009159673575721397,0.1153403163053115,0.6737588652482269,-0.000884071215110921,0.0034191039993748396
PRANK,359.0,373,0.001050444138973356,0.6278974128334476,0.6703397612488521,0.007833390272558768,0.02908147880166534,0.04695840516459382,0.01894518644713139,0.49049272958705126,0.006782946133585412,-0.17984703166180083
MACSE,360.0,374,4.977198978656049e-08,0.6666666666666666,0.6703397612488521,7.079077556276648e-05,0.0001066814859729259,0.00029964946795336543,0.001932295145615437,0.08104746434489207,7.074100357297992e-05,-0.58929229690396
MAFFT,360.0,374,5.036989416595748e-08,0.6666666666666666,0.6703397612488521,2.47514423216571e-05,7.038576449336365e-05,0.00020417244662197088,0.008018126508854362,0.11284770642091324,2.470107242749114e-05,-0.5574920548279388
PRANK,360.0,374,5.070363974530388e-08,0.6666666666666666,0.6703397612488521,6.892842657503154e-07,1.057905718693242e-06,4.384431478584215e-06,0.01339276612004703,0.459586057720512,6.385806260050116e-07,-0.2107537035283401
MACSE,361.0,375,4.14968159318213e-05,0.6666666666666666,0.6703397612488521,0.0005521487960667761,0.001288003715581021,0.002860566391581105,0.6666666666666666,0.673721340388007,0.0005106519801349548,0.0033815791391549332
MAFFT,361.0,375,4.188074597930123e-05,0.6666666666666666,0.6703397612488521,0.006230906470049443,0.007199439879535419,0.013044759606382178,0.001230564496598863,0.035970346823659065,0.006189025724070142,-0.634369414425193
PRANK,361.0,375,4.209391795305558e-05,0.6666666666666666,0.6703397612488521,0.005269398669676024,0.0155671064229832,0.02748765305084992,0.1371961454836771,0.6775658492279746,0.005227304751722968,0.0072260879791224975
MACSE,362.0,376,4.670329451703333e-07,0.6666666666666666,0.6703397612488521,3.739760430988899e-06,6.313727761053656e-06,2.2969942902119013e-05,0.6666666666666666,0.673721340388007,3.272727485818566e-06,0.0033815791391549332
MAFFT,362.0,376,7.044513389332793e-08,0.6666666666666666,0.6703397612488521,0.0003082678971607337,0.0004790042685164364,0.0010965157953990712,0.09002101725020328,0.6737588652482269,0.0003081974520268404,0.0034191039993748396
PRANK,362.0,376,4.742625115045234e-07,0.6666666666666666,0.6703397612488521,1.394643703054522e-06,3.329187222567143e-06,1.2417868340175444e-05,0.6666666666666666,0.6775658492279746,9.203811915499986e-07,0.0072260879791224975
MACSE,363.0,377,0.0001690777884142552,0.230494994688986,0.6703397612488521,0.004175159911964532,0.007862762420019154,0.014580462351686004,0.2776697282508945,0.673721340388007,0.004006082123550277,0.0033815791391549332
MAFFT,363.0,377,0.0001664348265848811,0.2350481489672636,0.6703397612488521,6.135947357045942e-05,0.0001058725534360816,0.00028531167910037853,0.344388027360093,0.6737588652482269,-0.00010507535301442168,0.0034191039993748396
PRANK,363.0,377,0.0001672087905129904,0.2319232355375878,0.6703397612488521,0.007543909566289171,0.01785304709200775,0.031117694230462106,0.005891244680084395,0.31391918081021136,0.00737670077577618,-0.3564205804386407
MACSE,364.0,378,0.3744769140305503,0.1144696968816418,0.6703397612488521,0.5765835657257156,0.7500319404674166,0.7936626073644132,0.004540203250901209,0.09128198114969799,0.20210665169516528,-0.5790577800991541
MAFFT,364.0,378,0.3751061842209644,0.1160134371915883,0.6703397612488521,0.4684845710855479,0.6364443266314667,0.6873063695236934,8.087363568276551e-06,0.0005121996926575149,0.0933783868645835,-0.6698275615561946
PRANK,364.0,378,0.3757672301967176,0.1139894801547156,0.6703397612488521,0.3975113190337368,0.9184601930502585,0.9463692044412885,0.2537240433635558,0.6775658492279746,0.021744088837019226,0.0072260879791224975
MACSE,365.0,379,0.1178165494824674,0.6666666666666666,0.6703397612488521,0.2531890035471357,0.5922754782461221,0.646426379114339,0.007106846084456886,0.11311730017760542,0.1353724540646683,-0.5572224610712466
MAFFT,365.0,379,0.117651139418105,0.6666666666666666,0.6703397612488521,0.2905271478800617,0.6830566338063196,0.7291053956359592,0.001638284144043212,0.04446771248117289,0.17287600846195667,-0.6258720487676792
PRANK,365.0,379,0.1184229066897916,0.6666666666666666,0.6703397612488521,0.1031522359335456,0.3151554152467849,0.380430323259064,0.1429599376047944,0.6775658492279746,-0.015270670756245996,0.0072260879791224975
MACSE,,380,,,,0.08155412903104545,0.4062491175699113,0.4804556127297403,5.914454618283216e-07,5.648304160460471e-05,,
MAFFT,,380,,,,0.1695820650071324,0.6624068449413048,0.7110581951347339,1.079972218587244e-05,0.0005147893842213925,,
MACSE,,381,,,,0.007186906669502236,0.7141270561892127,0.7620014957102773,0.08827543776021585,0.602164593292901,,
MAFFT,,381,,,,0.06027563051125668,0.3203764907079972,0.38283983166364444,6.242784067467255e-13,7.907526485458523e-11,,
MACSE,,382,,,,0.02146958105399788,0.5013986075644065,0.564997840972281,7.247275852551027e-05,0.004614098959457487,,
MAFFT,,382,,,,0.04797706519076768,0.9506228597468585,0.9731357923989076,3.33066907387547e-16,6.328271240363394e-14,,
MAFFT,,383,,,,0.07694089902036767,0.2355807349957736,0.29447591874471696,0.1318604955642463,0.6737588652482269,,
MACSE,,384,,,,0.18443323504591,0.9873195302184589,1.0,0.003885765955055631,0.08423596933587574,,
MAFFT,,384,,,,0.2069383837402763,0.2558232111095327,0.3166541375297148,3.056775311760518e-07,2.3231492369379936e-05,,
MACSE,,385,,,,0.4505043346472574,0.3694221563322011,0.44657994847753424,5.559219751205546e-12,2.1236219449605187e-09,,
MAFFT,,385,,,,0.2684014103632837,0.3235812018665762,0.38545723106363305,0.0,0.0,,
MACSE,,386,,,,0.4251324640525583,0.5904084617102998,0.6462350497803282,0.06414943130522066,0.4712515915114287,,
PRANK,,386,,,,0.2688215290082984,0.7812432040877292,0.8278514634225084,0.1310551502655394,0.6775658492279746,,
MACSE,,387,,,,0.0002848112312194136,0.1070410642797245,0.1455148987717251,0.1502754642120608,0.673721340388007,,
PRANK,,387,,,,0.0001175896765710998,0.1549881673607766,0.20500207952329672,0.004644178750981776,0.31043631076230477,,
