Scope,Aligner,Filtered_Site,Human_Position,Domain,Structural_Region,Resolved_N,Occupancy,Amino_Acid_State_Count,Major_Amino_Acid_Frequency,Amino_Acid_Shannon_Entropy,Amino_Acid_Counts
Placentalia,MACSE,1,1,N_terminal,other,174,0.8169014084507042,4,0.9827586206896551,0.15298498984017356,M:171;R:1;T:1;V:1
Placentalia,MACSE,2,2,N_terminal,other,171,0.8028169014084507,10,0.7719298245614035,1.1781047147929564,A:132;C:27;E:3;F:1;G:1;H:1;P:2;R:2;T:1;V:1
Placentalia,MACSE,3,6,N_terminal,other,195,0.9154929577464789,12,0.2512820512820513,2.8405069406460717,A:37;C:2;D:1;E:1;F:20;I:36;K:2;L:17;P:2;S:22;T:6;V:49
Placentalia,MACSE,4,7,N_terminal,other,196,0.92018779342723,8,0.6632653061224489,1.548768180765542,A:1;I:1;K:1;L:130;M:7;P:37;R:13;V:6
Placentalia,MACSE,5,8,N_terminal,other,197,0.9248826291079812,7,0.6751269035532995,1.4732429978396557,A:4;D:133;E:37;G:2;P:1;S:15;V:5
Placentalia,MACSE,6,9,N_terminal,other,193,0.9061032863849765,8,0.5647668393782384,1.502709230946392,A:2;G:1;L:67;P:109;Q:1;R:7;T:3;V:3
Placentalia,MACSE,7,10,N_terminal,other,193,0.9061032863849765,7,0.7098445595854922,1.455646261377922,A:1;D:23;E:137;G:1;K:14;N:12;S:5
Placentalia,MACSE,8,11,N_terminal,other,195,0.9154929577464789,10,0.6410256410256411,1.8186318103919779,A:125;D:15;E:26;G:1;L:1;P:9;R:1;S:1;T:10;V:6
Placentalia,MACSE,9,12,N_terminal,other,194,0.9107981220657277,4,0.9639175257731959,0.27378261538822013,D:4;E:187;G:2;R:1
Placentalia,MACSE,10,13,N_terminal,other,196,0.92018779342723,12,0.45918367346938777,2.4636564339835996,A:4;C:22;D:13;G:4;H:90;L:2;N:2;P:38;Q:11;R:7;S:2;V:1
Placentalia,MACSE,11,14,N_terminal,other,195,0.9154929577464789,7,0.8307692307692308,1.035402391802207,A:3;G:8;H:13;N:5;R:2;S:162;T:2
Placentalia,MACSE,12,15,N_terminal,other,196,0.92018779342723,10,0.5663265306122449,2.02558268188269,A:3;G:1;I:1;K:8;L:15;M:111;P:3;R:2;T:33;V:19
Placentalia,MACSE,13,16,N_terminal,other,195,0.9154929577464789,7,0.9487179487179487,0.4026369256985617,A:1;D:185;E:5;G:1;I:1;N:1;Q:1
Placentalia,MACSE,14,17,N_terminal,other,195,0.9154929577464789,9,0.6153846153846154,1.4291247639349425,A:1;E:1;G:2;I:60;L:2;M:6;S:1;T:2;V:120
Placentalia,MACSE,15,18,N_terminal,other,197,0.9248826291079812,6,0.8020304568527918,0.9710123246137449,A:1;E:2;I:158;M:1;T:7;V:28
Placentalia,MACSE,16,19,N_terminal,other,197,0.9248826291079812,6,0.883248730964467,0.7084235064567723,L:174;M:1;P:14;S:2;T:1;V:5
Placentalia,MACSE,17,20,N_terminal,other,191,0.8967136150234741,7,0.7539267015706806,1.171019116108928,D:1;E:25;G:1;L:18;M:1;R:1;V:144
Placentalia,MACSE,18,21,N_terminal,other,198,0.9295774647887324,5,0.7474747474747475,1.042646997318231,C:1;D:41;G:148;R:6;S:2
Placentalia,MACSE,19,22,N_terminal,other,197,0.9248826291079812,7,0.9441624365482234,0.4391156449982173,A:1;C:4;D:1;G:1;N:1;P:3;S:186
Placentalia,MACSE,20,23,N_terminal,other,196,0.92018779342723,9,0.8112244897959183,1.154782617871272,A:1;E:3;G:3;K:9;M:1;N:3;R:15;S:159;T:2
Placentalia,MACSE,21,24,N_terminal,other,194,0.9107981220657277,7,0.8762886597938144,0.8240929013280938,A:2;D:5;E:170;G:7;K:7;P:2;R:1
Placentalia,MACSE,22,25,N_terminal,other,190,0.892018779342723,9,0.6631578947368421,1.6355209895704799,A:1;H:2;I:2;L:126;P:23;Q:21;R:13;S:1;T:1
Placentalia,MACSE,23,26,N_terminal,other,189,0.8873239436619719,7,0.7777777777777778,1.1838807830199243,A:4;I:2;L:24;P:6;Q:1;R:5;S:147
Placentalia,MACSE,24,27,N_terminal,other,191,0.8967136150234741,8,0.7172774869109948,1.5121801304601252,A:23;C:10;H:1;L:2;P:7;R:5;S:137;T:6
Placentalia,MACSE,25,28,N_terminal,other,194,0.9107981220657277,5,0.7835051546391752,1.0582367933777075,A:1;L:15;P:152;S:23;T:3
Placentalia,MACSE,26,29,N_terminal,other,192,0.9014084507042254,9,0.4322916666666667,2.2769357978109754,A:41;G:5;I:1;L:1;P:83;R:2;S:18;T:14;V:27
Placentalia,MACSE,27,30,N_terminal,other,197,0.9248826291079812,6,0.8527918781725888,0.8826714489554313,A:12;I:1;L:3;P:10;S:168;T:3
Placentalia,MACSE,28,31,N_terminal,other,197,0.9248826291079812,9,0.8781725888324873,0.87045290391282,A:6;C:2;H:1;L:2;P:173;R:4;S:3;T:1;V:5
Placentalia,MACSE,29,32,N_terminal,other,193,0.9061032863849765,9,0.38860103626943004,2.344181257487504,A:8;E:9;G:75;K:4;P:32;Q:13;R:49;S:1;W:2
Placentalia,MACSE,30,33,N_terminal,other,196,0.92018779342723,11,0.4744897959183674,2.3098253101133035,A:8;E:10;H:1;L:41;P:93;Q:2;R:5;S:12;T:22;V:1;W:1
Placentalia,MACSE,31,34,N_terminal,other,196,0.92018779342723,8,0.42857142857142855,2.155654676900232,C:10;D:3;G:84;H:12;P:1;Q:6;R:57;S:23
Placentalia,MACSE,32,35,N_terminal,other,196,0.92018779342723,2,0.9948979591836735,0.046192440129626075,E:1;R:195
Placentalia,MACSE,33,36,N_terminal,other,196,0.92018779342723,4,0.673469387755102,1.0778090178542294,C:1;D:132;E:58;G:5
Placentalia,MACSE,34,37,N_terminal,other,195,0.9154929577464789,12,0.676923076923077,1.8225092037002937,D:1;F:10;H:2;I:20;L:132;M:2;N:1;Q:7;R:10;S:2;V:7;W:1
Placentalia,MACSE,35,38,N_terminal,other,191,0.8967136150234741,6,0.8848167539267016,0.7265227429964477,G:3;I:169;L:12;M:2;T:1;V:4
Placentalia,MACSE,36,39,N_terminal,other,193,0.9061032863849765,10,0.8082901554404145,1.0778625623355316,A:156;E:3;P:2;Q:1;R:24;S:1;T:1;V:2;W:1;Y:2
Placentalia,MACSE,37,40,N_terminal,other,193,0.9061032863849765,4,0.9119170984455959,0.48642945273806953,H:15;L:1;N:1;Y:176
Placentalia,MACSE,38,41,ADD,other,194,0.9107981220657277,5,0.9742268041237113,0.22226429487896932,D:1;E:189;G:1;K:2;S:1
Placentalia,MACSE,39,42,ADD,other,194,0.9107981220657277,3,0.9690721649484536,0.2191275607962378,I:5;P:1;V:188
Placentalia,MACSE,40,43,ADD,other,194,0.9107981220657277,10,0.6494845360824743,1.7516890231102549,E:1;G:1;I:1;K:126;M:1;N:4;Q:15;R:15;S:4;T:26
Placentalia,MACSE,41,44,ADD,other,194,0.9107981220657277,5,0.8917525773195877,0.6015749469169774,A:17;D:2;E:1;I:1;V:173
Placentalia,MACSE,42,45,ADD,other,195,0.9154929577464789,6,0.9076923076923077,0.5992543256887681,D:3;G:2;H:1;K:11;N:177;R:1
Placentalia,MACSE,43,46,ADD,other,195,0.9154929577464789,7,0.7743589743589744,1.196814798726153,E:14;G:3;H:3;K:2;P:1;Q:151;R:21
Placentalia,MACSE,44,47,ADD,other,195,0.9154929577464789,4,0.9743589743589743,0.20718952869810525,H:1;P:1;Q:3;R:190
Placentalia,MACSE,45,48,ADD,other,196,0.92018779342723,9,0.413265306122449,1.8959763868915251,A:13;D:80;G:1;H:6;L:1;N:81;P:1;R:3;S:10
Placentalia,MACSE,46,49,ADD,other,196,0.92018779342723,6,0.9693877551020408,0.2663804278760241,A:2;I:190;L:1;M:1;P:1;V:1
Placentalia,MACSE,47,50,ADD,other,198,0.9295774647887324,4,0.9797979797979798,0.172876360562929,A:1;E:194;R:1;S:2
Placentalia,MACSE,48,51,ADD,other,199,0.9342723004694836,5,0.8944723618090452,0.6600219120438202,A:5;D:178;E:11;G:4;P:1
Placentalia,MACSE,49,52,ADD,other,204,0.9577464788732394,6,0.4852941176470588,1.8654251892816178,F:2;I:99;L:20;M:45;V:37;W:1
Placentalia,MACSE,50,53,ADD,other,204,0.9577464788732394,2,0.9950980392156863,0.04466460085095255,C:203;L:1
Placentalia,MACSE,51,54,ADD,other,203,0.9530516431924883,3,0.6059113300492611,1.0055922557924784,I:123;L:79;S:1
Placentalia,MACSE,52,55,ADD,other,203,0.9530516431924883,4,0.9605911330049262,0.2813990394240874,C:195;G:6;S:1;V:1
Placentalia,MACSE,53,56,ADD,other,204,0.9577464788732394,3,0.9901960784313726,0.08929436395256155,A:1;C:202;Q:1
Placentalia,MACSE,54,57,ADD,other,204,0.9577464788732394,2,0.9950980392156863,0.04466460085095255,G:203;R:1
Placentalia,MACSE,55,58,ADD,other,204,0.9577464788732394,5,0.9411764705882353,0.4061861256064858,C:1;G:2;K:1;S:192;T:8
Placentalia,MACSE,56,59,ADD,other,204,0.9577464788732394,8,0.5343137254901961,1.3138677546811581,A:2;C:1;F:109;L:86;Q:1;R:1;S:3;T:1
Placentalia,MACSE,57,60,ADD,other,204,0.9577464788732394,5,0.8823529411764706,0.6284443653191001,G:2;L:1;P:1;Q:180;R:20
Placentalia,MACSE,58,61,ADD,other,204,0.9577464788732394,5,0.9509803921568627,0.3685394014874781,A:2;G:1;I:2;L:5;V:194
Placentalia,MACSE,59,62,ADD,other,203,0.9530516431924883,7,0.7832512315270936,1.0528803727900746,C:2;E:1;H:159;Q:1;S:1;W:8;Y:31
Placentalia,MACSE,60,63,ADD,other,203,0.9530516431924883,7,0.9064039408866995,0.6424868096812509,A:7;G:1;I:1;K:2;M:1;R:7;T:184
Placentalia,MACSE,61,64,ADD,other,203,0.9530516431924883,5,0.8719211822660099,0.7553820466043869,E:7;G:1;K:4;Q:177;R:14
Placentalia,MACSE,62,65,ADD,other,203,0.9530516431924883,2,0.9950738916256158,0.04484961415137062,F:1;H:202
Placentalia,MACSE,63,66,ADD,other,203,0.9530516431924883,2,0.9950738916256158,0.04484961415137062,P:202;V:1
Placentalia,MACSE,64,67,ADD,other,203,0.9530516431924883,2,0.9950738916256158,0.04484961415137062,A:1;L:202
Placentalia,MACSE,65,68,ADD,other,203,0.9530516431924883,2,0.9950738916256158,0.04484961415137062,A:1;F:202
Placentalia,MACSE,66,69,ADD,other,204,0.9577464788732394,7,0.9215686274509803,0.5718009957857788,A:6;D:1;E:188;L:1;Q:4;S:1;V:3
Placentalia,MACSE,67,70,ADD,other,205,0.9624413145539906,1,1.0,0.0,G:205
Placentalia,MACSE,68,71,ADD,other,204,0.9577464788732394,2,0.9950980392156863,0.04466460085095255,G:203;S:1
Placentalia,MACSE,69,72,ADD,other,212,0.9953051643192489,4,0.75,0.984839022112958,I:45;L:7;M:159;Q:1
Placentalia,MACSE,70,73,ADD,other,212,0.9953051643192489,2,0.9952830188679245,0.04324154504802915,A:1;C:211
Placentalia,MACSE,71,74,ADD,other,213,1.0,7,0.7464788732394366,1.1899023977751528,A:159;F:1;I:5;L:1;S:6;T:38;V:3
Placentalia,MACSE,72,75,ADD,other,213,1.0,6,0.8732394366197183,0.7835074710072742,A:3;L:6;P:186;Q:3;R:1;S:14
Placentalia,MACSE,73,76,ADD,other,213,1.0,4,0.9859154929577465,0.12911544787895674,C:210;L:1;S:1;T:1
Placentalia,MACSE,74,77,ADD,other,213,1.0,2,0.9953051643192489,0.04307048235072913,E:1;K:212
Placentalia,MACSE,75,78,ADD,other,213,1.0,4,0.9389671361502347,0.4129907213661743,A:2;D:200;G:3;N:8
Placentalia,MACSE,76,79,ADD,other,213,1.0,5,0.8450704225352113,0.9039223714620996,I:6;K:180;N:3;R:13;T:11
Placentalia,MACSE,77,80,ADD,other,213,1.0,4,0.9624413145539906,0.2797656724650248,F:205;L:1;S:2;Y:5
Placentalia,MACSE,78,81,ADD,other,213,1.0,2,0.9812206572769953,0.13453094132957308,L:209;R:4
Placentalia,MACSE,79,82,ADD,other,213,1.0,8,0.460093896713615,1.616323654217026,D:87;E:98;G:20;K:1;Q:1;R:1;S:4;Y:1
Placentalia,MACSE,80,83,ADD,other,213,1.0,9,0.4413145539906103,2.236963387408604,A:44;C:94;G:2;H:1;N:1;R:15;S:17;T:34;Y:5
Placentalia,MACSE,81,84,ADD,other,213,1.0,4,0.8826291079812206,0.6767941182114723,F:12;I:11;L:188;V:2
Placentalia,MACSE,82,85,ADD,other,213,1.0,2,0.9953051643192489,0.04307048235072913,F:212;L:1
Placentalia,MACSE,83,86,ADD,other,213,1.0,4,0.9483568075117371,0.34992689949408917,L:202;M:2;Q:8;V:1
Placentalia,MACSE,84,87,ADD,other,213,1.0,1,1.0,0.0,Y:213
Placentalia,MACSE,85,88,ADD,other,213,1.0,1,1.0,0.0,D:213
Placentalia,MACSE,86,89,ADD,other,213,1.0,6,0.6572769953051644,1.1986625190187163,A:1;D:140;E:63;M:6;N:2;Q:1
Placentalia,MACSE,87,90,ADD,other,213,1.0,1,1.0,0.0,D:213
Placentalia,MACSE,88,91,ADD,other,213,1.0,2,0.9953051643192489,0.04307048235072913,E:1;G:212
Placentalia,MACSE,89,92,ADD,other,213,1.0,4,0.8356807511737089,0.7714624838636072,C:1;H:29;N:5;Y:178
Placentalia,MACSE,90,93,ADD,other,213,1.0,2,0.9248826291079812,0.38473681068167803,L:16;Q:197
Placentalia,MACSE,91,94,ADD,other,213,1.0,4,0.971830985915493,0.2262275183266655,C:2;G:3;R:1;S:207
Placentalia,MACSE,92,95,ADD,other,213,1.0,5,0.9107981220657277,0.6102847053757605,C:4;F:5;H:4;S:6;Y:194
Placentalia,MACSE,93,96,ADD,other,213,1.0,1,1.0,0.0,C:213
Placentalia,MACSE,94,97,ADD,other,213,1.0,3,0.9342723004694836,0.3741743346670573,C:1;S:199;T:13
Placentalia,MACSE,95,98,ADD,other,213,1.0,2,0.9248826291079812,0.38473681068167803,I:197;V:16
Placentalia,MACSE,96,99,ADD,other,213,1.0,1,1.0,0.0,C:213
Placentalia,MACSE,97,100,ADD,other,213,1.0,4,0.8591549295774648,0.7974893676694497,A:7;C:183;G:15;S:8
Placentalia,MACSE,98,101,ADD,other,213,1.0,5,0.5446009389671361,1.273082662103171,A:87;F:6;L:3;S:116;T:1
Placentalia,MACSE,99,102,ADD,other,213,1.0,2,0.9859154929577465,0.10679203237584187,G:210;R:3
Placentalia,MACSE,100,103,ADD,other,213,1.0,9,0.6384976525821596,1.741662559572108,D:37;E:136;G:16;H:8;K:6;N:3;Q:5;R:1;S:1
Placentalia,MACSE,101,104,ADD,other,213,1.0,5,0.9577464788732394,0.3301332363658144,A:1;I:2;M:4;T:204;V:2
Placentalia,MACSE,102,105,ADD,other,213,1.0,1,1.0,0.0,L:213
Placentalia,MACSE,103,106,ADD,other,213,1.0,2,0.8732394366197183,0.548486608843174,F:27;L:186
Placentalia,MACSE,104,107,ADD,other,213,1.0,3,0.9624413145539906,0.2668319283234123,I:205;L:3;V:5
Placentalia,MACSE,105,108,ADD,other,213,1.0,1,1.0,0.0,C:213
Placentalia,MACSE,106,109,ADD,other,212,0.9953051643192489,3,0.8820754716981132,0.5707922046183909,E:187;G:23;K:2
Placentalia,MACSE,107,110,ADD,other,212,0.9953051643192489,4,0.7358490566037735,0.9010965335285857,D:1;L:1;N:156;S:54
Placentalia,MACSE,108,111,ADD,other,212,0.9953051643192489,3,0.9905660377358491,0.08645083800713431,I:1;P:210;S:1
Placentalia,MACSE,109,112,ADD,other,212,0.9953051643192489,3,0.9764150943396226,0.17814781209923547,D:207;E:4;Q:1
Placentalia,MACSE,110,113,ADD,other,212,0.9953051643192489,1,1.0,0.0,C:212
Placentalia,MACSE,111,114,ADD,other,213,1.0,2,0.9953051643192489,0.04307048235072913,P:1;T:212
Placentalia,MACSE,112,115,ADD,other,213,1.0,1,1.0,0.0,R:213
Placentalia,MACSE,113,116,ADD,other,212,0.9953051643192489,2,0.9811320754716981,0.13503620280212764,C:208;G:4
Placentalia,MACSE,114,117,ADD,other,212,0.9953051643192489,2,0.9811320754716981,0.13503620280212764,F:4;Y:208
Placentalia,MACSE,115,118,ADD,other,212,0.9953051643192489,1,1.0,0.0,C:212
Placentalia,MACSE,116,119,ADD,other,212,0.9953051643192489,4,0.9528301886792453,0.3353573318162513,C:1;F:202;L:6;V:3
Placentalia,MACSE,117,120,ADD,other,212,0.9953051643192489,7,0.9292452830188679,0.5413911695023214,A:2;D:4;E:197;G:2;K:4;P:1;Q:2
Placentalia,MACSE,118,121,ADD,other,212,0.9953051643192489,1,1.0,0.0,C:212
Placentalia,MACSE,119,122,ADD,other,212,0.9953051643192489,5,0.8443396226415094,0.9024470084127232,F:3;I:15;L:9;M:6;V:179
Placentalia,MACSE,120,123,ADD,other,212,0.9953051643192489,1,1.0,0.0,D:212
Placentalia,MACSE,121,124,ADD,other,212,0.9953051643192489,7,0.45754716981132076,2.0105210604484127,A:13;G:2;I:34;N:1;S:54;T:97;V:11
Placentalia,MACSE,122,125,ADD,other,212,0.9953051643192489,1,1.0,0.0,L:212
Placentalia,MACSE,123,126,ADD,other,212,0.9953051643192489,3,0.9669811320754716,0.22884877813422105,A:6;L:1;V:205
Placentalia,MACSE,124,127,ADD,other,212,0.9953051643192489,4,0.839622641509434,0.761429280015706,A:5;C:1;G:178;S:28
Placentalia,MACSE,125,128,ADD,other,213,1.0,2,0.9953051643192489,0.04307048235072913,A:1;P:212
Placentalia,MACSE,126,129,ADD,other,213,1.0,4,0.9765258215962441,0.19625205509275295,G:208;K:2;R:2;S:1
Placentalia,MACSE,127,130,ADD,other,213,1.0,4,0.9342723004694836,0.4285235897039277,A:9;L:1;S:4;T:199
Placentalia,MACSE,128,131,ADD,other,213,1.0,3,0.9389671361502347,0.3554101462183321,A:12;M:1;S:200
Placentalia,MACSE,129,132,ADD,other,213,1.0,5,0.6619718309859155,1.2172936957962386,A:5;D:6;E:60;G:141;M:1
Placentalia,MACSE,130,133,ADD,other,213,1.0,7,0.5915492957746479,1.2105480922721201,H:1;K:126;L:1;Q:1;R:80;S:1;T:3
Placentalia,MACSE,131,134,ADD,other,213,1.0,5,0.7934272300469484,0.9465257197601115,A:5;I:35;L:2;M:2;V:169
Placentalia,MACSE,132,135,ADD,other,213,1.0,6,0.4788732394366197,1.6175016423585282,H:82;L:2;N:18;Q:102;R:1;S:8
Placentalia,MACSE,133,136,ADD,other,213,1.0,5,0.9154929577464789,0.5559260726409683,A:195;G:2;L:1;S:8;T:7
Placentalia,MACSE,134,137,ADD,other,213,1.0,8,0.8450704225352113,0.9381278826906249,F:1;G:1;I:1;L:4;M:180;R:2;T:7;V:17
Placentalia,MACSE,135,138,ADD,other,213,1.0,9,0.8309859154929577,0.995820169620026,A:22;D:2;G:1;H:3;N:2;P:2;R:1;S:177;T:3
Placentalia,MACSE,136,139,ADD,other,213,1.0,10,0.6948356807511737,1.6590827216590993,C:28;E:1;F:3;H:4;N:148;P:2;Q:4;R:4;S:10;Y:9
Placentalia,MACSE,137,140,ADD,other,212,0.9953051643192489,1,1.0,0.0,W:212
Placentalia,MACSE,138,141,ADD,other,212,0.9953051643192489,3,0.9575471698113207,0.2955014372847673,A:5;L:4;V:203
Placentalia,MACSE,139,142,ADD,other,213,1.0,1,1.0,0.0,C:213
Placentalia,MACSE,140,143,ADD,other,212,0.9953051643192489,4,0.9528301886792453,0.33891812192079596,F:202;P:2;S:2;Y:6
Placentalia,MACSE,141,144,ADD,other,213,1.0,2,0.9953051643192489,0.04307048235072913,A:1;L:212
Placentalia,MACSE,142,145,ADD,other,213,1.0,1,1.0,0.0,C:213
Placentalia,MACSE,143,146,ADD,other,213,1.0,4,0.971830985915493,0.22622751832666546,A:2;L:207;R:3;V:1
Placentalia,MACSE,144,147,ADD,other,213,1.0,4,0.9859154929577465,0.12911544787895674,I:1;P:210;S:1;T:1
Placentalia,MACSE,145,148,ADD,other,213,1.0,7,0.8732394366197183,0.7577280409102565,C:1;F:186;G:2;I:2;L:3;S:18;T:1
Placentalia,MACSE,146,149,ADD,other,213,1.0,5,0.5727699530516432,1.451158497518528,A:3;P:122;R:4;S:69;T:15
Placentalia,MACSE,147,150,ADD,other,213,1.0,10,0.8169014084507042,1.1724597837387989,C:5;G:3;H:6;K:1;L:1;N:2;P:1;Q:6;R:174;S:14
Placentalia,MACSE,148,151,ADD,other,213,1.0,8,0.8356807511737089,0.9788395466726905,C:5;D:2;E:1;H:7;N:18;R:1;S:178;T:1
Placentalia,MACSE,149,152,ADD,other,213,1.0,1,1.0,0.0,G:213
Placentalia,MACSE,150,153,ADD,other,213,1.0,2,0.9906103286384976,0.07671934408867366,L:211;R:2
Placentalia,MACSE,151,154,ADD,other,213,1.0,1,1.0,0.0,L:213
Placentalia,MACSE,152,155,ADD,other,213,1.0,6,0.7464788732394366,1.1356303678581487,H:13;L:2;N:1;Q:159;R:37;W:1
Placentalia,MACSE,153,156,ADD,other,213,1.0,3,0.9765258215962441,0.17747271236974826,Q:4;R:208;T:1
Placentalia,MACSE,154,157,ADD,other,213,1.0,2,0.9953051643192489,0.04307048235072913,R:212;V:1
Placentalia,MACSE,155,158,ADD,other,213,1.0,9,0.6009389671361502,1.4480106123207357,A:1;D:1;H:1;K:68;N:2;P:6;Q:5;R:128;W:1
Placentalia,MACSE,156,159,ADD,other,213,1.0,5,0.8967136150234741,0.5913731791073067,F:1;K:191;Q:3;R:17;T:1
Placentalia,MACSE,157,160,ADD,other,213,1.0,1,1.0,0.0,W:213
Placentalia,MACSE,158,161,ADD,other,213,1.0,5,0.9765258215962441,0.20564172645425532,H:1;K:1;Q:1;R:208;W:2
Placentalia,MACSE,159,162,ADD,other,213,1.0,10,0.460093896713615,2.4470588191732823,A:18;D:8;E:18;G:98;H:27;M:1;Q:2;S:23;T:17;V:1
Placentalia,MACSE,160,163,ADD,other,213,1.0,7,0.3755868544600939,2.0231859386237794,C:2;G:15;H:5;Q:65;R:45;T:1;W:80
Placentalia,MACSE,161,164,ADD,other,213,1.0,2,0.9906103286384976,0.07671934408867366,L:211;V:2
Placentalia,MACSE,162,165,ADD,other,213,1.0,3,0.9906103286384976,0.086109015450176,K:211;P:1;Q:1
Placentalia,MACSE,163,166,ADD,other,213,1.0,5,0.9671361502347418,0.26910400472393003,A:206;D:2;G:1;T:1;V:3
Placentalia,MACSE,164,167,ADD,other,213,1.0,2,0.9671361502347418,0.20855660119228797,F:206;L:7
Placentalia,MACSE,165,168,ADD,other,213,1.0,6,0.4507042253521127,1.8498860035089304,C:67;F:4;H:31;Q:14;R:1;Y:96
Placentalia,MACSE,166,169,ADD,other,213,1.0,6,0.9671361502347418,0.2820377488655426,D:206;E:2;G:1;H:1;L:1;Q:2
Placentalia,MACSE,167,170,ADD,other,213,1.0,7,0.6338028169014085,1.581697359138773,E:2;G:13;K:1;L:21;Q:40;R:135;S:1
Placentalia,MACSE,168,171,ADD,other,213,1.0,7,0.9342723004694836,0.49856905702103566,D:5;E:199;G:2;H:1;N:1;P:1;Q:4
Placentalia,MACSE,169,172,ADD,other,213,1.0,10,0.43661971830985913,1.8137374182045485,A:82;G:25;K:1;L:2;M:1;P:1;Q:1;S:93;T:2;V:5
Placentalia,MACSE,170,173,ADD,other,208,0.9765258215962441,11,0.6538461538461539,1.7914748536062968,A:31;D:13;E:136;G:4;H:1;K:10;N:1;P:1;S:6;T:2;V:3
Placentalia,MACSE,171,174,linker,other,213,1.0,11,0.6619718309859155,1.4217916627982037,A:1;C:2;D:1;G:4;H:1;K:2;N:55;Q:1;R:1;S:141;T:4
Placentalia,MACSE,172,175,linker,other,212,0.9953051643192489,5,0.8632075471698113,0.7765261653016893,A:2;G:1;P:183;S:12;T:14
Placentalia,MACSE,173,176,linker,other,213,1.0,8,0.8356807511737089,1.0364265285965937,E:1;F:8;I:2;L:178;M:4;P:1;Q:8;V:11
Placentalia,MACSE,174,177,linker,other,213,1.0,5,0.92018779342723,0.5417858177797462,E:196;G:2;K:8;Q:2;V:5
Placentalia,MACSE,175,178,C_terminal_MTase_like,other,213,1.0,5,0.6948356807511737,1.2850008284011274,I:24;L:2;M:148;T:37;V:2
Placentalia,MACSE,176,179,C_terminal_MTase_like,other,213,1.0,3,0.8356807511737089,0.6964675702218581,F:33;H:2;Y:178
Placentalia,MACSE,177,180,C_terminal_MTase_like,other,213,1.0,4,0.784037558685446,0.9614434610736462,A:6;E:36;K:167;Q:4
Placentalia,MACSE,178,181,C_terminal_MTase_like,other,213,1.0,3,0.9248826291079812,0.4520448469284053,I:11;P:5;T:197
Placentalia,MACSE,179,182,C_terminal_MTase_like,other,213,1.0,2,0.971830985915493,0.1851247601005459,L:6;V:207
Placentalia,MACSE,180,183,C_terminal_MTase_like,other,213,1.0,3,0.863849765258216,0.6035296308732406,A:1;P:184;S:28
Placentalia,MACSE,181,184,C_terminal_MTase_like,other,213,1.0,6,0.7370892018779343,1.0287178834294501,A:49;E:1;M:4;P:1;T:1;V:157
Placentalia,MACSE,182,185,C_terminal_MTase_like,other,213,1.0,3,0.9765258215962441,0.17747271236974826,C:4;G:1;W:208
Placentalia,MACSE,183,186,C_terminal_MTase_like,other,213,1.0,2,0.8403755868544601,0.6334102740623948,K:179;R:34
Placentalia,MACSE,184,187,C_terminal_MTase_like,other,213,1.0,2,0.9906103286384976,0.07671934408867366,K:2;R:211
Placentalia,MACSE,185,188,C_terminal_MTase_like,other,213,1.0,6,0.7417840375586855,1.1169095959504256,A:3;E:158;G:1;K:6;Q:43;R:2
Placentalia,MACSE,186,189,C_terminal_MTase_like,other,213,1.0,3,0.9906103286384976,0.086109015450176,A:1;P:211;S:1
Placentalia,MACSE,187,190,C_terminal_MTase_like,other,213,1.0,4,0.7417840375586855,1.1621235840624422,I:35;L:10;M:10;V:158
Placentalia,MACSE,188,191,C_terminal_MTase_like,other,213,1.0,2,0.971830985915493,0.1851247601005459,Q:6;R:207
Placentalia,MACSE,189,192,C_terminal_MTase_like,other,213,1.0,2,0.9906103286384976,0.07671934408867366,A:2;V:211
Placentalia,MACSE,190,193,C_terminal_MTase_like,other,213,1.0,1,1.0,0.0,L:213
Placentalia,MACSE,191,194,C_terminal_MTase_like,other,213,1.0,5,0.9107981220657277,0.6072094845679973,A:6;C:3;N:6;S:194;T:4
Placentalia,MACSE,192,195,C_terminal_MTase_like,other,213,1.0,2,0.9953051643192489,0.04307048235072913,L:212;V:1
Placentalia,MACSE,193,196,C_terminal_MTase_like,other,213,1.0,1,1.0,0.0,F:213
Placentalia,MACSE,194,197,C_terminal_MTase_like,other,213,1.0,4,0.863849765258216,0.6681054316764393,E:25;G:184;K:1;R:3
Placentalia,MACSE,195,198,C_terminal_MTase_like,other,213,1.0,6,0.704225352112676,1.2532747890501466,A:1;D:150;E:5;H:2;K:9;N:46
Placentalia,MACSE,196,199,C_terminal_MTase_like,other,213,1.0,1,1.0,0.0,I:213
Placentalia,MACSE,197,200,C_terminal_MTase_like,other,213,1.0,8,0.5070422535211268,2.021327212934864,D:18;E:9;G:15;K:108;N:2;Q:7;R:53;T:1
Placentalia,MACSE,198,201,C_terminal_MTase_like,other,213,1.0,9,0.6854460093896714,1.6615343407883385,A:2;D:1;E:5;K:146;N:21;P:3;Q:6;R:22;T:7
Placentalia,MACSE,199,202,C_terminal_MTase_like,other,213,1.0,2,0.9859154929577465,0.10679203237584187,E:210;V:3
Placentalia,MACSE,200,203,C_terminal_MTase_like,other,213,1.0,1,1.0,0.0,L:213
Placentalia,MACSE,201,204,C_terminal_MTase_like,other,213,1.0,9,0.4835680751173709,2.258961064542781,A:11;E:16;K:16;L:3;M:43;R:2;S:2;T:103;V:17
Placentalia,MACSE,202,205,C_terminal_MTase_like,other,213,1.0,3,0.9812206572769953,0.1533102840525778,N:2;S:209;T:2
Placentalia,MACSE,203,206,C_terminal_MTase_like,other,213,1.0,1,1.0,0.0,L:213
Placentalia,MACSE,204,207,C_terminal_MTase_like,other,213,1.0,1,1.0,0.0,G:213
Placentalia,MACSE,205,208,C_terminal_MTase_like,other,213,1.0,2,0.9953051643192489,0.04307048235072913,F:212;L:1
Placentalia,MACSE,206,209,C_terminal_MTase_like,other,213,1.0,2,0.9859154929577465,0.10679203237584187,L:210;V:3
Placentalia,MACSE,207,210,C_terminal_MTase_like,other,212,0.9953051643192489,4,0.9481132075471698,0.35121578509638485,D:1;E:201;G:8;W:2
Placentalia,MACSE,208,211,C_terminal_MTase_like,other,212,0.9953051643192489,13,0.3443396226415094,2.993652334211506,A:3;D:26;E:1;G:13;H:13;I:1;N:24;P:20;Q:2;R:9;S:73;T:15;Y:12
Placentalia,MACSE,209,212,C_terminal_MTase_like,other,212,0.9953051643192489,6,0.9150943396226415,0.5979942713413456,A:1;D:4;G:194;I:3;S:3;V:7
Placentalia,MACSE,210,213,C_terminal_MTase_like,other,212,0.9953051643192489,6,0.9386792452830188,0.44801581332457024,A:7;C:1;F:2;P:2;S:199;Y:1
Placentalia,MACSE,211,214,C_terminal_MTase_like,other,213,1.0,10,0.3051643192488263,2.553157830426497,A:16;D:57;E:65;G:34;K:24;N:5;Q:3;S:5;T:3;V:1
Placentalia,MACSE,212,215,C_terminal_MTase_like,other,212,0.9953051643192489,11,0.5471698113207547,2.383145060960596,A:17;D:1;E:13;G:16;H:8;L:12;P:116;Q:7;R:4;S:14;T:4
Placentalia,MACSE,213,216,C_terminal_MTase_like,other,213,1.0,6,0.92018779342723,0.5662143084739721,A:4;D:3;E:7;G:196;R:2;S:1
Placentalia,MACSE,214,217,C_terminal_MTase_like,other,213,1.0,11,0.5070422535211268,2.1539066085669782,G:18;H:1;K:31;M:1;N:4;P:1;Q:35;R:108;S:1;T:12;Y:1
Placentalia,MACSE,215,218,C_terminal_MTase_like,other,213,1.0,5,0.9624413145539906,0.2967123413590944,I:1;L:205;P:1;R:2;V:4
Placentalia,MACSE,216,219,C_terminal_MTase_like,other,213,1.0,5,0.8169014084507042,0.7807684543591622,K:174;M:1;R:36;V:1;W:1
Placentalia,MACSE,217,220,C_terminal_MTase_like,other,213,1.0,4,0.812206572769953,0.760005728714056,F:1;H:173;R:1;Y:38
Placentalia,MACSE,218,221,C_terminal_MTase_like,other,213,1.0,2,0.8873239436619719,0.5079353563991224,L:189;V:24
Placentalia,MACSE,219,222,C_terminal_MTase_like,other,213,1.0,8,0.6901408450704225,1.3067504552689426,A:2;D:147;E:51;G:3;H:3;K:1;S:2;V:4
Placentalia,MACSE,220,223,C_terminal_MTase_like,other,213,1.0,3,0.9906103286384976,0.086109015450176,D:211;E:1;N:1
Placentalia,MACSE,221,224,C_terminal_MTase_like,other,213,1.0,3,0.9295774647887324,0.4073935305000312,A:13;T:2;V:198
Placentalia,MACSE,222,225,C_terminal_MTase_like,other,213,1.0,3,0.9859154929577465,0.11972577651745439,R:1;S:2;T:210
Placentalia,MACSE,223,226,C_terminal_MTase_like,other,213,1.0,3,0.5164319248826291,1.0373530316398987,D:102;E:1;N:110
Placentalia,MACSE,224,227,C_terminal_MTase_like,other,213,1.0,3,0.7183098591549296,1.1373983130464094,I:27;T:33;V:153
Placentalia,MACSE,225,228,C_terminal_MTase_like,other,213,1.0,3,0.9906103286384976,0.086109015450176,A:1;M:1;V:211
Placentalia,MACSE,226,229,C_terminal_MTase_like,other,213,1.0,1,1.0,0.0,R:213
Placentalia,MACSE,227,230,C_terminal_MTase_like,other,213,1.0,2,0.7746478873239436,0.7698205808588191,K:48;R:165
Placentalia,MACSE,228,231,C_terminal_MTase_like,other,213,1.0,5,0.9107981220657277,0.5771326209221442,D:194;E:7;H:1;N:9;S:2
Placentalia,MACSE,229,232,C_terminal_MTase_like,other,213,1.0,3,0.9295774647887324,0.3923829550400676,A:1;I:14;V:198
Placentalia,MACSE,230,233,C_terminal_MTase_like,other,213,1.0,6,0.8779342723004695,0.6484337535168776,D:22;E:187;G:1;K:1;Q:1;V:1
Placentalia,MACSE,231,234,C_terminal_MTase_like,other,213,1.0,10,0.45539906103286387,2.368547019168887,A:28;D:6;E:97;G:41;H:5;K:15;Q:3;R:14;S:3;V:1
Placentalia,MACSE,232,235,C_terminal_MTase_like,other,213,1.0,1,1.0,0.0,W:213
Placentalia,MACSE,233,236,C_terminal_MTase_like,other,213,1.0,2,0.9953051643192489,0.04307048235072913,G:212;V:1
Placentalia,MACSE,234,237,C_terminal_MTase_like,other,213,1.0,2,0.9906103286384976,0.07671934408867366,P:211;S:2
Placentalia,MACSE,235,238,C_terminal_MTase_like,other,213,1.0,2,0.9906103286384976,0.07671934408867366,F:211;I:2
Placentalia,MACSE,236,239,C_terminal_MTase_like,other,213,1.0,4,0.9530516431924883,0.3165725723920787,D:203;G:1;H:1;N:8
Placentalia,MACSE,237,240,C_terminal_MTase_like,other,213,1.0,3,0.9906103286384976,0.086109015450176,F:1;I:1;L:211
Placentalia,MACSE,238,241,C_terminal_MTase_like,other,213,1.0,6,0.5727699530516432,1.8107636677767853,A:24;I:1;L:32;M:8;T:26;V:122
Placentalia,MACSE,239,242,C_terminal_MTase_like,other,213,1.0,2,0.9765258215962441,0.1605260434756787,F:5;Y:208
Placentalia,MACSE,240,243,C_terminal_MTase_like,other,213,1.0,2,0.9953051643192489,0.04307048235072913,G:212;S:1
Placentalia,MACSE,241,244,C_terminal_MTase_like,other,213,1.0,3,0.7370892018779343,1.0281838042414233,A:44;C:12;S:157
Placentalia,MACSE,242,245,C_terminal_MTase_like,other,213,1.0,2,0.9906103286384976,0.07671934408867366,M:2;T:211
Placentalia,MACSE,243,246,C_terminal_MTase_like,other,213,1.0,7,0.8544600938967136,0.7651554922421253,H:1;L:1;N:1;P:182;Q:25;R:2;S:1
Placentalia,MACSE,244,247,C_terminal_MTase_like,other,213,1.0,7,0.6807511737089202,1.4489838729020748,A:41;H:4;L:3;P:145;R:3;S:2;T:15
Placentalia,MACSE,245,248,C_terminal_MTase_like,other,213,1.0,8,0.7464788732394366,1.4658462597317823,F:6;I:7;L:159;P:10;Q:5;R:9;T:1;V:16
Placentalia,MACSE,246,249,C_terminal_MTase_like,other,213,1.0,5,0.9530516431924883,0.3599768564194803,G:203;H:2;R:4;S:3;V:1
Placentalia,MACSE,247,250,C_terminal_MTase_like,other,212,0.9953051643192489,8,0.6886792452830188,1.5430689926109014,C:5;D:1;G:1;H:146;Q:32;R:5;S:7;Y:15
Placentalia,MACSE,248,251,C_terminal_MTase_like,other,212,0.9953051643192489,6,0.5330188679245284,1.658718668542907,A:113;D:4;I:1;P:5;S:28;T:61
Placentalia,MACSE,249,252,C_terminal_MTase_like,other,212,0.9953051643192489,11,0.8537735849056604,1.0314444402733678,A:2;C:181;F:6;G:3;H:1;L:1;R:6;S:7;T:1;V:1;Y:3
Placentalia,MACSE,250,253,C_terminal_MTase_like,other,213,1.0,12,0.7089201877934272,1.7169073720193513,A:3;C:1;D:151;E:12;G:8;H:2;K:1;N:13;P:2;S:14;V:1;Y:5
Placentalia,MACSE,251,254,C_terminal_MTase_like,other,213,1.0,5,0.5868544600938967,1.3597723709354168,C:1;H:125;N:1;Q:19;R:67
Placentalia,MACSE,252,255,C_terminal_MTase_like,other,213,1.0,3,0.7746478873239436,0.9906360753154169,C:28;P:165;S:20
Placentalia,MACSE,253,256,C_terminal_MTase_like,other,213,1.0,1,1.0,0.0,P:213
Placentalia,MACSE,254,257,C_terminal_MTase_like,other,213,1.0,5,0.5258215962441315,1.7175686351432968,A:57;C:2;G:112;S:23;V:19
Placentalia,MACSE,255,258,C_terminal_MTase_like,other,213,1.0,2,0.9953051643192489,0.04307048235072913,G:1;W:212
Placentalia,MACSE,256,259,C_terminal_MTase_like,other,213,1.0,3,0.9014084507042254,0.5337722097107314,F:17;H:4;Y:192
Placentalia,MACSE,257,260,C_terminal_MTase_like,other,213,1.0,3,0.7464788732394366,1.0700816372235198,L:159;M:28;V:26
Placentalia,MACSE,258,261,C_terminal_MTase_like,other,213,1.0,3,0.704225352112676,1.15212778279042,F:150;L:22;Y:41
Placentalia,MACSE,259,262,C_terminal_MTase_like,other,212,0.9953051643192489,2,0.9905660377358491,0.07701687574298335,H:2;Q:210
Placentalia,MACSE,260,263,C_terminal_MTase_like,other,213,1.0,2,0.9812206572769953,0.13453094132957308,F:209;Y:4
Placentalia,MACSE,261,264,C_terminal_MTase_like,other,213,1.0,3,0.971830985915493,0.21099224838377095,C:4;H:207;R:2
Placentalia,MACSE,262,265,C_terminal_MTase_like,other,213,1.0,1,1.0,0.0,R:213
Placentalia,MACSE,263,266,C_terminal_MTase_like,other,213,1.0,4,0.4413145539906103,1.6638375347079024,I:94;L:61;M:5;V:53
Placentalia,MACSE,264,267,C_terminal_MTase_like,other,213,1.0,2,0.9906103286384976,0.07671934408867366,L:211;R:2
Placentalia,MACSE,265,268,C_terminal_MTase_like,other,213,1.0,4,0.9061032863849765,0.5027713187295887,A:1;L:1;Q:193;R:18
Placentalia,MACSE,266,269,C_terminal_MTase_like,other,213,1.0,2,0.9953051643192489,0.04307048235072913,F:1;Y:212
Placentalia,MACSE,267,270,C_terminal_MTase_like,other,213,1.0,4,0.9389671361502347,0.41061401983248147,A:200;S:7;T:1;V:5
Placentalia,MACSE,268,271,C_terminal_MTase_like,other,213,1.0,7,0.8685446009389671,0.8190835892004427,C:3;K:5;L:3;M:1;Q:15;R:185;W:1
Placentalia,MACSE,269,272,C_terminal_MTase_like,other,213,1.0,4,0.9812206572769953,0.16269995541408014,D:1;E:1;P:209;S:2
Placentalia,MACSE,270,273,C_terminal_MTase_like,other,211,0.9906103286384976,12,0.4976303317535545,2.4758331526197384,A:2;G:15;H:10;K:10;L:16;N:1;P:28;Q:11;R:105;S:11;T:1;W:1
Placentalia,MACSE,271,274,C_terminal_MTase_like,other,206,0.9671361502347418,7,0.7524271844660194,1.3823873059459055,A:8;F:1;L:9;P:155;Q:15;R:5;S:13
Placentalia,MACSE,272,275,C_terminal_MTase_like,other,212,0.9953051643192489,9,0.7877358490566038,1.2437400382496917,A:16;C:2;D:3;E:6;G:167;K:1;P:2;R:1;S:14
Placentalia,MACSE,273,276,C_terminal_MTase_like,other,213,1.0,9,0.8028169014084507,1.1586182664472182,A:1;C:7;D:3;G:5;H:1;N:2;R:21;S:171;T:2
Placentalia,MACSE,274,277,C_terminal_MTase_like,other,212,0.9953051643192489,10,0.5849056603773585,1.691391866963892,A:3;E:2;G:5;K:1;L:2;P:124;Q:61;R:9;S:3;T:2
Placentalia,MACSE,275,278,C_terminal_MTase_like,other,212,0.9953051643192489,4,0.6415094339622641,1.2037967406060304,K:10;L:2;Q:136;R:64
Placentalia,MACSE,276,279,C_terminal_MTase_like,other,213,1.0,3,0.9624413145539906,0.25140020777034683,A:7;P:205;T:1
Placentalia,MACSE,277,280,C_terminal_MTase_like,other,213,1.0,2,0.9953051643192489,0.04307048235072913,C:1;F:212
Placentalia,MACSE,278,281,C_terminal_MTase_like,other,213,1.0,1,1.0,0.0,F:213
Placentalia,MACSE,279,282,C_terminal_MTase_like,other,213,1.0,1,1.0,0.0,W:213
Placentalia,MACSE,280,283,C_terminal_MTase_like,other,213,1.0,5,0.8685446009389671,0.7550744704167563,A:1;I:14;L:11;M:185;V:2
Placentalia,MACSE,281,284,C_terminal_MTase_like,other,213,1.0,1,1.0,0.0,F:213
Placentalia,MACSE,282,285,C_terminal_MTase_like,other,213,1.0,4,0.9154929577464789,0.5317140968063649,A:4;L:3;M:11;V:195
Placentalia,MACSE,283,286,C_terminal_MTase_like,other,213,1.0,1,1.0,0.0,D:213
Placentalia,MACSE,284,287,C_terminal_MTase_like,other,213,1.0,4,0.892018779342723,0.6473362591787273,H:11;N:190;S:9;T:3
Placentalia,MACSE,285,288,C_terminal_MTase_like,other,213,1.0,2,0.9953051643192489,0.04307048235072913,L:212;V:1
Placentalia,MACSE,286,289,C_terminal_MTase_like,other,213,1.0,6,0.676056338028169,1.230800886435594,A:1;L:56;M:7;Q:1;R:4;V:144
Placentalia,MACSE,287,290,C_terminal_MTase_like,other,213,1.0,3,0.9671361502347418,0.23692206588696596,F:2;L:206;M:5
Placentalia,MACSE,288,291,C_terminal_MTase_like,other,213,1.0,7,0.6807511737089202,1.4026760314322768,A:2;G:3;K:1;N:29;R:1;S:32;T:145
Placentalia,MACSE,289,292,C_terminal_MTase_like,other,213,1.0,12,0.3333333333333333,2.475522614945526,A:6;D:1;E:71;G:5;K:52;N:1;P:5;Q:52;R:8;S:8;T:2;V:2
Placentalia,MACSE,290,293,C_terminal_MTase_like,other,213,1.0,4,0.5633802816901409,1.115357346370462,A:1;D:120;E:89;N:3
Placentalia,MACSE,291,294,C_terminal_MTase_like,other,213,1.0,5,0.9389671361502347,0.4140497001886281,D:200;E:9;N:2;S:1;T:1
Placentalia,MACSE,292,295,C_terminal_MTase_like,other,213,1.0,8,0.4225352112676056,1.9372305606118236,C:2;E:2;H:10;L:28;Q:90;R:75;V:5;Y:1
Placentalia,MACSE,293,296,C_terminal_MTase_like,other,213,1.0,12,0.26291079812206575,2.6709351655414793,A:51;D:56;E:5;H:2;I:9;K:2;L:3;M:1;R:4;S:4;T:35;V:41
Placentalia,MACSE,294,297,C_terminal_MTase_like,other,213,1.0,5,0.647887323943662,1.5260388464721584,A:12;I:19;L:5;T:39;V:138
Placentalia,MACSE,295,298,C_terminal_MTase_like,other,213,1.0,3,0.9107981220657277,0.5079692410354812,A:194;T:14;V:5
Placentalia,MACSE,296,299,C_terminal_MTase_like,other,213,1.0,9,0.676056338028169,1.6434943662304948,A:18;C:6;D:3;I:1;N:3;S:29;T:144;V:8;Y:1
Placentalia,MACSE,297,300,C_terminal_MTase_like,other,213,1.0,1,1.0,0.0,R:213
Placentalia,MACSE,298,301,C_terminal_MTase_like,other,213,1.0,1,1.0,0.0,F:213
Placentalia,MACSE,299,302,C_terminal_MTase_like,other,213,1.0,2,0.9436619718309859,0.31273337639664334,F:12;L:201
Placentalia,MACSE,300,303,C_terminal_MTase_like,other,213,1.0,2,0.8779342723004695,0.5352697297532727,E:187;Q:26
Placentalia,MACSE,301,304,C_terminal_MTase_like,other,211,0.9906103286384976,9,0.47393364928909953,1.988825561163525,A:43;G:1;I:6;L:2;M:47;Q:1;S:1;T:100;V:10
Placentalia,MACSE,302,305,C_terminal_MTase_like,other,213,1.0,8,0.48826291079812206,1.3807105387449683,D:104;E:97;K:5;N:1;P:1;Q:3;S:1;W:1
Placentalia,MACSE,303,306,C_terminal_MTase_like,other,213,1.0,6,0.8544600938967136,0.7951051103637721,A:22;F:1;P:182;Q:5;R:1;T:2
Placentalia,MACSE,304,307,C_terminal_MTase_like,other,213,1.0,7,0.8403755868544601,0.8952272634250988,A:15;L:1;M:1;P:1;S:1;T:15;V:179
Placentalia,MACSE,305,308,C_terminal_MTase_like,other,213,1.0,5,0.9577464788732394,0.31365541944409164,A:1;G:1;I:6;S:1;T:204
Placentalia,MACSE,306,309,C_terminal_MTase_like,other,213,1.0,6,0.7370892018779343,1.014295220860948,H:1;I:157;L:50;P:1;R:2;V:2
Placentalia,MACSE,307,310,C_terminal_MTase_like,other,213,1.0,8,0.7887323943661971,1.0924994048008085,A:1;I:1;K:1;L:4;P:29;Q:168;R:8;S:1
Placentalia,MACSE,308,311,C_terminal_MTase_like,other,213,1.0,8,0.8685446009389671,0.8686122799474731,A:1;D:185;E:11;G:2;H:5;N:6;P:2;Y:1
Placentalia,MACSE,309,312,C_terminal_MTase_like,other,210,0.9859154929577465,6,0.7904761904761904,1.0659279179692336,A:9;F:2;I:28;L:2;T:3;V:166
Placentalia,MACSE,310,313,C_terminal_MTase_like,other,210,0.9859154929577465,8,0.48095238095238096,1.7588019936091026,A:1;C:73;G:3;H:23;Q:1;R:101;S:2;Y:6
Placentalia,MACSE,311,314,C_terminal_MTase_like,other,210,0.9859154929577465,5,0.9238095238095239,0.49709136369861595,D:4;G:194;N:1;P:1;S:10
Placentalia,MACSE,312,315,C_terminal_MTase_like,other,209,0.9812206572769953,8,0.6172248803827751,1.810321423371983,C:9;E:3;G:30;K:1;Q:14;R:129;S:21;T:2
Placentalia,MACSE,313,316,C_terminal_MTase_like,other,209,0.9812206572769953,8,0.37320574162679426,2.102240302449696,A:51;D:3;E:1;L:2;R:1;S:24;T:78;V:49
Placentalia,MACSE,314,317,C_terminal_MTase_like,other,209,0.9812206572769953,9,0.3684210526315789,2.068377395596592,A:2;F:1;I:42;L:77;P:6;S:1;T:9;V:69;Y:2
Placentalia,MACSE,315,318,C_terminal_MTase_like,other,210,0.9859154929577465,8,0.7047619047619048,1.2200961608607273,G:1;H:7;L:1;P:1;Q:148;R:49;T:1;W:2
Placentalia,MACSE,316,319,C_terminal_MTase_like,other,209,0.9812206572769953,6,0.7799043062200957,1.1629060417297215,D:21;G:14;N:163;P:1;R:3;S:7
Placentalia,MACSE,317,320,C_terminal_MTase_like,other,212,0.9953051643192489,4,0.9858490566037735,0.12962772529478184,A:209;G:1;T:1;V:1
Placentalia,MACSE,318,321,C_terminal_MTase_like,other,212,0.9953051643192489,6,0.9386792452830188,0.4500545091053703,A:5;D:1;M:5;Q:1;T:1;V:199
Placentalia,MACSE,319,322,C_terminal_MTase_like,other,211,0.9906103286384976,6,0.5213270142180095,1.30918559511497,C:1;H:110;L:4;N:2;R:91;Y:3
Placentalia,MACSE,320,323,C_terminal_MTase_like,other,212,0.9953051643192489,4,0.9764150943396226,0.19345494652299267,C:1;L:3;P:1;V:207
Placentalia,MACSE,321,324,C_terminal_MTase_like,other,213,1.0,3,0.9906103286384976,0.086109015450176,P:1;W:211;Y:1
Placentalia,MACSE,322,325,C_terminal_MTase_like,other,213,1.0,6,0.9530516431924883,0.3564327836393701,A:1;M:1;Q:1;R:1;S:203;T:6
Placentalia,MACSE,323,326,C_terminal_MTase_like,other,213,1.0,5,0.9812206572769953,0.17208962677558248,D:1;L:1;N:209;S:1;V:1
Placentalia,MACSE,324,327,C_terminal_MTase_like,other,213,1.0,5,0.8873239436619719,0.6268483951872896,A:1;I:189;L:2;R:2;V:19
Placentalia,MACSE,325,328,C_terminal_MTase_like,other,213,1.0,1,1.0,0.0,P:213
Placentalia,MACSE,326,329,C_terminal_MTase_like,other,213,1.0,3,0.8591549295774648,0.6161438020818036,A:183;E:1;G:29
Placentalia,MACSE,327,330,C_terminal_MTase_like,other,211,0.9906103286384976,7,0.7298578199052133,1.2297317835076738,C:1;I:27;L:26;M:1;P:1;S:1;V:154
Placentalia,MACSE,328,331,C_terminal_MTase_like,other,212,0.9953051643192489,8,0.49528301886792453,1.287816281247991,E:1;G:1;K:99;N:2;P:1;Q:1;R:105;S:2
Placentalia,MACSE,329,332,C_terminal_MTase_like,other,210,0.9859154929577465,6,0.9476190476190476,0.40330294641553727,A:2;C:1;G:2;P:1;R:5;S:199
Placentalia,MACSE,330,334,C_terminal_MTase_like,other,211,0.9906103286384976,6,0.7014218009478673,1.0695644544869252,G:2;K:57;P:2;R:148;S:1;T:1
Placentalia,MACSE,331,335,C_terminal_MTase_like,other,212,0.9953051643192489,8,0.8773584905660378,0.7878115447766533,D:8;H:186;L:1;N:1;P:2;Q:12;R:1;S:1
Placentalia,MACSE,332,336,C_terminal_MTase_like,other,213,1.0,13,0.676056338028169,1.8841447883709548,A:18;C:1;E:3;G:1;K:3;L:12;M:3;P:2;R:3;S:144;T:4;V:4;W:15
Placentalia,MACSE,333,337,C_terminal_MTase_like,other,213,1.0,8,0.8544600938967136,0.9684532256923456,A:182;D:3;E:4;G:8;P:3;S:3;T:1;V:9
Placentalia,MACSE,334,338,C_terminal_MTase_like,other,212,0.9953051643192489,7,0.8867924528301887,0.7280239407628839,A:2;C:1;D:1;L:188;P:13;Q:5;R:2
Placentalia,MACSE,335,339,C_terminal_MTase_like,other,212,0.9953051643192489,13,0.3584905660377358,2.6535922492223976,A:45;D:26;E:3;F:3;G:10;I:2;K:2;L:7;P:5;Q:1;S:1;T:31;V:76
Placentalia,MACSE,336,340,C_terminal_MTase_like,other,213,1.0,5,0.5539906103286385,1.373398849156063,A:11;E:3;L:2;P:79;S:118
Placentalia,MACSE,337,341,C_terminal_MTase_like,switching_helix,213,1.0,10,0.38967136150234744,2.271102454570315,A:1;C:3;D:3;E:65;G:4;H:6;K:24;P:2;Q:83;R:22
Placentalia,MACSE,338,342,C_terminal_MTase_like,switching_helix,213,1.0,10,0.8497652582159625,0.991119409215024,A:1;D:14;E:181;H:1;K:5;N:2;Q:2;S:1;T:2;V:4
Placentalia,MACSE,339,343,C_terminal_MTase_like,switching_helix,213,1.0,7,0.8356807511737089,0.9792058337683827,A:17;E:178;F:1;L:3;P:2;Q:8;T:4
Placentalia,MACSE,340,344,C_terminal_MTase_like,switching_helix,213,1.0,9,0.7136150234741784,1.5943148696651541,A:7;E:8;G:2;L:152;Q:22;R:1;S:7;T:3;V:11
Placentalia,MACSE,341,345,C_terminal_MTase_like,switching_helix,213,1.0,10,0.7511737089201878,1.4572995927365575,A:15;C:1;F:13;G:2;K:1;L:7;P:2;S:160;T:10;Y:2
Placentalia,MACSE,342,346,C_terminal_MTase_like,switching_helix,213,1.0,7,0.892018779342723,0.6754100332813718,A:1;G:2;I:1;L:190;Q:1;S:15;V:3
Placentalia,MACSE,343,347,C_terminal_MTase_like,switching_helix,212,0.9953051643192489,9,0.7830188679245284,1.2335020030607962,E:17;F:1;I:1;K:1;L:166;M:2;P:1;Q:12;R:11
Placentalia,MACSE,344,348,C_terminal_MTase_like,switching_helix,212,0.9953051643192489,11,0.7641509433962265,1.3179269753491387,A:162;C:2;D:1;E:1;F:1;G:8;I:1;R:2;S:1;T:26;V:7
Placentalia,MACSE,345,349,C_terminal_MTase_like,switching_helix,212,0.9953051643192489,10,0.8066037735849056,1.2216211655357971,A:1;E:1;G:2;H:11;P:8;Q:171;R:10;S:2;T:1;W:5
Placentalia,MACSE,346,350,C_terminal_MTase_like,switching_helix,211,0.9906103286384976,11,0.5924170616113744,2.039811510594891,A:4;D:125;E:2;G:13;H:4;I:3;N:31;S:1;T:9;V:18;Y:1
Placentalia,MACSE,347,351,C_terminal_MTase_like,switching_helix,211,0.9906103286384976,10,0.8104265402843602,1.2177473551855393,A:3;C:2;D:1;G:13;K:9;M:2;R:171;S:2;T:5;W:3
Placentalia,MACSE,348,352,C_terminal_MTase_like,switching_helix,212,0.9953051643192489,8,0.6839622641509434,1.584117281380723,A:2;G:1;L:5;P:7;Q:145;R:23;S:4;T:25
Placentalia,MACSE,349,353,C_terminal_MTase_like,switching_helix,213,1.0,11,0.7699530516431925,1.2676009532441366,A:5;D:1;G:3;H:1;K:5;N:1;Q:1;R:164;S:29;T:1;W:2
Placentalia,MACSE,350,354,C_terminal_MTase_like,switching_helix,213,1.0,9,0.4460093896713615,2.3287005993678833,A:95;G:15;L:1;M:20;N:1;P:2;S:36;T:29;V:14
Placentalia,MACSE,351,355,C_terminal_MTase_like,switching_helix,213,1.0,10,0.7605633802816901,1.331299757355357,A:4;E:4;G:2;K:162;L:1;N:1;Q:2;R:28;S:3;T:6
Placentalia,MACSE,352,356,C_terminal_MTase_like,switching_helix_adjacent_loop,213,1.0,11,0.4225352112676056,2.1420588618206344,A:10;G:2;H:2;L:71;M:14;P:90;Q:1;R:1;S:18;T:1;V:3
Placentalia,MACSE,353,357,C_terminal_MTase_like,switching_helix_adjacent_loop,211,0.9906103286384976,12,0.6445497630331753,1.662345292165577,A:46;D:3;G:2;H:1;L:5;M:1;P:136;R:1;S:11;T:2;V:1;Y:2
Placentalia,MACSE,354,358,C_terminal_MTase_like,switching_helix_adjacent_loop,211,0.9906103286384976,11,0.5734597156398105,1.9617127123529416,A:121;G:7;H:1;I:1;L:8;N:1;P:6;R:3;S:11;T:48;V:4
Placentalia,MACSE,355,359,C_terminal_MTase_like,switching_helix_adjacent_loop,209,0.9812206572769953,11,0.6124401913875598,1.9633236804340441,A:6;D:1;E:5;G:1;H:1;K:23;L:4;P:24;Q:128;R:14;S:2
Placentalia,MACSE,356,360,C_terminal_MTase_like,switching_helix_adjacent_loop,213,1.0,12,0.5915492957746479,2.1781707424399848,A:7;D:3;E:4;G:126;K:26;P:3;Q:3;R:10;S:8;T:4;V:1;W:18
Placentalia,MACSE,357,361,C_terminal_MTase_like,other,213,1.0,9,0.8356807511737089,1.0220337226165306,A:5;D:6;H:1;I:1;L:4;P:178;S:1;T:1;V:16
Placentalia,MACSE,358,362,C_terminal_MTase_like,other,213,1.0,10,0.6338028169014085,1.6635715058428475,A:135;C:1;D:25;G:1;I:1;N:1;P:3;S:6;T:38;V:2
Placentalia,MACSE,359,363,C_terminal_MTase_like,other,213,1.0,13,0.3286384976525822,2.902958186858507,A:23;C:2;E:1;G:2;H:1;K:70;L:6;M:17;P:13;Q:7;R:20;S:10;T:41
Placentalia,MACSE,360,364,C_terminal_MTase_like,other,212,0.9953051643192489,5,0.9764150943396226,0.2064496988916883,L:207;M:1;P:1;S:1;W:2
Placentalia,MACSE,361,365,C_terminal_MTase_like,other,212,0.9953051643192489,6,0.9198113207547169,0.5322451763264805,A:2;F:2;I:1;L:11;R:1;V:195
Placentalia,MACSE,362,366,C_terminal_MTase_like,other,211,0.9906103286384976,7,0.9383886255924171,0.448053640006888,A:1;K:198;N:1;Q:1;R:8;S:1;Y:1
Placentalia,MACSE,363,367,C_terminal_MTase_like,other,212,0.9953051643192489,10,0.8018867924528302,1.1964505966601913,A:3;G:1;H:1;I:1;K:5;N:170;Q:2;S:19;T:8;Y:2
Placentalia,MACSE,364,368,C_terminal_MTase_like,other,210,0.9859154929577465,2,0.9952380952380953,0.043588095738005976,C:209;S:1
Placentalia,MACSE,365,369,C_terminal_MTase_like,other,212,0.9953051643192489,5,0.8490566037735849,0.7424698890077506,F:180;I:2;L:27;T:2;V:1
Placentalia,MACSE,366,370,C_terminal_MTase_like,other,212,0.9953051643192489,3,0.9716981132075472,0.2117925838096945,F:4;I:2;L:206
Placentalia,MACSE,367,371,C_terminal_MTase_like,other,212,0.9953051643192489,3,0.9811320754716981,0.15390412733042952,G:2;P:208;T:2
Placentalia,MACSE,368,372,C_terminal_MTase_like,other,212,0.9953051643192489,4,0.9811320754716981,0.16333808959458046,C:1;L:208;P:2;T:1
Placentalia,MACSE,369,373,C_terminal_MTase_like,other,211,0.9906103286384976,2,0.95260663507109,0.2752192319496578,K:10;R:201
Placentalia,MACSE,370,374,C_terminal_MTase_like,other,212,0.9953051643192489,5,0.9622641509433962,0.29785078587364683,D:2;E:204;R:1;S:4;T:1
Placentalia,MACSE,371,375,C_terminal_MTase_like,other,212,0.9953051643192489,3,0.9669811320754716,0.22884877813422105,F:1;H:6;Y:205
Placentalia,MACSE,372,376,C_terminal_MTase_like,other,211,0.9906103286384976,4,0.985781990521327,0.13014439546857304,A:1;F:208;P:1;S:1
Placentalia,MACSE,373,377,C_terminal_MTase_like,other,211,0.9906103286384976,8,0.9383886255924171,0.48781837709486514,C:1;D:1;G:2;K:198;L:1;Q:2;S:5;T:1
Placentalia,MACSE,374,378,C_terminal_MTase_like,other,210,0.9859154929577465,8,0.8571428571428571,0.8682157972544561,A:1;C:15;D:2;F:9;H:1;L:1;T:1;Y:180
Placentalia,MACSE,375,379,C_terminal_MTase_like,other,202,0.9483568075117371,7,0.9504950495049505,0.4054011478972133,A:1;F:192;H:1;I:2;L:2;P:1;S:3
Placentalia,MACSE,376,380,C_terminal_MTase_like,other,212,0.9953051643192489,7,0.9339622641509434,0.4914941065439084,C:1;F:1;H:1;N:1;P:6;Q:4;S:198
Placentalia,MACSE,377,381,C_terminal_tail,other,210,0.9859154929577465,11,0.6428571428571429,1.7096543149968715,A:8;C:1;E:6;G:1;K:3;M:1;P:2;Q:43;S:8;T:135;V:2
Placentalia,MACSE,378,382,C_terminal_tail,other,208,0.9765258215962441,11,0.6057692307692307,1.793795782630645,A:2;E:126;G:19;H:2;K:1;N:39;Q:1;R:1;S:15;T:1;V:1
Placentalia,MACSE,379,384,C_terminal_tail,other,209,0.9812206572769953,7,0.69377990430622,1.4788823482204896,A:9;C:2;I:2;L:2;P:24;S:25;T:145
Placentalia,MACSE,380,385,C_terminal_tail,other,209,0.9812206572769953,9,0.7320574162679426,1.1901098203280416,A:3;E:1;G:1;H:1;K:2;L:44;N:3;S:153;V:1
Placentalia,MACSE,381,386,C_terminal_tail,other,208,0.9765258215962441,10,0.7067307692307693,1.4120558431958827,A:8;C:2;E:1;F:2;G:2;H:3;P:40;S:147;T:1;Y:2
Placentalia,MACSE,382,387,C_terminal_tail,other,207,0.971830985915493,9,0.8888888888888888,0.8205404459481627,A:2;E:2;K:2;L:184;P:4;R:3;S:5;T:1;V:4
Placentalia,MAFFT,1,1,N_terminal,other,185,0.8685446009389671,8,0.9243243243243243,0.5578448956520323,L:2;M:171;P:1;Q:1;R:1;S:1;T:1;V:7
Placentalia,MAFFT,2,2,N_terminal,other,181,0.8497652582159625,10,0.7569060773480663,1.299171119523356,A:137;C:3;D:1;E:2;G:27;H:3;P:1;S:2;T:4;V:1
Placentalia,MAFFT,3,6,N_terminal,other,190,0.892018779342723,9,0.35789473684210527,2.5711723133823874,A:39;D:10;E:1;F:15;I:22;L:20;P:1;S:14;V:68
Placentalia,MAFFT,4,7,N_terminal,other,193,0.9061032863849765,5,0.8652849740932642,0.8005616091157273,L:167;M:7;P:13;R:2;V:4
Placentalia,MAFFT,5,8,N_terminal,other,194,0.9107981220657277,7,0.6391752577319587,1.6713096947394754,A:3;D:124;E:35;G:2;K:12;N:12;S:6
Placentalia,MAFFT,6,9,N_terminal,other,188,0.8826291079812206,9,0.574468085106383,1.9231970357327093,A:3;D:14;E:10;L:40;P:108;Q:1;R:6;T:3;V:3
Placentalia,MAFFT,7,10,N_terminal,other,191,0.8967136150234741,4,0.8324607329842932,0.7416705099786173,D:29;E:159;G:1;K:2
Placentalia,MAFFT,8,12,N_terminal,other,175,0.8215962441314554,4,0.96,0.28824558325365146,D:5;E:168;G:1;S:1
Placentalia,MAFFT,9,13,N_terminal,other,195,0.9154929577464789,12,0.46153846153846156,2.46931644999629,A:5;C:22;D:13;G:3;H:90;L:3;N:2;P:37;Q:11;R:6;S:2;V:1
Placentalia,MAFFT,10,14,N_terminal,other,195,0.9154929577464789,8,0.8307692307692308,1.0451775224421456,A:2;E:1;G:7;H:14;N:5;R:2;S:162;T:2
Placentalia,MAFFT,11,15,N_terminal,other,194,0.9107981220657277,11,0.5618556701030928,2.0818686640062873,A:3;C:1;G:1;I:1;K:8;L:14;M:109;P:4;R:2;T:32;V:19
Placentalia,MAFFT,12,16,N_terminal,other,197,0.9248826291079812,8,0.9390862944162437,0.4707048895079261,A:1;D:185;E:6;G:1;I:1;N:1;Q:1;S:1
Placentalia,MAFFT,13,17,N_terminal,other,197,0.9248826291079812,9,0.6091370558375635,1.4862646000966793,A:1;E:2;G:2;I:60;L:2;M:6;S:2;T:2;V:120
Placentalia,MAFFT,14,18,N_terminal,other,198,0.9295774647887324,4,0.803030303030303,0.9140544041760132,E:2;I:159;T:8;V:29
Placentalia,MAFFT,15,19,N_terminal,other,199,0.9342723004694836,5,0.8844221105527639,0.6930438453506458,L:176;M:2;P:14;S:2;V:5
Placentalia,MAFFT,16,20,N_terminal,other,199,0.9342723004694836,9,0.7236180904522613,1.3997701985217914,A:1;C:2;D:1;E:25;G:1;L:18;M:1;R:6;V:144
Placentalia,MAFFT,17,21,N_terminal,other,192,0.9014084507042254,5,0.7604166666666666,0.9277139728399559,D:42;G:146;H:1;R:1;S:2
Placentalia,MAFFT,18,22,N_terminal,other,199,0.9342723004694836,7,0.9447236180904522,0.43553119532978307,A:1;C:4;D:1;L:1;N:1;P:3;S:188
Placentalia,MAFFT,19,23,N_terminal,other,197,0.9248826291079812,9,0.8121827411167513,1.1608814432731673,A:1;E:3;G:4;K:9;M:1;N:3;R:14;S:160;T:2
Placentalia,MAFFT,20,24,N_terminal,other,196,0.92018779342723,6,0.8622448979591837,0.8797667335139994,A:3;D:5;E:169;G:9;K:7;P:3
Placentalia,MAFFT,21,25,N_terminal,other,192,0.9014084507042254,8,0.65625,1.6606098046814444,A:2;G:1;H:2;I:3;L:126;P:23;Q:21;R:14
Placentalia,MAFFT,22,26,N_terminal,other,194,0.9107981220657277,8,0.7525773195876289,1.316767451364373,A:5;I:2;K:1;L:25;P:8;Q:1;R:6;S:146
Placentalia,MAFFT,23,27,N_terminal,other,197,0.9248826291079812,9,0.7055837563451777,1.5942117054187153,A:22;C:9;G:2;H:1;L:1;P:11;R:5;S:139;T:7
Placentalia,MAFFT,24,28,N_terminal,other,197,0.9248826291079812,6,0.7563451776649747,1.1932655191789232,A:2;C:1;L:15;P:149;S:26;T:4
Placentalia,MAFFT,25,29,N_terminal,other,195,0.9154929577464789,9,0.4358974358974359,2.267333319942581,A:43;G:4;I:1;L:2;P:85;R:2;S:17;T:14;V:27
Placentalia,MAFFT,26,30,N_terminal,other,196,0.92018779342723,7,0.8622448979591837,0.8454417778512465,A:11;E:1;I:1;L:3;P:10;S:169;T:1
Placentalia,MAFFT,27,31,N_terminal,other,197,0.9248826291079812,8,0.8781725888324873,0.8494289980748694,A:7;H:1;L:2;P:173;R:4;S:2;T:3;V:5
Placentalia,MAFFT,28,32,N_terminal,other,196,0.92018779342723,9,0.37244897959183676,2.3941544914507107,A:8;E:10;G:73;K:4;P:34;Q:14;R:49;S:1;W:3
Placentalia,MAFFT,29,33,N_terminal,other,196,0.92018779342723,11,0.45918367346938777,2.360328970338401,A:8;E:10;H:1;L:41;P:90;Q:2;R:7;S:12;T:23;V:1;W:1
Placentalia,MAFFT,30,34,N_terminal,other,196,0.92018779342723,9,0.4336734693877551,2.176620212868438,A:1;C:9;D:3;G:85;H:12;P:1;Q:6;R:56;S:23
Placentalia,MAFFT,31,35,N_terminal,other,197,0.9248826291079812,3,0.9847715736040609,0.12772140633808815,E:1;P:2;R:194
Placentalia,MAFFT,32,36,N_terminal,other,196,0.92018779342723,4,0.6785714285714286,1.071664256342324,A:1;D:133;E:57;G:5
Placentalia,MAFFT,33,37,N_terminal,other,196,0.92018779342723,10,0.6785714285714286,1.7688914486315868,F:10;H:2;I:21;L:133;M:2;Q:6;R:11;S:3;V:7;W:1
Placentalia,MAFFT,34,38,N_terminal,other,193,0.9061032863849765,7,0.8756476683937824,0.7861916042645217,A:1;G:3;I:169;L:13;M:2;T:1;V:4
Placentalia,MAFFT,35,39,N_terminal,other,195,0.9154929577464789,11,0.8051282051282052,1.114769056849833,A:157;E:3;L:1;P:2;Q:1;R:24;S:1;T:1;V:2;W:1;Y:2
Placentalia,MAFFT,36,40,N_terminal,other,194,0.9107981220657277,5,0.9072164948453608,0.5305142658247972,G:1;H:15;L:1;N:1;Y:176
Placentalia,MAFFT,37,41,ADD,other,194,0.9107981220657277,5,0.9742268041237113,0.22226429487896932,D:1;E:189;G:1;K:2;R:1
Placentalia,MAFFT,38,42,ADD,other,194,0.9107981220657277,3,0.9690721649484536,0.2191275607962378,A:1;I:5;V:188
Placentalia,MAFFT,39,43,ADD,other,194,0.9107981220657277,9,0.6494845360824743,1.719882168023939,G:1;I:1;K:126;M:1;N:4;Q:15;R:15;S:4;T:27
Placentalia,MAFFT,40,44,ADD,other,193,0.9061032863849765,5,0.8963730569948186,0.5862876933242807,A:16;D:2;E:1;I:1;V:173
Placentalia,MAFFT,41,45,ADD,other,194,0.9107981220657277,6,0.9123711340206185,0.5660220294455592,D:3;G:1;H:1;K:11;N:177;R:1
Placentalia,MAFFT,42,46,ADD,other,194,0.9107981220657277,6,0.7783505154639175,1.1563534327563325,E:14;G:3;H:3;K:2;Q:151;R:21
Placentalia,MAFFT,43,47,ADD,other,194,0.9107981220657277,3,0.979381443298969,0.1616270015425733,H:1;Q:3;R:190
Placentalia,MAFFT,44,48,ADD,other,195,0.9154929577464789,8,0.4153846153846154,1.8592700182837554,A:13;D:80;G:1;H:6;N:81;P:1;R:3;S:10
Placentalia,MAFFT,45,49,ADD,other,195,0.9154929577464789,6,0.9743589743589743,0.2315735671707384,A:1;I:190;L:1;M:1;P:1;V:1
Placentalia,MAFFT,46,50,ADD,other,195,0.9154929577464789,2,0.9948717948717949,0.04639138357369902,E:194;R:1
Placentalia,MAFFT,47,51,ADD,other,199,0.9342723004694836,4,0.9045226130653267,0.5866154088805735,A:5;D:180;E:11;G:3
Placentalia,MAFFT,48,52,ADD,other,203,0.9530516431924883,5,0.4876847290640394,1.829729852413082,F:2;I:99;L:20;M:45;V:37
Placentalia,MAFFT,49,53,ADD,other,203,0.9530516431924883,1,1.0,0.0,C:203
Placentalia,MAFFT,50,54,ADD,other,203,0.9530516431924883,3,0.6059113300492611,1.0055922557924784,I:123;L:79;S:1
Placentalia,MAFFT,51,55,ADD,other,203,0.9530516431924883,4,0.9605911330049262,0.2813990394240874,C:195;G:6;S:1;V:1
Placentalia,MAFFT,52,56,ADD,other,204,0.9577464788732394,3,0.9901960784313726,0.08929436395256155,A:1;C:202;Q:1
Placentalia,MAFFT,53,57,ADD,other,204,0.9577464788732394,2,0.9950980392156863,0.04466460085095255,G:203;R:1
Placentalia,MAFFT,54,58,ADD,other,203,0.9530516431924883,4,0.9458128078817734,0.3633024189661518,C:1;G:2;S:192;T:8
Placentalia,MAFFT,55,59,ADD,other,203,0.9530516431924883,7,0.5369458128078818,1.2754553861150835,A:2;C:1;F:109;L:86;R:1;S:3;T:1
Placentalia,MAFFT,56,60,ADD,other,204,0.9577464788732394,6,0.8823529411764706,0.6382482868877275,G:1;K:1;L:1;P:1;Q:180;R:20
Placentalia,MAFFT,57,61,ADD,other,203,0.9530516431924883,4,0.9556650246305419,0.325470243004193,A:2;I:2;L:5;V:194
Placentalia,MAFFT,58,62,ADD,other,202,0.9483568075117371,6,0.7871287128712872,1.0130210099190937,C:2;H:159;Q:1;S:1;W:8;Y:31
Placentalia,MAFFT,59,63,ADD,other,202,0.9483568075117371,6,0.9108910891089109,0.6005957955077511,A:7;I:1;K:2;M:1;R:7;T:184
Placentalia,MAFFT,60,64,ADD,other,202,0.9483568075117371,4,0.8762376237623762,0.7140499197423876,E:7;K:4;Q:177;R:14
Placentalia,MAFFT,61,65,ADD,other,202,0.9483568075117371,1,1.0,0.0,H:202
Placentalia,MAFFT,62,66,ADD,other,202,0.9483568075117371,1,1.0,0.0,P:202
Placentalia,MAFFT,63,67,ADD,other,202,0.9483568075117371,1,1.0,0.0,L:202
Placentalia,MAFFT,64,68,ADD,other,202,0.9483568075117371,1,1.0,0.0,F:202
Placentalia,MAFFT,65,69,ADD,other,204,0.9577464788732394,6,0.9215686274509803,0.554106679734618,A:6;D:1;E:188;L:1;Q:5;V:3
Placentalia,MAFFT,66,70,ADD,other,204,0.9577464788732394,1,1.0,0.0,G:204
Placentalia,MAFFT,67,71,ADD,other,205,0.9624413145539906,1,1.0,0.0,G:205
Placentalia,MAFFT,68,72,ADD,other,213,1.0,6,0.7464788732394366,1.0427304923883978,A:1;I:45;L:6;M:159;Q:1;R:1
Placentalia,MAFFT,69,73,ADD,other,213,1.0,2,0.9953051643192489,0.04307048235072913,C:212;I:1
Placentalia,MAFFT,70,74,ADD,other,213,1.0,8,0.7417840375586855,1.230987053541492,A:158;F:1;I:5;L:1;Q:1;S:6;T:38;V:3
Placentalia,MAFFT,71,75,ADD,other,213,1.0,6,0.8779342723004695,0.7596314587865977,A:3;L:5;P:187;Q:3;R:1;S:14
Placentalia,MAFFT,72,76,ADD,other,213,1.0,4,0.9859154929577465,0.12911544787895674,C:210;G:1;L:1;T:1
Placentalia,MAFFT,73,77,ADD,other,213,1.0,2,0.9953051643192489,0.04307048235072913,E:1;K:212
Placentalia,MAFFT,74,78,ADD,other,213,1.0,4,0.9389671361502347,0.4129907213661744,A:2;D:200;G:3;N:8
Placentalia,MAFFT,75,79,ADD,other,213,1.0,5,0.8450704225352113,0.9039223714620997,I:6;K:180;N:3;R:13;T:11
Placentalia,MAFFT,76,80,ADD,other,213,1.0,4,0.9624413145539906,0.2797656724650248,F:205;L:1;S:2;Y:5
Placentalia,MAFFT,77,81,ADD,other,213,1.0,2,0.9812206572769953,0.13453094132957308,L:209;R:4
Placentalia,MAFFT,78,82,ADD,other,213,1.0,8,0.460093896713615,1.616323654217026,D:87;E:98;G:20;K:1;Q:1;R:1;S:4;Y:1
Placentalia,MAFFT,79,83,ADD,other,213,1.0,9,0.4413145539906103,2.236963387408604,A:44;C:94;G:2;H:1;N:1;R:15;S:17;T:34;Y:5
Placentalia,MAFFT,80,84,ADD,other,213,1.0,4,0.8826291079812206,0.6767941182114723,F:12;I:11;L:188;V:2
Placentalia,MAFFT,81,85,ADD,other,213,1.0,2,0.9953051643192489,0.04307048235072913,F:212;L:1
Placentalia,MAFFT,82,86,ADD,other,213,1.0,4,0.9483568075117371,0.34992689949408917,L:202;M:2;Q:8;V:1
Placentalia,MAFFT,83,87,ADD,other,213,1.0,1,1.0,0.0,Y:213
Placentalia,MAFFT,84,88,ADD,other,213,1.0,1,1.0,0.0,D:213
Placentalia,MAFFT,85,89,ADD,other,213,1.0,6,0.6572769953051644,1.1986625190187163,A:1;D:140;E:63;M:6;N:2;Q:1
Placentalia,MAFFT,86,90,ADD,other,213,1.0,1,1.0,0.0,D:213
Placentalia,MAFFT,87,91,ADD,other,213,1.0,2,0.9953051643192489,0.04307048235072913,E:1;G:212
Placentalia,MAFFT,88,92,ADD,other,213,1.0,4,0.8356807511737089,0.7714624838636072,C:1;H:29;N:5;Y:178
Placentalia,MAFFT,89,93,ADD,other,213,1.0,2,0.9248826291079812,0.38473681068167803,L:16;Q:197
Placentalia,MAFFT,90,94,ADD,other,213,1.0,4,0.971830985915493,0.22622751832666546,C:2;G:3;R:1;S:207
Placentalia,MAFFT,91,95,ADD,other,213,1.0,5,0.9107981220657277,0.6102847053757606,C:4;F:5;H:4;S:6;Y:194
Placentalia,MAFFT,92,96,ADD,other,213,1.0,1,1.0,0.0,C:213
Placentalia,MAFFT,93,97,ADD,other,213,1.0,3,0.9342723004694836,0.3741743346670573,C:1;S:199;T:13
Placentalia,MAFFT,94,98,ADD,other,213,1.0,2,0.9248826291079812,0.38473681068167803,I:197;V:16
Placentalia,MAFFT,95,99,ADD,other,213,1.0,1,1.0,0.0,C:213
Placentalia,MAFFT,96,100,ADD,other,213,1.0,4,0.8591549295774648,0.7974893676694497,A:7;C:183;G:15;S:8
Placentalia,MAFFT,97,101,ADD,other,213,1.0,5,0.5446009389671361,1.273082662103171,A:87;F:6;L:3;S:116;T:1
Placentalia,MAFFT,98,102,ADD,other,213,1.0,2,0.9859154929577465,0.10679203237584187,G:210;R:3
Placentalia,MAFFT,99,103,ADD,other,213,1.0,9,0.6384976525821596,1.741662559572108,D:37;E:136;G:16;H:8;K:6;N:3;Q:5;R:1;S:1
Placentalia,MAFFT,100,104,ADD,other,213,1.0,5,0.9577464788732394,0.3301332363658144,A:1;I:2;M:4;T:204;V:2
Placentalia,MAFFT,101,105,ADD,other,213,1.0,1,1.0,0.0,L:213
Placentalia,MAFFT,102,106,ADD,other,213,1.0,2,0.8732394366197183,0.548486608843174,F:27;L:186
Placentalia,MAFFT,103,107,ADD,other,213,1.0,3,0.9624413145539906,0.2668319283234123,I:205;L:3;V:5
Placentalia,MAFFT,104,108,ADD,other,212,0.9953051643192489,1,1.0,0.0,C:212
Placentalia,MAFFT,105,109,ADD,other,212,0.9953051643192489,3,0.8820754716981132,0.570792204618391,E:187;G:23;K:2
Placentalia,MAFFT,106,110,ADD,other,212,0.9953051643192489,4,0.7358490566037735,0.9010965335285857,D:1;L:1;N:156;S:54
Placentalia,MAFFT,107,111,ADD,other,212,0.9953051643192489,3,0.9905660377358491,0.08645083800713431,I:1;P:210;S:1
Placentalia,MAFFT,108,112,ADD,other,212,0.9953051643192489,3,0.9764150943396226,0.17814781209923547,D:207;E:4;Q:1
Placentalia,MAFFT,109,113,ADD,other,213,1.0,1,1.0,0.0,C:213
Placentalia,MAFFT,110,114,ADD,other,213,1.0,2,0.9953051643192489,0.04307048235072913,P:1;T:212
Placentalia,MAFFT,111,115,ADD,other,213,1.0,1,1.0,0.0,R:213
Placentalia,MAFFT,112,116,ADD,other,213,1.0,3,0.9765258215962441,0.17747271236974826,C:208;G:4;L:1
Placentalia,MAFFT,113,117,ADD,other,213,1.0,2,0.9765258215962441,0.1605260434756787,F:5;Y:208
Placentalia,MAFFT,114,118,ADD,other,212,0.9953051643192489,1,1.0,0.0,C:212
Placentalia,MAFFT,115,119,ADD,other,213,1.0,5,0.9483568075117371,0.37685336659976804,C:1;F:202;L:6;R:1;V:3
Placentalia,MAFFT,116,120,ADD,other,213,1.0,7,0.9295774647887324,0.5393452503865768,A:2;D:4;E:198;G:2;K:4;P:1;Q:2
Placentalia,MAFFT,117,121,ADD,other,213,1.0,1,1.0,0.0,C:213
Placentalia,MAFFT,118,122,ADD,other,212,0.9953051643192489,5,0.8443396226415094,0.9024470084127232,F:3;I:15;L:9;M:6;V:179
Placentalia,MAFFT,119,123,ADD,other,212,0.9953051643192489,1,1.0,0.0,D:212
Placentalia,MAFFT,120,124,ADD,other,212,0.9953051643192489,7,0.45754716981132076,2.0105210604484127,A:13;G:2;I:34;N:1;S:54;T:97;V:11
Placentalia,MAFFT,121,125,ADD,other,212,0.9953051643192489,1,1.0,0.0,L:212
Placentalia,MAFFT,122,126,ADD,other,212,0.9953051643192489,3,0.9669811320754716,0.22884877813422105,A:6;L:1;V:205
Placentalia,MAFFT,123,127,ADD,other,212,0.9953051643192489,4,0.839622641509434,0.761429280015706,A:5;C:1;G:178;S:28
Placentalia,MAFFT,124,128,ADD,other,212,0.9953051643192489,2,0.9952830188679245,0.04324154504802915,A:1;P:211
Placentalia,MAFFT,125,129,ADD,other,212,0.9953051643192489,3,0.9811320754716981,0.15390412733042952,G:208;K:2;R:2
Placentalia,MAFFT,126,130,ADD,other,212,0.9953051643192489,3,0.9386792452830188,0.38727128238788355,A:9;S:4;T:199
Placentalia,MAFFT,127,131,ADD,other,212,0.9953051643192489,2,0.9433962264150944,0.3138129641688651,A:12;S:200
Placentalia,MAFFT,128,132,ADD,other,212,0.9953051643192489,4,0.6650943396226415,1.179762002188177,A:5;D:6;E:60;G:141
Placentalia,MAFFT,129,133,ADD,other,212,0.9953051643192489,7,0.589622641509434,1.2126743664692685,H:1;K:125;L:1;Q:1;R:80;S:1;T:3
Placentalia,MAFFT,130,134,ADD,other,213,1.0,5,0.7934272300469484,0.937604900370956,A:6;I:35;L:1;M:2;V:169
Placentalia,MAFFT,131,135,ADD,other,212,0.9953051643192489,5,0.4811320754716981,1.5818577220833074,H:82;L:2;N:18;Q:102;S:8
Placentalia,MAFFT,132,136,ADD,other,212,0.9953051643192489,4,0.9198113207547169,0.5152747204331176,A:195;G:2;S:8;T:7
Placentalia,MAFFT,133,137,ADD,other,212,0.9953051643192489,7,0.8490566037735849,0.8992793692094233,G:1;I:1;L:4;M:180;R:2;T:7;V:17
Placentalia,MAFFT,134,138,ADD,other,212,0.9953051643192489,8,0.8349056603773585,0.9572437895677368,A:22;D:2;G:1;H:3;N:2;P:2;S:177;T:3
Placentalia,MAFFT,135,139,ADD,other,212,0.9953051643192489,9,0.6981132075471698,1.623634938550391,C:28;F:3;H:4;N:148;P:2;Q:4;R:4;S:10;Y:9
Placentalia,MAFFT,136,140,ADD,other,212,0.9953051643192489,1,1.0,0.0,W:212
Placentalia,MAFFT,137,141,ADD,other,212,0.9953051643192489,3,0.9575471698113207,0.2955014372847673,A:5;L:4;V:203
Placentalia,MAFFT,138,142,ADD,other,212,0.9953051643192489,1,1.0,0.0,C:212
Placentalia,MAFFT,139,143,ADD,other,212,0.9953051643192489,4,0.9528301886792453,0.33891812192079596,F:202;P:2;S:2;Y:6
Placentalia,MAFFT,140,144,ADD,other,212,0.9953051643192489,1,1.0,0.0,L:212
Placentalia,MAFFT,141,145,ADD,other,213,1.0,1,1.0,0.0,C:213
Placentalia,MAFFT,142,146,ADD,other,213,1.0,4,0.971830985915493,0.22622751832666546,A:2;L:207;R:3;V:1
Placentalia,MAFFT,143,147,ADD,other,213,1.0,4,0.9859154929577465,0.12911544787895674,I:1;P:210;S:1;T:1
Placentalia,MAFFT,144,148,ADD,other,213,1.0,7,0.8732394366197183,0.7577280409102565,C:1;F:186;G:2;I:2;L:3;S:18;T:1
Placentalia,MAFFT,145,149,ADD,other,213,1.0,5,0.5727699530516432,1.451158497518528,A:3;P:122;R:4;S:69;T:15
Placentalia,MAFFT,146,150,ADD,other,213,1.0,10,0.8169014084507042,1.1724597837387989,C:5;G:3;H:6;K:1;L:1;N:2;P:1;Q:6;R:174;S:14
Placentalia,MAFFT,147,151,ADD,other,213,1.0,8,0.8356807511737089,0.9788395466726905,C:5;D:2;E:1;H:7;N:18;R:1;S:178;T:1
Placentalia,MAFFT,148,152,ADD,other,213,1.0,1,1.0,0.0,G:213
Placentalia,MAFFT,149,153,ADD,other,213,1.0,3,0.9859154929577465,0.11972577651745439,L:210;M:1;R:2
Placentalia,MAFFT,150,154,ADD,other,213,1.0,1,1.0,0.0,L:213
Placentalia,MAFFT,151,155,ADD,other,213,1.0,7,0.7417840375586855,1.1767150236244879,H:13;K:1;L:2;N:1;Q:158;R:37;W:1
Placentalia,MAFFT,152,156,ADD,other,213,1.0,3,0.9765258215962441,0.17747271236974826,M:1;Q:4;R:208
Placentalia,MAFFT,153,157,ADD,other,213,1.0,2,0.9953051643192489,0.04307048235072913,R:212;T:1
Placentalia,MAFFT,154,158,ADD,other,213,1.0,9,0.6009389671361502,1.4480106123207357,A:1;D:1;H:1;K:68;N:2;P:6;Q:5;R:128;V:1
Placentalia,MAFFT,155,159,ADD,other,213,1.0,5,0.8967136150234741,0.5913731791073067,K:191;Q:3;R:17;T:1;V:1
Placentalia,MAFFT,156,160,ADD,other,213,1.0,1,1.0,0.0,W:213
Placentalia,MAFFT,157,161,ADD,other,213,1.0,4,0.9765258215962441,0.19625205509275295,H:1;Q:2;R:208;W:2
Placentalia,MAFFT,158,162,ADD,other,213,1.0,10,0.460093896713615,2.4470588191732823,A:18;D:8;E:18;G:98;H:27;P:1;Q:2;S:23;T:17;V:1
Placentalia,MAFFT,159,163,ADD,other,213,1.0,6,0.3755868544600939,1.9978495955915159,C:2;G:16;H:5;Q:65;R:45;W:80
Placentalia,MAFFT,160,164,ADD,other,213,1.0,2,0.9953051643192489,0.04307048235072913,L:212;V:1
Placentalia,MAFFT,161,165,ADD,other,213,1.0,3,0.9906103286384976,0.086109015450176,K:211;Q:1;R:1
Placentalia,MAFFT,162,166,ADD,other,213,1.0,5,0.9671361502347418,0.26910400472393003,A:206;D:2;H:1;T:1;V:3
Placentalia,MAFFT,163,167,ADD,other,213,1.0,2,0.9671361502347418,0.20855660119228797,F:206;L:7
Placentalia,MAFFT,164,168,ADD,other,212,0.9953051643192489,5,0.4528301886792453,1.8153382358806456,C:67;F:4;H:31;Q:14;Y:96
Placentalia,MAFFT,165,169,ADD,other,212,0.9953051643192489,5,0.9716981132075472,0.24009447060214734,D:206;E:2;G:1;L:1;Q:2
Placentalia,MAFFT,166,170,ADD,other,212,0.9953051643192489,7,0.6367924528301887,1.5732435317757556,E:2;G:13;K:1;L:20;Q:40;R:135;S:1
Placentalia,MAFFT,167,171,ADD,other,213,1.0,7,0.9342723004694836,0.49856905702103566,D:5;E:199;G:2;H:1;N:1;P:1;Q:4
Placentalia,MAFFT,168,172,ADD,other,213,1.0,10,0.43661971830985913,1.8137374182045485,A:82;G:25;K:1;L:2;M:1;P:1;Q:1;S:93;T:2;V:5
Placentalia,MAFFT,169,173,ADD,other,212,0.9953051643192489,11,0.6415094339622641,1.8756830380647358,A:31;D:13;E:136;G:4;H:1;K:10;N:5;P:1;S:6;T:2;V:3
Placentalia,MAFFT,170,174,linker,other,213,1.0,11,0.6807511737089202,1.3948950169736702,A:1;C:2;D:1;G:4;H:1;K:2;N:51;Q:1;R:1;S:145;T:4
Placentalia,MAFFT,171,175,linker,other,208,0.9765258215962441,5,0.8798076923076923,0.7068049137430815,A:2;G:1;P:183;S:8;T:14
Placentalia,MAFFT,172,176,linker,other,213,1.0,8,0.8356807511737089,1.0364265285965937,E:1;F:8;I:2;L:178;M:4;P:1;Q:8;V:11
Placentalia,MAFFT,173,177,linker,other,213,1.0,5,0.92018779342723,0.5417858177797462,E:196;G:2;K:8;Q:2;V:5
Placentalia,MAFFT,174,178,C_terminal_MTase_like,other,213,1.0,5,0.6948356807511737,1.2850008284011272,I:24;L:2;M:148;T:37;V:2
Placentalia,MAFFT,175,179,C_terminal_MTase_like,other,213,1.0,3,0.8356807511737089,0.6964675702218581,F:33;H:2;Y:178
Placentalia,MAFFT,176,180,C_terminal_MTase_like,other,213,1.0,4,0.784037558685446,0.9614434610736462,A:6;E:36;K:167;Q:4
Placentalia,MAFFT,177,181,C_terminal_MTase_like,other,213,1.0,3,0.9248826291079812,0.4520448469284053,I:11;P:5;T:197
Placentalia,MAFFT,178,182,C_terminal_MTase_like,other,213,1.0,2,0.971830985915493,0.1851247601005459,L:6;V:207
Placentalia,MAFFT,179,183,C_terminal_MTase_like,other,213,1.0,3,0.863849765258216,0.6035296308732406,A:1;P:184;S:28
Placentalia,MAFFT,180,184,C_terminal_MTase_like,other,213,1.0,6,0.7370892018779343,1.0287178834294501,A:49;E:1;M:4;P:1;T:1;V:157
Placentalia,MAFFT,181,185,C_terminal_MTase_like,other,213,1.0,3,0.9765258215962441,0.17747271236974826,C:4;G:1;W:208
Placentalia,MAFFT,182,186,C_terminal_MTase_like,other,213,1.0,2,0.8403755868544601,0.6334102740623948,K:179;R:34
Placentalia,MAFFT,183,187,C_terminal_MTase_like,other,213,1.0,2,0.9906103286384976,0.07671934408867366,K:2;R:211
Placentalia,MAFFT,184,188,C_terminal_MTase_like,other,213,1.0,6,0.7417840375586855,1.1169095959504256,A:3;E:158;G:1;K:6;Q:43;R:2
Placentalia,MAFFT,185,189,C_terminal_MTase_like,other,213,1.0,3,0.9906103286384976,0.086109015450176,A:1;P:211;S:1
Placentalia,MAFFT,186,190,C_terminal_MTase_like,other,213,1.0,4,0.7417840375586855,1.1621235840624422,I:35;L:10;M:10;V:158
Placentalia,MAFFT,187,191,C_terminal_MTase_like,other,213,1.0,2,0.971830985915493,0.1851247601005459,Q:6;R:207
Placentalia,MAFFT,188,192,C_terminal_MTase_like,other,213,1.0,2,0.9906103286384976,0.07671934408867366,A:2;V:211
Placentalia,MAFFT,189,193,C_terminal_MTase_like,other,213,1.0,1,1.0,0.0,L:213
Placentalia,MAFFT,190,194,C_terminal_MTase_like,other,213,1.0,5,0.9107981220657277,0.6072094845679973,A:6;C:3;N:6;S:194;T:4
Placentalia,MAFFT,191,195,C_terminal_MTase_like,other,213,1.0,2,0.9953051643192489,0.04307048235072913,L:212;V:1
Placentalia,MAFFT,192,196,C_terminal_MTase_like,other,213,1.0,1,1.0,0.0,F:213
Placentalia,MAFFT,193,197,C_terminal_MTase_like,other,213,1.0,4,0.863849765258216,0.6681054316764393,E:25;G:184;K:1;R:3
Placentalia,MAFFT,194,198,C_terminal_MTase_like,other,213,1.0,6,0.704225352112676,1.2532747890501466,A:1;D:150;E:5;H:2;K:9;N:46
Placentalia,MAFFT,195,199,C_terminal_MTase_like,other,213,1.0,1,1.0,0.0,I:213
Placentalia,MAFFT,196,200,C_terminal_MTase_like,other,213,1.0,8,0.5070422535211268,2.0213272129348634,D:18;E:9;G:15;K:108;N:2;Q:7;R:53;T:1
Placentalia,MAFFT,197,201,C_terminal_MTase_like,other,213,1.0,9,0.6854460093896714,1.6615343407883385,A:2;D:1;E:5;K:146;N:21;P:3;Q:6;R:22;T:7
Placentalia,MAFFT,198,202,C_terminal_MTase_like,other,213,1.0,2,0.9859154929577465,0.10679203237584187,E:210;V:3
Placentalia,MAFFT,199,203,C_terminal_MTase_like,other,213,1.0,1,1.0,0.0,L:213
Placentalia,MAFFT,200,204,C_terminal_MTase_like,other,213,1.0,9,0.4835680751173709,2.2589610645427807,A:11;E:16;K:16;L:3;M:43;R:2;S:2;T:103;V:17
Placentalia,MAFFT,201,205,C_terminal_MTase_like,other,213,1.0,3,0.9812206572769953,0.1533102840525778,N:2;S:209;T:2
Placentalia,MAFFT,202,206,C_terminal_MTase_like,other,213,1.0,1,1.0,0.0,L:213
Placentalia,MAFFT,203,207,C_terminal_MTase_like,other,213,1.0,1,1.0,0.0,G:213
Placentalia,MAFFT,204,208,C_terminal_MTase_like,other,213,1.0,2,0.9953051643192489,0.04307048235072913,F:212;L:1
Placentalia,MAFFT,205,209,C_terminal_MTase_like,other,213,1.0,2,0.9859154929577465,0.10679203237584187,L:210;V:3
Placentalia,MAFFT,206,210,C_terminal_MTase_like,other,212,0.9953051643192489,4,0.9481132075471698,0.35121578509638485,D:1;E:201;G:8;W:2
Placentalia,MAFFT,207,211,C_terminal_MTase_like,other,213,1.0,13,0.3474178403755869,2.986788503921331,A:3;D:26;E:1;G:13;H:13;I:1;N:24;P:20;Q:2;R:9;S:74;T:15;Y:12
Placentalia,MAFFT,208,212,C_terminal_MTase_like,other,213,1.0,6,0.9154929577464789,0.5957862838882596,A:1;D:4;G:195;I:3;S:3;V:7
Placentalia,MAFFT,209,213,C_terminal_MTase_like,other,213,1.0,8,0.92018779342723,0.575026735439164,A:9;C:1;F:2;G:1;P:2;S:196;T:1;Y:1
Placentalia,MAFFT,210,214,C_terminal_MTase_like,other,213,1.0,10,0.3051643192488263,2.568945251282245,A:16;D:56;E:65;G:34;K:24;N:5;Q:3;S:6;T:3;V:1
Placentalia,MAFFT,211,215,C_terminal_MTase_like,other,213,1.0,11,0.5446009389671361,2.4056373974852185,A:17;D:2;E:13;G:16;H:8;L:12;P:116;Q:7;R:4;S:14;T:4
Placentalia,MAFFT,212,216,C_terminal_MTase_like,other,213,1.0,6,0.92018779342723,0.566214308473972,A:4;D:3;E:7;G:196;R:2;S:1
Placentalia,MAFFT,213,217,C_terminal_MTase_like,other,213,1.0,11,0.5070422535211268,2.1539066085669787,G:18;H:1;K:31;M:1;N:4;P:1;Q:35;R:108;S:1;T:12;Y:1
Placentalia,MAFFT,214,218,C_terminal_MTase_like,other,213,1.0,5,0.9624413145539906,0.2967123413590944,I:1;L:205;P:1;R:2;V:4
Placentalia,MAFFT,215,219,C_terminal_MTase_like,other,213,1.0,5,0.8169014084507042,0.7807684543591622,K:174;M:1;R:36;V:1;W:1
Placentalia,MAFFT,216,220,C_terminal_MTase_like,other,213,1.0,4,0.812206572769953,0.760005728714056,F:1;H:173;R:1;Y:38
Placentalia,MAFFT,217,221,C_terminal_MTase_like,other,213,1.0,2,0.8873239436619719,0.5079353563991224,L:189;V:24
Placentalia,MAFFT,218,222,C_terminal_MTase_like,other,213,1.0,8,0.6901408450704225,1.3067504552689426,A:2;D:147;E:51;G:3;H:3;K:1;S:2;V:4
Placentalia,MAFFT,219,223,C_terminal_MTase_like,other,213,1.0,3,0.9906103286384976,0.086109015450176,D:211;E:1;N:1
Placentalia,MAFFT,220,224,C_terminal_MTase_like,other,213,1.0,3,0.9295774647887324,0.4073935305000312,A:13;T:2;V:198
Placentalia,MAFFT,221,225,C_terminal_MTase_like,other,213,1.0,3,0.9859154929577465,0.11972577651745439,R:1;S:2;T:210
Placentalia,MAFFT,222,226,C_terminal_MTase_like,other,213,1.0,3,0.5164319248826291,1.0373530316398987,D:102;E:1;N:110
Placentalia,MAFFT,223,227,C_terminal_MTase_like,other,213,1.0,3,0.7183098591549296,1.1373983130464094,I:27;T:33;V:153
Placentalia,MAFFT,224,228,C_terminal_MTase_like,other,213,1.0,3,0.9906103286384976,0.086109015450176,A:1;M:1;V:211
Placentalia,MAFFT,225,229,C_terminal_MTase_like,other,213,1.0,1,1.0,0.0,R:213
Placentalia,MAFFT,226,230,C_terminal_MTase_like,other,213,1.0,2,0.7746478873239436,0.7698205808588191,K:48;R:165
Placentalia,MAFFT,227,231,C_terminal_MTase_like,other,213,1.0,5,0.9107981220657277,0.5771326209221442,D:194;E:7;H:1;N:9;S:2
Placentalia,MAFFT,228,232,C_terminal_MTase_like,other,213,1.0,3,0.9295774647887324,0.3923829550400676,A:1;I:14;V:198
Placentalia,MAFFT,229,233,C_terminal_MTase_like,other,213,1.0,6,0.8779342723004695,0.6484337535168776,D:22;E:187;G:1;K:1;Q:1;V:1
Placentalia,MAFFT,230,234,C_terminal_MTase_like,other,213,1.0,10,0.45539906103286387,2.368547019168887,A:28;D:6;E:97;G:41;H:5;K:15;Q:3;R:14;S:3;V:1
Placentalia,MAFFT,231,235,C_terminal_MTase_like,other,213,1.0,1,1.0,0.0,W:213
Placentalia,MAFFT,232,236,C_terminal_MTase_like,other,213,1.0,2,0.9953051643192489,0.04307048235072913,G:212;V:1
Placentalia,MAFFT,233,237,C_terminal_MTase_like,other,213,1.0,2,0.9906103286384976,0.07671934408867366,P:211;S:2
Placentalia,MAFFT,234,238,C_terminal_MTase_like,other,213,1.0,2,0.9906103286384976,0.07671934408867366,F:211;I:2
Placentalia,MAFFT,235,239,C_terminal_MTase_like,other,213,1.0,4,0.9530516431924883,0.3165725723920787,D:203;G:1;H:1;N:8
Placentalia,MAFFT,236,240,C_terminal_MTase_like,other,213,1.0,3,0.9906103286384976,0.086109015450176,F:1;I:1;L:211
Placentalia,MAFFT,237,241,C_terminal_MTase_like,other,213,1.0,6,0.5727699530516432,1.8107636677767853,A:24;I:1;L:32;M:8;T:26;V:122
Placentalia,MAFFT,238,242,C_terminal_MTase_like,other,213,1.0,2,0.9765258215962441,0.1605260434756787,F:5;Y:208
Placentalia,MAFFT,239,243,C_terminal_MTase_like,other,213,1.0,2,0.9953051643192489,0.04307048235072913,G:212;S:1
Placentalia,MAFFT,240,244,C_terminal_MTase_like,other,213,1.0,3,0.7370892018779343,1.0281838042414233,A:44;C:12;S:157
Placentalia,MAFFT,241,245,C_terminal_MTase_like,other,213,1.0,2,0.9906103286384976,0.07671934408867366,M:2;T:211
Placentalia,MAFFT,242,246,C_terminal_MTase_like,other,213,1.0,7,0.8544600938967136,0.7651554922421253,H:1;L:1;N:1;P:182;Q:25;R:2;S:1
Placentalia,MAFFT,243,247,C_terminal_MTase_like,other,213,1.0,7,0.6807511737089202,1.4489838729020745,A:41;H:4;L:3;P:145;R:3;S:2;T:15
Placentalia,MAFFT,244,248,C_terminal_MTase_like,other,213,1.0,8,0.7464788732394366,1.4658462597317825,F:6;I:7;L:159;P:10;Q:5;R:9;T:1;V:16
Placentalia,MAFFT,245,249,C_terminal_MTase_like,other,213,1.0,5,0.9530516431924883,0.3599768564194803,G:203;H:2;R:4;S:3;V:1
Placentalia,MAFFT,246,250,C_terminal_MTase_like,other,212,0.9953051643192489,8,0.6886792452830188,1.5430689926109014,C:5;D:1;G:1;H:146;Q:32;R:5;S:7;Y:15
Placentalia,MAFFT,247,251,C_terminal_MTase_like,other,212,0.9953051643192489,6,0.5330188679245284,1.658718668542907,A:113;D:4;I:1;P:5;S:28;T:61
Placentalia,MAFFT,248,252,C_terminal_MTase_like,other,212,0.9953051643192489,11,0.8537735849056604,1.0314444402733678,A:2;C:181;F:6;G:3;H:1;L:1;R:6;S:7;T:1;V:1;Y:3
Placentalia,MAFFT,249,253,C_terminal_MTase_like,other,213,1.0,12,0.7089201877934272,1.716907372019351,A:3;C:1;D:151;E:12;G:8;H:2;K:1;N:13;P:2;S:14;V:1;Y:5
Placentalia,MAFFT,250,254,C_terminal_MTase_like,other,213,1.0,5,0.5868544600938967,1.3597723709354168,C:1;H:125;N:1;Q:19;R:67
Placentalia,MAFFT,251,255,C_terminal_MTase_like,other,213,1.0,3,0.7746478873239436,0.9906360753154169,C:28;P:165;S:20
Placentalia,MAFFT,252,256,C_terminal_MTase_like,other,213,1.0,1,1.0,0.0,P:213
Placentalia,MAFFT,253,257,C_terminal_MTase_like,other,213,1.0,5,0.5258215962441315,1.7175686351432968,A:57;C:2;G:112;S:23;V:19
Placentalia,MAFFT,254,258,C_terminal_MTase_like,other,213,1.0,2,0.9953051643192489,0.04307048235072913,G:1;W:212
Placentalia,MAFFT,255,259,C_terminal_MTase_like,other,213,1.0,3,0.9014084507042254,0.5337722097107314,F:17;H:4;Y:192
Placentalia,MAFFT,256,260,C_terminal_MTase_like,other,213,1.0,3,0.7464788732394366,1.0700816372235198,L:159;M:28;V:26
Placentalia,MAFFT,257,261,C_terminal_MTase_like,other,213,1.0,3,0.704225352112676,1.15212778279042,F:150;L:22;Y:41
Placentalia,MAFFT,258,262,C_terminal_MTase_like,other,212,0.9953051643192489,2,0.9905660377358491,0.07701687574298335,H:2;Q:210
Placentalia,MAFFT,259,263,C_terminal_MTase_like,other,213,1.0,2,0.9812206572769953,0.13453094132957308,F:209;Y:4
Placentalia,MAFFT,260,264,C_terminal_MTase_like,other,213,1.0,3,0.971830985915493,0.21099224838377095,C:4;H:207;R:2
Placentalia,MAFFT,261,265,C_terminal_MTase_like,other,213,1.0,1,1.0,0.0,R:213
Placentalia,MAFFT,262,266,C_terminal_MTase_like,other,213,1.0,4,0.4413145539906103,1.6638375347079024,I:94;L:61;M:5;V:53
Placentalia,MAFFT,263,267,C_terminal_MTase_like,other,213,1.0,2,0.9906103286384976,0.07671934408867366,L:211;R:2
Placentalia,MAFFT,264,268,C_terminal_MTase_like,other,213,1.0,4,0.9061032863849765,0.5027713187295887,A:1;L:1;Q:193;R:18
Placentalia,MAFFT,265,269,C_terminal_MTase_like,other,213,1.0,2,0.9953051643192489,0.04307048235072913,F:1;Y:212
Placentalia,MAFFT,266,270,C_terminal_MTase_like,other,213,1.0,4,0.9389671361502347,0.41061401983248147,A:200;S:7;T:1;V:5
Placentalia,MAFFT,267,271,C_terminal_MTase_like,other,213,1.0,7,0.8685446009389671,0.8190835892004427,C:3;K:5;L:3;M:1;Q:15;R:185;W:1
Placentalia,MAFFT,268,272,C_terminal_MTase_like,other,213,1.0,4,0.9812206572769953,0.16269995541408014,D:1;E:1;P:209;S:2
Placentalia,MAFFT,269,273,C_terminal_MTase_like,other,211,0.9906103286384976,12,0.4976303317535545,2.475833152619739,A:2;G:15;H:10;K:10;L:16;N:1;P:28;Q:11;R:105;S:11;T:1;W:1
Placentalia,MAFFT,270,274,C_terminal_MTase_like,other,205,0.9624413145539906,7,0.7560975609756098,1.3658273774113505,A:7;F:1;L:9;P:155;Q:15;R:5;S:13
Placentalia,MAFFT,271,275,C_terminal_MTase_like,other,213,1.0,9,0.784037558685446,1.2552114204149492,A:17;C:2;D:3;E:6;G:167;K:1;P:2;R:1;S:14
Placentalia,MAFFT,272,276,C_terminal_MTase_like,other,213,1.0,9,0.8028169014084507,1.1586182664472182,A:1;C:7;D:3;G:5;H:1;N:2;R:21;S:171;T:2
Placentalia,MAFFT,273,277,C_terminal_MTase_like,other,212,0.9953051643192489,10,0.5849056603773585,1.691391866963892,A:3;E:2;G:5;K:1;L:2;P:124;Q:61;R:9;S:3;T:2
Placentalia,MAFFT,274,278,C_terminal_MTase_like,other,212,0.9953051643192489,4,0.6415094339622641,1.2037967406060304,K:10;L:2;Q:136;R:64
Placentalia,MAFFT,275,279,C_terminal_MTase_like,other,213,1.0,3,0.9624413145539906,0.25140020777034683,A:7;P:205;T:1
Placentalia,MAFFT,276,280,C_terminal_MTase_like,other,213,1.0,2,0.9953051643192489,0.04307048235072913,C:1;F:212
Placentalia,MAFFT,277,281,C_terminal_MTase_like,other,213,1.0,1,1.0,0.0,F:213
Placentalia,MAFFT,278,282,C_terminal_MTase_like,other,213,1.0,1,1.0,0.0,W:213
Placentalia,MAFFT,279,283,C_terminal_MTase_like,other,213,1.0,5,0.8685446009389671,0.7550744704167563,A:1;I:14;L:11;M:185;V:2
Placentalia,MAFFT,280,284,C_terminal_MTase_like,other,213,1.0,1,1.0,0.0,F:213
Placentalia,MAFFT,281,285,C_terminal_MTase_like,other,213,1.0,4,0.9154929577464789,0.5317140968063649,A:4;L:3;M:11;V:195
Placentalia,MAFFT,282,286,C_terminal_MTase_like,other,213,1.0,1,1.0,0.0,D:213
Placentalia,MAFFT,283,287,C_terminal_MTase_like,other,213,1.0,4,0.892018779342723,0.6473362591787273,H:11;N:190;S:9;T:3
Placentalia,MAFFT,284,288,C_terminal_MTase_like,other,213,1.0,2,0.9953051643192489,0.04307048235072913,L:212;V:1
Placentalia,MAFFT,285,289,C_terminal_MTase_like,other,213,1.0,6,0.676056338028169,1.230800886435594,A:1;L:56;M:7;Q:1;R:4;V:144
Placentalia,MAFFT,286,290,C_terminal_MTase_like,other,213,1.0,3,0.9671361502347418,0.23692206588696596,F:2;L:206;M:5
Placentalia,MAFFT,287,291,C_terminal_MTase_like,other,213,1.0,7,0.6807511737089202,1.4026760314322768,A:2;G:3;K:1;N:29;R:1;S:32;T:145
Placentalia,MAFFT,288,292,C_terminal_MTase_like,other,213,1.0,12,0.3333333333333333,2.475522614945525,A:6;D:1;E:71;G:5;K:52;N:1;P:5;Q:52;R:8;S:8;T:2;V:2
Placentalia,MAFFT,289,293,C_terminal_MTase_like,other,213,1.0,4,0.5633802816901409,1.115357346370462,A:1;D:120;E:89;N:3
Placentalia,MAFFT,290,294,C_terminal_MTase_like,other,213,1.0,5,0.9389671361502347,0.4140497001886281,D:200;E:9;N:2;S:1;T:1
Placentalia,MAFFT,291,295,C_terminal_MTase_like,other,213,1.0,8,0.4225352112676056,1.9372305606118234,C:2;E:2;H:10;L:28;Q:90;R:75;V:5;Y:1
Placentalia,MAFFT,292,296,C_terminal_MTase_like,other,213,1.0,12,0.26291079812206575,2.670935165541479,A:51;D:56;E:5;H:2;I:9;K:2;L:3;M:1;R:4;S:4;T:35;V:41
Placentalia,MAFFT,293,297,C_terminal_MTase_like,other,213,1.0,5,0.647887323943662,1.5260388464721584,A:12;I:19;L:5;T:39;V:138
Placentalia,MAFFT,294,298,C_terminal_MTase_like,other,213,1.0,3,0.9107981220657277,0.5079692410354812,A:194;T:14;V:5
Placentalia,MAFFT,295,299,C_terminal_MTase_like,other,213,1.0,9,0.676056338028169,1.643494366230495,A:18;C:6;D:3;I:1;N:3;S:29;T:144;V:8;Y:1
Placentalia,MAFFT,296,300,C_terminal_MTase_like,other,213,1.0,1,1.0,0.0,R:213
Placentalia,MAFFT,297,301,C_terminal_MTase_like,other,213,1.0,1,1.0,0.0,F:213
Placentalia,MAFFT,298,302,C_terminal_MTase_like,other,213,1.0,2,0.9436619718309859,0.31273337639664334,F:12;L:201
Placentalia,MAFFT,299,303,C_terminal_MTase_like,other,213,1.0,2,0.8779342723004695,0.5352697297532727,E:187;Q:26
Placentalia,MAFFT,300,304,C_terminal_MTase_like,other,213,1.0,9,0.4694835680751174,2.01454369450019,A:44;G:1;I:6;L:2;M:47;Q:1;S:2;T:100;V:10
Placentalia,MAFFT,301,305,C_terminal_MTase_like,other,213,1.0,7,0.48826291079812206,1.3504740196994183,D:104;E:98;K:4;N:1;P:1;Q:3;S:2
Placentalia,MAFFT,302,306,C_terminal_MTase_like,other,213,1.0,6,0.8591549295774648,0.7806186495273849,A:21;F:1;P:183;Q:5;R:1;T:2
Placentalia,MAFFT,303,307,C_terminal_MTase_like,other,213,1.0,7,0.8403755868544601,0.8952272634250988,A:15;L:1;M:1;P:1;S:1;T:15;V:179
Placentalia,MAFFT,304,308,C_terminal_MTase_like,other,213,1.0,5,0.9530516431924883,0.3470431122778677,A:1;H:1;I:6;S:2;T:203
Placentalia,MAFFT,305,309,C_terminal_MTase_like,other,213,1.0,5,0.7323943661971831,1.0329704505854136,G:3;I:156;L:50;P:2;V:2
Placentalia,MAFFT,306,310,C_terminal_MTase_like,other,213,1.0,7,0.7887323943661971,1.0712349681201476,A:1;K:1;L:4;P:29;Q:168;R:9;S:1
Placentalia,MAFFT,307,311,C_terminal_MTase_like,other,210,0.9859154929577465,6,0.8761904761904762,0.7891814667117042,D:184;E:11;G:3;H:5;N:6;Y:1
Placentalia,MAFFT,308,312,C_terminal_MTase_like,other,210,0.9859154929577465,8,0.7857142857142857,1.1294646097121417,A:8;F:2;I:28;L:2;Q:1;R:1;T:3;V:165
Placentalia,MAFFT,309,313,C_terminal_MTase_like,other,210,0.9859154929577465,9,0.48095238095238096,1.836919561183084,C:71;G:3;H:22;L:1;P:2;Q:1;R:101;S:3;Y:6
Placentalia,MAFFT,310,314,C_terminal_MTase_like,other,210,0.9859154929577465,5,0.9238095238095239,0.4970913636986159,D:4;G:194;N:1;P:1;S:10
Placentalia,MAFFT,311,315,C_terminal_MTase_like,other,210,0.9859154929577465,8,0.6190476190476191,1.801807622318724,C:9;E:3;G:30;K:1;Q:13;R:130;S:22;T:2
Placentalia,MAFFT,312,316,C_terminal_MTase_like,other,209,0.9812206572769953,9,0.37320574162679426,2.1362158189655336,A:50;C:1;D:3;F:1;L:1;P:2;S:24;T:78;V:49
Placentalia,MAFFT,313,317,C_terminal_MTase_like,other,209,0.9812206572769953,10,0.37320574162679426,2.0770946438019635,A:1;C:1;F:1;I:42;L:78;P:6;T:9;V:68;W:1;Y:2
Placentalia,MAFFT,314,318,C_terminal_MTase_like,other,209,0.9812206572769953,10,0.7129186602870813,1.2746271543866208,A:1;D:1;G:1;H:7;L:1;M:1;P:1;Q:149;R:45;W:2
Placentalia,MAFFT,315,319,C_terminal_MTase_like,other,213,1.0,8,0.7605633802816901,1.2808953859539425,D:24;G:14;H:1;M:1;N:162;P:2;R:3;S:6
Placentalia,MAFFT,316,320,C_terminal_MTase_like,other,213,1.0,7,0.971830985915493,0.2579406051912827,A:207;E:1;G:1;L:1;P:1;T:1;V:1
Placentalia,MAFFT,317,321,C_terminal_MTase_like,other,213,1.0,6,0.9342723004694836,0.481622388126966,A:5;C:2;G:1;M:5;T:1;V:199
Placentalia,MAFFT,318,322,C_terminal_MTase_like,other,213,1.0,7,0.5070422535211268,1.370063518504235,C:1;F:1;H:108;L:4;N:2;R:93;Y:4
Placentalia,MAFFT,319,323,C_terminal_MTase_like,other,213,1.0,4,0.971830985915493,0.22622751832666543,A:2;L:3;T:1;V:207
Placentalia,MAFFT,320,324,C_terminal_MTase_like,other,213,1.0,3,0.9859154929577465,0.11972577651745439,P:2;R:1;W:210
Placentalia,MAFFT,321,325,C_terminal_MTase_like,other,213,1.0,4,0.9577464788732394,0.2942107741385691,G:1;P:1;S:204;T:7
Placentalia,MAFFT,322,326,C_terminal_MTase_like,other,213,1.0,5,0.971830985915493,0.239161262468278,A:1;D:1;G:2;N:207;S:2
Placentalia,MAFFT,323,327,C_terminal_MTase_like,other,213,1.0,7,0.8826291079812206,0.6956422298908267,A:1;F:1;I:188;L:2;R:2;T:1;V:18
Placentalia,MAFFT,324,328,C_terminal_MTase_like,other,213,1.0,2,0.9953051643192489,0.04307048235072913,G:1;P:212
Placentalia,MAFFT,325,329,C_terminal_MTase_like,other,212,0.9953051643192489,5,0.8537735849056604,0.689816476357194,A:181;G:28;P:1;R:1;S:1
Placentalia,MAFFT,326,330,C_terminal_MTase_like,other,211,0.9906103286384976,7,0.7251184834123223,1.2417424823147536,A:1;I:27;L:27;M:1;P:1;T:1;V:153
Placentalia,MAFFT,327,331,C_terminal_MTase_like,other,211,0.9906103286384976,8,0.4928909952606635,1.2890990177377304,E:1;G:1;K:99;L:1;N:2;Q:1;R:104;S:2
Placentalia,MAFFT,328,333,C_terminal_MTase_like,other,210,0.9859154929577465,6,0.9428571428571428,0.42435374013158395,C:1;E:1;G:6;M:1;R:3;S:198
Placentalia,MAFFT,329,334,C_terminal_MTase_like,other,211,0.9906103286384976,5,0.7156398104265402,0.9652989685864402,K:57;P:1;Q:1;R:151;S:1
Placentalia,MAFFT,330,335,C_terminal_MTase_like,other,210,0.9859154929577465,8,0.8714285714285714,0.8230669085385175,D:8;G:1;H:183;N:1;Q:12;R:3;T:1;W:1
Placentalia,MAFFT,331,336,C_terminal_MTase_like,other,211,0.9906103286384976,13,0.6729857819905213,1.9406541068274836,A:15;C:2;E:3;G:1;K:3;L:12;M:3;Q:2;R:5;S:142;T:5;V:4;W:14
Placentalia,MAFFT,332,337,C_terminal_MTase_like,other,212,0.9953051643192489,8,0.8726415094339622,0.8672278618544825,A:185;D:3;E:4;G:7;L:1;P:3;T:1;V:8
Placentalia,MAFFT,333,338,C_terminal_MTase_like,other,211,0.9906103286384976,6,0.8909952606635071,0.693648813691182,A:1;F:2;K:2;L:188;P:12;Q:6
Placentalia,MAFFT,334,339,C_terminal_MTase_like,other,211,0.9906103286384976,14,0.35545023696682465,2.7446365784148234,A:42;C:2;D:26;E:3;F:3;G:10;I:2;L:6;P:5;R:2;S:3;T:31;V:75;W:1
Placentalia,MAFFT,335,340,C_terminal_MTase_like,other,211,0.9906103286384976,6,0.5402843601895735,1.420092816607928,A:11;E:3;G:2;L:1;P:80;S:114
Placentalia,MAFFT,336,341,C_terminal_MTase_like,switching_helix,211,0.9906103286384976,11,0.3981042654028436,2.2772527129851734,A:2;C:2;D:2;E:64;G:5;H:5;K:24;N:2;P:1;Q:84;R:20
Placentalia,MAFFT,337,342,C_terminal_MTase_like,switching_helix,211,0.9906103286384976,10,0.8436018957345972,1.0275065460653579,A:1;D:14;E:178;F:2;K:5;Q:3;R:1;S:1;T:2;V:4
Placentalia,MAFFT,338,343,C_terminal_MTase_like,switching_helix,210,0.9859154929577465,6,0.8380952380952381,0.9216362799560907,A:18;E:176;G:1;L:4;P:2;Q:9
Placentalia,MAFFT,339,344,C_terminal_MTase_like,switching_helix,211,0.9906103286384976,12,0.7014218009478673,1.725181565081061,A:7;C:1;E:6;F:2;G:1;L:148;M:1;Q:22;R:4;S:7;T:2;V:10
Placentalia,MAFFT,340,345,C_terminal_MTase_like,switching_helix,212,0.9953051643192489,10,0.7641509433962265,1.4196746330977585,A:14;C:1;D:1;F:11;G:3;L:7;P:2;S:162;T:9;Y:2
Placentalia,MAFFT,341,346,C_terminal_MTase_like,switching_helix,212,0.9953051643192489,11,0.8820754716981132,0.8303317092441334,C:1;G:2;H:1;I:2;L:187;Q:1;R:2;S:12;T:1;V:2;W:1
Placentalia,MAFFT,342,347,C_terminal_MTase_like,switching_helix,212,0.9953051643192489,12,0.7688679245283019,1.3580956656264753,A:1;D:1;E:17;F:1;H:1;K:1;L:163;M:1;P:1;Q:12;R:11;V:2
Placentalia,MAFFT,343,348,C_terminal_MTase_like,switching_helix,212,0.9953051643192489,10,0.75,1.404824798483087,A:159;C:4;E:1;G:8;I:1;P:2;Q:1;S:4;T:25;V:7
Placentalia,MAFFT,344,349,C_terminal_MTase_like,switching_helix,212,0.9953051643192489,8,0.7924528301886793,1.263210375192049,G:3;H:13;L:1;P:8;Q:168;R:9;S:5;W:5
Placentalia,MAFFT,345,350,C_terminal_MTase_like,switching_helix,211,0.9906103286384976,11,0.5734597156398105,2.103231594490051,A:6;D:121;E:2;G:16;I:3;N:31;P:1;S:3;T:9;V:18;Y:1
Placentalia,MAFFT,346,351,C_terminal_MTase_like,switching_helix,211,0.9906103286384976,9,0.8151658767772512,1.1570037635343162,A:1;C:3;D:1;G:14;K:9;Q:3;R:172;T:5;W:3
Placentalia,MAFFT,347,352,C_terminal_MTase_like,switching_helix,212,0.9953051643192489,9,0.6650943396226415,1.7043023406541535,A:6;D:1;F:1;L:4;P:8;Q:141;R:20;S:4;T:27
Placentalia,MAFFT,348,353,C_terminal_MTase_like,switching_helix,210,0.9859154929577465,12,0.7761904761904762,1.279273769204965,A:3;D:1;E:3;G:2;H:1;K:5;N:1;Q:1;R:163;S:27;T:1;W:2
Placentalia,MAFFT,349,354,C_terminal_MTase_like,switching_helix,213,1.0,10,0.431924882629108,2.4647530697201545,A:92;G:15;L:2;M:19;N:3;P:4;Q:1;S:37;T:26;V:14
Placentalia,MAFFT,350,355,C_terminal_MTase_like,switching_helix,213,1.0,11,0.7605633802816901,1.3742546524168968,A:4;E:4;K:162;N:1;P:1;Q:2;R:26;S:4;T:6;V:1;Y:2
Placentalia,MAFFT,351,356,C_terminal_MTase_like,switching_helix_adjacent_loop,213,1.0,12,0.38967136150234744,2.32667850631617,A:14;G:3;H:1;L:67;M:14;P:83;Q:1;R:4;S:21;T:1;V:3;W:1
Placentalia,MAFFT,352,357,C_terminal_MTase_like,switching_helix_adjacent_loop,212,0.9953051643192489,12,0.6320754716981132,1.729034707549076,A:45;D:3;G:2;H:1;L:8;M:1;P:134;Q:2;R:1;S:12;T:2;V:1
Placentalia,MAFFT,353,358,C_terminal_MTase_like,switching_helix_adjacent_loop,213,1.0,11,0.5446009389671361,2.104850951240224,A:116;G:6;H:2;I:1;L:6;N:1;P:12;R:6;S:12;T:47;V:4
Placentalia,MAFFT,354,359,C_terminal_MTase_like,switching_helix_adjacent_loop,212,0.9953051643192489,10,0.5801886792452831,2.0910267649176806,A:9;E:5;G:1;H:2;K:23;L:4;P:27;Q:123;R:12;S:6
Placentalia,MAFFT,355,360,C_terminal_MTase_like,switching_helix_adjacent_loop,212,0.9953051643192489,15,0.6037735849056604,2.1877869596415067,A:7;D:3;E:3;G:128;H:1;K:26;L:1;N:1;P:3;Q:3;R:9;S:5;T:4;V:1;W:17
Placentalia,MAFFT,356,361,C_terminal_MTase_like,other,213,1.0,9,0.8262910798122066,1.0679433087756292,A:7;D:6;H:1;I:1;L:4;P:176;S:1;T:1;V:16
Placentalia,MAFFT,357,362,C_terminal_MTase_like,other,213,1.0,14,0.6197183098591549,1.8188705190445835,A:132;C:1;D:25;G:1;H:1;I:1;L:1;M:1;N:1;P:2;R:1;S:8;T:36;V:2
Placentalia,MAFFT,358,363,C_terminal_MTase_like,other,212,0.9953051643192489,12,0.32075471698113206,2.8765874960462443,A:23;E:1;G:2;H:1;K:68;L:6;M:17;P:15;Q:7;R:19;S:11;T:42
Placentalia,MAFFT,359,364,C_terminal_MTase_like,other,212,0.9953051643192489,6,0.9528301886792453,0.3743415889223382,A:4;G:2;L:202;M:1;P:1;T:2
Placentalia,MAFFT,360,365,C_terminal_MTase_like,other,211,0.9906103286384976,6,0.9146919431279621,0.5639767076649421,A:2;G:3;H:1;I:1;L:11;V:193
Placentalia,MAFFT,361,366,C_terminal_MTase_like,other,210,0.9859154929577465,9,0.9285714285714286,0.5537975477248631,E:3;G:1;H:1;K:195;N:1;Q:1;R:6;S:1;T:1
Placentalia,MAFFT,362,367,C_terminal_MTase_like,other,210,0.9859154929577465,12,0.7952380952380952,1.2813494852742404,A:1;E:3;G:3;H:1;I:1;K:5;L:1;M:1;N:167;S:18;T:7;Y:2
Placentalia,MAFFT,363,368,C_terminal_MTase_like,other,211,0.9906103286384976,4,0.9715639810426541,0.2279792460494604,C:205;G:1;L:3;S:2
Placentalia,MAFFT,364,369,C_terminal_MTase_like,other,211,0.9906103286384976,7,0.8483412322274881,0.7835899147641978,A:1;F:179;L:26;N:1;P:1;T:2;V:1
Placentalia,MAFFT,365,370,C_terminal_MTase_like,other,211,0.9906103286384976,7,0.943127962085308,0.44885659633586017,F:4;I:2;K:1;L:199;P:1;Q:1;S:3
Placentalia,MAFFT,366,371,C_terminal_MTase_like,other,213,1.0,3,0.9906103286384976,0.086109015450176,P:211;S:1;T:1
Placentalia,MAFFT,367,372,C_terminal_MTase_like,other,213,1.0,4,0.971830985915493,0.22038191974527332,C:1;H:1;L:207;P:4
Placentalia,MAFFT,368,373,C_terminal_MTase_like,other,213,1.0,4,0.9436619718309859,0.35874402925946136,E:1;K:10;R:201;S:1
Placentalia,MAFFT,369,374,C_terminal_MTase_like,other,213,1.0,9,0.9436619718309859,0.4771444093011215,A:1;D:2;E:201;G:1;H:1;P:2;R:1;S:2;T:2
Placentalia,MAFFT,370,375,C_terminal_MTase_like,other,211,0.9906103286384976,5,0.9715639810426541,0.23745791903524244,H:3;I:1;T:1;W:1;Y:205
Placentalia,MAFFT,371,376,C_terminal_MTase_like,other,211,0.9906103286384976,6,0.9715639810426541,0.2505142579080551,F:205;L:1;R:1;T:1;V:1;Y:2
Placentalia,MAFFT,372,377,C_terminal_MTase_like,other,212,0.9953051643192489,7,0.9245283018867925,0.5635447120010243,C:1;G:2;K:196;P:1;Q:3;R:5;S:4
Placentalia,MAFFT,373,378,C_terminal_MTase_like,other,211,0.9906103286384976,10,0.8388625592417062,1.023827014294949,A:1;C:15;D:3;F:8;H:1;L:1;P:1;T:2;V:2;Y:177
Placentalia,MAFFT,374,379,C_terminal_MTase_like,other,206,0.9671361502347418,8,0.941747572815534,0.4632348385485601,A:1;F:194;G:1;I:1;L:2;R:1;S:5;Y:1
Placentalia,MAFFT,375,380,C_terminal_MTase_like,other,210,0.9859154929577465,9,0.8523809523809524,0.9109144085899586,A:5;G:1;H:1;L:1;N:1;P:17;Q:4;R:1;S:179
Placentalia,MAFFT,376,381,C_terminal_tail,other,208,0.9765258215962441,12,0.6346153846153846,1.7675109516680438,A:8;C:5;F:4;K:3;L:44;M:1;N:1;P:1;R:2;S:5;T:132;V:2
Placentalia,MAFFT,377,382,C_terminal_tail,other,208,0.9765258215962441,11,0.6057692307692307,1.718753392864537,A:3;D:1;E:126;G:19;H:1;K:1;L:3;N:2;P:48;S:3;V:1
Placentalia,MAFFT,378,383,C_terminal_tail,other,207,0.971830985915493,9,0.9082125603864735,0.679408751848122,A:1;F:7;G:2;H:1;L:188;P:4;R:1;S:2;Y:1
Placentalia,MAFFT,379,384,C_terminal_tail,other,198,0.9295774647887324,12,0.7323232323232324,1.510932956933024,A:8;C:1;D:3;G:1;H:6;I:1;L:1;P:2;R:1;S:4;T:145;Y:25
Placentalia,MAFFT,380,385,C_terminal_tail,other,198,0.9295774647887324,11,0.7828282828282829,1.0825672829263986,C:1;E:2;G:1;K:33;N:1;P:1;Q:1;R:1;S:155;T:1;V:1
Placentalia,PRANK,1,8,N_terminal,other,188,0.8826291079812206,7,0.7021276595744681,1.3511551645160025,A:2;D:132;E:35;G:2;P:1;S:13;V:3
Placentalia,PRANK,2,9,N_terminal,other,189,0.8873239436619719,7,0.5661375661375662,1.4924157186743057,A:2;L:65;P:107;Q:1;R:7;T:4;V:3
Placentalia,PRANK,3,10,N_terminal,other,189,0.8873239436619719,6,0.7248677248677249,1.3665039574878264,D:23;E:137;G:1;K:14;N:10;S:4
Placentalia,PRANK,4,11,N_terminal,other,187,0.8779342723004695,9,0.6631016042780749,1.7100381686983916,A:124;D:15;E:24;G:1;L:1;P:8;S:1;T:9;V:4
Placentalia,PRANK,5,12,N_terminal,other,189,0.8873239436619719,3,0.9735449735449735,0.19538845641953637,D:4;E:184;G:1
Placentalia,PRANK,6,13,N_terminal,other,191,0.8967136150234741,12,0.46596858638743455,2.4110237593452037,A:4;C:22;D:13;G:3;H:89;L:2;N:2;P:38;Q:11;R:4;S:2;V:1
Placentalia,PRANK,7,14,N_terminal,other,191,0.8967136150234741,8,0.8481675392670157,0.9576345989675967,A:2;G:5;H:13;N:5;P:1;R:1;S:162;T:2
Placentalia,PRANK,8,15,N_terminal,other,196,0.92018779342723,10,0.576530612244898,2.0032200139247363,A:3;G:1;I:1;K:8;L:15;M:113;P:3;R:2;T:32;V:18
Placentalia,PRANK,9,16,N_terminal,other,196,0.92018779342723,7,0.9438775510204082,0.4268764502384497,A:1;D:185;E:6;G:1;I:1;N:1;Q:1
Placentalia,PRANK,10,17,N_terminal,other,196,0.92018779342723,9,0.6122448979591837,1.4578216695546962,A:1;E:2;G:2;I:60;L:2;M:6;S:1;T:2;V:120
Placentalia,PRANK,11,18,N_terminal,other,196,0.92018779342723,4,0.8112244897959183,0.8850883534915928,E:2;I:159;T:7;V:28
Placentalia,PRANK,12,19,N_terminal,other,196,0.92018779342723,5,0.8877551020408163,0.6658079172737695,L:174;M:1;P:14;S:2;V:5
Placentalia,PRANK,13,20,N_terminal,other,189,0.8873239436619719,6,0.7619047619047619,1.1175203435156924,D:1;E:25;G:1;L:17;M:1;V:144
Placentalia,PRANK,14,21,N_terminal,other,196,0.92018779342723,5,0.7397959183673469,1.0582102277213288,C:1;D:42;G:145;R:6;S:2
Placentalia,PRANK,15,22,N_terminal,other,196,0.92018779342723,6,0.9489795918367347,0.3951260361138954,C:4;D:1;L:1;N:1;P:3;S:186
Placentalia,PRANK,16,23,N_terminal,other,194,0.9107981220657277,9,0.8092783505154639,1.1741523963000162,A:1;E:3;G:4;K:9;M:1;N:3;R:14;S:157;T:2
Placentalia,PRANK,17,24,N_terminal,other,188,0.8826291079812206,5,0.898936170212766,0.65906616441101,A:2;D:5;E:169;G:8;K:4
Placentalia,PRANK,18,25,N_terminal,other,188,0.8826291079812206,8,0.6702127659574468,1.5841770897770597,A:1;H:2;I:2;L:126;P:23;Q:21;R:12;S:1
Placentalia,PRANK,19,26,N_terminal,other,188,0.8826291079812206,7,0.776595744680851,1.1882436331002224,A:4;I:2;L:24;P:6;Q:1;R:5;S:146
Placentalia,PRANK,20,27,N_terminal,other,185,0.8685446009389671,8,0.7351351351351352,1.443911299760865,A:20;C:10;H:1;L:1;P:6;R:5;S:136;T:6
Placentalia,PRANK,21,28,N_terminal,other,189,0.8873239436619719,5,0.7671957671957672,1.119230376582972,A:1;L:15;P:145;S:24;T:4
Placentalia,PRANK,22,29,N_terminal,other,193,0.9061032863849765,10,0.44041450777202074,2.2822308454708002,A:40;G:4;I:1;L:1;M:1;P:85;R:2;S:19;T:13;V:27
Placentalia,PRANK,23,30,N_terminal,other,193,0.9061032863849765,6,0.8704663212435233,0.7780406860726627,A:10;I:1;L:1;P:11;S:168;T:2
Placentalia,PRANK,24,31,N_terminal,other,193,0.9061032863849765,10,0.8601036269430051,0.9816684439570451,A:7;C:2;H:1;K:1;L:1;P:166;R:5;S:2;T:3;V:5
Placentalia,PRANK,25,32,N_terminal,other,194,0.9107981220657277,8,0.3865979381443299,2.3017525216958976,A:8;E:9;G:75;K:3;P:34;Q:14;R:49;W:2
Placentalia,PRANK,26,33,N_terminal,other,197,0.9248826291079812,11,0.4720812182741117,2.3242979961352424,A:8;E:10;H:1;L:41;P:93;Q:2;R:6;S:12;T:22;V:1;W:1
Placentalia,PRANK,27,34,N_terminal,other,197,0.9248826291079812,8,0.4213197969543147,2.165780156945193,C:9;D:3;G:83;H:12;P:1;Q:7;R:58;S:24
Placentalia,PRANK,28,35,N_terminal,other,197,0.9248826291079812,3,0.9898477157360406,0.09195328554178704,P:1;Q:1;R:195
Placentalia,PRANK,29,36,N_terminal,other,195,0.9154929577464789,4,0.6717948717948717,1.0614105541918948,D:131;E:59;G:4;T:1
Placentalia,PRANK,30,37,N_terminal,other,195,0.9154929577464789,11,0.676923076923077,1.7963243860656566,A:1;F:10;H:2;I:21;L:132;M:2;Q:6;R:11;S:3;V:6;W:1
Placentalia,PRANK,31,38,N_terminal,other,192,0.9014084507042254,7,0.8802083333333334,0.7697382182081014,A:1;G:3;I:169;L:12;M:2;T:1;V:4
Placentalia,PRANK,32,39,N_terminal,other,195,0.9154929577464789,10,0.8051282051282052,1.10064142863361,A:157;E:3;P:3;Q:1;R:24;S:1;T:1;V:2;W:1;Y:2
Placentalia,PRANK,33,40,N_terminal,other,194,0.9107981220657277,5,0.9072164948453608,0.5305142658247972,H:15;L:1;N:1;S:1;Y:176
Placentalia,PRANK,34,41,ADD,other,194,0.9107981220657277,5,0.9742268041237113,0.22226429487896932,D:1;E:189;G:1;K:2;P:1
Placentalia,PRANK,35,42,ADD,other,194,0.9107981220657277,3,0.9690721649484536,0.2191275607962378,G:1;I:5;V:188
Placentalia,PRANK,36,43,ADD,other,194,0.9107981220657277,10,0.6494845360824743,1.7516890231102544,E:1;G:1;I:1;K:126;M:1;N:4;Q:15;R:15;S:4;T:26
Placentalia,PRANK,37,44,ADD,other,194,0.9107981220657277,5,0.8917525773195877,0.6195484948615948,A:16;D:2;E:2;I:1;V:173
Placentalia,PRANK,38,45,ADD,other,194,0.9107981220657277,5,0.9123711340206185,0.5492946454360925,D:4;H:1;K:11;N:177;R:1
Placentalia,PRANK,39,46,ADD,other,194,0.9107981220657277,7,0.7783505154639175,1.1666627111068482,E:14;G:3;H:3;K:1;Q:151;R:21;S:1
Placentalia,PRANK,40,47,ADD,other,194,0.9107981220657277,4,0.979381443298969,0.17582745258465304,H:1;P:1;Q:2;R:190
Placentalia,PRANK,41,48,ADD,other,194,0.9107981220657277,8,0.4175257731958763,1.8364238209826003,A:13;D:80;E:1;H:6;N:81;P:1;R:2;S:10
Placentalia,PRANK,42,49,ADD,other,194,0.9107981220657277,5,0.979381443298969,0.18613673093516853,A:1;I:190;L:1;M:1;P:1
Placentalia,PRANK,43,50,ADD,other,194,0.9107981220657277,2,0.9948453608247423,0.046592181399810535,A:1;E:193
Placentalia,PRANK,44,51,ADD,other,196,0.92018779342723,4,0.9030612244897959,0.59336056785857,A:5;D:177;E:11;G:3
Placentalia,PRANK,45,52,ADD,other,202,0.9483568075117371,5,0.4900990099009901,1.8265503111063135,F:2;I:99;L:20;M:45;V:36
Placentalia,PRANK,46,53,ADD,other,202,0.9483568075117371,1,1.0,0.0,C:202
Placentalia,PRANK,47,54,ADD,other,202,0.9483568075117371,2,0.6089108910891089,0.9654987933324005,I:123;L:79
Placentalia,PRANK,48,55,ADD,other,202,0.9483568075117371,3,0.9653465346534653,0.23772046203149266,C:195;G:6;S:1
Placentalia,PRANK,49,56,ADD,other,202,0.9483568075117371,1,1.0,0.0,C:202
Placentalia,PRANK,50,57,ADD,other,202,0.9483568075117371,2,0.995049504950495,0.045036285093553896,G:201;R:1
Placentalia,PRANK,51,58,ADD,other,202,0.9483568075117371,4,0.9504950495049505,0.32993029394752754,C:1;G:1;S:192;T:8
Placentalia,PRANK,52,59,ADD,other,202,0.9483568075117371,7,0.5396039603960396,1.2756114407985615,A:2;C:1;F:109;L:85;R:1;S:3;T:1
Placentalia,PRANK,53,60,ADD,other,202,0.9483568075117371,4,0.8910891089108911,0.5543891102909597,L:1;P:1;Q:180;R:20
Placentalia,PRANK,54,61,ADD,other,202,0.9483568075117371,4,0.9603960396039604,0.29191082998575724,A:1;I:2;L:5;V:194
Placentalia,PRANK,55,62,ADD,other,202,0.9483568075117371,6,0.7871287128712872,1.0130210099190937,C:2;H:159;Q:1;S:1;W:8;Y:31
Placentalia,PRANK,56,63,ADD,other,202,0.9483568075117371,6,0.9108910891089109,0.6005957955077511,A:7;I:1;K:2;M:1;R:7;T:184
Placentalia,PRANK,57,64,ADD,other,202,0.9483568075117371,4,0.8762376237623762,0.7140499197423876,E:7;K:4;Q:177;R:14
Placentalia,PRANK,58,65,ADD,other,202,0.9483568075117371,1,1.0,0.0,H:202
Placentalia,PRANK,59,66,ADD,other,202,0.9483568075117371,1,1.0,0.0,P:202
Placentalia,PRANK,60,67,ADD,other,202,0.9483568075117371,1,1.0,0.0,L:202
Placentalia,PRANK,61,68,ADD,other,202,0.9483568075117371,1,1.0,0.0,F:202
Placentalia,PRANK,62,69,ADD,other,202,0.9483568075117371,6,0.9257425742574258,0.5318059059920003,A:6;D:1;E:187;L:1;Q:4;V:3
Placentalia,PRANK,63,70,ADD,other,203,0.9530516431924883,1,1.0,0.0,G:203
Placentalia,PRANK,64,71,ADD,other,203,0.9530516431924883,1,1.0,0.0,G:203
Placentalia,PRANK,65,72,ADD,other,211,0.9906103286384976,3,0.7582938388625592,0.9241718923984635,I:45;L:6;M:160
Placentalia,PRANK,66,73,ADD,other,211,0.9906103286384976,1,1.0,0.0,C:211
Placentalia,PRANK,67,74,ADD,other,211,0.9906103286384976,6,0.7488151658767772,1.1557299626229873,A:158;F:1;I:5;S:6;T:38;V:3
Placentalia,PRANK,68,75,ADD,other,211,0.9906103286384976,6,0.8815165876777251,0.7396002181895205,A:3;L:4;P:186;Q:3;R:1;S:14
Placentalia,PRANK,69,76,ADD,other,211,0.9906103286384976,1,1.0,0.0,C:211
Placentalia,PRANK,70,77,ADD,other,208,0.9765258215962441,1,1.0,0.0,K:208
Placentalia,PRANK,71,78,ADD,other,213,1.0,4,0.9389671361502347,0.4129907213661743,A:2;D:200;G:3;N:8
Placentalia,PRANK,72,79,ADD,other,213,1.0,5,0.8450704225352113,0.9039223714620996,I:6;K:180;N:3;R:13;T:11
Placentalia,PRANK,73,80,ADD,other,213,1.0,4,0.9624413145539906,0.2797656724650248,F:205;L:1;S:2;Y:5
Placentalia,PRANK,74,81,ADD,other,213,1.0,2,0.9812206572769953,0.13453094132957308,L:209;R:4
Placentalia,PRANK,75,82,ADD,other,213,1.0,8,0.460093896713615,1.616323654217026,D:87;E:98;G:20;K:1;Q:1;R:1;S:4;Y:1
Placentalia,PRANK,76,83,ADD,other,213,1.0,9,0.4413145539906103,2.2369633874086037,A:44;C:94;G:2;H:1;N:1;R:15;S:17;T:34;Y:5
Placentalia,PRANK,77,84,ADD,other,213,1.0,4,0.8826291079812206,0.6767941182114723,F:12;I:11;L:188;V:2
Placentalia,PRANK,78,85,ADD,other,213,1.0,2,0.9953051643192489,0.04307048235072913,F:212;L:1
Placentalia,PRANK,79,86,ADD,other,213,1.0,4,0.9483568075117371,0.34992689949408917,L:202;M:2;Q:8;V:1
Placentalia,PRANK,80,87,ADD,other,213,1.0,1,1.0,0.0,Y:213
Placentalia,PRANK,81,88,ADD,other,213,1.0,1,1.0,0.0,D:213
Placentalia,PRANK,82,89,ADD,other,213,1.0,6,0.6572769953051644,1.1986625190187163,A:1;D:140;E:63;M:6;N:2;Q:1
Placentalia,PRANK,83,90,ADD,other,213,1.0,1,1.0,0.0,D:213
Placentalia,PRANK,84,91,ADD,other,213,1.0,2,0.9953051643192489,0.04307048235072913,E:1;G:212
Placentalia,PRANK,85,92,ADD,other,213,1.0,4,0.8356807511737089,0.7714624838636072,C:1;H:29;N:5;Y:178
Placentalia,PRANK,86,93,ADD,other,213,1.0,2,0.9248826291079812,0.38473681068167803,L:16;Q:197
Placentalia,PRANK,87,94,ADD,other,213,1.0,4,0.971830985915493,0.2262275183266655,C:2;G:3;R:1;S:207
Placentalia,PRANK,88,95,ADD,other,213,1.0,5,0.9107981220657277,0.6102847053757606,C:4;F:5;H:4;S:6;Y:194
Placentalia,PRANK,89,96,ADD,other,213,1.0,1,1.0,0.0,C:213
Placentalia,PRANK,90,97,ADD,other,213,1.0,3,0.9342723004694836,0.3741743346670573,C:1;S:199;T:13
Placentalia,PRANK,91,98,ADD,other,213,1.0,2,0.9248826291079812,0.38473681068167803,I:197;V:16
Placentalia,PRANK,92,99,ADD,other,213,1.0,1,1.0,0.0,C:213
Placentalia,PRANK,93,100,ADD,other,213,1.0,4,0.8591549295774648,0.7974893676694497,A:7;C:183;G:15;S:8
Placentalia,PRANK,94,101,ADD,other,213,1.0,5,0.5446009389671361,1.273082662103171,A:87;F:6;L:3;S:116;T:1
Placentalia,PRANK,95,102,ADD,other,213,1.0,2,0.9859154929577465,0.10679203237584187,G:210;R:3
Placentalia,PRANK,96,103,ADD,other,213,1.0,9,0.6384976525821596,1.741662559572108,D:37;E:136;G:16;H:8;K:6;N:3;Q:5;R:1;S:1
Placentalia,PRANK,97,104,ADD,other,213,1.0,5,0.9577464788732394,0.3301332363658144,A:1;I:2;M:4;T:204;V:2
Placentalia,PRANK,98,105,ADD,other,213,1.0,1,1.0,0.0,L:213
Placentalia,PRANK,99,106,ADD,other,213,1.0,2,0.8732394366197183,0.548486608843174,F:27;L:186
Placentalia,PRANK,100,107,ADD,other,213,1.0,3,0.9624413145539906,0.2668319283234123,I:205;L:3;V:5
Placentalia,PRANK,101,108,ADD,other,212,0.9953051643192489,1,1.0,0.0,C:212
Placentalia,PRANK,102,109,ADD,other,212,0.9953051643192489,3,0.8820754716981132,0.5707922046183909,E:187;G:23;K:2
Placentalia,PRANK,103,110,ADD,other,212,0.9953051643192489,4,0.7358490566037735,0.9010965335285858,D:1;L:1;N:156;S:54
Placentalia,PRANK,104,111,ADD,other,212,0.9953051643192489,3,0.9905660377358491,0.08645083800713431,I:1;P:210;S:1
Placentalia,PRANK,105,112,ADD,other,212,0.9953051643192489,3,0.9764150943396226,0.17814781209923547,D:207;E:4;Q:1
Placentalia,PRANK,106,113,ADD,other,213,1.0,1,1.0,0.0,C:213
Placentalia,PRANK,107,114,ADD,other,213,1.0,2,0.9953051643192489,0.04307048235072913,P:1;T:212
Placentalia,PRANK,108,115,ADD,other,213,1.0,1,1.0,0.0,R:213
Placentalia,PRANK,109,116,ADD,other,213,1.0,2,0.9812206572769953,0.13453094132957308,C:209;G:4
Placentalia,PRANK,110,117,ADD,other,212,0.9953051643192489,2,0.9811320754716981,0.13503620280212764,F:4;Y:208
Placentalia,PRANK,111,118,ADD,other,212,0.9953051643192489,1,1.0,0.0,C:212
Placentalia,PRANK,112,119,ADD,other,212,0.9953051643192489,4,0.9528301886792453,0.3353573318162513,C:1;F:202;L:6;V:3
Placentalia,PRANK,113,120,ADD,other,212,0.9953051643192489,7,0.9292452830188679,0.5413911695023212,A:2;D:4;E:197;G:2;K:4;P:1;Q:2
Placentalia,PRANK,114,121,ADD,other,212,0.9953051643192489,1,1.0,0.0,C:212
Placentalia,PRANK,115,122,ADD,other,212,0.9953051643192489,5,0.8443396226415094,0.9024470084127232,F:3;I:15;L:9;M:6;V:179
Placentalia,PRANK,116,123,ADD,other,212,0.9953051643192489,1,1.0,0.0,D:212
Placentalia,PRANK,117,124,ADD,other,212,0.9953051643192489,7,0.45754716981132076,2.0105210604484127,A:13;G:2;I:34;N:1;S:54;T:97;V:11
Placentalia,PRANK,118,125,ADD,other,212,0.9953051643192489,1,1.0,0.0,L:212
Placentalia,PRANK,119,126,ADD,other,212,0.9953051643192489,3,0.9669811320754716,0.22884877813422105,A:6;L:1;V:205
Placentalia,PRANK,120,127,ADD,other,212,0.9953051643192489,4,0.839622641509434,0.761429280015706,A:5;C:1;G:178;S:28
Placentalia,PRANK,121,128,ADD,other,212,0.9953051643192489,2,0.9952830188679245,0.04324154504802915,A:1;P:211
Placentalia,PRANK,122,129,ADD,other,212,0.9953051643192489,3,0.9811320754716981,0.15390412733042952,G:208;K:2;R:2
Placentalia,PRANK,123,130,ADD,other,212,0.9953051643192489,3,0.9386792452830188,0.38727128238788355,A:9;S:4;T:199
Placentalia,PRANK,124,131,ADD,other,212,0.9953051643192489,2,0.9433962264150944,0.3138129641688651,A:12;S:200
Placentalia,PRANK,125,132,ADD,other,212,0.9953051643192489,4,0.6650943396226415,1.1797620021881767,A:5;D:6;E:60;G:141
Placentalia,PRANK,126,133,ADD,other,212,0.9953051643192489,7,0.589622641509434,1.2126743664692685,H:1;K:125;L:1;Q:1;R:80;S:1;T:3
Placentalia,PRANK,127,134,ADD,other,213,1.0,5,0.7934272300469484,0.937604900370956,A:6;I:35;L:1;M:2;V:169
Placentalia,PRANK,128,135,ADD,other,212,0.9953051643192489,5,0.4811320754716981,1.5818577220833077,H:82;L:2;N:18;Q:102;S:8
Placentalia,PRANK,129,136,ADD,other,212,0.9953051643192489,4,0.9198113207547169,0.5152747204331175,A:195;G:2;S:8;T:7
Placentalia,PRANK,130,137,ADD,other,212,0.9953051643192489,7,0.8490566037735849,0.8992793692094234,G:1;I:1;L:4;M:180;R:2;T:7;V:17
Placentalia,PRANK,131,138,ADD,other,212,0.9953051643192489,8,0.8349056603773585,0.9572437895677368,A:22;D:2;G:1;H:3;N:2;P:2;S:177;T:3
Placentalia,PRANK,132,139,ADD,other,212,0.9953051643192489,9,0.6981132075471698,1.623634938550391,C:28;F:3;H:4;N:148;P:2;Q:4;R:4;S:10;Y:9
Placentalia,PRANK,133,140,ADD,other,212,0.9953051643192489,1,1.0,0.0,W:212
Placentalia,PRANK,134,141,ADD,other,212,0.9953051643192489,3,0.9575471698113207,0.2955014372847673,A:5;L:4;V:203
Placentalia,PRANK,135,142,ADD,other,212,0.9953051643192489,1,1.0,0.0,C:212
Placentalia,PRANK,136,143,ADD,other,212,0.9953051643192489,4,0.9528301886792453,0.33891812192079596,F:202;P:2;S:2;Y:6
Placentalia,PRANK,137,144,ADD,other,212,0.9953051643192489,1,1.0,0.0,L:212
Placentalia,PRANK,138,145,ADD,other,213,1.0,1,1.0,0.0,C:213
Placentalia,PRANK,139,146,ADD,other,213,1.0,4,0.971830985915493,0.2262275183266655,A:2;L:207;R:3;V:1
Placentalia,PRANK,140,147,ADD,other,213,1.0,4,0.9859154929577465,0.12911544787895674,I:1;P:210;S:1;T:1
Placentalia,PRANK,141,148,ADD,other,213,1.0,7,0.8732394366197183,0.7577280409102566,C:1;F:186;G:2;I:2;L:3;S:18;T:1
Placentalia,PRANK,142,149,ADD,other,213,1.0,5,0.5727699530516432,1.4511584975185283,A:3;P:122;R:4;S:69;T:15
Placentalia,PRANK,143,150,ADD,other,213,1.0,10,0.8169014084507042,1.172459783738799,C:5;G:3;H:6;K:1;L:1;N:2;P:1;Q:6;R:174;S:14
Placentalia,PRANK,144,151,ADD,other,213,1.0,8,0.8356807511737089,0.9788395466726905,C:5;D:2;E:1;H:7;N:18;R:1;S:178;T:1
Placentalia,PRANK,145,152,ADD,other,213,1.0,1,1.0,0.0,G:213
Placentalia,PRANK,146,153,ADD,other,213,1.0,3,0.9859154929577465,0.11972577651745439,L:210;M:1;R:2
Placentalia,PRANK,147,154,ADD,other,213,1.0,1,1.0,0.0,L:213
Placentalia,PRANK,148,155,ADD,other,213,1.0,6,0.7464788732394366,1.1356303678581487,H:13;L:2;N:1;Q:159;R:37;W:1
Placentalia,PRANK,149,156,ADD,other,212,0.9953051643192489,2,0.9811320754716981,0.13503620280212764,Q:4;R:208
Placentalia,PRANK,150,157,ADD,other,212,0.9953051643192489,1,1.0,0.0,R:212
Placentalia,PRANK,151,158,ADD,other,212,0.9953051643192489,8,0.6037735849056604,1.411567206054771,A:1;D:1;H:1;K:68;N:2;P:6;Q:5;R:128
Placentalia,PRANK,152,159,ADD,other,212,0.9953051643192489,4,0.9009433962264151,0.5508890302318442,K:191;Q:3;R:17;T:1
Placentalia,PRANK,153,160,ADD,other,212,0.9953051643192489,1,1.0,0.0,W:212
Placentalia,PRANK,154,161,ADD,other,212,0.9953051643192489,4,0.9811320754716981,0.16333808959458046,H:1;Q:1;R:208;W:2
Placentalia,PRANK,155,162,ADD,other,212,0.9953051643192489,9,0.46226415094339623,2.4153279044490747,A:18;D:8;E:18;G:98;H:27;Q:2;S:23;T:17;V:1
Placentalia,PRANK,156,163,ADD,other,212,0.9953051643192489,6,0.37735849056603776,1.9894556235196215,C:2;G:15;H:5;Q:65;R:45;W:80
Placentalia,PRANK,157,164,ADD,other,212,0.9953051643192489,2,0.9952830188679245,0.04324154504802915,L:211;V:1
Placentalia,PRANK,158,165,ADD,other,212,0.9953051643192489,2,0.9952830188679245,0.04324154504802915,K:211;Q:1
Placentalia,PRANK,159,166,ADD,other,212,0.9953051643192489,4,0.9716981132075472,0.22709971823345176,A:206;D:2;T:1;V:3
Placentalia,PRANK,160,167,ADD,other,212,0.9953051643192489,2,0.9716981132075472,0.1858030790723033,F:206;L:6
Placentalia,PRANK,161,168,ADD,other,212,0.9953051643192489,5,0.4528301886792453,1.8153382358806458,C:67;F:4;H:31;Q:14;Y:96
Placentalia,PRANK,162,169,ADD,other,212,0.9953051643192489,5,0.9716981132075472,0.24009447060214734,D:206;E:2;G:1;L:1;Q:2
Placentalia,PRANK,163,170,ADD,other,212,0.9953051643192489,7,0.6367924528301887,1.5732435317757554,E:2;G:13;K:1;L:20;Q:40;R:135;S:1
Placentalia,PRANK,164,171,ADD,other,212,0.9953051643192489,6,0.9386792452830188,0.4576471528527138,D:5;E:199;G:2;H:1;N:1;Q:4
Placentalia,PRANK,165,172,ADD,other,212,0.9953051643192489,9,0.4386792452830189,1.779019138381432,A:82;G:25;K:1;L:2;M:1;P:1;S:93;T:2;V:5
Placentalia,PRANK,166,173,ADD,other,207,0.971830985915493,10,0.6570048309178744,1.7559763689812693,A:31;D:13;E:136;G:4;H:1;K:10;P:1;S:6;T:2;V:3
Placentalia,PRANK,167,174,linker,other,213,1.0,11,0.6572769953051644,1.4280828690168188,A:1;C:2;D:1;G:4;H:1;K:2;N:56;Q:1;R:1;S:140;T:4
Placentalia,PRANK,168,175,linker,other,213,1.0,5,0.8591549295774648,0.7920722697534419,A:2;G:1;P:183;S:13;T:14
Placentalia,PRANK,169,176,linker,other,213,1.0,8,0.8356807511737089,1.036426528596594,E:1;F:8;I:2;L:178;M:4;P:1;Q:8;V:11
Placentalia,PRANK,170,177,linker,other,213,1.0,5,0.92018779342723,0.5417858177797462,E:196;G:2;K:8;Q:2;V:5
Placentalia,PRANK,171,178,C_terminal_MTase_like,other,213,1.0,5,0.6948356807511737,1.2850008284011274,I:24;L:2;M:148;T:37;V:2
Placentalia,PRANK,172,179,C_terminal_MTase_like,other,213,1.0,3,0.8356807511737089,0.6964675702218581,F:33;H:2;Y:178
Placentalia,PRANK,173,180,C_terminal_MTase_like,other,213,1.0,4,0.784037558685446,0.9614434610736461,A:6;E:36;K:167;Q:4
Placentalia,PRANK,174,181,C_terminal_MTase_like,other,213,1.0,3,0.9248826291079812,0.4520448469284053,I:11;P:5;T:197
Placentalia,PRANK,175,182,C_terminal_MTase_like,other,213,1.0,2,0.971830985915493,0.1851247601005459,L:6;V:207
Placentalia,PRANK,176,183,C_terminal_MTase_like,other,213,1.0,3,0.863849765258216,0.6035296308732406,A:1;P:184;S:28
Placentalia,PRANK,177,184,C_terminal_MTase_like,other,213,1.0,6,0.7370892018779343,1.0287178834294501,A:49;E:1;M:4;P:1;T:1;V:157
Placentalia,PRANK,178,185,C_terminal_MTase_like,other,213,1.0,3,0.9765258215962441,0.17747271236974826,C:4;G:1;W:208
Placentalia,PRANK,179,186,C_terminal_MTase_like,other,213,1.0,2,0.8403755868544601,0.6334102740623948,K:179;R:34
Placentalia,PRANK,180,187,C_terminal_MTase_like,other,213,1.0,2,0.9906103286384976,0.07671934408867366,K:2;R:211
Placentalia,PRANK,181,188,C_terminal_MTase_like,other,213,1.0,6,0.7417840375586855,1.1169095959504256,A:3;E:158;G:1;K:6;Q:43;R:2
Placentalia,PRANK,182,189,C_terminal_MTase_like,other,213,1.0,3,0.9906103286384976,0.086109015450176,A:1;P:211;S:1
Placentalia,PRANK,183,190,C_terminal_MTase_like,other,213,1.0,4,0.7417840375586855,1.1621235840624422,I:35;L:10;M:10;V:158
Placentalia,PRANK,184,191,C_terminal_MTase_like,other,213,1.0,2,0.971830985915493,0.1851247601005459,Q:6;R:207
Placentalia,PRANK,185,192,C_terminal_MTase_like,other,213,1.0,2,0.9906103286384976,0.07671934408867366,A:2;V:211
Placentalia,PRANK,186,193,C_terminal_MTase_like,other,213,1.0,1,1.0,0.0,L:213
Placentalia,PRANK,187,194,C_terminal_MTase_like,other,213,1.0,5,0.9107981220657277,0.6072094845679973,A:6;C:3;N:6;S:194;T:4
Placentalia,PRANK,188,195,C_terminal_MTase_like,other,213,1.0,2,0.9953051643192489,0.04307048235072913,L:212;V:1
Placentalia,PRANK,189,196,C_terminal_MTase_like,other,213,1.0,1,1.0,0.0,F:213
Placentalia,PRANK,190,197,C_terminal_MTase_like,other,213,1.0,4,0.863849765258216,0.6681054316764394,E:25;G:184;K:1;R:3
Placentalia,PRANK,191,198,C_terminal_MTase_like,other,213,1.0,6,0.704225352112676,1.2532747890501463,A:1;D:150;E:5;H:2;K:9;N:46
Placentalia,PRANK,192,199,C_terminal_MTase_like,other,213,1.0,1,1.0,0.0,I:213
Placentalia,PRANK,193,200,C_terminal_MTase_like,other,213,1.0,8,0.5070422535211268,2.021327212934864,D:18;E:9;G:15;K:108;N:2;Q:7;R:53;T:1
Placentalia,PRANK,194,201,C_terminal_MTase_like,other,213,1.0,9,0.676056338028169,1.7143286383882894,A:4;D:1;E:5;K:144;N:21;P:3;Q:6;R:22;T:7
Placentalia,PRANK,195,202,C_terminal_MTase_like,other,213,1.0,2,0.9859154929577465,0.10679203237584187,E:210;V:3
Placentalia,PRANK,196,203,C_terminal_MTase_like,other,213,1.0,1,1.0,0.0,L:213
Placentalia,PRANK,197,204,C_terminal_MTase_like,other,213,1.0,9,0.4835680751173709,2.2589610645427816,A:11;E:16;K:16;L:3;M:43;R:2;S:2;T:103;V:17
Placentalia,PRANK,198,205,C_terminal_MTase_like,other,213,1.0,3,0.9812206572769953,0.1533102840525778,N:2;S:209;T:2
Placentalia,PRANK,199,206,C_terminal_MTase_like,other,213,1.0,1,1.0,0.0,L:213
Placentalia,PRANK,200,207,C_terminal_MTase_like,other,213,1.0,1,1.0,0.0,G:213
Placentalia,PRANK,201,208,C_terminal_MTase_like,other,213,1.0,2,0.9953051643192489,0.04307048235072913,F:212;L:1
Placentalia,PRANK,202,209,C_terminal_MTase_like,other,213,1.0,2,0.9859154929577465,0.10679203237584187,L:210;V:3
Placentalia,PRANK,203,210,C_terminal_MTase_like,other,213,1.0,3,0.9483568075117371,0.3286624628134281,D:2;E:202;G:9
Placentalia,PRANK,204,211,C_terminal_MTase_like,other,210,0.9859154929577465,12,0.3523809523809524,2.951835977102411,A:3;D:25;G:12;H:13;I:1;N:24;P:20;Q:2;R:9;S:74;T:15;Y:12
Placentalia,PRANK,205,212,C_terminal_MTase_like,other,212,0.9953051643192489,6,0.9150943396226415,0.5979942713413458,A:1;D:4;G:194;I:3;S:3;V:7
Placentalia,PRANK,206,213,C_terminal_MTase_like,other,210,0.9859154929577465,6,0.9380952380952381,0.45140888486941144,A:7;C:1;F:2;P:2;S:197;Y:1
Placentalia,PRANK,207,214,C_terminal_MTase_like,other,208,0.9765258215962441,10,0.3125,2.510242871077203,A:16;D:55;E:65;G:34;K:24;N:5;Q:3;S:2;T:3;V:1
Placentalia,PRANK,208,215,C_terminal_MTase_like,other,213,1.0,11,0.5446009389671361,2.405637397485219,A:17;D:2;E:13;G:16;H:8;L:12;P:116;Q:7;R:4;S:14;T:4
Placentalia,PRANK,209,216,C_terminal_MTase_like,other,213,1.0,6,0.92018779342723,0.5662143084739721,A:4;D:3;E:7;G:196;R:2;S:1
Placentalia,PRANK,210,217,C_terminal_MTase_like,other,213,1.0,11,0.5070422535211268,2.1539066085669782,G:18;H:1;K:31;M:1;N:4;P:1;Q:35;R:108;S:1;T:12;Y:1
Placentalia,PRANK,211,218,C_terminal_MTase_like,other,213,1.0,5,0.9624413145539906,0.2967123413590944,I:1;L:205;P:1;R:2;V:4
Placentalia,PRANK,212,219,C_terminal_MTase_like,other,213,1.0,5,0.8169014084507042,0.7807684543591622,K:174;M:1;R:36;V:1;W:1
Placentalia,PRANK,213,220,C_terminal_MTase_like,other,213,1.0,4,0.812206572769953,0.760005728714056,F:1;H:173;R:1;Y:38
Placentalia,PRANK,214,221,C_terminal_MTase_like,other,213,1.0,2,0.8873239436619719,0.5079353563991224,L:189;V:24
Placentalia,PRANK,215,222,C_terminal_MTase_like,other,213,1.0,8,0.6901408450704225,1.3067504552689426,A:2;D:147;E:51;G:3;H:3;K:1;S:2;V:4
Placentalia,PRANK,216,223,C_terminal_MTase_like,other,213,1.0,3,0.9906103286384976,0.086109015450176,D:211;E:1;N:1
Placentalia,PRANK,217,224,C_terminal_MTase_like,other,213,1.0,3,0.9295774647887324,0.4073935305000312,A:13;T:2;V:198
Placentalia,PRANK,218,225,C_terminal_MTase_like,other,213,1.0,3,0.9859154929577465,0.11972577651745439,R:1;S:2;T:210
Placentalia,PRANK,219,226,C_terminal_MTase_like,other,213,1.0,3,0.5164319248826291,1.0373530316398987,D:102;E:1;N:110
Placentalia,PRANK,220,227,C_terminal_MTase_like,other,213,1.0,3,0.7183098591549296,1.1373983130464094,I:27;T:33;V:153
Placentalia,PRANK,221,228,C_terminal_MTase_like,other,213,1.0,3,0.9906103286384976,0.086109015450176,A:1;M:1;V:211
Placentalia,PRANK,222,229,C_terminal_MTase_like,other,213,1.0,1,1.0,0.0,R:213
Placentalia,PRANK,223,230,C_terminal_MTase_like,other,213,1.0,2,0.7746478873239436,0.7698205808588191,K:48;R:165
Placentalia,PRANK,224,231,C_terminal_MTase_like,other,213,1.0,5,0.9107981220657277,0.5771326209221442,D:194;E:7;H:1;N:9;S:2
Placentalia,PRANK,225,232,C_terminal_MTase_like,other,213,1.0,3,0.9295774647887324,0.3923829550400676,A:1;I:14;V:198
Placentalia,PRANK,226,233,C_terminal_MTase_like,other,213,1.0,6,0.8779342723004695,0.6484337535168776,D:22;E:187;G:1;K:1;Q:1;V:1
Placentalia,PRANK,227,234,C_terminal_MTase_like,other,213,1.0,10,0.45539906103286387,2.3685470191688864,A:28;D:6;E:97;G:41;H:5;K:15;Q:3;R:14;S:3;V:1
Placentalia,PRANK,228,235,C_terminal_MTase_like,other,213,1.0,1,1.0,0.0,W:213
Placentalia,PRANK,229,236,C_terminal_MTase_like,other,213,1.0,2,0.9953051643192489,0.04307048235072913,G:212;V:1
Placentalia,PRANK,230,237,C_terminal_MTase_like,other,213,1.0,2,0.9906103286384976,0.07671934408867366,P:211;S:2
Placentalia,PRANK,231,238,C_terminal_MTase_like,other,213,1.0,2,0.9906103286384976,0.07671934408867366,F:211;I:2
Placentalia,PRANK,232,239,C_terminal_MTase_like,other,213,1.0,4,0.9530516431924883,0.3165725723920787,D:203;G:1;H:1;N:8
Placentalia,PRANK,233,240,C_terminal_MTase_like,other,213,1.0,3,0.9906103286384976,0.086109015450176,F:1;I:1;L:211
Placentalia,PRANK,234,241,C_terminal_MTase_like,other,213,1.0,6,0.5727699530516432,1.8107636677767853,A:24;I:1;L:32;M:8;T:26;V:122
Placentalia,PRANK,235,242,C_terminal_MTase_like,other,213,1.0,2,0.9765258215962441,0.1605260434756787,F:5;Y:208
Placentalia,PRANK,236,243,C_terminal_MTase_like,other,213,1.0,2,0.9953051643192489,0.04307048235072913,G:212;S:1
Placentalia,PRANK,237,244,C_terminal_MTase_like,other,213,1.0,3,0.7370892018779343,1.0281838042414233,A:44;C:12;S:157
Placentalia,PRANK,238,245,C_terminal_MTase_like,other,213,1.0,2,0.9906103286384976,0.07671934408867366,M:2;T:211
Placentalia,PRANK,239,246,C_terminal_MTase_like,other,213,1.0,7,0.8544600938967136,0.7651554922421253,H:1;L:1;N:1;P:182;Q:25;R:2;S:1
Placentalia,PRANK,240,247,C_terminal_MTase_like,other,213,1.0,7,0.6807511737089202,1.4489838729020745,A:41;H:4;L:3;P:145;R:3;S:2;T:15
Placentalia,PRANK,241,248,C_terminal_MTase_like,other,213,1.0,8,0.7464788732394366,1.465846259731782,F:6;I:7;L:159;P:10;Q:5;R:9;T:1;V:16
Placentalia,PRANK,242,249,C_terminal_MTase_like,other,213,1.0,5,0.9530516431924883,0.3599768564194803,G:203;H:2;R:4;S:3;V:1
Placentalia,PRANK,243,250,C_terminal_MTase_like,other,209,0.9812206572769953,8,0.6985645933014354,1.4863445506859665,C:3;D:1;G:1;H:146;Q:32;R:5;S:6;Y:15
Placentalia,PRANK,244,251,C_terminal_MTase_like,other,209,0.9812206572769953,6,0.5406698564593302,1.5893171290363755,A:113;D:1;I:1;P:5;S:28;T:61
Placentalia,PRANK,245,252,C_terminal_MTase_like,other,212,0.9953051643192489,10,0.8632075471698113,0.9489227757103824,A:2;C:183;F:6;H:1;L:1;R:6;S:8;T:1;V:1;Y:3
Placentalia,PRANK,246,253,C_terminal_MTase_like,other,213,1.0,12,0.7230046948356808,1.6526085358533198,A:3;C:1;D:154;E:12;G:5;H:2;K:1;N:13;P:2;S:14;V:1;Y:5
Placentalia,PRANK,247,254,C_terminal_MTase_like,other,213,1.0,5,0.5868544600938967,1.3597723709354168,C:1;H:125;N:1;Q:19;R:67
Placentalia,PRANK,248,255,C_terminal_MTase_like,other,213,1.0,3,0.7746478873239436,0.9906360753154169,C:28;P:165;S:20
Placentalia,PRANK,249,256,C_terminal_MTase_like,other,213,1.0,1,1.0,0.0,P:213
Placentalia,PRANK,250,257,C_terminal_MTase_like,other,213,1.0,5,0.5211267605633803,1.7293792030459765,A:57;C:2;G:111;S:23;V:20
Placentalia,PRANK,251,258,C_terminal_MTase_like,other,213,1.0,2,0.9953051643192489,0.04307048235072913,G:1;W:212
Placentalia,PRANK,252,259,C_terminal_MTase_like,other,213,1.0,3,0.9014084507042254,0.5337722097107314,F:17;H:4;Y:192
Placentalia,PRANK,253,260,C_terminal_MTase_like,other,213,1.0,3,0.7464788732394366,1.0700816372235198,L:159;M:28;V:26
Placentalia,PRANK,254,261,C_terminal_MTase_like,other,213,1.0,3,0.704225352112676,1.15212778279042,F:150;L:22;Y:41
Placentalia,PRANK,255,262,C_terminal_MTase_like,other,212,0.9953051643192489,2,0.9905660377358491,0.07701687574298335,H:2;Q:210
Placentalia,PRANK,256,263,C_terminal_MTase_like,other,213,1.0,2,0.9812206572769953,0.13453094132957308,F:209;Y:4
Placentalia,PRANK,257,264,C_terminal_MTase_like,other,213,1.0,3,0.971830985915493,0.21099224838377095,C:4;H:207;R:2
Placentalia,PRANK,258,265,C_terminal_MTase_like,other,213,1.0,1,1.0,0.0,R:213
Placentalia,PRANK,259,266,C_terminal_MTase_like,other,213,1.0,4,0.4413145539906103,1.6638375347079024,I:94;L:61;M:5;V:53
Placentalia,PRANK,260,267,C_terminal_MTase_like,other,213,1.0,2,0.9906103286384976,0.07671934408867366,L:211;R:2
Placentalia,PRANK,261,268,C_terminal_MTase_like,other,213,1.0,4,0.9061032863849765,0.5027713187295888,A:1;L:1;Q:193;R:18
Placentalia,PRANK,262,269,C_terminal_MTase_like,other,213,1.0,2,0.9953051643192489,0.04307048235072913,F:1;Y:212
Placentalia,PRANK,263,270,C_terminal_MTase_like,other,213,1.0,4,0.9389671361502347,0.41061401983248147,A:200;S:7;T:1;V:5
Placentalia,PRANK,264,271,C_terminal_MTase_like,other,211,0.9906103286384976,7,0.8672985781990521,0.8249103507030557,C:3;K:5;L:3;M:1;Q:15;R:183;W:1
Placentalia,PRANK,265,272,C_terminal_MTase_like,other,211,0.9906103286384976,4,0.981042654028436,0.16398165220310773,D:1;E:1;P:207;S:2
Placentalia,PRANK,266,273,C_terminal_MTase_like,other,208,0.9765258215962441,12,0.5144230769230769,2.409341886392305,A:2;G:15;H:10;K:10;L:16;N:1;P:28;Q:11;R:107;S:6;T:1;W:1
Placentalia,PRANK,267,274,C_terminal_MTase_like,other,213,1.0,7,0.7370892018779343,1.4292803618995822,A:8;F:1;L:9;P:157;Q:15;R:5;S:18
Placentalia,PRANK,268,275,C_terminal_MTase_like,other,212,0.9953051643192489,9,0.7877358490566038,1.2437400382496917,A:16;C:2;D:3;E:6;G:167;K:1;P:2;R:1;S:14
Placentalia,PRANK,269,276,C_terminal_MTase_like,other,213,1.0,9,0.8028169014084507,1.1586182664472184,A:1;C:7;D:3;G:5;H:1;N:2;R:21;S:171;T:2
Placentalia,PRANK,270,277,C_terminal_MTase_like,other,213,1.0,10,0.5821596244131455,1.7045029699584862,A:3;E:2;G:5;K:1;L:2;P:124;Q:61;R:10;S:3;T:2
Placentalia,PRANK,271,278,C_terminal_MTase_like,other,211,0.9906103286384976,4,0.6445497630331753,1.2012751956293912,K:10;L:2;Q:136;R:63
Placentalia,PRANK,272,279,C_terminal_MTase_like,other,213,1.0,3,0.9624413145539906,0.25140020777034683,A:7;P:205;T:1
Placentalia,PRANK,273,280,C_terminal_MTase_like,other,213,1.0,2,0.9953051643192489,0.04307048235072913,C:1;F:212
Placentalia,PRANK,274,281,C_terminal_MTase_like,other,213,1.0,1,1.0,0.0,F:213
Placentalia,PRANK,275,282,C_terminal_MTase_like,other,213,1.0,1,1.0,0.0,W:213
Placentalia,PRANK,276,283,C_terminal_MTase_like,other,213,1.0,5,0.8685446009389671,0.7550744704167562,A:1;I:14;L:11;M:185;V:2
Placentalia,PRANK,277,284,C_terminal_MTase_like,other,213,1.0,1,1.0,0.0,F:213
Placentalia,PRANK,278,285,C_terminal_MTase_like,other,213,1.0,4,0.9154929577464789,0.5317140968063649,A:4;L:3;M:11;V:195
Placentalia,PRANK,279,286,C_terminal_MTase_like,other,213,1.0,1,1.0,0.0,D:213
Placentalia,PRANK,280,287,C_terminal_MTase_like,other,213,1.0,4,0.892018779342723,0.6473362591787273,H:11;N:190;S:9;T:3
Placentalia,PRANK,281,288,C_terminal_MTase_like,other,213,1.0,2,0.9953051643192489,0.04307048235072913,L:212;V:1
Placentalia,PRANK,282,289,C_terminal_MTase_like,other,213,1.0,6,0.676056338028169,1.230800886435594,A:1;L:56;M:7;Q:1;R:4;V:144
Placentalia,PRANK,283,290,C_terminal_MTase_like,other,213,1.0,3,0.9671361502347418,0.23692206588696596,F:2;L:206;M:5
Placentalia,PRANK,284,291,C_terminal_MTase_like,other,213,1.0,7,0.6807511737089202,1.4026760314322768,A:2;G:3;K:1;N:29;R:1;S:32;T:145
Placentalia,PRANK,285,292,C_terminal_MTase_like,other,213,1.0,12,0.3333333333333333,2.475522614945525,A:6;D:1;E:71;G:5;K:52;N:1;P:5;Q:52;R:8;S:8;T:2;V:2
Placentalia,PRANK,286,293,C_terminal_MTase_like,other,213,1.0,4,0.5633802816901409,1.1153573463704622,A:1;D:120;E:89;N:3
Placentalia,PRANK,287,294,C_terminal_MTase_like,other,213,1.0,5,0.9389671361502347,0.4140497001886281,D:200;E:9;N:2;S:1;T:1
Placentalia,PRANK,288,295,C_terminal_MTase_like,other,213,1.0,8,0.4225352112676056,1.9372305606118234,C:2;E:2;H:10;L:28;Q:90;R:75;V:5;Y:1
Placentalia,PRANK,289,296,C_terminal_MTase_like,other,213,1.0,12,0.26291079812206575,2.670935165541479,A:51;D:56;E:5;H:2;I:9;K:2;L:3;M:1;R:4;S:4;T:35;V:41
Placentalia,PRANK,290,297,C_terminal_MTase_like,other,213,1.0,5,0.647887323943662,1.5260388464721584,A:12;I:19;L:5;T:39;V:138
Placentalia,PRANK,291,298,C_terminal_MTase_like,other,213,1.0,3,0.9107981220657277,0.5079692410354812,A:194;T:14;V:5
Placentalia,PRANK,292,299,C_terminal_MTase_like,other,213,1.0,9,0.676056338028169,1.643494366230495,A:18;C:6;D:3;I:1;N:3;S:29;T:144;V:8;Y:1
Placentalia,PRANK,293,300,C_terminal_MTase_like,other,213,1.0,1,1.0,0.0,R:213
Placentalia,PRANK,294,301,C_terminal_MTase_like,other,213,1.0,1,1.0,0.0,F:213
Placentalia,PRANK,295,302,C_terminal_MTase_like,other,213,1.0,2,0.9436619718309859,0.31273337639664334,F:12;L:201
Placentalia,PRANK,296,303,C_terminal_MTase_like,other,213,1.0,2,0.8779342723004695,0.5352697297532727,E:187;Q:26
Placentalia,PRANK,297,304,C_terminal_MTase_like,other,212,0.9953051643192489,9,0.4716981132075472,1.990505764732393,A:45;G:1;I:6;L:2;M:46;Q:1;S:1;T:100;V:10
Placentalia,PRANK,298,305,C_terminal_MTase_like,other,212,0.9953051643192489,8,0.49056603773584906,1.3894439533458973,D:104;E:96;H:1;K:4;N:1;P:2;Q:3;S:1
Placentalia,PRANK,299,306,C_terminal_MTase_like,other,211,0.9906103286384976,6,0.8578199052132701,0.7859313597268488,A:21;F:1;P:181;Q:5;R:1;T:2
Placentalia,PRANK,300,307,C_terminal_MTase_like,other,209,0.9812206572769953,5,0.8516746411483254,0.8050295696169927,A:14;M:1;S:1;T:15;V:178
Placentalia,PRANK,301,308,C_terminal_MTase_like,other,209,0.9812206572769953,2,0.9712918660287081,0.18787125555974543,I:6;T:203
Placentalia,PRANK,302,309,C_terminal_MTase_like,other,208,0.9765258215962441,3,0.75,0.8700764699139433,I:156;L:50;V:2
Placentalia,PRANK,303,310,C_terminal_MTase_like,other,208,0.9765258215962441,5,0.8028846153846154,0.9619226500821041,K:1;L:4;P:29;Q:167;R:7
Placentalia,PRANK,304,311,C_terminal_MTase_like,other,208,0.9765258215962441,6,0.8846153846153846,0.7393872050457674,D:184;E:11;G:2;H:4;N:6;Y:1
Placentalia,PRANK,305,312,C_terminal_MTase_like,other,205,0.9624413145539906,6,0.7951219512195122,1.0297068582398752,A:8;F:2;I:28;L:1;T:3;V:163
Placentalia,PRANK,306,313,C_terminal_MTase_like,other,205,0.9624413145539906,7,0.4878048780487805,1.7214809649746372,C:71;G:3;H:22;Q:1;R:100;S:2;Y:6
Placentalia,PRANK,307,314,C_terminal_MTase_like,other,207,0.971830985915493,5,0.9227053140096618,0.5026261502350662,A:1;D:4;G:191;N:1;S:10
Placentalia,PRANK,308,315,C_terminal_MTase_like,other,206,0.9671361502347418,8,0.6213592233009708,1.800529441804422,C:9;E:3;G:29;K:1;Q:13;R:128;S:21;T:2
Placentalia,PRANK,309,316,C_terminal_MTase_like,other,205,0.9624413145539906,5,0.3804878048780488,1.974749195149748,A:51;D:3;S:24;T:78;V:49
Placentalia,PRANK,310,317,C_terminal_MTase_like,other,206,0.9671361502347418,8,0.3786407766990291,1.9931745877637814,A:1;E:1;I:42;L:78;P:5;T:9;V:68;Y:2
Placentalia,PRANK,311,318,C_terminal_MTase_like,other,207,0.971830985915493,6,0.7198067632850241,1.1312972471992562,H:7;L:1;P:1;Q:149;R:47;W:2
Placentalia,PRANK,312,319,C_terminal_MTase_like,other,205,0.9624413145539906,5,0.7902439024390244,1.0838356592186336,D:21;G:14;N:162;R:2;S:6
Placentalia,PRANK,313,320,C_terminal_MTase_like,other,208,0.9765258215962441,3,0.9903846153846154,0.08784784987309699,A:206;T:1;V:1
Placentalia,PRANK,314,321,C_terminal_MTase_like,other,208,0.9765258215962441,4,0.9471153846153846,0.369846019190228,A:5;M:5;T:1;V:197
Placentalia,PRANK,315,322,C_terminal_MTase_like,other,208,0.9765258215962441,6,0.5192307692307693,1.3131824277300883,C:1;H:108;L:4;N:2;R:90;Y:3
Placentalia,PRANK,316,323,C_terminal_MTase_like,other,208,0.9765258215962441,2,0.9903846153846154,0.07823246525771237,L:2;V:206
Placentalia,PRANK,317,324,C_terminal_MTase_like,other,208,0.9765258215962441,1,1.0,0.0,W:208
Placentalia,PRANK,318,325,C_terminal_MTase_like,other,209,0.9812206572769953,2,0.9712918660287081,0.18787125555974543,S:203;T:6
Placentalia,PRANK,319,326,C_terminal_MTase_like,other,209,0.9812206572769953,2,0.9904306220095693,0.07792468135188606,N:207;S:2
Placentalia,PRANK,320,327,C_terminal_MTase_like,other,209,0.9812206572769953,3,0.8995215311004785,0.5160991948999069,I:188;L:2;V:19
Placentalia,PRANK,321,328,C_terminal_MTase_like,other,210,0.9859154929577465,1,1.0,0.0,P:210
Placentalia,PRANK,322,329,C_terminal_MTase_like,other,210,0.9859154929577465,2,0.8666666666666667,0.5665095065529053,A:182;G:28
Placentalia,PRANK,323,330,C_terminal_MTase_like,other,207,0.971830985915493,5,0.7342995169082126,1.1607411735693394,H:1;I:27;L:26;M:1;V:152
Placentalia,PRANK,324,331,C_terminal_MTase_like,other,207,0.971830985915493,8,0.4830917874396135,1.2940090620145237,E:1;G:1;K:99;N:2;Q:1;R:100;S:2;V:1
Placentalia,PRANK,325,333,C_terminal_MTase_like,other,203,0.9530516431924883,4,0.9507389162561576,0.3502923276916968,C:1;G:4;R:5;S:193
Placentalia,PRANK,326,334,C_terminal_MTase_like,other,206,0.9671361502347418,4,0.7135922330097088,0.934915257773821,K:57;P:1;R:147;S:1
Placentalia,PRANK,327,335,C_terminal_MTase_like,other,204,0.9577464788732394,6,0.8872549019607843,0.6896231087817208,D:8;G:1;H:181;L:1;Q:12;R:1
Placentalia,PRANK,328,336,C_terminal_MTase_like,other,204,0.9577464788732394,11,0.6911764705882353,1.7889360820552764,A:15;C:1;E:3;K:3;L:12;M:3;R:3;S:141;T:5;V:4;W:14
Placentalia,PRANK,329,337,C_terminal_MTase_like,other,201,0.9436619718309859,7,0.8756218905472637,0.8357307215828182,A:176;D:3;E:4;G:6;P:3;T:1;V:8
Placentalia,PRANK,330,338,C_terminal_MTase_like,other,201,0.9436619718309859,3,0.9154228855721394,0.4920238782556397,L:184;P:12;Q:5
Placentalia,PRANK,331,339,C_terminal_MTase_like,other,202,0.9483568075117371,11,0.3712871287128713,2.5458915183768345,A:42;D:26;E:3;F:3;G:9;I:2;L:5;P:5;S:1;T:31;V:75
Placentalia,PRANK,332,340,C_terminal_MTase_like,other,202,0.9483568075117371,5,0.5594059405940595,1.3179045781800012,A:10;E:2;L:1;P:76;S:113
Placentalia,PRANK,333,341,C_terminal_MTase_like,switching_helix,202,0.9483568075117371,10,0.40594059405940597,2.134464322881805,A:1;C:2;D:2;E:64;G:2;H:4;K:24;P:1;Q:82;R:20
Placentalia,PRANK,334,342,C_terminal_MTase_like,switching_helix,202,0.9483568075117371,6,0.8762376237623762,0.7696890115886188,A:1;D:13;E:177;K:5;Q:2;V:4
Placentalia,PRANK,335,343,C_terminal_MTase_like,switching_helix,202,0.9483568075117371,4,0.8613861386138614,0.7606177991820029,A:17;E:174;L:3;Q:8
Placentalia,PRANK,336,344,C_terminal_MTase_like,switching_helix,202,0.9483568075117371,9,0.7227722772277227,1.5302218487492698,A:7;E:6;G:1;L:146;Q:22;R:1;S:7;T:2;V:10
Placentalia,PRANK,337,345,C_terminal_MTase_like,switching_helix,202,0.9483568075117371,8,0.7772277227722773,1.2879491869241402,A:14;C:1;F:11;L:7;P:1;S:157;T:9;Y:2
Placentalia,PRANK,338,346,C_terminal_MTase_like,switching_helix,202,0.9483568075117371,5,0.9158415841584159,0.5278891055034204,G:2;L:185;Q:1;S:12;V:2
Placentalia,PRANK,339,347,C_terminal_MTase_like,switching_helix,202,0.9483568075117371,8,0.7920792079207921,1.1604677277771986,E:17;F:1;K:1;L:160;M:1;P:1;Q:12;R:9
Placentalia,PRANK,340,348,C_terminal_MTase_like,switching_helix,199,0.9342723004694836,8,0.7889447236180904,1.1591651349134517,A:157;C:2;E:1;G:8;I:1;S:1;T:22;V:7
Placentalia,PRANK,341,349,C_terminal_MTase_like,switching_helix,199,0.9342723004694836,6,0.8492462311557789,0.9303981146466137,G:1;H:8;P:7;Q:169;R:9;W:5
Placentalia,PRANK,342,350,C_terminal_MTase_like,switching_helix,198,0.9295774647887324,10,0.6161616161616161,1.8835352347968275,A:4;D:122;E:2;G:10;I:3;N:31;S:1;T:6;V:18;Y:1
Placentalia,PRANK,343,351,C_terminal_MTase_like,switching_helix,198,0.9295774647887324,8,0.8434343434343434,1.0106606865153238,A:2;C:2;D:1;G:9;K:9;R:167;T:5;W:3
Placentalia,PRANK,344,352,C_terminal_MTase_like,switching_helix,199,0.9342723004694836,7,0.7035175879396985,1.4707999120461064,A:2;L:5;P:4;Q:140;R:20;S:3;T:25
Placentalia,PRANK,345,353,C_terminal_MTase_like,switching_helix,199,0.9342723004694836,8,0.8040201005025126,1.0260713631827019,G:2;K:5;N:1;P:1;R:160;S:27;T:1;W:2
Placentalia,PRANK,346,354,C_terminal_MTase_like,switching_helix,201,0.9436619718309859,9,0.44776119402985076,2.328219123622963,A:90;G:10;L:1;M:20;N:1;P:3;S:35;T:27;V:14
Placentalia,PRANK,347,355,C_terminal_MTase_like,switching_helix,199,0.9342723004694836,9,0.8040201005025126,1.127953106641964,A:2;E:4;G:2;K:160;N:1;P:1;Q:2;R:22;T:5
Placentalia,PRANK,348,356,C_terminal_MTase_like,switching_helix_adjacent_loop,198,0.9295774647887324,10,0.40404040404040403,2.1327996514066547,A:12;G:3;H:1;L:67;M:14;P:80;Q:1;S:18;T:1;V:1
Placentalia,PRANK,349,357,C_terminal_MTase_like,switching_helix_adjacent_loop,199,0.9342723004694836,11,0.6331658291457286,1.6484869515927816,A:46;D:3;G:2;H:1;L:5;M:1;P:126;R:1;S:11;T:2;V:1
Placentalia,PRANK,350,358,C_terminal_MTase_like,switching_helix_adjacent_loop,203,0.9530516431924883,11,0.5615763546798029,1.9778213895690255,A:114;G:6;H:2;I:1;L:6;N:1;P:5;R:3;S:9;T:50;V:6
Placentalia,PRANK,351,359,C_terminal_MTase_like,switching_helix_adjacent_loop,204,0.9577464788732394,10,0.6029411764705882,1.9742808675830945,A:5;E:5;G:1;H:4;K:23;L:4;P:26;Q:123;R:12;S:1
Placentalia,PRANK,352,360,C_terminal_MTase_like,switching_helix_adjacent_loop,204,0.9577464788732394,12,0.6029411764705882,2.1256557923249972,A:6;D:3;E:4;G:123;K:26;P:3;Q:3;R:9;S:5;T:4;V:1;W:17
Placentalia,PRANK,353,361,C_terminal_MTase_like,other,208,0.9765258215962441,9,0.8317307692307693,1.0480336682108986,A:4;D:6;H:1;I:1;L:4;P:173;S:1;T:2;V:16
Placentalia,PRANK,354,362,C_terminal_MTase_like,other,207,0.971830985915493,7,0.6570048309178744,1.4820853359498527,A:136;D:25;I:1;N:1;P:1;S:7;T:36
Placentalia,PRANK,355,363,C_terminal_MTase_like,other,205,0.9624413145539906,13,0.33170731707317075,2.8780727238958796,A:23;C:1;E:1;G:2;H:1;K:68;L:6;M:17;P:15;Q:6;R:18;S:8;T:39
Placentalia,PRANK,356,364,C_terminal_MTase_like,other,205,0.9624413145539906,3,0.9853658536585366,0.123583906745141,A:2;L:202;M:1
Placentalia,PRANK,357,365,C_terminal_MTase_like,other,205,0.9624413145539906,6,0.926829268292683,0.49171499447250105,A:2;C:1;G:1;L:10;T:1;V:190
Placentalia,PRANK,358,366,C_terminal_MTase_like,other,205,0.9624413145539906,6,0.9512195121951219,0.3768505792341734,E:2;K:195;N:1;Q:1;R:5;T:1
Placentalia,PRANK,359,367,C_terminal_MTase_like,other,205,0.9624413145539906,10,0.8195121951219512,1.1104200006911655,A:1;E:2;G:1;H:1;I:1;K:5;N:168;S:17;T:7;Y:2
Placentalia,PRANK,360,368,C_terminal_MTase_like,other,205,0.9624413145539906,3,0.9853658536585366,0.123583906745141,C:202;L:2;S:1
Placentalia,PRANK,361,369,C_terminal_MTase_like,other,204,0.9577464788732394,2,0.8676470588235294,0.5638560041131416,F:177;L:27
Placentalia,PRANK,362,370,C_terminal_MTase_like,other,204,0.9577464788732394,4,0.9656862745098039,0.2689984011133113,F:3;I:2;L:197;S:2
Placentalia,PRANK,363,371,C_terminal_MTase_like,other,204,0.9577464788732394,1,1.0,0.0,P:204
Placentalia,PRANK,364,372,C_terminal_MTase_like,other,204,0.9577464788732394,1,1.0,0.0,L:204
Placentalia,PRANK,365,373,C_terminal_MTase_like,other,204,0.9577464788732394,3,0.9411764705882353,0.3609935719355367,K:10;R:192;S:2
Placentalia,PRANK,366,374,C_terminal_MTase_like,other,204,0.9577464788732394,3,0.9901960784313726,0.08929436395256155,D:1;E:202;L:1
Placentalia,PRANK,367,375,C_terminal_MTase_like,other,204,0.9577464788732394,3,0.9901960784313726,0.08929436395256155,H:1;K:1;Y:202
Placentalia,PRANK,368,376,C_terminal_MTase_like,other,204,0.9577464788732394,2,0.9950980392156863,0.04466460085095255,C:1;F:203
Placentalia,PRANK,369,377,C_terminal_MTase_like,other,205,0.9624413145539906,6,0.9512195121951219,0.3847024839875237,I:1;K:195;L:1;Q:2;R:2;S:4
Placentalia,PRANK,370,378,C_terminal_MTase_like,other,206,0.9671361502347418,4,0.8737864077669902,0.6910496419777706,A:1;C:16;F:9;Y:180
Placentalia,PRANK,371,379,C_terminal_MTase_like,other,196,0.92018779342723,4,0.9591836734693877,0.28934005268805135,F:188;I:1;S:6;T:1
Placentalia,PRANK,372,386,C_terminal_tail,other,201,0.9436619718309859,6,0.9104477611940298,0.6299204802987945,A:5;C:3;F:2;H:2;P:6;S:183
Placentalia,PRANK,373,387,C_terminal_tail,other,199,0.9342723004694836,8,0.7035175879396985,1.3545240897571167,D:1;E:2;L:140;P:6;Q:40;S:7;T:1;V:2
Euarchontoglires,MACSE,1,1,N_terminal,other,81,0.9642857142857143,2,0.9876543209876543,0.09597040299587187,M:80;T:1
Euarchontoglires,MACSE,2,2,N_terminal,other,79,0.9404761904761905,6,0.620253164556962,1.2742590388946524,A:49;C:1;D:1;G:26;T:1;V:1
Euarchontoglires,MACSE,3,3,N_terminal,other,82,0.9761904761904762,10,0.5121951219512195,2.351464260063989,A:42;D:3;E:2;L:2;P:7;Q:4;R:1;S:6;T:13;V:2
Euarchontoglires,MACSE,4,4,N_terminal,other,82,0.9761904761904762,16,0.25609756097560976,3.3271433550219247,A:3;D:10;E:1;F:2;G:7;H:2;I:21;K:1;L:16;P:3;Q:3;R:3;S:3;T:5;V:1;W:1
Euarchontoglires,MACSE,5,5,N_terminal,other,82,0.9761904761904762,9,0.5609756097560976,1.9666005603539414,A:2;E:16;G:10;I:1;L:1;P:46;Q:1;R:3;S:2
Euarchontoglires,MACSE,6,6,N_terminal,other,83,0.9880952380952381,9,0.3855421686746988,2.2364877348747076,A:32;D:1;F:9;I:2;K:1;L:2;S:3;T:28;V:5
Euarchontoglires,MACSE,7,7,N_terminal,other,83,0.9880952380952381,6,0.7228915662650602,1.132580895299464,A:1;L:60;P:1;S:1;V:1;W:19
Euarchontoglires,MACSE,8,8,N_terminal,other,83,0.9880952380952381,6,0.7469879518072289,1.271684647905999,A:1;D:62;E:5;G:1;N:11;S:3
Euarchontoglires,MACSE,9,9,N_terminal,other,79,0.9404761904761905,3,0.6455696202531646,1.1120720812520668,L:51;P:25;V:3
Euarchontoglires,MACSE,10,10,N_terminal,other,79,0.9404761904761905,4,0.9493670886075949,0.3650288268202541,A:1;D:2;E:75;K:1
Euarchontoglires,MACSE,11,11,N_terminal,other,82,0.9761904761904762,7,0.5975609756097561,1.4540507541854366,A:49;L:1;P:1;R:1;S:3;T:26;V:1
Euarchontoglires,MACSE,12,12,N_terminal,other,80,0.9523809523809523,2,0.975,0.16866093149667025,E:78;G:2
Euarchontoglires,MACSE,13,13,N_terminal,other,82,0.9761904761904762,10,0.3780487804878049,2.4380039797121733,A:2;C:2;D:13;G:2;H:22;N:2;P:31;R:5;S:2;V:1
Euarchontoglires,MACSE,14,14,N_terminal,other,82,0.9761904761904762,5,0.8414634146341463,0.8954232305417378,A:2;G:7;N:3;R:1;S:69
Euarchontoglires,MACSE,15,15,N_terminal,other,81,0.9642857142857143,8,0.654320987654321,1.5572164026380242,A:1;G:1;I:1;K:2;L:2;M:53;T:3;V:18
Euarchontoglires,MACSE,16,16,N_terminal,other,80,0.9523809523809523,5,0.9125,0.5737131849093466,A:1;D:73;E:4;I:1;N:1
Euarchontoglires,MACSE,17,17,N_terminal,other,80,0.9523809523809523,7,0.825,1.0664307588625515,E:1;G:2;I:2;L:2;M:6;S:1;V:66
Euarchontoglires,MACSE,18,18,N_terminal,other,80,0.9523809523809523,4,0.65,1.1911535278793055,E:2;I:52;T:2;V:24
Euarchontoglires,MACSE,19,19,N_terminal,other,80,0.9523809523809523,2,0.975,0.16866093149667025,L:78;P:2
Euarchontoglires,MACSE,20,20,N_terminal,other,81,0.9642857142857143,6,0.6172839506172839,1.3639968950418122,D:1;E:25;G:1;L:3;M:1;V:50
Euarchontoglires,MACSE,21,21,N_terminal,other,81,0.9642857142857143,3,0.6172839506172839,1.038621270082257,D:30;G:50;S:1
Euarchontoglires,MACSE,22,22,N_terminal,other,81,0.9642857142857143,6,0.9012345679012346,0.677972468311727,C:3;D:1;G:1;N:1;P:2;S:73
Euarchontoglires,MACSE,23,23,N_terminal,other,80,0.9523809523809523,8,0.575,1.9541041085781528,E:3;G:3;K:9;M:1;N:2;R:14;S:46;T:2
Euarchontoglires,MACSE,24,24,N_terminal,other,78,0.9285714285714286,5,0.8333333333333334,0.9556769579219926,D:2;E:65;G:6;K:3;P:2
Euarchontoglires,MACSE,25,25,N_terminal,other,80,0.9523809523809523,8,0.675,1.6764944633860601,A:2;H:2;I:2;L:54;P:10;Q:2;R:7;T:1
Euarchontoglires,MACSE,26,26,N_terminal,other,80,0.9523809523809523,7,0.5125,1.8866659366696563,A:2;I:2;L:23;P:6;Q:1;R:5;S:41
Euarchontoglires,MACSE,27,27,N_terminal,other,80,0.9523809523809523,7,0.825,1.0853029464166384,A:2;C:1;H:1;P:2;R:4;S:66;T:4
Euarchontoglires,MACSE,28,28,N_terminal,other,80,0.9523809523809523,4,0.6125,1.4178343420136028,A:1;L:15;P:49;S:15
Euarchontoglires,MACSE,29,29,N_terminal,other,80,0.9523809523809523,7,0.3375,2.3459248007456397,A:8;G:1;I:1;P:13;S:17;T:13;V:27
Euarchontoglires,MACSE,30,30,N_terminal,other,80,0.9523809523809523,5,0.825,0.9713102529320914,A:5;L:1;P:6;S:66;T:2
Euarchontoglires,MACSE,31,31,N_terminal,other,80,0.9523809523809523,7,0.7875,1.2446996492007183,A:4;H:1;P:63;R:4;S:2;T:1;V:5
Euarchontoglires,MACSE,32,32,N_terminal,other,78,0.9285714285714286,7,0.3974358974358974,2.171552083373262,A:5;G:24;K:2;P:31;Q:8;R:7;W:1
Euarchontoglires,MACSE,33,33,N_terminal,other,79,0.9404761904761905,10,0.27848101265822783,2.777416991742842,A:7;E:10;L:9;P:19;Q:2;R:5;S:3;T:22;V:1;W:1
Euarchontoglires,MACSE,34,34,N_terminal,other,81,0.9642857142857143,2,0.9876543209876543,0.09597040299587187,D:1;G:80
Euarchontoglires,MACSE,35,35,N_terminal,other,81,0.9642857142857143,1,1.0,0.0,R:81
Euarchontoglires,MACSE,36,36,N_terminal,other,82,0.9761904761904762,2,0.5487804878048781,0.9931231770192239,D:45;E:37
Euarchontoglires,MACSE,37,37,N_terminal,other,82,0.9761904761904762,7,0.573170731707317,1.7762243231082886,H:2;I:21;L:47;M:2;R:5;S:2;V:3
Euarchontoglires,MACSE,38,38,N_terminal,other,82,0.9761904761904762,3,0.9634146341463414,0.26000713747185045,I:79;M:2;T:1
Euarchontoglires,MACSE,39,39,N_terminal,other,82,0.9761904761904762,8,0.6219512195121951,1.4632496575710838,A:51;E:2;P:1;Q:1;R:24;S:1;T:1;W:1
Euarchontoglires,MACSE,40,40,N_terminal,other,82,0.9761904761904762,3,0.9146341463414634,0.4713181413068885,H:6;L:1;Y:75
Euarchontoglires,MACSE,41,41,ADD,other,82,0.9761904761904762,1,1.0,0.0,E:82
Euarchontoglires,MACSE,42,42,ADD,other,82,0.9761904761904762,2,0.9634146341463414,0.22641094842107642,I:3;V:79
Euarchontoglires,MACSE,43,43,ADD,other,82,0.9761904761904762,9,0.5121951219512195,1.9009221030261352,G:1;I:1;K:42;M:1;N:3;Q:2;R:2;S:4;T:26
Euarchontoglires,MACSE,44,44,ADD,other,82,0.9761904761904762,4,0.8536585365853658,0.7201240517519706,A:10;E:1;I:1;V:70
Euarchontoglires,MACSE,45,45,ADD,other,82,0.9761904761904762,3,0.975609756097561,0.18981727789870584,H:1;K:1;N:80
Euarchontoglires,MACSE,46,46,ADD,other,82,0.9761904761904762,5,0.7926829268292683,0.9726785389755992,G:1;H:2;K:1;Q:65;R:13
Euarchontoglires,MACSE,47,47,ADD,other,82,0.9761904761904762,1,1.0,0.0,R:82
Euarchontoglires,MACSE,48,48,ADD,other,83,0.9880952380952381,5,0.7951807228915663,1.0380621796003504,D:6;H:1;N:66;R:1;S:9
Euarchontoglires,MACSE,49,49,ADD,other,83,0.9880952380952381,4,0.963855421686747,0.2816147615759731,I:80;L:1;M:1;V:1
Euarchontoglires,MACSE,50,50,ADD,other,83,0.9880952380952381,2,0.9879518072289156,0.09408443883267345,E:82;R:1
Euarchontoglires,MACSE,51,51,ADD,other,83,0.9880952380952381,3,0.8554216867469879,0.7377723179291843,A:5;D:71;E:7
Euarchontoglires,MACSE,52,52,ADD,other,84,1.0,4,0.8809523809523809,0.7034593628603965,F:2;I:74;L:3;V:5
Euarchontoglires,MACSE,53,53,ADD,other,84,1.0,1,1.0,0.0,C:84
Euarchontoglires,MACSE,54,54,ADD,other,84,1.0,2,0.8928571428571429,0.49123734182433315,I:9;L:75
Euarchontoglires,MACSE,55,55,ADD,other,84,1.0,3,0.9166666666666666,0.46312291518549437,C:77;G:6;S:1
Euarchontoglires,MACSE,56,56,ADD,other,84,1.0,1,1.0,0.0,C:84
Euarchontoglires,MACSE,57,57,ADD,other,84,1.0,2,0.9880952380952381,0.09317131799548933,G:83;R:1
Euarchontoglires,MACSE,58,58,ADD,other,84,1.0,3,0.8928571428571429,0.5451578776931523,G:1;S:75;T:8
Euarchontoglires,MACSE,59,59,ADD,other,84,1.0,4,0.6785714285714286,1.1390847644589384,F:23;L:57;R:1;S:3
Euarchontoglires,MACSE,60,60,ADD,other,84,1.0,4,0.9166666666666666,0.5095530881603768,L:1;P:1;Q:77;R:5
Euarchontoglires,MACSE,61,61,ADD,other,84,1.0,2,0.9761904761904762,0.1623261801753929,I:2;V:82
Euarchontoglires,MACSE,62,62,ADD,other,84,1.0,3,0.6904761904761905,0.9654209649005782,H:58;Q:1;Y:25
Euarchontoglires,MACSE,63,63,ADD,other,84,1.0,5,0.8809523809523809,0.7362556426480568,A:5;I:1;K:2;R:2;T:74
Euarchontoglires,MACSE,64,64,ADD,other,84,1.0,3,0.8928571428571429,0.5974240625212854,K:4;Q:75;R:5
Euarchontoglires,MACSE,65,65,ADD,other,84,1.0,1,1.0,0.0,H:84
Euarchontoglires,MACSE,66,66,ADD,other,84,1.0,1,1.0,0.0,P:84
Euarchontoglires,MACSE,67,67,ADD,other,84,1.0,1,1.0,0.0,L:84
Euarchontoglires,MACSE,68,68,ADD,other,84,1.0,1,1.0,0.0,F:84
Euarchontoglires,MACSE,69,69,ADD,other,84,1.0,5,0.9166666666666666,0.5673477664017261,D:1;E:77;L:1;Q:2;V:3
Euarchontoglires,MACSE,70,70,ADD,other,84,1.0,1,1.0,0.0,G:84
Euarchontoglires,MACSE,71,71,ADD,other,84,1.0,1,1.0,0.0,G:84
Euarchontoglires,MACSE,72,72,ADD,other,84,1.0,3,0.5238095238095238,1.2887638176968608,I:44;L:6;M:34
Euarchontoglires,MACSE,73,73,ADD,other,84,1.0,1,1.0,0.0,C:84
Euarchontoglires,MACSE,74,74,ADD,other,84,1.0,4,0.8214285714285714,0.8967560774798164,A:69;I:5;T:9;V:1
Euarchontoglires,MACSE,75,75,ADD,other,84,1.0,4,0.8333333333333334,0.8077512443125945,L:2;P:70;Q:1;S:11
Euarchontoglires,MACSE,76,76,ADD,other,84,1.0,1,1.0,0.0,C:84
Euarchontoglires,MACSE,77,77,ADD,other,84,1.0,1,1.0,0.0,K:84
Euarchontoglires,MACSE,78,78,ADD,other,84,1.0,2,0.9880952380952381,0.09317131799548933,A:1;D:83
Euarchontoglires,MACSE,79,79,ADD,other,84,1.0,5,0.6904761904761905,1.4809259318636365,I:6;K:58;N:3;R:9;T:8
Euarchontoglires,MACSE,80,80,ADD,other,84,1.0,4,0.9523809523809523,0.34762399907651054,F:80;L:1;S:2;Y:1
Euarchontoglires,MACSE,81,81,ADD,other,84,1.0,1,1.0,0.0,L:84
Euarchontoglires,MACSE,82,82,ADD,other,84,1.0,5,0.5,1.42074744868092,D:35;E:42;G:5;K:1;Y:1
Euarchontoglires,MACSE,83,83,ADD,other,84,1.0,3,0.5238095238095238,1.2887638176968608,A:44;S:6;T:34
Euarchontoglires,MACSE,84,84,ADD,other,84,1.0,4,0.8333333333333334,0.8077512443125945,F:2;I:11;L:70;V:1
Euarchontoglires,MACSE,85,85,ADD,other,84,1.0,1,1.0,0.0,F:84
Euarchontoglires,MACSE,86,86,ADD,other,84,1.0,4,0.8809523809523809,0.6363704102008759,L:74;M:1;Q:8;V:1
Euarchontoglires,MACSE,87,87,ADD,other,84,1.0,1,1.0,0.0,Y:84
Euarchontoglires,MACSE,88,88,ADD,other,84,1.0,1,1.0,0.0,D:84
Euarchontoglires,MACSE,89,89,ADD,other,84,1.0,4,0.5595238095238095,1.3472916025236241,D:47;E:30;M:6;Q:1
Euarchontoglires,MACSE,90,90,ADD,other,84,1.0,1,1.0,0.0,D:84
Euarchontoglires,MACSE,91,91,ADD,other,84,1.0,1,1.0,0.0,G:84
Euarchontoglires,MACSE,92,92,ADD,other,84,1.0,2,0.6904761904761905,0.8926230133850986,H:26;Y:58
Euarchontoglires,MACSE,93,93,ADD,other,84,1.0,2,0.9761904761904762,0.1623261801753929,L:2;Q:82
Euarchontoglires,MACSE,94,94,ADD,other,84,1.0,4,0.9285714285714286,0.4754571778571074,C:2;G:3;R:1;S:78
Euarchontoglires,MACSE,95,95,ADD,other,84,1.0,5,0.8452380952380952,0.8964650954753519,C:3;F:3;H:1;S:6;Y:71
Euarchontoglires,MACSE,96,96,ADD,other,84,1.0,1,1.0,0.0,C:84
Euarchontoglires,MACSE,97,97,ADD,other,84,1.0,2,0.8452380952380952,0.6216297820565386,S:71;T:13
Euarchontoglires,MACSE,98,98,ADD,other,84,1.0,2,0.9880952380952381,0.09317131799548933,I:83;V:1
Euarchontoglires,MACSE,99,99,ADD,other,84,1.0,1,1.0,0.0,C:84
Euarchontoglires,MACSE,100,100,ADD,other,84,1.0,4,0.7023809523809523,1.3395477010386965,A:7;C:59;G:11;S:7
Euarchontoglires,MACSE,101,101,ADD,other,84,1.0,4,0.8452380952380952,0.8578328038344408,A:4;F:6;L:3;S:71
Euarchontoglires,MACSE,102,102,ADD,other,84,1.0,1,1.0,0.0,G:84
Euarchontoglires,MACSE,103,103,ADD,other,84,1.0,7,0.4642857142857143,2.161392871228855,D:13;E:39;G:16;H:7;K:6;N:2;S:1
Euarchontoglires,MACSE,104,104,ADD,other,84,1.0,3,0.9404761904761905,0.3833463917293008,M:3;T:79;V:2
Euarchontoglires,MACSE,105,105,ADD,other,84,1.0,1,1.0,0.0,L:84
Euarchontoglires,MACSE,106,106,ADD,other,84,1.0,2,0.6785714285714286,0.9059282160429991,F:27;L:57
Euarchontoglires,MACSE,107,107,ADD,other,84,1.0,3,0.9642857142857143,0.2550811104733483,I:81;L:1;V:2
Euarchontoglires,MACSE,108,108,ADD,other,84,1.0,1,1.0,0.0,C:84
Euarchontoglires,MACSE,109,109,ADD,other,84,1.0,2,0.7261904761904762,0.8468781063424822,E:61;G:23
Euarchontoglires,MACSE,110,110,ADD,other,84,1.0,4,0.5476190476190477,1.1518275414627384,D:1;L:1;N:46;S:36
Euarchontoglires,MACSE,111,111,ADD,other,84,1.0,3,0.9761904761904762,0.18613570398491672,I:1;P:82;S:1
Euarchontoglires,MACSE,112,112,ADD,other,84,1.0,3,0.9404761904761905,0.3685236238979135,D:79;E:4;Q:1
Euarchontoglires,MACSE,113,113,ADD,other,84,1.0,1,1.0,0.0,C:84
Euarchontoglires,MACSE,114,114,ADD,other,84,1.0,2,0.9880952380952381,0.09317131799548933,P:1;T:83
Euarchontoglires,MACSE,115,115,ADD,other,84,1.0,1,1.0,0.0,R:84
Euarchontoglires,MACSE,116,116,ADD,other,84,1.0,2,0.9523809523809523,0.2761954276479391,C:80;G:4
Euarchontoglires,MACSE,117,117,ADD,other,84,1.0,1,1.0,0.0,Y:84
Euarchontoglires,MACSE,118,118,ADD,other,84,1.0,1,1.0,0.0,C:84
Euarchontoglires,MACSE,119,119,ADD,other,84,1.0,3,0.8928571428571429,0.5896261811873141,F:75;L:6;V:3
Euarchontoglires,MACSE,120,120,ADD,other,84,1.0,3,0.9523809523809523,0.3238144752669867,A:2;E:80;G:2
Euarchontoglires,MACSE,121,121,ADD,other,84,1.0,1,1.0,0.0,C:84
Euarchontoglires,MACSE,122,122,ADD,other,84,1.0,4,0.9166666666666666,0.528715474760815,F:2;L:4;M:1;V:77
Euarchontoglires,MACSE,123,123,ADD,other,84,1.0,1,1.0,0.0,D:84
Euarchontoglires,MACSE,124,124,ADD,other,84,1.0,7,0.39285714285714285,2.156012638323149,A:5;G:2;I:33;N:1;S:26;T:11;V:6
Euarchontoglires,MACSE,125,125,ADD,other,84,1.0,1,1.0,0.0,L:84
Euarchontoglires,MACSE,126,126,ADD,other,84,1.0,3,0.9761904761904762,0.18613570398491672,A:1;L:1;V:82
Euarchontoglires,MACSE,127,127,ADD,other,84,1.0,4,0.8214285714285714,0.8019138054748571,A:1;C:1;G:69;S:13
Euarchontoglires,MACSE,128,128,ADD,other,84,1.0,2,0.9880952380952381,0.09317131799548933,A:1;P:83
Euarchontoglires,MACSE,129,129,ADD,other,84,1.0,1,1.0,0.0,G:84
Euarchontoglires,MACSE,130,130,ADD,other,84,1.0,3,0.9404761904761905,0.3685236238979135,A:1;S:4;T:79
Euarchontoglires,MACSE,131,131,ADD,other,84,1.0,2,0.9047619047619048,0.4537163391869448,A:8;S:76
Euarchontoglires,MACSE,132,132,ADD,other,84,1.0,4,0.47619047619047616,1.3787855974443248,A:1;D:6;E:40;G:37
Euarchontoglires,MACSE,133,133,ADD,other,84,1.0,4,0.4880952380952381,1.162326180175393,H:1;K:41;L:1;R:41
Euarchontoglires,MACSE,134,134,ADD,other,84,1.0,4,0.5714285714285714,1.1953744945234692,A:1;I:33;M:2;V:48
Euarchontoglires,MACSE,135,135,ADD,other,84,1.0,5,0.5595238095238095,1.7416787195907677,H:47;L:2;N:18;Q:9;S:8
Euarchontoglires,MACSE,136,136,ADD,other,84,1.0,4,0.8452380952380952,0.8281872681716663,A:71;G:2;S:8;T:3
Euarchontoglires,MACSE,137,137,ADD,other,84,1.0,5,0.9404761904761905,0.4399521953264849,I:1;M:79;R:2;T:1;V:1
Euarchontoglires,MACSE,138,138,ADD,other,84,1.0,7,0.6190476190476191,1.5674930364035125,A:22;D:2;H:3;N:1;P:2;S:52;T:2
Euarchontoglires,MACSE,139,139,ADD,other,84,1.0,8,0.4642857142857143,1.9158788886313212,C:28;F:3;H:1;N:39;P:2;R:1;S:9;Y:1
Euarchontoglires,MACSE,140,140,ADD,other,84,1.0,1,1.0,0.0,W:84
Euarchontoglires,MACSE,141,141,ADD,other,84,1.0,3,0.9523809523809523,0.3238144752669867,A:2;L:2;V:80
Euarchontoglires,MACSE,142,142,ADD,other,84,1.0,1,1.0,0.0,C:84
Euarchontoglires,MACSE,143,143,ADD,other,84,1.0,4,0.8809523809523809,0.6898254696731743,F:74;P:2;S:2;Y:6
Euarchontoglires,MACSE,144,144,ADD,other,84,1.0,1,1.0,0.0,L:84
Euarchontoglires,MACSE,145,145,ADD,other,84,1.0,1,1.0,0.0,C:84
Euarchontoglires,MACSE,146,146,ADD,other,84,1.0,3,0.9642857142857143,0.2550811104733483,A:2;L:81;V:1
Euarchontoglires,MACSE,147,147,ADD,other,84,1.0,1,1.0,0.0,P:84
Euarchontoglires,MACSE,148,148,ADD,other,84,1.0,5,0.8571428571428571,0.8222449875615018,C:1;F:72;G:2;I:2;S:7
Euarchontoglires,MACSE,149,149,ADD,other,84,1.0,5,0.7142857142857143,1.2806350103116273,A:3;P:5;R:1;S:60;T:15
Euarchontoglires,MACSE,150,150,ADD,other,84,1.0,8,0.8571428571428571,0.9609531358282069,C:1;G:2;H:1;K:1;P:1;Q:2;R:72;S:4
Euarchontoglires,MACSE,151,151,ADD,other,84,1.0,4,0.8928571428571429,0.6403959729312475,H:4;N:4;R:1;S:75
Euarchontoglires,MACSE,152,152,ADD,other,84,1.0,1,1.0,0.0,G:84
Euarchontoglires,MACSE,153,153,ADD,other,84,1.0,1,1.0,0.0,L:84
Euarchontoglires,MACSE,154,154,ADD,other,84,1.0,1,1.0,0.0,L:84
Euarchontoglires,MACSE,155,155,ADD,other,84,1.0,3,0.8333333333333334,0.7486345514120754,L:2;Q:70;R:12
Euarchontoglires,MACSE,156,156,ADD,other,84,1.0,1,1.0,0.0,R:84
Euarchontoglires,MACSE,157,157,ADD,other,84,1.0,1,1.0,0.0,R:84
Euarchontoglires,MACSE,158,158,ADD,other,84,1.0,4,0.7261904761904762,0.987393095758641,H:1;K:21;P:1;R:61
Euarchontoglires,MACSE,159,159,ADD,other,84,1.0,3,0.8095238095238095,0.8060026357093609,K:68;Q:2;R:14
Euarchontoglires,MACSE,160,160,ADD,other,84,1.0,1,1.0,0.0,W:84
Euarchontoglires,MACSE,161,161,ADD,other,84,1.0,2,0.9880952380952381,0.09317131799548933,H:1;R:83
Euarchontoglires,MACSE,162,162,ADD,other,84,1.0,8,0.32142857142857145,2.529696439528413,A:8;D:6;E:6;G:16;H:27;Q:1;S:18;T:2
Euarchontoglires,MACSE,163,163,ADD,other,84,1.0,4,0.75,1.163771879164648,G:4;H:5;Q:63;R:12
Euarchontoglires,MACSE,164,164,ADD,other,84,1.0,1,1.0,0.0,L:84
Euarchontoglires,MACSE,165,165,ADD,other,84,1.0,1,1.0,0.0,K:84
Euarchontoglires,MACSE,166,166,ADD,other,84,1.0,4,0.9404761904761905,0.4071559155388246,A:79;D:1;T:1;V:3
Euarchontoglires,MACSE,167,167,ADD,other,84,1.0,1,1.0,0.0,F:84
Euarchontoglires,MACSE,168,168,ADD,other,84,1.0,5,0.4642857142857143,1.8061066484068329,C:6;F:2;H:27;Q:10;Y:39
Euarchontoglires,MACSE,169,169,ADD,other,84,1.0,4,0.9404761904761905,0.41614267151696105,D:79;E:2;L:1;Q:2
Euarchontoglires,MACSE,170,170,ADD,other,84,1.0,5,0.5714285714285714,1.5753831576811776,E:2;K:1;L:20;Q:13;R:48
Euarchontoglires,MACSE,171,171,ADD,other,84,1.0,5,0.9285714285714286,0.5082534576447677,E:78;G:2;H:1;N:1;Q:2
Euarchontoglires,MACSE,172,172,ADD,other,84,1.0,5,0.42857142857142855,1.7770886721372965,A:19;G:25;K:1;S:36;V:3
Euarchontoglires,MACSE,173,173,ADD,other,84,1.0,9,0.4166666666666667,2.2039481952504136,A:27;D:2;E:35;G:2;K:7;P:1;S:6;T:1;V:3
Euarchontoglires,MACSE,174,174,linker,other,84,1.0,6,0.7142857142857143,1.2506471366148688,D:1;G:4;N:17;Q:1;R:1;S:60
Euarchontoglires,MACSE,175,175,linker,other,84,1.0,3,0.9047619047619048,0.5054843813964303,A:1;P:76;S:7
Euarchontoglires,MACSE,176,176,linker,other,84,1.0,6,0.7261904761904762,1.3751940195551513,E:1;I:2;L:61;M:4;Q:5;V:11
Euarchontoglires,MACSE,177,177,linker,other,84,1.0,4,0.8690476190476191,0.7035413180377929,E:73;G:2;K:8;Q:1
Euarchontoglires,MACSE,178,178,C_terminal_MTase_like,other,84,1.0,5,0.7261904761904762,1.100822180555377,I:19;L:2;M:61;T:1;V:1
Euarchontoglires,MACSE,179,179,C_terminal_MTase_like,other,84,1.0,2,0.6547619047619048,0.9297432191769046,F:29;Y:55
Euarchontoglires,MACSE,180,180,C_terminal_MTase_like,other,84,1.0,3,0.5714285714285714,1.2009102795095283,E:32;K:48;Q:4
Euarchontoglires,MACSE,181,181,C_terminal_MTase_like,other,84,1.0,3,0.8690476190476191,0.6902149432906054,I:6;P:5;T:73
Euarchontoglires,MACSE,182,182,C_terminal_MTase_like,other,84,1.0,2,0.9285714285714286,0.37123232664087563,L:6;V:78
Euarchontoglires,MACSE,183,183,C_terminal_MTase_like,other,84,1.0,3,0.6785714285714286,0.979386905170919,A:1;P:57;S:26
Euarchontoglires,MACSE,184,184,C_terminal_MTase_like,other,84,1.0,4,0.5952380952380952,1.1281173098176147,A:32;P:1;T:1;V:50
Euarchontoglires,MACSE,185,185,C_terminal_MTase_like,other,84,1.0,3,0.9642857142857143,0.2550811104733483,C:2;G:1;W:81
Euarchontoglires,MACSE,186,186,C_terminal_MTase_like,other,84,1.0,2,0.6190476190476191,0.9587118829771318,K:52;R:32
Euarchontoglires,MACSE,187,187,C_terminal_MTase_like,other,84,1.0,2,0.9761904761904762,0.1623261801753929,K:2;R:82
Euarchontoglires,MACSE,188,188,C_terminal_MTase_like,other,84,1.0,4,0.4880952380952381,1.4097957591665207,A:3;E:36;K:4;Q:41
Euarchontoglires,MACSE,189,189,C_terminal_MTase_like,other,84,1.0,3,0.9761904761904762,0.18613570398491672,A:1;P:82;S:1
Euarchontoglires,MACSE,190,190,C_terminal_MTase_like,other,84,1.0,4,0.7619047619047619,1.1158974114826457,I:2;L:8;M:10;V:64
Euarchontoglires,MACSE,191,191,C_terminal_MTase_like,other,84,1.0,2,0.9285714285714286,0.37123232664087563,Q:6;R:78
Euarchontoglires,MACSE,192,192,C_terminal_MTase_like,other,84,1.0,1,1.0,0.0,V:84
Euarchontoglires,MACSE,193,193,C_terminal_MTase_like,other,84,1.0,1,1.0,0.0,L:84
Euarchontoglires,MACSE,194,194,C_terminal_MTase_like,other,84,1.0,5,0.8333333333333334,0.9379218672441006,A:5;C:1;N:6;S:70;T:2
Euarchontoglires,MACSE,195,195,C_terminal_MTase_like,other,84,1.0,1,1.0,0.0,L:84
Euarchontoglires,MACSE,196,196,C_terminal_MTase_like,other,84,1.0,1,1.0,0.0,F:84
Euarchontoglires,MACSE,197,197,C_terminal_MTase_like,other,84,1.0,4,0.6666666666666666,1.114837894450261,E:25;G:56;K:1;R:2
Euarchontoglires,MACSE,198,198,C_terminal_MTase_like,other,84,1.0,4,0.5476190476190477,1.4325938121629815,D:46;H:2;K:7;N:29
Euarchontoglires,MACSE,199,199,C_terminal_MTase_like,other,84,1.0,1,1.0,0.0,I:84
Euarchontoglires,MACSE,200,200,C_terminal_MTase_like,other,84,1.0,8,0.5476190476190477,1.9739543274860911,D:18;E:8;G:4;K:46;N:2;Q:1;R:4;T:1
Euarchontoglires,MACSE,201,201,C_terminal_MTase_like,other,84,1.0,5,0.8571428571428571,0.8273902673892352,K:72;P:1;Q:5;R:5;T:1
Euarchontoglires,MACSE,202,202,C_terminal_MTase_like,other,84,1.0,2,0.9642857142857143,0.222284830685688,E:81;V:3
Euarchontoglires,MACSE,203,203,C_terminal_MTase_like,other,84,1.0,1,1.0,0.0,L:84
Euarchontoglires,MACSE,204,204,C_terminal_MTase_like,other,84,1.0,7,0.5476190476190477,1.959572218109743,A:4;E:11;K:15;M:5;R:1;S:2;T:46
Euarchontoglires,MACSE,205,205,C_terminal_MTase_like,other,84,1.0,2,0.9761904761904762,0.1623261801753929,N:2;S:82
Euarchontoglires,MACSE,206,206,C_terminal_MTase_like,other,84,1.0,1,1.0,0.0,L:84
Euarchontoglires,MACSE,207,207,C_terminal_MTase_like,other,84,1.0,1,1.0,0.0,G:84
Euarchontoglires,MACSE,208,208,C_terminal_MTase_like,other,84,1.0,1,1.0,0.0,F:84
Euarchontoglires,MACSE,209,209,C_terminal_MTase_like,other,84,1.0,2,0.9642857142857143,0.222284830685688,L:81;V:3
Euarchontoglires,MACSE,210,210,C_terminal_MTase_like,other,84,1.0,2,0.9047619047619048,0.4537163391869448,E:76;G:8
Euarchontoglires,MACSE,211,211,C_terminal_MTase_like,other,83,0.9880952380952381,10,0.6144578313253012,2.0239290232443876,A:3;D:1;H:1;I:1;N:3;P:6;Q:2;R:5;S:51;T:10
Euarchontoglires,MACSE,212,212,C_terminal_MTase_like,other,83,0.9880952380952381,3,0.9397590361445783,0.3868917135948905,D:2;G:78;S:3
Euarchontoglires,MACSE,213,213,C_terminal_MTase_like,other,83,0.9880952380952381,4,0.9518072289156626,0.3509589601904051,A:2;C:1;S:79;Y:1
Euarchontoglires,MACSE,214,214,C_terminal_MTase_like,other,84,1.0,7,0.39285714285714285,2.0823620444015605,A:1;D:30;E:33;G:8;K:4;Q:3;S:5
Euarchontoglires,MACSE,215,215,C_terminal_MTase_like,other,84,1.0,9,0.34523809523809523,2.4880906120018333,A:15;D:1;E:13;G:16;L:3;P:29;Q:5;R:1;S:1
Euarchontoglires,MACSE,216,216,C_terminal_MTase_like,other,84,1.0,3,0.9285714285714286,0.4368248862161963,D:2;E:4;G:78
Euarchontoglires,MACSE,217,217,C_terminal_MTase_like,other,84,1.0,7,0.5238095238095238,1.6947346397019183,G:1;K:2;M:1;P:1;Q:27;R:44;T:8
Euarchontoglires,MACSE,218,218,C_terminal_MTase_like,other,84,1.0,3,0.9404761904761905,0.3685236238979135,I:1;L:79;V:4
Euarchontoglires,MACSE,219,219,C_terminal_MTase_like,other,84,1.0,5,0.7976190476190477,0.9193299862373647,K:67;M:1;R:14;V:1;W:1
Euarchontoglires,MACSE,220,220,C_terminal_MTase_like,other,84,1.0,4,0.6547619047619048,1.078546627513642,F:1;H:55;R:1;Y:27
Euarchontoglires,MACSE,221,221,C_terminal_MTase_like,other,84,1.0,2,0.7380952380952381,0.8296071030882031,L:62;V:22
Euarchontoglires,MACSE,222,222,C_terminal_MTase_like,other,84,1.0,5,0.47619047619047616,1.388765407226966,D:38;E:40;G:1;K:1;V:4
Euarchontoglires,MACSE,223,223,C_terminal_MTase_like,other,84,1.0,2,0.9880952380952381,0.09317131799548933,D:83;N:1
Euarchontoglires,MACSE,224,224,C_terminal_MTase_like,other,84,1.0,2,0.9880952380952381,0.09317131799548933,T:1;V:83
Euarchontoglires,MACSE,225,225,C_terminal_MTase_like,other,84,1.0,3,0.9761904761904762,0.18613570398491672,R:1;S:1;T:82
Euarchontoglires,MACSE,226,226,C_terminal_MTase_like,other,84,1.0,2,0.5595238095238095,0.9897525351939972,D:47;N:37
Euarchontoglires,MACSE,227,227,C_terminal_MTase_like,other,84,1.0,3,0.5952380952380952,1.2922669208691815,I:8;T:26;V:50
Euarchontoglires,MACSE,228,228,C_terminal_MTase_like,other,84,1.0,1,1.0,0.0,V:84
Euarchontoglires,MACSE,229,229,C_terminal_MTase_like,other,84,1.0,1,1.0,0.0,R:84
Euarchontoglires,MACSE,230,230,C_terminal_MTase_like,other,84,1.0,2,0.6666666666666666,0.9182958340544896,K:28;R:56
Euarchontoglires,MACSE,231,231,C_terminal_MTase_like,other,84,1.0,3,0.9285714285714286,0.4176624996157581,D:78;E:5;N:1
Euarchontoglires,MACSE,232,232,C_terminal_MTase_like,other,84,1.0,2,0.9880952380952381,0.09317131799548933,A:1;V:83
Euarchontoglires,MACSE,233,233,C_terminal_MTase_like,other,84,1.0,3,0.9761904761904762,0.18613570398491672,D:1;E:82;G:1
Euarchontoglires,MACSE,234,234,C_terminal_MTase_like,other,84,1.0,9,0.5595238095238095,1.9819083599991223,A:2;D:2;E:47;G:2;H:1;K:13;Q:2;R:14;S:1
Euarchontoglires,MACSE,235,235,C_terminal_MTase_like,other,84,1.0,1,1.0,0.0,W:84
Euarchontoglires,MACSE,236,236,C_terminal_MTase_like,other,84,1.0,1,1.0,0.0,G:84
Euarchontoglires,MACSE,237,237,C_terminal_MTase_like,other,84,1.0,1,1.0,0.0,P:84
Euarchontoglires,MACSE,238,238,C_terminal_MTase_like,other,84,1.0,2,0.9761904761904762,0.1623261801753929,F:82;I:2
Euarchontoglires,MACSE,239,239,C_terminal_MTase_like,other,84,1.0,3,0.9761904761904762,0.18613570398491672,D:82;G:1;H:1
Euarchontoglires,MACSE,240,240,C_terminal_MTase_like,other,84,1.0,2,0.9880952380952381,0.09317131799548933,F:1;L:83
Euarchontoglires,MACSE,241,241,C_terminal_MTase_like,other,84,1.0,3,0.6428571428571429,1.0664857211782817,L:28;M:2;V:54
Euarchontoglires,MACSE,242,242,C_terminal_MTase_like,other,84,1.0,2,0.9642857142857143,0.222284830685688,F:3;Y:81
Euarchontoglires,MACSE,243,243,C_terminal_MTase_like,other,84,1.0,1,1.0,0.0,G:84
Euarchontoglires,MACSE,244,244,C_terminal_MTase_like,other,84,1.0,2,0.6071428571428571,0.9666186325481028,A:33;S:51
Euarchontoglires,MACSE,245,245,C_terminal_MTase_like,other,84,1.0,1,1.0,0.0,T:84
Euarchontoglires,MACSE,246,246,C_terminal_MTase_like,other,84,1.0,5,0.6547619047619048,1.2009937443475174,H:1;N:1;P:55;Q:25;R:2
Euarchontoglires,MACSE,247,247,C_terminal_MTase_like,other,84,1.0,6,0.7619047619047619,1.138710650054874,A:14;H:1;L:2;P:64;S:1;T:2
Euarchontoglires,MACSE,248,248,C_terminal_MTase_like,other,84,1.0,5,0.7976190476190477,1.0776986637231558,F:1;L:67;P:8;Q:4;R:4
Euarchontoglires,MACSE,249,249,C_terminal_MTase_like,other,84,1.0,3,0.9523809523809523,0.3148277192888502,G:80;S:3;V:1
Euarchontoglires,MACSE,250,250,C_terminal_MTase_like,other,83,0.9880952380952381,8,0.6144578313253012,1.862260295984146,C:4;D:1;G:1;H:51;Q:3;R:3;S:7;Y:13
Euarchontoglires,MACSE,251,251,C_terminal_MTase_like,other,83,0.9880952380952381,5,0.39759036144578314,1.8141019366758688,A:17;D:4;P:1;S:28;T:33
Euarchontoglires,MACSE,252,252,C_terminal_MTase_like,other,83,0.9880952380952381,5,0.8313253012048193,0.9455280219924208,C:69;G:3;R:3;S:7;Y:1
Euarchontoglires,MACSE,253,253,C_terminal_MTase_like,other,84,1.0,9,0.7023809523809523,1.6608832812436543,A:1;C:1;D:59;E:3;G:4;H:1;N:8;P:2;Y:5
Euarchontoglires,MACSE,254,254,C_terminal_MTase_like,other,84,1.0,4,0.5,1.1619072376334934,C:1;H:42;N:1;R:40
Euarchontoglires,MACSE,255,255,C_terminal_MTase_like,other,84,1.0,3,0.4642857142857143,1.5087044149871367,C:28;P:39;S:17
Euarchontoglires,MACSE,256,256,C_terminal_MTase_like,other,84,1.0,1,1.0,0.0,P:84
Euarchontoglires,MACSE,257,257,C_terminal_MTase_like,other,84,1.0,3,0.5714285714285714,1.3896288351625579,A:13;G:48;S:23
Euarchontoglires,MACSE,258,258,C_terminal_MTase_like,other,84,1.0,1,1.0,0.0,W:84
Euarchontoglires,MACSE,259,259,C_terminal_MTase_like,other,84,1.0,3,0.9166666666666666,0.46312291518549437,F:6;H:1;Y:77
Euarchontoglires,MACSE,260,260,C_terminal_MTase_like,other,84,1.0,3,0.6547619047619048,1.004451683951746,L:55;M:28;V:1
Euarchontoglires,MACSE,261,261,C_terminal_MTase_like,other,84,1.0,3,0.9761904761904762,0.18613570398491672,F:82;L:1;Y:1
Euarchontoglires,MACSE,262,262,C_terminal_MTase_like,other,84,1.0,2,0.9880952380952381,0.09317131799548933,H:1;Q:83
Euarchontoglires,MACSE,263,263,C_terminal_MTase_like,other,84,1.0,1,1.0,0.0,F:84
Euarchontoglires,MACSE,264,264,C_terminal_MTase_like,other,84,1.0,2,0.9523809523809523,0.2761954276479391,C:4;H:80
Euarchontoglires,MACSE,265,265,C_terminal_MTase_like,other,84,1.0,1,1.0,0.0,R:84
Euarchontoglires,MACSE,266,266,C_terminal_MTase_like,other,84,1.0,4,0.6071428571428571,1.3416029868933061,I:26;L:51;M:4;V:3
Euarchontoglires,MACSE,267,267,C_terminal_MTase_like,other,84,1.0,2,0.9880952380952381,0.09317131799548933,L:83;R:1
Euarchontoglires,MACSE,268,268,C_terminal_MTase_like,other,84,1.0,3,0.9761904761904762,0.18613570398491672,A:1;L:1;Q:82
Euarchontoglires,MACSE,269,269,C_terminal_MTase_like,other,84,1.0,1,1.0,0.0,Y:84
Euarchontoglires,MACSE,270,270,C_terminal_MTase_like,other,84,1.0,4,0.9404761904761905,0.4071559155388246,A:79;S:1;T:1;V:3
Euarchontoglires,MACSE,271,271,C_terminal_MTase_like,other,84,1.0,4,0.8214285714285714,0.9217544759335055,C:3;L:3;Q:9;R:69
Euarchontoglires,MACSE,272,272,C_terminal_MTase_like,other,84,1.0,3,0.9761904761904762,0.18613570398491672,E:1;P:82;S:1
Euarchontoglires,MACSE,273,273,C_terminal_MTase_like,other,84,1.0,10,0.25,2.729789470887734,G:14;H:10;K:9;L:1;N:1;P:21;Q:1;R:19;S:7;T:1
Euarchontoglires,MACSE,274,274,C_terminal_MTase_like,other,79,0.9404761904761905,6,0.5822784810126582,1.8130619093578173,A:5;L:4;P:46;Q:11;R:1;S:12
Euarchontoglires,MACSE,275,275,C_terminal_MTase_like,other,84,1.0,5,0.8095238095238095,1.0384851523520886,D:3;E:6;G:68;K:1;S:6
Euarchontoglires,MACSE,276,276,C_terminal_MTase_like,other,84,1.0,5,0.9047619047619048,0.6352057736849988,A:1;D:3;N:2;S:76;T:2
Euarchontoglires,MACSE,277,277,C_terminal_MTase_like,other,84,1.0,6,0.5833333333333334,1.3407995628989893,A:1;E:2;L:1;P:49;Q:30;T:1
Euarchontoglires,MACSE,278,278,C_terminal_MTase_like,other,83,0.9880952380952381,3,0.5783132530120482,1.3290278925606032,K:9;Q:26;R:48
Euarchontoglires,MACSE,279,279,C_terminal_MTase_like,other,84,1.0,3,0.9404761904761905,0.3685236238979135,A:4;P:79;T:1
Euarchontoglires,MACSE,280,280,C_terminal_MTase_like,other,84,1.0,1,1.0,0.0,F:84
Euarchontoglires,MACSE,281,281,C_terminal_MTase_like,other,84,1.0,1,1.0,0.0,F:84
Euarchontoglires,MACSE,282,282,C_terminal_MTase_like,other,84,1.0,1,1.0,0.0,W:84
Euarchontoglires,MACSE,283,283,C_terminal_MTase_like,other,84,1.0,4,0.7142857142857143,1.2432587162724311,I:11;L:11;M:60;V:2
Euarchontoglires,MACSE,284,284,C_terminal_MTase_like,other,84,1.0,1,1.0,0.0,F:84
Euarchontoglires,MACSE,285,285,C_terminal_MTase_like,other,84,1.0,4,0.8571428571428571,0.7614901893738799,A:1;L:3;M:8;V:72
Euarchontoglires,MACSE,286,286,C_terminal_MTase_like,other,84,1.0,1,1.0,0.0,D:84
Euarchontoglires,MACSE,287,287,C_terminal_MTase_like,other,84,1.0,4,0.7976190476190477,1.0269288719792227,H:8;N:67;S:6;T:3
Euarchontoglires,MACSE,288,288,C_terminal_MTase_like,other,84,1.0,2,0.9880952380952381,0.09317131799548933,L:83;V:1
Euarchontoglires,MACSE,289,289,C_terminal_MTase_like,other,84,1.0,5,0.5238095238095238,1.5467061184605049,L:44;M:5;Q:1;R:4;V:30
Euarchontoglires,MACSE,290,290,C_terminal_MTase_like,other,84,1.0,2,0.9523809523809523,0.2761954276479391,L:80;M:4
Euarchontoglires,MACSE,291,291,C_terminal_MTase_like,other,84,1.0,5,0.5476190476190477,1.507302276937823,A:1;G:2;N:28;S:7;T:46
Euarchontoglires,MACSE,292,292,C_terminal_MTase_like,other,84,1.0,9,0.34523809523809523,2.4295618910934436,D:1;E:29;G:5;K:28;P:3;Q:6;R:4;S:6;T:2
Euarchontoglires,MACSE,293,293,C_terminal_MTase_like,other,84,1.0,4,0.4880952380952381,1.2667792534081344,A:1;D:39;E:41;N:3
Euarchontoglires,MACSE,294,294,C_terminal_MTase_like,other,84,1.0,2,0.9404761904761905,0.3255517134879514,D:79;E:5
Euarchontoglires,MACSE,295,295,C_terminal_MTase_like,other,84,1.0,5,0.8214285714285714,1.004131672820934,E:2;L:6;Q:69;R:2;V:5
Euarchontoglires,MACSE,296,296,C_terminal_MTase_like,other,84,1.0,7,0.38095238095238093,1.9937641926108287,A:27;D:32;E:5;I:1;M:1;R:1;V:17
Euarchontoglires,MACSE,297,297,C_terminal_MTase_like,other,84,1.0,5,0.4523809523809524,1.940641810804026,A:7;I:10;L:5;T:38;V:24
Euarchontoglires,MACSE,298,298,C_terminal_MTase_like,other,84,1.0,3,0.7738095238095238,0.9593826938490838,A:65;T:14;V:5
Euarchontoglires,MACSE,299,299,C_terminal_MTase_like,other,84,1.0,9,0.2976190476190476,2.5421659569351376,A:15;C:6;D:3;I:1;N:3;S:23;T:25;V:7;Y:1
Euarchontoglires,MACSE,300,300,C_terminal_MTase_like,other,84,1.0,1,1.0,0.0,R:84
Euarchontoglires,MACSE,301,301,C_terminal_MTase_like,other,84,1.0,1,1.0,0.0,F:84
Euarchontoglires,MACSE,302,302,C_terminal_MTase_like,other,84,1.0,2,0.8571428571428571,0.5916727785823275,F:12;L:72
Euarchontoglires,MACSE,303,303,C_terminal_MTase_like,other,84,1.0,2,0.6904761904761905,0.8926230133850986,E:58;Q:26
Euarchontoglires,MACSE,304,304,C_terminal_MTase_like,other,84,1.0,6,0.47619047619047616,1.7394754088988376,A:1;I:3;L:2;M:40;T:30;V:8
Euarchontoglires,MACSE,305,305,C_terminal_MTase_like,other,84,1.0,4,0.9404761904761905,0.4161426715169611,E:79;K:2;P:1;Q:2
Euarchontoglires,MACSE,306,306,C_terminal_MTase_like,other,84,1.0,5,0.6785714285714286,1.2670444087362085,A:20;F:1;P:57;Q:5;T:1
Euarchontoglires,MACSE,307,307,C_terminal_MTase_like,other,84,1.0,5,0.6428571428571429,1.4224007515074595,A:13;M:1;S:1;T:15;V:54
Euarchontoglires,MACSE,308,308,C_terminal_MTase_like,other,84,1.0,2,0.9285714285714286,0.37123232664087563,I:6;T:78
Euarchontoglires,MACSE,309,309,C_terminal_MTase_like,other,84,1.0,4,0.5714285714285714,1.1416991294796288,I:34;L:48;P:1;V:1
Euarchontoglires,MACSE,310,310,C_terminal_MTase_like,other,84,1.0,4,0.6071428571428571,1.2145789846667445,A:1;P:29;Q:51;R:3
Euarchontoglires,MACSE,311,311,C_terminal_MTase_like,other,84,1.0,5,0.8928571428571429,0.6462319847844983,D:75;E:1;H:1;N:6;Y:1
Euarchontoglires,MACSE,312,312,C_terminal_MTase_like,other,84,1.0,3,0.8690476190476191,0.6175974972178688,I:10;L:1;V:73
Euarchontoglires,MACSE,313,313,C_terminal_MTase_like,other,84,1.0,5,0.75,1.1985809056369956,C:7;H:11;Q:1;R:63;S:2
Euarchontoglires,MACSE,314,314,C_terminal_MTase_like,other,84,1.0,3,0.8809523809523809,0.6125608863913521,D:2;G:74;S:8
Euarchontoglires,MACSE,315,315,C_terminal_MTase_like,other,84,1.0,6,0.5238095238095238,1.636829707834225,E:3;G:29;Q:2;R:44;S:5;T:1
Euarchontoglires,MACSE,316,316,C_terminal_MTase_like,other,84,1.0,6,0.4880952380952381,1.8313010628305078,A:15;D:3;L:1;S:22;T:2;V:41
Euarchontoglires,MACSE,317,317,C_terminal_MTase_like,other,84,1.0,5,0.8928571428571429,0.6880150205502951,F:1;L:75;P:2;V:4;Y:2
Euarchontoglires,MACSE,318,318,C_terminal_MTase_like,other,84,1.0,4,0.8928571428571429,0.5969259199026377,G:1;H:7;Q:75;R:1
Euarchontoglires,MACSE,319,319,C_terminal_MTase_like,other,83,0.9880952380952381,5,0.6867469879518072,1.413092779876268,D:7;G:13;N:57;R:1;S:5
Euarchontoglires,MACSE,320,320,C_terminal_MTase_like,other,83,0.9880952380952381,2,0.9879518072289156,0.09408443883267345,A:82;V:1
Euarchontoglires,MACSE,321,321,C_terminal_MTase_like,other,83,0.9880952380952381,4,0.891566265060241,0.6417372984174964,A:3;M:5;T:1;V:74
Euarchontoglires,MACSE,322,322,C_terminal_MTase_like,other,83,0.9880952380952381,3,0.927710843373494,0.42139841799819927,C:1;H:5;R:77
Euarchontoglires,MACSE,323,323,C_terminal_MTase_like,other,83,0.9880952380952381,2,0.9879518072289156,0.09408443883267345,L:1;V:82
Euarchontoglires,MACSE,324,324,C_terminal_MTase_like,other,84,1.0,1,1.0,0.0,W:84
Euarchontoglires,MACSE,325,325,C_terminal_MTase_like,other,84,1.0,3,0.9285714285714286,0.4176624996157581,R:1;S:78;T:5
Euarchontoglires,MACSE,326,326,C_terminal_MTase_like,other,84,1.0,2,0.9880952380952381,0.09317131799548933,L:1;N:83
Euarchontoglires,MACSE,327,327,C_terminal_MTase_like,other,84,1.0,2,0.9404761904761905,0.3255517134879514,I:79;V:5
Euarchontoglires,MACSE,328,328,C_terminal_MTase_like,other,84,1.0,1,1.0,0.0,P:84
Euarchontoglires,MACSE,329,329,C_terminal_MTase_like,other,84,1.0,2,0.6666666666666666,0.9182958340544896,A:56;G:28
Euarchontoglires,MACSE,330,330,C_terminal_MTase_like,other,84,1.0,4,0.38095238095238093,1.649209534972553,I:27;L:24;S:1;V:32
Euarchontoglires,MACSE,331,331,C_terminal_MTase_like,other,84,1.0,5,0.5119047619047619,1.3512854643964574,K:36;N:2;Q:1;R:43;S:2
Euarchontoglires,MACSE,332,332,C_terminal_MTase_like,other,84,1.0,3,0.9761904761904762,0.18613570398491672,G:1;P:1;S:82
Euarchontoglires,MACSE,333,334,C_terminal_MTase_like,other,84,1.0,3,0.5119047619047619,1.0803351817348947,K:40;R:43;T:1
Euarchontoglires,MACSE,334,335,C_terminal_MTase_like,other,84,1.0,4,0.8333333333333334,0.7724440752215992,H:70;L:1;N:1;Q:12
Euarchontoglires,MACSE,335,336,C_terminal_MTase_like,other,84,1.0,11,0.35714285714285715,2.8099070104769126,A:11;E:3;G:1;K:3;L:9;M:3;R:3;S:30;T:3;V:3;W:15
Euarchontoglires,MACSE,336,337,C_terminal_MTase_like,other,84,1.0,7,0.7976190476190477,1.1729367589612512,A:67;D:2;E:2;G:2;P:2;S:1;V:8
Euarchontoglires,MACSE,337,338,C_terminal_MTase_like,other,83,0.9880952380952381,4,0.927710843373494,0.46488806226852225,C:1;L:77;P:4;Q:1
Euarchontoglires,MACSE,338,339,C_terminal_MTase_like,other,83,0.9880952380952381,10,0.3373493975903614,2.4084780768931764,A:14;D:1;E:1;G:5;I:2;L:1;P:5;S:1;T:28;V:25
Euarchontoglires,MACSE,339,340,C_terminal_MTase_like,other,84,1.0,4,0.47619047619047616,1.3237138771444075,A:3;E:2;P:40;S:39
Euarchontoglires,MACSE,340,341,C_terminal_MTase_like,switching_helix,84,1.0,6,0.6309523809523809,1.3878677607392274,A:1;D:2;E:53;K:24;Q:3;R:1
Euarchontoglires,MACSE,341,342,C_terminal_MTase_like,switching_helix,84,1.0,4,0.9404761904761905,0.4071559155388246,A:1;E:79;H:1;V:3
Euarchontoglires,MACSE,342,343,C_terminal_MTase_like,switching_helix,84,1.0,4,0.8452380952380952,0.8281872681716662,E:71;L:3;Q:8;T:2
Euarchontoglires,MACSE,343,344,C_terminal_MTase_like,switching_helix,84,1.0,7,0.5595238095238095,1.794785022213006,A:2;E:6;L:47;Q:22;S:1;T:3;V:3
Euarchontoglires,MACSE,344,345,C_terminal_MTase_like,switching_helix,84,1.0,8,0.7738095238095238,1.3123765564015033,A:7;F:2;K:1;L:5;P:1;S:65;T:1;Y:2
Euarchontoglires,MACSE,345,346,C_terminal_MTase_like,switching_helix,84,1.0,4,0.9285714285714286,0.4754571778571074,A:1;G:2;L:78;V:3
Euarchontoglires,MACSE,346,347,C_terminal_MTase_like,switching_helix,84,1.0,5,0.6666666666666666,1.3538880305232555,E:17;K:1;L:56;Q:9;R:1
Euarchontoglires,MACSE,347,348,C_terminal_MTase_like,switching_helix,84,1.0,9,0.5238095238095238,1.8409912803453174,A:44;C:2;D:1;E:1;G:8;I:1;S:1;T:25;V:1
Euarchontoglires,MACSE,348,349,C_terminal_MTase_like,switching_helix,84,1.0,6,0.8452380952380952,0.8546820597095551,E:1;G:1;H:9;Q:71;R:1;T:1
Euarchontoglires,MACSE,349,350,C_terminal_MTase_like,switching_helix,83,0.9880952380952381,9,0.3253012048192771,2.6251971013237867,A:3;D:13;G:7;H:2;I:3;N:27;S:1;T:9;V:18
Euarchontoglires,MACSE,350,351,C_terminal_MTase_like,switching_helix,83,0.9880952380952381,10,0.6385542168674698,1.884040065375556,A:1;C:2;D:1;G:11;K:6;M:1;R:53;S:1;T:5;W:2
Euarchontoglires,MACSE,351,352,C_terminal_MTase_like,switching_helix,84,1.0,7,0.5357142857142857,1.753791636638639,A:2;L:1;P:3;Q:45;R:7;S:1;T:25
Euarchontoglires,MACSE,352,353,C_terminal_MTase_like,switching_helix,84,1.0,8,0.5357142857142857,1.7520791561151956,A:3;G:3;H:1;K:3;N:1;R:45;S:27;T:1
Euarchontoglires,MACSE,353,354,C_terminal_MTase_like,switching_helix,84,1.0,7,0.40476190476190477,2.0572180711248147,A:23;G:15;M:1;N:1;P:1;S:34;T:9
Euarchontoglires,MACSE,354,355,C_terminal_MTase_like,switching_helix,84,1.0,9,0.7023809523809523,1.6397590251624954,A:2;E:4;G:2;K:59;N:1;Q:1;R:9;S:1;T:5
Euarchontoglires,MACSE,355,356,C_terminal_MTase_like,switching_helix_adjacent_loop,84,1.0,6,0.7261904761904762,1.2888937683194825,A:2;H:1;L:61;M:14;P:5;V:1
Euarchontoglires,MACSE,356,357,C_terminal_MTase_like,switching_helix_adjacent_loop,83,0.9880952380952381,10,0.5060240963855421,2.0764379945697002,A:42;D:3;G:2;H:1;M:1;P:23;S:6;T:2;V:1;Y:2
Euarchontoglires,MACSE,357,358,C_terminal_MTase_like,switching_helix_adjacent_loop,84,1.0,8,0.6904761904761905,1.6140729204949984,A:58;G:2;L:1;P:5;R:1;S:8;T:8;V:1
Euarchontoglires,MACSE,358,359,C_terminal_MTase_like,switching_helix_adjacent_loop,81,0.9642857142857143,9,0.4691358024691358,2.095063601936874,A:1;D:1;E:5;G:1;H:1;K:23;P:3;Q:38;R:8
Euarchontoglires,MACSE,359,360,C_terminal_MTase_like,switching_helix_adjacent_loop,84,1.0,11,0.30952380952380953,2.7266244411404754,A:2;E:1;G:17;K:26;P:2;Q:3;R:7;S:3;T:4;V:1;W:18
Euarchontoglires,MACSE,360,361,C_terminal_MTase_like,other,84,1.0,9,0.6309523809523809,1.7364893383004687,A:1;D:6;H:1;I:1;L:4;P:53;S:1;T:1;V:16
Euarchontoglires,MACSE,361,362,C_terminal_MTase_like,other,84,1.0,8,0.34523809523809523,2.096767899494731,A:21;C:1;D:25;I:1;N:1;P:1;S:5;T:29
Euarchontoglires,MACSE,362,363,C_terminal_MTase_like,other,84,1.0,9,0.3333333333333333,2.76641101782144,A:10;H:1;K:28;L:6;P:13;Q:3;R:10;S:7;T:6
Euarchontoglires,MACSE,363,364,C_terminal_MTase_like,other,84,1.0,3,0.9761904761904762,0.18613570398491672,L:82;P:1;S:1
Euarchontoglires,MACSE,364,365,C_terminal_MTase_like,other,84,1.0,4,0.8690476190476191,0.7035413180377929,A:2;I:1;L:8;V:73
Euarchontoglires,MACSE,365,366,C_terminal_MTase_like,other,84,1.0,5,0.9523809523809523,0.3714335228860343,K:80;Q:1;R:1;S:1;Y:1
Euarchontoglires,MACSE,366,367,C_terminal_MTase_like,other,84,1.0,7,0.7142857142857143,1.4032165870696147,H:1;I:1;K:1;N:60;S:12;T:7;Y:2
Euarchontoglires,MACSE,367,368,C_terminal_MTase_like,other,84,1.0,1,1.0,0.0,C:84
Euarchontoglires,MACSE,368,369,C_terminal_MTase_like,other,84,1.0,4,0.6666666666666666,1.0658494667443053,F:56;L:26;T:1;V:1
Euarchontoglires,MACSE,369,370,C_terminal_MTase_like,other,84,1.0,3,0.9642857142857143,0.2550811104733483,F:1;I:2;L:81
Euarchontoglires,MACSE,370,371,C_terminal_MTase_like,other,84,1.0,2,0.9761904761904762,0.1623261801753929,P:82;T:2
Euarchontoglires,MACSE,371,372,C_terminal_MTase_like,other,84,1.0,2,0.9880952380952381,0.09317131799548933,L:83;T:1
Euarchontoglires,MACSE,372,373,C_terminal_MTase_like,other,84,1.0,2,0.9523809523809523,0.2761954276479391,K:4;R:80
Euarchontoglires,MACSE,373,374,C_terminal_MTase_like,other,84,1.0,3,0.9761904761904762,0.18613570398491672,E:82;R:1;S:1
Euarchontoglires,MACSE,374,375,C_terminal_MTase_like,other,84,1.0,2,0.9761904761904762,0.1623261801753929,H:2;Y:82
Euarchontoglires,MACSE,375,376,C_terminal_MTase_like,other,84,1.0,3,0.9761904761904762,0.18613570398491672,A:1;F:82;S:1
Euarchontoglires,MACSE,376,377,C_terminal_MTase_like,other,84,1.0,4,0.9166666666666666,0.5095530881603768,C:1;K:77;S:5;T:1
Euarchontoglires,MACSE,377,378,C_terminal_MTase_like,other,83,0.9880952380952381,5,0.927710843373494,0.5130808333528596,C:2;F:2;H:1;T:1;Y:77
Euarchontoglires,MACSE,378,379,C_terminal_MTase_like,other,84,1.0,5,0.9523809523809523,0.3714335228860343,A:1;F:80;H:1;I:1;S:1
Euarchontoglires,MACSE,379,380,C_terminal_MTase_like,other,84,1.0,3,0.9404761904761905,0.3685236238979135,H:1;P:4;S:79
Euarchontoglires,MACSE,380,381,C_terminal_tail,other,83,0.9880952380952381,7,0.4457831325301205,1.778597720136869,A:3;H:1;N:37;P:1;R:1;S:8;T:32
Euarchontoglires,MACSE,381,382,C_terminal_tail,other,83,0.9880952380952381,7,0.42168674698795183,2.023515683674371,A:5;E:35;L:1;P:16;S:23;T:2;V:1
Euarchontoglires,MACSE,382,383,C_terminal_tail,other,83,0.9880952380952381,5,0.9036144578313253,0.6261068796940202,F:4;I:1;L:75;S:2;V:1
Euarchontoglires,MACSE,383,384,C_terminal_tail,other,83,0.9880952380952381,4,0.4939759036144578,1.4620740990267604,A:2;P:41;S:7;T:33
Euarchontoglires,MACSE,384,385,C_terminal_tail,other,83,0.9880952380952381,5,0.5060240963855421,1.3467319697710856,A:3;E:1;L:42;P:1;S:36
Euarchontoglires,MACSE,385,386,C_terminal_tail,other,73,0.8690476190476191,10,0.4794520547945205,2.053778551222683,C:1;D:3;E:1;F:1;G:1;H:5;R:2;S:35;T:1;Y:23
Euarchontoglires,MACSE,386,387,C_terminal_tail,other,73,0.8690476190476191,9,0.4246575342465753,1.9539831618545898,E:2;K:29;L:31;M:1;P:1;R:3;S:4;T:1;V:1
Euarchontoglires,MAFFT,1,1,N_terminal,other,79,0.9404761904761905,5,0.6455696202531646,1.2646604325818998,K:1;L:1;M:51;S:23;T:3
Euarchontoglires,MAFFT,2,2,N_terminal,other,79,0.9404761904761905,5,0.6582278481012658,1.2092897313081399,A:52;C:23;F:1;R:2;T:1
Euarchontoglires,MAFFT,3,3,N_terminal,other,76,0.9047619047619048,10,0.4605263157894737,2.487171140343433,A:35;C:2;D:3;H:1;K:1;L:11;P:10;Q:3;R:6;S:4
Euarchontoglires,MAFFT,4,4,N_terminal,other,76,0.9047619047619048,13,0.2894736842105263,2.955552980952773,A:4;D:5;E:3;G:2;H:1;I:22;K:21;N:4;P:2;Q:4;R:1;S:1;T:6
Euarchontoglires,MAFFT,5,5,N_terminal,other,81,0.9642857142857143,9,0.5555555555555556,1.8580779082229884,E:1;F:2;I:2;K:1;P:45;R:1;S:21;T:7;V:1
Euarchontoglires,MAFFT,6,6,N_terminal,other,82,0.9761904761904762,9,0.4024390243902439,2.3607988215988196,A:33;D:1;F:6;I:2;L:1;P:2;S:22;T:7;V:8
Euarchontoglires,MAFFT,7,7,N_terminal,other,81,0.9642857142857143,5,0.654320987654321,1.2819823522442533,H:1;L:53;P:22;R:4;S:1
Euarchontoglires,MAFFT,8,8,N_terminal,other,81,0.9642857142857143,8,0.6666666666666666,1.6684991824279773,A:4;D:54;E:3;G:2;H:1;P:1;S:13;V:3
Euarchontoglires,MAFFT,9,9,N_terminal,other,81,0.9642857142857143,4,0.6419753086419753,1.1883171931331633,L:52;P:25;R:1;V:3
Euarchontoglires,MAFFT,10,10,N_terminal,other,82,0.9761904761904762,5,0.6341463414634146,1.5602676301480047,A:1;D:7;E:52;K:14;N:8
Euarchontoglires,MAFFT,11,11,N_terminal,other,80,0.9523809523809523,7,0.65,1.535114154874651,A:52;D:14;E:10;P:1;R:1;S:1;V:1
Euarchontoglires,MAFFT,12,12,N_terminal,other,82,0.9761904761904762,3,0.975609756097561,0.18981727789870584,E:80;G:1;S:1
Euarchontoglires,MAFFT,13,13,N_terminal,other,81,0.9642857142857143,10,0.38271604938271603,2.422528119277528,A:3;C:2;D:13;G:2;H:22;N:2;P:31;R:3;S:2;V:1
Euarchontoglires,MAFFT,14,14,N_terminal,other,81,0.9642857142857143,6,0.8518518518518519,0.8861111136971671,A:1;G:6;H:1;N:3;R:1;S:69
Euarchontoglires,MAFFT,15,15,N_terminal,other,82,0.9761904761904762,9,0.6585365853658537,1.5792279175109019,A:1;C:1;G:1;I:1;K:2;L:2;M:54;T:2;V:18
Euarchontoglires,MAFFT,16,16,N_terminal,other,82,0.9761904761904762,6,0.8902439024390244,0.7055174525122536,A:1;D:73;E:5;I:1;N:1;S:1
Euarchontoglires,MAFFT,17,17,N_terminal,other,82,0.9761904761904762,7,0.8048780487804879,1.1814570426426587,E:2;G:2;I:2;L:2;M:6;S:2;V:66
Euarchontoglires,MAFFT,18,18,N_terminal,other,82,0.9761904761904762,4,0.6463414634146342,1.231042594723928,E:2;I:53;T:3;V:24
Euarchontoglires,MAFFT,19,19,N_terminal,other,82,0.9761904761904762,3,0.9634146341463414,0.26000713747185045,L:79;M:1;P:2
Euarchontoglires,MAFFT,20,20,N_terminal,other,82,0.9761904761904762,7,0.6097560975609756,1.442380032236769,A:1;D:1;E:25;G:1;L:3;M:1;V:50
Euarchontoglires,MAFFT,21,21,N_terminal,other,82,0.9761904761904762,4,0.5975609756097561,1.1294926389639577,D:31;G:49;H:1;S:1
Euarchontoglires,MAFFT,22,22,N_terminal,other,80,0.9523809523809523,6,0.9,0.6845594998122378,C:3;D:1;L:1;N:1;P:2;S:72
Euarchontoglires,MAFFT,23,23,N_terminal,other,81,0.9642857142857143,8,0.5679012345679012,1.9605128555999565,E:3;G:3;K:9;M:1;N:2;R:15;S:46;T:2
Euarchontoglires,MAFFT,24,24,N_terminal,other,79,0.9404761904761905,5,0.8227848101265823,0.9593656171769382,D:2;E:65;G:8;K:3;P:1
Euarchontoglires,MAFFT,25,25,N_terminal,other,79,0.9404761904761905,7,0.6835443037974683,1.599544159315025,A:2;H:2;I:2;L:54;P:10;Q:2;R:7
Euarchontoglires,MAFFT,26,26,N_terminal,other,81,0.9642857142857143,8,0.5308641975308642,1.8493189850315601,A:2;I:2;K:1;L:24;P:3;Q:1;R:5;S:43
Euarchontoglires,MAFFT,27,27,N_terminal,other,81,0.9642857142857143,8,0.7901234567901234,1.2781216078228965,A:2;C:1;G:1;H:1;P:4;R:4;S:64;T:4
Euarchontoglires,MAFFT,28,28,N_terminal,other,81,0.9642857142857143,4,0.5925925925925926,1.448881764983402,A:1;L:15;P:48;S:17
Euarchontoglires,MAFFT,29,29,N_terminal,other,81,0.9642857142857143,8,0.3333333333333333,2.4129331691644045,A:8;G:1;I:1;L:1;P:13;S:17;T:13;V:27
Euarchontoglires,MAFFT,30,30,N_terminal,other,83,0.9880952380952381,6,0.7951807228915663,1.085051752249629,A:5;E:1;L:1;P:9;S:66;T:1
Euarchontoglires,MAFFT,31,31,N_terminal,other,83,0.9880952380952381,7,0.7590361445783133,1.380547821328469,A:5;H:1;P:63;R:4;S:2;T:3;V:5
Euarchontoglires,MAFFT,32,32,N_terminal,other,82,0.9761904761904762,7,0.4146341463414634,2.183479302805165,A:5;G:24;K:2;P:34;Q:8;R:7;W:2
Euarchontoglires,MAFFT,33,33,N_terminal,other,82,0.9761904761904762,10,0.2682926829268293,2.823576330518367,A:8;E:10;L:9;P:19;Q:2;R:5;S:5;T:22;V:1;W:1
Euarchontoglires,MAFFT,34,34,N_terminal,other,82,0.9761904761904762,3,0.975609756097561,0.18981727789870584,A:1;D:1;G:80
Euarchontoglires,MAFFT,35,35,N_terminal,other,82,0.9761904761904762,2,0.9878048780487805,0.09501724567107636,P:1;R:81
Euarchontoglires,MAFFT,36,36,N_terminal,other,83,0.9880952380952381,3,0.5421686746987951,1.075242276369738,A:1;D:45;E:37
Euarchontoglires,MAFFT,37,37,N_terminal,other,83,0.9880952380952381,7,0.5783132530120482,1.7644202278581327,H:2;I:21;L:48;M:2;R:5;S:2;V:3
Euarchontoglires,MAFFT,38,38,N_terminal,other,83,0.9880952380952381,4,0.9518072289156626,0.3509589601904051,A:1;I:79;M:2;T:1
Euarchontoglires,MAFFT,39,39,N_terminal,other,83,0.9880952380952381,9,0.6144578313253012,1.539704582457117,A:51;E:2;L:1;P:1;Q:1;R:24;S:1;T:1;W:1
Euarchontoglires,MAFFT,40,40,N_terminal,other,83,0.9880952380952381,4,0.9036144578313253,0.5597240483165873,G:1;H:6;L:1;Y:75
Euarchontoglires,MAFFT,41,41,ADD,other,83,0.9880952380952381,2,0.9879518072289156,0.09408443883267345,E:82;R:1
Euarchontoglires,MAFFT,42,42,ADD,other,83,0.9880952380952381,3,0.9518072289156626,0.31776754450168865,A:1;I:3;V:79
Euarchontoglires,MAFFT,43,43,ADD,other,83,0.9880952380952381,9,0.5060240963855421,1.8977601323434903,G:1;I:1;K:42;M:1;N:3;Q:2;R:2;S:4;T:27
Euarchontoglires,MAFFT,44,44,ADD,other,82,0.9761904761904762,4,0.8536585365853658,0.7201240517519706,A:10;E:1;I:1;V:70
Euarchontoglires,MAFFT,45,45,ADD,other,82,0.9761904761904762,3,0.975609756097561,0.18981727789870584,H:1;K:1;N:80
Euarchontoglires,MAFFT,46,46,ADD,other,82,0.9761904761904762,5,0.7926829268292683,0.9726785389755992,G:1;H:2;K:1;Q:65;R:13
Euarchontoglires,MAFFT,47,47,ADD,other,82,0.9761904761904762,1,1.0,0.0,R:82
Euarchontoglires,MAFFT,48,48,ADD,other,83,0.9880952380952381,5,0.7951807228915663,1.0380621796003504,D:6;H:1;N:66;R:1;S:9
Euarchontoglires,MAFFT,49,49,ADD,other,83,0.9880952380952381,4,0.963855421686747,0.2816147615759731,I:80;L:1;M:1;V:1
Euarchontoglires,MAFFT,50,50,ADD,other,83,0.9880952380952381,2,0.9879518072289156,0.09408443883267345,E:82;R:1
Euarchontoglires,MAFFT,51,51,ADD,other,83,0.9880952380952381,3,0.8554216867469879,0.7377723179291843,A:5;D:71;E:7
Euarchontoglires,MAFFT,52,52,ADD,other,84,1.0,4,0.8809523809523809,0.7034593628603965,F:2;I:74;L:3;V:5
Euarchontoglires,MAFFT,53,53,ADD,other,84,1.0,1,1.0,0.0,C:84
Euarchontoglires,MAFFT,54,54,ADD,other,84,1.0,2,0.8928571428571429,0.49123734182433315,I:9;L:75
Euarchontoglires,MAFFT,55,55,ADD,other,84,1.0,3,0.9166666666666666,0.46312291518549437,C:77;G:6;S:1
Euarchontoglires,MAFFT,56,56,ADD,other,84,1.0,1,1.0,0.0,C:84
Euarchontoglires,MAFFT,57,57,ADD,other,84,1.0,2,0.9880952380952381,0.09317131799548933,G:83;R:1
Euarchontoglires,MAFFT,58,58,ADD,other,84,1.0,3,0.8928571428571429,0.5451578776931523,G:1;S:75;T:8
Euarchontoglires,MAFFT,59,59,ADD,other,84,1.0,4,0.6785714285714286,1.1390847644589384,F:23;L:57;R:1;S:3
Euarchontoglires,MAFFT,60,60,ADD,other,84,1.0,4,0.9166666666666666,0.5095530881603768,L:1;P:1;Q:77;R:5
Euarchontoglires,MAFFT,61,61,ADD,other,84,1.0,2,0.9761904761904762,0.1623261801753929,I:2;V:82
Euarchontoglires,MAFFT,62,62,ADD,other,84,1.0,3,0.6904761904761905,0.9654209649005782,H:58;Q:1;Y:25
Euarchontoglires,MAFFT,63,63,ADD,other,84,1.0,5,0.8809523809523809,0.7362556426480568,A:5;I:1;K:2;R:2;T:74
Euarchontoglires,MAFFT,64,64,ADD,other,84,1.0,3,0.8928571428571429,0.5974240625212854,K:4;Q:75;R:5
Euarchontoglires,MAFFT,65,65,ADD,other,84,1.0,1,1.0,0.0,H:84
Euarchontoglires,MAFFT,66,66,ADD,other,84,1.0,1,1.0,0.0,P:84
Euarchontoglires,MAFFT,67,67,ADD,other,84,1.0,1,1.0,0.0,L:84
Euarchontoglires,MAFFT,68,68,ADD,other,84,1.0,1,1.0,0.0,F:84
Euarchontoglires,MAFFT,69,69,ADD,other,84,1.0,5,0.9166666666666666,0.5673477664017261,D:1;E:77;L:1;Q:2;V:3
Euarchontoglires,MAFFT,70,70,ADD,other,84,1.0,1,1.0,0.0,G:84
Euarchontoglires,MAFFT,71,71,ADD,other,84,1.0,1,1.0,0.0,G:84
Euarchontoglires,MAFFT,72,72,ADD,other,84,1.0,3,0.5238095238095238,1.2887638176968608,I:44;L:6;M:34
Euarchontoglires,MAFFT,73,73,ADD,other,84,1.0,1,1.0,0.0,C:84
Euarchontoglires,MAFFT,74,74,ADD,other,84,1.0,4,0.8214285714285714,0.8967560774798164,A:69;I:5;T:9;V:1
Euarchontoglires,MAFFT,75,75,ADD,other,84,1.0,4,0.8333333333333334,0.8077512443125945,L:2;P:70;Q:1;S:11
Euarchontoglires,MAFFT,76,76,ADD,other,84,1.0,1,1.0,0.0,C:84
Euarchontoglires,MAFFT,77,77,ADD,other,84,1.0,1,1.0,0.0,K:84
Euarchontoglires,MAFFT,78,78,ADD,other,84,1.0,2,0.9880952380952381,0.09317131799548933,A:1;D:83
Euarchontoglires,MAFFT,79,79,ADD,other,84,1.0,5,0.6904761904761905,1.4809259318636365,I:6;K:58;N:3;R:9;T:8
Euarchontoglires,MAFFT,80,80,ADD,other,84,1.0,4,0.9523809523809523,0.34762399907651054,F:80;L:1;S:2;Y:1
Euarchontoglires,MAFFT,81,81,ADD,other,84,1.0,1,1.0,0.0,L:84
Euarchontoglires,MAFFT,82,82,ADD,other,84,1.0,5,0.5,1.4207474486809202,D:35;E:42;G:5;K:1;Y:1
Euarchontoglires,MAFFT,83,83,ADD,other,84,1.0,3,0.5238095238095238,1.2887638176968608,A:44;S:6;T:34
Euarchontoglires,MAFFT,84,84,ADD,other,84,1.0,4,0.8333333333333334,0.8077512443125945,F:2;I:11;L:70;V:1
Euarchontoglires,MAFFT,85,85,ADD,other,84,1.0,1,1.0,0.0,F:84
Euarchontoglires,MAFFT,86,86,ADD,other,84,1.0,4,0.8809523809523809,0.6363704102008759,L:74;M:1;Q:8;V:1
Euarchontoglires,MAFFT,87,87,ADD,other,84,1.0,1,1.0,0.0,Y:84
Euarchontoglires,MAFFT,88,88,ADD,other,84,1.0,1,1.0,0.0,D:84
Euarchontoglires,MAFFT,89,89,ADD,other,84,1.0,4,0.5595238095238095,1.3472916025236241,D:47;E:30;M:6;Q:1
Euarchontoglires,MAFFT,90,90,ADD,other,84,1.0,1,1.0,0.0,D:84
Euarchontoglires,MAFFT,91,91,ADD,other,84,1.0,1,1.0,0.0,G:84
Euarchontoglires,MAFFT,92,92,ADD,other,84,1.0,2,0.6904761904761905,0.8926230133850986,H:26;Y:58
Euarchontoglires,MAFFT,93,93,ADD,other,84,1.0,2,0.9761904761904762,0.1623261801753929,L:2;Q:82
Euarchontoglires,MAFFT,94,94,ADD,other,84,1.0,4,0.9285714285714286,0.4754571778571074,C:2;G:3;R:1;S:78
Euarchontoglires,MAFFT,95,95,ADD,other,84,1.0,5,0.8452380952380952,0.8964650954753519,C:3;F:3;H:1;S:6;Y:71
Euarchontoglires,MAFFT,96,96,ADD,other,84,1.0,1,1.0,0.0,C:84
Euarchontoglires,MAFFT,97,97,ADD,other,84,1.0,2,0.8452380952380952,0.6216297820565386,S:71;T:13
Euarchontoglires,MAFFT,98,98,ADD,other,84,1.0,2,0.9880952380952381,0.09317131799548933,I:83;V:1
Euarchontoglires,MAFFT,99,99,ADD,other,84,1.0,1,1.0,0.0,C:84
Euarchontoglires,MAFFT,100,100,ADD,other,84,1.0,4,0.7023809523809523,1.3395477010386965,A:7;C:59;G:11;S:7
Euarchontoglires,MAFFT,101,101,ADD,other,84,1.0,4,0.8452380952380952,0.8578328038344408,A:4;F:6;L:3;S:71
Euarchontoglires,MAFFT,102,102,ADD,other,84,1.0,1,1.0,0.0,G:84
Euarchontoglires,MAFFT,103,103,ADD,other,84,1.0,7,0.4642857142857143,2.161392871228855,D:13;E:39;G:16;H:7;K:6;N:2;S:1
Euarchontoglires,MAFFT,104,104,ADD,other,84,1.0,3,0.9404761904761905,0.3833463917293008,M:3;T:79;V:2
Euarchontoglires,MAFFT,105,105,ADD,other,84,1.0,1,1.0,0.0,L:84
Euarchontoglires,MAFFT,106,106,ADD,other,84,1.0,2,0.6785714285714286,0.9059282160429991,F:27;L:57
Euarchontoglires,MAFFT,107,107,ADD,other,84,1.0,3,0.9642857142857143,0.2550811104733483,I:81;L:1;V:2
Euarchontoglires,MAFFT,108,108,ADD,other,84,1.0,1,1.0,0.0,C:84
Euarchontoglires,MAFFT,109,109,ADD,other,84,1.0,2,0.7261904761904762,0.8468781063424822,E:61;G:23
Euarchontoglires,MAFFT,110,110,ADD,other,84,1.0,4,0.5476190476190477,1.1518275414627384,D:1;L:1;N:46;S:36
Euarchontoglires,MAFFT,111,111,ADD,other,84,1.0,3,0.9761904761904762,0.18613570398491672,I:1;P:82;S:1
Euarchontoglires,MAFFT,112,112,ADD,other,84,1.0,3,0.9404761904761905,0.3685236238979135,D:79;E:4;Q:1
Euarchontoglires,MAFFT,113,113,ADD,other,84,1.0,1,1.0,0.0,C:84
Euarchontoglires,MAFFT,114,114,ADD,other,84,1.0,2,0.9880952380952381,0.09317131799548933,P:1;T:83
Euarchontoglires,MAFFT,115,115,ADD,other,84,1.0,1,1.0,0.0,R:84
Euarchontoglires,MAFFT,116,116,ADD,other,84,1.0,2,0.9523809523809523,0.2761954276479391,C:80;G:4
Euarchontoglires,MAFFT,117,117,ADD,other,84,1.0,1,1.0,0.0,Y:84
Euarchontoglires,MAFFT,118,118,ADD,other,84,1.0,1,1.0,0.0,C:84
Euarchontoglires,MAFFT,119,119,ADD,other,84,1.0,3,0.8928571428571429,0.5896261811873141,F:75;L:6;V:3
Euarchontoglires,MAFFT,120,120,ADD,other,84,1.0,3,0.9523809523809523,0.3238144752669867,A:2;E:80;G:2
Euarchontoglires,MAFFT,121,121,ADD,other,84,1.0,1,1.0,0.0,C:84
Euarchontoglires,MAFFT,122,122,ADD,other,84,1.0,4,0.9166666666666666,0.528715474760815,F:2;L:4;M:1;V:77
Euarchontoglires,MAFFT,123,123,ADD,other,84,1.0,1,1.0,0.0,D:84
Euarchontoglires,MAFFT,124,124,ADD,other,84,1.0,7,0.39285714285714285,2.1560126383231486,A:5;G:2;I:33;N:1;S:26;T:11;V:6
Euarchontoglires,MAFFT,125,125,ADD,other,84,1.0,1,1.0,0.0,L:84
Euarchontoglires,MAFFT,126,126,ADD,other,84,1.0,3,0.9761904761904762,0.18613570398491672,A:1;L:1;V:82
Euarchontoglires,MAFFT,127,127,ADD,other,84,1.0,4,0.8214285714285714,0.8019138054748571,A:1;C:1;G:69;S:13
Euarchontoglires,MAFFT,128,128,ADD,other,84,1.0,2,0.9880952380952381,0.09317131799548933,A:1;P:83
Euarchontoglires,MAFFT,129,129,ADD,other,84,1.0,1,1.0,0.0,G:84
Euarchontoglires,MAFFT,130,130,ADD,other,84,1.0,3,0.9404761904761905,0.3685236238979135,A:1;S:4;T:79
Euarchontoglires,MAFFT,131,131,ADD,other,84,1.0,2,0.9047619047619048,0.4537163391869448,A:8;S:76
Euarchontoglires,MAFFT,132,132,ADD,other,84,1.0,4,0.47619047619047616,1.378785597444325,A:1;D:6;E:40;G:37
Euarchontoglires,MAFFT,133,133,ADD,other,84,1.0,4,0.4880952380952381,1.162326180175393,H:1;K:41;L:1;R:41
Euarchontoglires,MAFFT,134,134,ADD,other,84,1.0,4,0.5714285714285714,1.1953744945234692,A:1;I:33;M:2;V:48
Euarchontoglires,MAFFT,135,135,ADD,other,84,1.0,5,0.5595238095238095,1.7416787195907677,H:47;L:2;N:18;Q:9;S:8
Euarchontoglires,MAFFT,136,136,ADD,other,84,1.0,4,0.8452380952380952,0.8281872681716662,A:71;G:2;S:8;T:3
Euarchontoglires,MAFFT,137,137,ADD,other,84,1.0,5,0.9404761904761905,0.4399521953264849,I:1;M:79;R:2;T:1;V:1
Euarchontoglires,MAFFT,138,138,ADD,other,84,1.0,7,0.6190476190476191,1.567493036403513,A:22;D:2;H:3;N:1;P:2;S:52;T:2
Euarchontoglires,MAFFT,139,139,ADD,other,84,1.0,8,0.4642857142857143,1.9158788886313212,C:28;F:3;H:1;N:39;P:2;R:1;S:9;Y:1
Euarchontoglires,MAFFT,140,140,ADD,other,84,1.0,1,1.0,0.0,W:84
Euarchontoglires,MAFFT,141,141,ADD,other,84,1.0,3,0.9523809523809523,0.3238144752669867,A:2;L:2;V:80
Euarchontoglires,MAFFT,142,142,ADD,other,84,1.0,1,1.0,0.0,C:84
Euarchontoglires,MAFFT,143,143,ADD,other,84,1.0,4,0.8809523809523809,0.6898254696731743,F:74;P:2;S:2;Y:6
Euarchontoglires,MAFFT,144,144,ADD,other,84,1.0,1,1.0,0.0,L:84
Euarchontoglires,MAFFT,145,145,ADD,other,84,1.0,1,1.0,0.0,C:84
Euarchontoglires,MAFFT,146,146,ADD,other,84,1.0,3,0.9642857142857143,0.2550811104733483,A:2;L:81;V:1
Euarchontoglires,MAFFT,147,147,ADD,other,84,1.0,1,1.0,0.0,P:84
Euarchontoglires,MAFFT,148,148,ADD,other,84,1.0,5,0.8571428571428571,0.8222449875615018,C:1;F:72;G:2;I:2;S:7
Euarchontoglires,MAFFT,149,149,ADD,other,84,1.0,5,0.7142857142857143,1.2806350103116273,A:3;P:5;R:1;S:60;T:15
Euarchontoglires,MAFFT,150,150,ADD,other,84,1.0,8,0.8571428571428571,0.9609531358282069,C:1;G:2;H:1;K:1;P:1;Q:2;R:72;S:4
Euarchontoglires,MAFFT,151,151,ADD,other,84,1.0,4,0.8928571428571429,0.6403959729312475,H:4;N:4;R:1;S:75
Euarchontoglires,MAFFT,152,152,ADD,other,84,1.0,1,1.0,0.0,G:84
Euarchontoglires,MAFFT,153,153,ADD,other,84,1.0,1,1.0,0.0,L:84
Euarchontoglires,MAFFT,154,154,ADD,other,84,1.0,1,1.0,0.0,L:84
Euarchontoglires,MAFFT,155,155,ADD,other,84,1.0,3,0.8333333333333334,0.7486345514120754,L:2;Q:70;R:12
Euarchontoglires,MAFFT,156,156,ADD,other,84,1.0,1,1.0,0.0,R:84
Euarchontoglires,MAFFT,157,157,ADD,other,84,1.0,1,1.0,0.0,R:84
Euarchontoglires,MAFFT,158,158,ADD,other,84,1.0,4,0.7261904761904762,0.987393095758641,H:1;K:21;P:1;R:61
Euarchontoglires,MAFFT,159,159,ADD,other,84,1.0,3,0.8095238095238095,0.8060026357093609,K:68;Q:2;R:14
Euarchontoglires,MAFFT,160,160,ADD,other,84,1.0,1,1.0,0.0,W:84
Euarchontoglires,MAFFT,161,161,ADD,other,84,1.0,2,0.9880952380952381,0.09317131799548933,H:1;R:83
Euarchontoglires,MAFFT,162,162,ADD,other,84,1.0,8,0.32142857142857145,2.529696439528413,A:8;D:6;E:6;G:16;H:27;Q:1;S:18;T:2
Euarchontoglires,MAFFT,163,163,ADD,other,84,1.0,4,0.75,1.163771879164648,G:4;H:5;Q:63;R:12
Euarchontoglires,MAFFT,164,164,ADD,other,84,1.0,1,1.0,0.0,L:84
Euarchontoglires,MAFFT,165,165,ADD,other,84,1.0,1,1.0,0.0,K:84
Euarchontoglires,MAFFT,166,166,ADD,other,84,1.0,4,0.9404761904761905,0.4071559155388246,A:79;D:1;T:1;V:3
Euarchontoglires,MAFFT,167,167,ADD,other,84,1.0,1,1.0,0.0,F:84
Euarchontoglires,MAFFT,168,168,ADD,other,84,1.0,5,0.4642857142857143,1.806106648406833,C:6;F:2;H:27;Q:10;Y:39
Euarchontoglires,MAFFT,169,169,ADD,other,84,1.0,4,0.9404761904761905,0.41614267151696105,D:79;E:2;L:1;Q:2
Euarchontoglires,MAFFT,170,170,ADD,other,84,1.0,5,0.5714285714285714,1.5753831576811776,E:2;K:1;L:20;Q:13;R:48
Euarchontoglires,MAFFT,171,171,ADD,other,84,1.0,5,0.9285714285714286,0.5082534576447677,E:78;G:2;H:1;N:1;Q:2
Euarchontoglires,MAFFT,172,172,ADD,other,84,1.0,5,0.42857142857142855,1.7770886721372965,A:19;G:25;K:1;S:36;V:3
Euarchontoglires,MAFFT,173,173,ADD,other,84,1.0,9,0.4166666666666667,2.2039481952504136,A:27;D:2;E:35;G:2;K:7;P:1;S:6;T:1;V:3
Euarchontoglires,MAFFT,174,174,linker,other,84,1.0,6,0.7142857142857143,1.2506471366148688,D:1;G:4;N:17;Q:1;R:1;S:60
Euarchontoglires,MAFFT,175,175,linker,other,84,1.0,3,0.9047619047619048,0.5054843813964303,A:1;P:76;S:7
Euarchontoglires,MAFFT,176,176,linker,other,84,1.0,6,0.7261904761904762,1.3751940195551515,E:1;I:2;L:61;M:4;Q:5;V:11
Euarchontoglires,MAFFT,177,177,linker,other,84,1.0,4,0.8690476190476191,0.7035413180377929,E:73;G:2;K:8;Q:1
Euarchontoglires,MAFFT,178,178,C_terminal_MTase_like,other,84,1.0,5,0.7261904761904762,1.100822180555377,I:19;L:2;M:61;T:1;V:1
Euarchontoglires,MAFFT,179,179,C_terminal_MTase_like,other,84,1.0,2,0.6547619047619048,0.9297432191769046,F:29;Y:55
Euarchontoglires,MAFFT,180,180,C_terminal_MTase_like,other,84,1.0,3,0.5714285714285714,1.2009102795095283,E:32;K:48;Q:4
Euarchontoglires,MAFFT,181,181,C_terminal_MTase_like,other,84,1.0,3,0.8690476190476191,0.6902149432906054,I:6;P:5;T:73
Euarchontoglires,MAFFT,182,182,C_terminal_MTase_like,other,84,1.0,2,0.9285714285714286,0.37123232664087563,L:6;V:78
Euarchontoglires,MAFFT,183,183,C_terminal_MTase_like,other,84,1.0,3,0.6785714285714286,0.979386905170919,A:1;P:57;S:26
Euarchontoglires,MAFFT,184,184,C_terminal_MTase_like,other,84,1.0,4,0.5952380952380952,1.1281173098176147,A:32;P:1;T:1;V:50
Euarchontoglires,MAFFT,185,185,C_terminal_MTase_like,other,84,1.0,3,0.9642857142857143,0.2550811104733483,C:2;G:1;W:81
Euarchontoglires,MAFFT,186,186,C_terminal_MTase_like,other,84,1.0,2,0.6190476190476191,0.9587118829771318,K:52;R:32
Euarchontoglires,MAFFT,187,187,C_terminal_MTase_like,other,84,1.0,2,0.9761904761904762,0.1623261801753929,K:2;R:82
Euarchontoglires,MAFFT,188,188,C_terminal_MTase_like,other,84,1.0,4,0.4880952380952381,1.4097957591665207,A:3;E:36;K:4;Q:41
Euarchontoglires,MAFFT,189,189,C_terminal_MTase_like,other,84,1.0,3,0.9761904761904762,0.18613570398491672,A:1;P:82;S:1
Euarchontoglires,MAFFT,190,190,C_terminal_MTase_like,other,84,1.0,4,0.7619047619047619,1.1158974114826457,I:2;L:8;M:10;V:64
Euarchontoglires,MAFFT,191,191,C_terminal_MTase_like,other,84,1.0,2,0.9285714285714286,0.37123232664087563,Q:6;R:78
Euarchontoglires,MAFFT,192,192,C_terminal_MTase_like,other,84,1.0,1,1.0,0.0,V:84
Euarchontoglires,MAFFT,193,193,C_terminal_MTase_like,other,84,1.0,1,1.0,0.0,L:84
Euarchontoglires,MAFFT,194,194,C_terminal_MTase_like,other,84,1.0,5,0.8333333333333334,0.9379218672441006,A:5;C:1;N:6;S:70;T:2
Euarchontoglires,MAFFT,195,195,C_terminal_MTase_like,other,84,1.0,1,1.0,0.0,L:84
Euarchontoglires,MAFFT,196,196,C_terminal_MTase_like,other,84,1.0,1,1.0,0.0,F:84
Euarchontoglires,MAFFT,197,197,C_terminal_MTase_like,other,84,1.0,4,0.6666666666666666,1.114837894450261,E:25;G:56;K:1;R:2
Euarchontoglires,MAFFT,198,198,C_terminal_MTase_like,other,84,1.0,4,0.5476190476190477,1.4325938121629815,D:46;H:2;K:7;N:29
Euarchontoglires,MAFFT,199,199,C_terminal_MTase_like,other,84,1.0,1,1.0,0.0,I:84
Euarchontoglires,MAFFT,200,200,C_terminal_MTase_like,other,84,1.0,8,0.5476190476190477,1.9739543274860911,D:18;E:8;G:4;K:46;N:2;Q:1;R:4;T:1
Euarchontoglires,MAFFT,201,201,C_terminal_MTase_like,other,84,1.0,5,0.8571428571428571,0.8273902673892352,K:72;P:1;Q:5;R:5;T:1
Euarchontoglires,MAFFT,202,202,C_terminal_MTase_like,other,84,1.0,2,0.9642857142857143,0.222284830685688,E:81;V:3
Euarchontoglires,MAFFT,203,203,C_terminal_MTase_like,other,84,1.0,1,1.0,0.0,L:84
Euarchontoglires,MAFFT,204,204,C_terminal_MTase_like,other,84,1.0,7,0.5476190476190477,1.9595722181097432,A:4;E:11;K:15;M:5;R:1;S:2;T:46
Euarchontoglires,MAFFT,205,205,C_terminal_MTase_like,other,84,1.0,2,0.9761904761904762,0.1623261801753929,N:2;S:82
Euarchontoglires,MAFFT,206,206,C_terminal_MTase_like,other,84,1.0,1,1.0,0.0,L:84
Euarchontoglires,MAFFT,207,207,C_terminal_MTase_like,other,84,1.0,1,1.0,0.0,G:84
Euarchontoglires,MAFFT,208,208,C_terminal_MTase_like,other,84,1.0,1,1.0,0.0,F:84
Euarchontoglires,MAFFT,209,209,C_terminal_MTase_like,other,84,1.0,2,0.9642857142857143,0.222284830685688,L:81;V:3
Euarchontoglires,MAFFT,210,210,C_terminal_MTase_like,other,84,1.0,2,0.9047619047619048,0.4537163391869448,E:76;G:8
Euarchontoglires,MAFFT,211,211,C_terminal_MTase_like,other,84,1.0,10,0.6190476190476191,2.0081348421204135,A:3;D:1;H:1;I:1;N:3;P:6;Q:2;R:5;S:52;T:10
Euarchontoglires,MAFFT,212,212,C_terminal_MTase_like,other,84,1.0,3,0.9404761904761905,0.3833463917293008,D:2;G:79;S:3
Euarchontoglires,MAFFT,213,213,C_terminal_MTase_like,other,84,1.0,6,0.9047619047619048,0.6441925296631353,A:4;C:1;G:1;S:76;T:1;Y:1
Euarchontoglires,MAFFT,214,214,C_terminal_MTase_like,other,84,1.0,7,0.39285714285714285,2.0876999136361634,A:1;D:30;E:33;G:7;K:4;Q:3;S:6
Euarchontoglires,MAFFT,215,215,C_terminal_MTase_like,other,84,1.0,8,0.34523809523809523,2.4642810881923096,A:15;D:2;E:13;G:16;L:3;P:29;Q:5;R:1
Euarchontoglires,MAFFT,216,216,C_terminal_MTase_like,other,84,1.0,3,0.9285714285714286,0.4368248862161963,D:2;E:4;G:78
Euarchontoglires,MAFFT,217,217,C_terminal_MTase_like,other,84,1.0,7,0.5238095238095238,1.694734639701918,G:1;K:2;M:1;P:1;Q:27;R:44;T:8
Euarchontoglires,MAFFT,218,218,C_terminal_MTase_like,other,84,1.0,3,0.9404761904761905,0.3685236238979135,I:1;L:79;V:4
Euarchontoglires,MAFFT,219,219,C_terminal_MTase_like,other,84,1.0,5,0.7976190476190477,0.9193299862373647,K:67;M:1;R:14;V:1;W:1
Euarchontoglires,MAFFT,220,220,C_terminal_MTase_like,other,84,1.0,4,0.6547619047619048,1.078546627513642,F:1;H:55;R:1;Y:27
Euarchontoglires,MAFFT,221,221,C_terminal_MTase_like,other,84,1.0,2,0.7380952380952381,0.8296071030882031,L:62;V:22
Euarchontoglires,MAFFT,222,222,C_terminal_MTase_like,other,84,1.0,5,0.47619047619047616,1.388765407226966,D:38;E:40;G:1;K:1;V:4
Euarchontoglires,MAFFT,223,223,C_terminal_MTase_like,other,84,1.0,2,0.9880952380952381,0.09317131799548933,D:83;N:1
Euarchontoglires,MAFFT,224,224,C_terminal_MTase_like,other,84,1.0,2,0.9880952380952381,0.09317131799548933,T:1;V:83
Euarchontoglires,MAFFT,225,225,C_terminal_MTase_like,other,84,1.0,3,0.9761904761904762,0.18613570398491672,R:1;S:1;T:82
Euarchontoglires,MAFFT,226,226,C_terminal_MTase_like,other,84,1.0,2,0.5595238095238095,0.9897525351939972,D:47;N:37
Euarchontoglires,MAFFT,227,227,C_terminal_MTase_like,other,84,1.0,3,0.5952380952380952,1.2922669208691815,I:8;T:26;V:50
Euarchontoglires,MAFFT,228,228,C_terminal_MTase_like,other,84,1.0,1,1.0,0.0,V:84
Euarchontoglires,MAFFT,229,229,C_terminal_MTase_like,other,84,1.0,1,1.0,0.0,R:84
Euarchontoglires,MAFFT,230,230,C_terminal_MTase_like,other,84,1.0,2,0.6666666666666666,0.9182958340544896,K:28;R:56
Euarchontoglires,MAFFT,231,231,C_terminal_MTase_like,other,84,1.0,3,0.9285714285714286,0.4176624996157581,D:78;E:5;N:1
Euarchontoglires,MAFFT,232,232,C_terminal_MTase_like,other,84,1.0,2,0.9880952380952381,0.09317131799548933,A:1;V:83
Euarchontoglires,MAFFT,233,233,C_terminal_MTase_like,other,84,1.0,3,0.9761904761904762,0.18613570398491672,D:1;E:82;G:1
Euarchontoglires,MAFFT,234,234,C_terminal_MTase_like,other,84,1.0,9,0.5595238095238095,1.9819083599991223,A:2;D:2;E:47;G:2;H:1;K:13;Q:2;R:14;S:1
Euarchontoglires,MAFFT,235,235,C_terminal_MTase_like,other,84,1.0,1,1.0,0.0,W:84
Euarchontoglires,MAFFT,236,236,C_terminal_MTase_like,other,84,1.0,1,1.0,0.0,G:84
Euarchontoglires,MAFFT,237,237,C_terminal_MTase_like,other,84,1.0,1,1.0,0.0,P:84
Euarchontoglires,MAFFT,238,238,C_terminal_MTase_like,other,84,1.0,2,0.9761904761904762,0.1623261801753929,F:82;I:2
Euarchontoglires,MAFFT,239,239,C_terminal_MTase_like,other,84,1.0,3,0.9761904761904762,0.18613570398491672,D:82;G:1;H:1
Euarchontoglires,MAFFT,240,240,C_terminal_MTase_like,other,84,1.0,2,0.9880952380952381,0.09317131799548933,F:1;L:83
Euarchontoglires,MAFFT,241,241,C_terminal_MTase_like,other,84,1.0,3,0.6428571428571429,1.0664857211782817,L:28;M:2;V:54
Euarchontoglires,MAFFT,242,242,C_terminal_MTase_like,other,84,1.0,2,0.9642857142857143,0.222284830685688,F:3;Y:81
Euarchontoglires,MAFFT,243,243,C_terminal_MTase_like,other,84,1.0,1,1.0,0.0,G:84
Euarchontoglires,MAFFT,244,244,C_terminal_MTase_like,other,84,1.0,2,0.6071428571428571,0.9666186325481028,A:33;S:51
Euarchontoglires,MAFFT,245,245,C_terminal_MTase_like,other,84,1.0,1,1.0,0.0,T:84
Euarchontoglires,MAFFT,246,246,C_terminal_MTase_like,other,84,1.0,5,0.6547619047619048,1.2009937443475176,H:1;N:1;P:55;Q:25;R:2
Euarchontoglires,MAFFT,247,247,C_terminal_MTase_like,other,84,1.0,6,0.7619047619047619,1.1387106500548738,A:14;H:1;L:2;P:64;S:1;T:2
Euarchontoglires,MAFFT,248,248,C_terminal_MTase_like,other,84,1.0,5,0.7976190476190477,1.077698663723156,F:1;L:67;P:8;Q:4;R:4
Euarchontoglires,MAFFT,249,249,C_terminal_MTase_like,other,84,1.0,3,0.9523809523809523,0.3148277192888502,G:80;S:3;V:1
Euarchontoglires,MAFFT,250,250,C_terminal_MTase_like,other,83,0.9880952380952381,8,0.6144578313253012,1.8622602959841457,C:4;D:1;G:1;H:51;Q:3;R:3;S:7;Y:13
Euarchontoglires,MAFFT,251,251,C_terminal_MTase_like,other,83,0.9880952380952381,5,0.39759036144578314,1.8141019366758688,A:17;D:4;P:1;S:28;T:33
Euarchontoglires,MAFFT,252,252,C_terminal_MTase_like,other,83,0.9880952380952381,5,0.8313253012048193,0.9455280219924208,C:69;G:3;R:3;S:7;Y:1
Euarchontoglires,MAFFT,253,253,C_terminal_MTase_like,other,84,1.0,9,0.7023809523809523,1.660883281243654,A:1;C:1;D:59;E:3;G:4;H:1;N:8;P:2;Y:5
Euarchontoglires,MAFFT,254,254,C_terminal_MTase_like,other,84,1.0,4,0.5,1.1619072376334934,C:1;H:42;N:1;R:40
Euarchontoglires,MAFFT,255,255,C_terminal_MTase_like,other,84,1.0,3,0.4642857142857143,1.5087044149871367,C:28;P:39;S:17
Euarchontoglires,MAFFT,256,256,C_terminal_MTase_like,other,84,1.0,1,1.0,0.0,P:84
Euarchontoglires,MAFFT,257,257,C_terminal_MTase_like,other,84,1.0,3,0.5714285714285714,1.3896288351625579,A:13;G:48;S:23
Euarchontoglires,MAFFT,258,258,C_terminal_MTase_like,other,84,1.0,1,1.0,0.0,W:84
Euarchontoglires,MAFFT,259,259,C_terminal_MTase_like,other,84,1.0,3,0.9166666666666666,0.46312291518549437,F:6;H:1;Y:77
Euarchontoglires,MAFFT,260,260,C_terminal_MTase_like,other,84,1.0,3,0.6547619047619048,1.004451683951746,L:55;M:28;V:1
Euarchontoglires,MAFFT,261,261,C_terminal_MTase_like,other,84,1.0,3,0.9761904761904762,0.18613570398491672,F:82;L:1;Y:1
Euarchontoglires,MAFFT,262,262,C_terminal_MTase_like,other,84,1.0,2,0.9880952380952381,0.09317131799548933,H:1;Q:83
Euarchontoglires,MAFFT,263,263,C_terminal_MTase_like,other,84,1.0,1,1.0,0.0,F:84
Euarchontoglires,MAFFT,264,264,C_terminal_MTase_like,other,84,1.0,2,0.9523809523809523,0.2761954276479391,C:4;H:80
Euarchontoglires,MAFFT,265,265,C_terminal_MTase_like,other,84,1.0,1,1.0,0.0,R:84
Euarchontoglires,MAFFT,266,266,C_terminal_MTase_like,other,84,1.0,4,0.6071428571428571,1.3416029868933064,I:26;L:51;M:4;V:3
Euarchontoglires,MAFFT,267,267,C_terminal_MTase_like,other,84,1.0,2,0.9880952380952381,0.09317131799548933,L:83;R:1
Euarchontoglires,MAFFT,268,268,C_terminal_MTase_like,other,84,1.0,3,0.9761904761904762,0.18613570398491672,A:1;L:1;Q:82
Euarchontoglires,MAFFT,269,269,C_terminal_MTase_like,other,84,1.0,1,1.0,0.0,Y:84
Euarchontoglires,MAFFT,270,270,C_terminal_MTase_like,other,84,1.0,4,0.9404761904761905,0.4071559155388246,A:79;S:1;T:1;V:3
Euarchontoglires,MAFFT,271,271,C_terminal_MTase_like,other,84,1.0,4,0.8214285714285714,0.9217544759335055,C:3;L:3;Q:9;R:69
Euarchontoglires,MAFFT,272,272,C_terminal_MTase_like,other,84,1.0,3,0.9761904761904762,0.18613570398491672,E:1;P:82;S:1
Euarchontoglires,MAFFT,273,273,C_terminal_MTase_like,other,84,1.0,10,0.25,2.729789470887734,G:14;H:10;K:9;L:1;N:1;P:21;Q:1;R:19;S:7;T:1
Euarchontoglires,MAFFT,274,274,C_terminal_MTase_like,other,79,0.9404761904761905,6,0.5822784810126582,1.8130619093578173,A:5;L:4;P:46;Q:11;R:1;S:12
Euarchontoglires,MAFFT,275,275,C_terminal_MTase_like,other,84,1.0,5,0.8095238095238095,1.0384851523520886,D:3;E:6;G:68;K:1;S:6
Euarchontoglires,MAFFT,276,276,C_terminal_MTase_like,other,84,1.0,5,0.9047619047619048,0.6352057736849988,A:1;D:3;N:2;S:76;T:2
Euarchontoglires,MAFFT,277,277,C_terminal_MTase_like,other,84,1.0,6,0.5833333333333334,1.3407995628989895,A:1;E:2;L:1;P:49;Q:30;T:1
Euarchontoglires,MAFFT,278,278,C_terminal_MTase_like,other,83,0.9880952380952381,3,0.5783132530120482,1.3290278925606032,K:9;Q:26;R:48
Euarchontoglires,MAFFT,279,279,C_terminal_MTase_like,other,84,1.0,3,0.9404761904761905,0.3685236238979135,A:4;P:79;T:1
Euarchontoglires,MAFFT,280,280,C_terminal_MTase_like,other,84,1.0,1,1.0,0.0,F:84
Euarchontoglires,MAFFT,281,281,C_terminal_MTase_like,other,84,1.0,1,1.0,0.0,F:84
Euarchontoglires,MAFFT,282,282,C_terminal_MTase_like,other,84,1.0,1,1.0,0.0,W:84
Euarchontoglires,MAFFT,283,283,C_terminal_MTase_like,other,84,1.0,4,0.7142857142857143,1.2432587162724311,I:11;L:11;M:60;V:2
Euarchontoglires,MAFFT,284,284,C_terminal_MTase_like,other,84,1.0,1,1.0,0.0,F:84
Euarchontoglires,MAFFT,285,285,C_terminal_MTase_like,other,84,1.0,4,0.8571428571428571,0.7614901893738799,A:1;L:3;M:8;V:72
Euarchontoglires,MAFFT,286,286,C_terminal_MTase_like,other,84,1.0,1,1.0,0.0,D:84
Euarchontoglires,MAFFT,287,287,C_terminal_MTase_like,other,84,1.0,4,0.7976190476190477,1.0269288719792227,H:8;N:67;S:6;T:3
Euarchontoglires,MAFFT,288,288,C_terminal_MTase_like,other,84,1.0,2,0.9880952380952381,0.09317131799548933,L:83;V:1
Euarchontoglires,MAFFT,289,289,C_terminal_MTase_like,other,84,1.0,5,0.5238095238095238,1.5467061184605049,L:44;M:5;Q:1;R:4;V:30
Euarchontoglires,MAFFT,290,290,C_terminal_MTase_like,other,84,1.0,2,0.9523809523809523,0.2761954276479391,L:80;M:4
Euarchontoglires,MAFFT,291,291,C_terminal_MTase_like,other,84,1.0,5,0.5476190476190477,1.507302276937823,A:1;G:2;N:28;S:7;T:46
Euarchontoglires,MAFFT,292,292,C_terminal_MTase_like,other,84,1.0,9,0.34523809523809523,2.429561891093443,D:1;E:29;G:5;K:28;P:3;Q:6;R:4;S:6;T:2
Euarchontoglires,MAFFT,293,293,C_terminal_MTase_like,other,84,1.0,4,0.4880952380952381,1.2667792534081344,A:1;D:39;E:41;N:3
Euarchontoglires,MAFFT,294,294,C_terminal_MTase_like,other,84,1.0,2,0.9404761904761905,0.3255517134879514,D:79;E:5
Euarchontoglires,MAFFT,295,295,C_terminal_MTase_like,other,84,1.0,5,0.8214285714285714,1.004131672820934,E:2;L:6;Q:69;R:2;V:5
Euarchontoglires,MAFFT,296,296,C_terminal_MTase_like,other,84,1.0,7,0.38095238095238093,1.993764192610829,A:27;D:32;E:5;I:1;M:1;R:1;V:17
Euarchontoglires,MAFFT,297,297,C_terminal_MTase_like,other,84,1.0,5,0.4523809523809524,1.940641810804026,A:7;I:10;L:5;T:38;V:24
Euarchontoglires,MAFFT,298,298,C_terminal_MTase_like,other,84,1.0,3,0.7738095238095238,0.9593826938490839,A:65;T:14;V:5
Euarchontoglires,MAFFT,299,299,C_terminal_MTase_like,other,84,1.0,9,0.2976190476190476,2.5421659569351376,A:15;C:6;D:3;I:1;N:3;S:23;T:25;V:7;Y:1
Euarchontoglires,MAFFT,300,300,C_terminal_MTase_like,other,84,1.0,1,1.0,0.0,R:84
Euarchontoglires,MAFFT,301,301,C_terminal_MTase_like,other,84,1.0,1,1.0,0.0,F:84
Euarchontoglires,MAFFT,302,302,C_terminal_MTase_like,other,84,1.0,2,0.8571428571428571,0.5916727785823275,F:12;L:72
Euarchontoglires,MAFFT,303,303,C_terminal_MTase_like,other,84,1.0,2,0.6904761904761905,0.8926230133850986,E:58;Q:26
Euarchontoglires,MAFFT,304,304,C_terminal_MTase_like,other,84,1.0,6,0.47619047619047616,1.7394754088988376,A:1;I:3;L:2;M:40;T:30;V:8
Euarchontoglires,MAFFT,305,305,C_terminal_MTase_like,other,84,1.0,4,0.9404761904761905,0.41614267151696105,E:79;K:2;P:1;Q:2
Euarchontoglires,MAFFT,306,306,C_terminal_MTase_like,other,84,1.0,5,0.6785714285714286,1.2670444087362087,A:20;F:1;P:57;Q:5;T:1
Euarchontoglires,MAFFT,307,307,C_terminal_MTase_like,other,84,1.0,5,0.6428571428571429,1.4224007515074595,A:13;M:1;S:1;T:15;V:54
Euarchontoglires,MAFFT,308,308,C_terminal_MTase_like,other,84,1.0,2,0.9285714285714286,0.37123232664087563,I:6;T:78
Euarchontoglires,MAFFT,309,309,C_terminal_MTase_like,other,84,1.0,4,0.5714285714285714,1.1416991294796288,I:34;L:48;P:1;V:1
Euarchontoglires,MAFFT,310,310,C_terminal_MTase_like,other,84,1.0,4,0.6071428571428571,1.2145789846667445,A:1;P:29;Q:51;R:3
Euarchontoglires,MAFFT,311,311,C_terminal_MTase_like,other,84,1.0,5,0.8928571428571429,0.6462319847844983,D:75;E:1;H:1;N:6;Y:1
Euarchontoglires,MAFFT,312,312,C_terminal_MTase_like,other,84,1.0,3,0.8690476190476191,0.6175974972178688,I:10;L:1;V:73
Euarchontoglires,MAFFT,313,313,C_terminal_MTase_like,other,84,1.0,5,0.75,1.1985809056369956,C:7;H:11;Q:1;R:63;S:2
Euarchontoglires,MAFFT,314,314,C_terminal_MTase_like,other,84,1.0,3,0.8809523809523809,0.6125608863913521,D:2;G:74;S:8
Euarchontoglires,MAFFT,315,315,C_terminal_MTase_like,other,84,1.0,6,0.5238095238095238,1.636829707834225,E:3;G:29;Q:2;R:44;S:5;T:1
Euarchontoglires,MAFFT,316,316,C_terminal_MTase_like,other,84,1.0,6,0.4880952380952381,1.8313010628305078,A:15;D:3;L:1;S:22;T:2;V:41
Euarchontoglires,MAFFT,317,317,C_terminal_MTase_like,other,84,1.0,5,0.8928571428571429,0.6880150205502951,F:1;L:75;P:2;V:4;Y:2
Euarchontoglires,MAFFT,318,318,C_terminal_MTase_like,other,84,1.0,4,0.8928571428571429,0.5969259199026377,G:1;H:7;Q:75;R:1
Euarchontoglires,MAFFT,319,319,C_terminal_MTase_like,other,83,0.9880952380952381,5,0.6867469879518072,1.413092779876268,D:7;G:13;N:57;R:1;S:5
Euarchontoglires,MAFFT,320,320,C_terminal_MTase_like,other,83,0.9880952380952381,2,0.9879518072289156,0.09408443883267345,A:82;V:1
Euarchontoglires,MAFFT,321,321,C_terminal_MTase_like,other,83,0.9880952380952381,4,0.891566265060241,0.6417372984174963,A:3;M:5;T:1;V:74
Euarchontoglires,MAFFT,322,322,C_terminal_MTase_like,other,83,0.9880952380952381,3,0.927710843373494,0.4213984179981993,C:1;H:5;R:77
Euarchontoglires,MAFFT,323,323,C_terminal_MTase_like,other,83,0.9880952380952381,2,0.9879518072289156,0.09408443883267345,L:1;V:82
Euarchontoglires,MAFFT,324,324,C_terminal_MTase_like,other,84,1.0,1,1.0,0.0,W:84
Euarchontoglires,MAFFT,325,325,C_terminal_MTase_like,other,84,1.0,3,0.9285714285714286,0.4176624996157581,R:1;S:78;T:5
Euarchontoglires,MAFFT,326,326,C_terminal_MTase_like,other,84,1.0,2,0.9880952380952381,0.09317131799548933,L:1;N:83
Euarchontoglires,MAFFT,327,327,C_terminal_MTase_like,other,84,1.0,2,0.9404761904761905,0.3255517134879514,I:79;V:5
Euarchontoglires,MAFFT,328,328,C_terminal_MTase_like,other,84,1.0,2,0.9880952380952381,0.09317131799548933,P:83;Y:1
Euarchontoglires,MAFFT,329,329,C_terminal_MTase_like,other,84,1.0,3,0.6666666666666666,0.9923907776163855,A:56;G:27;T:1
Euarchontoglires,MAFFT,330,330,C_terminal_MTase_like,other,84,1.0,4,0.38095238095238093,1.6492095349725528,I:27;L:24;P:1;V:32
Euarchontoglires,MAFFT,331,331,C_terminal_MTase_like,other,84,1.0,6,0.5,1.432857520295056,G:1;K:36;N:2;Q:1;R:42;S:2
Euarchontoglires,MAFFT,332,333,C_terminal_MTase_like,other,84,1.0,3,0.9523809523809523,0.31482771928885017,G:3;S:80;Y:1
Euarchontoglires,MAFFT,333,334,C_terminal_MTase_like,other,84,1.0,2,0.5238095238095238,0.998363672593813,K:40;R:44
Euarchontoglires,MAFFT,334,335,C_terminal_MTase_like,other,84,1.0,3,0.8452380952380952,0.6821793811896376,H:71;P:1;Q:12
Euarchontoglires,MAFFT,335,336,C_terminal_MTase_like,other,84,1.0,11,0.35714285714285715,2.8491973679212137,A:11;E:3;G:2;K:3;L:9;M:3;R:3;S:30;T:3;V:3;W:14
Euarchontoglires,MAFFT,336,337,C_terminal_MTase_like,other,83,0.9880952380952381,7,0.8072289156626506,1.1451664167074793,A:67;D:2;E:2;G:2;P:2;T:1;V:7
Euarchontoglires,MAFFT,337,338,C_terminal_MTase_like,other,83,0.9880952380952381,3,0.9397590361445783,0.37189035819926963,L:78;P:4;Q:1
Euarchontoglires,MAFFT,338,339,C_terminal_MTase_like,other,83,0.9880952380952381,9,0.3373493975903614,2.352577759253018,A:16;D:1;E:1;G:5;I:2;P:5;S:1;T:28;V:24
Euarchontoglires,MAFFT,339,340,C_terminal_MTase_like,other,82,0.9761904761904762,4,0.4878048780487805,1.2807426228333187,A:2;E:2;P:40;S:38
Euarchontoglires,MAFFT,340,341,C_terminal_MTase_like,switching_helix,82,0.9761904761904762,5,0.6341463414634146,1.3183220916570106,A:1;D:2;E:52;K:24;Q:3
Euarchontoglires,MAFFT,341,342,C_terminal_MTase_like,switching_helix,82,0.9761904761904762,3,0.9512195121951219,0.3207683390885857,A:1;E:78;V:3
Euarchontoglires,MAFFT,342,343,C_terminal_MTase_like,switching_helix,82,0.9761904761904762,3,0.8658536585365854,0.6821016023376459,E:71;L:3;Q:8
Euarchontoglires,MAFFT,343,344,C_terminal_MTase_like,switching_helix,84,1.0,8,0.5595238095238095,1.8275813020006664,A:2;E:6;L:47;Q:22;S:1;T:2;V:3;W:1
Euarchontoglires,MAFFT,344,345,C_terminal_MTase_like,switching_helix,84,1.0,7,0.7857142857142857,1.2233753179394988,A:7;D:1;F:2;L:5;S:66;T:1;Y:2
Euarchontoglires,MAFFT,345,346,C_terminal_MTase_like,switching_helix,84,1.0,4,0.9404761904761905,0.4161426715169611,G:2;L:79;V:2;W:1
Euarchontoglires,MAFFT,346,347,C_terminal_MTase_like,switching_helix,84,1.0,6,0.6547619047619048,1.4400438804205118,E:17;K:1;L:55;Q:9;R:1;V:1
Euarchontoglires,MAFFT,347,348,C_terminal_MTase_like,switching_helix,84,1.0,9,0.5238095238095238,1.8892925270960363,A:44;C:2;E:1;G:8;I:1;Q:1;S:2;T:24;V:1
Euarchontoglires,MAFFT,348,349,C_terminal_MTase_like,switching_helix,84,1.0,5,0.8452380952380952,0.8308725359000313,G:1;H:9;Q:71;R:2;S:1
Euarchontoglires,MAFFT,349,350,C_terminal_MTase_like,switching_helix,83,0.9880952380952381,9,0.3253012048192771,2.592787993662428,A:3;D:13;G:7;I:3;N:27;P:1;S:1;T:10;V:18
Euarchontoglires,MAFFT,350,351,C_terminal_MTase_like,switching_helix,83,0.9880952380952381,8,0.6506024096385542,1.7376552071993954,A:1;C:2;D:1;G:12;K:6;R:54;T:5;W:2
Euarchontoglires,MAFFT,351,352,C_terminal_MTase_like,switching_helix,83,0.9880952380952381,7,0.5421686746987951,1.7305279062180827,A:2;F:1;P:3;Q:45;R:6;S:1;T:25
Euarchontoglires,MAFFT,352,353,C_terminal_MTase_like,switching_helix,83,0.9880952380952381,8,0.5301204819277109,1.7563425484479098,A:3;G:2;H:1;K:4;N:1;R:44;S:27;T:1
Euarchontoglires,MAFFT,353,354,C_terminal_MTase_like,switching_helix,83,0.9880952380952381,8,0.42168674698795183,2.08982802269368,A:23;G:13;L:1;M:1;N:1;P:1;S:35;T:8
Euarchontoglires,MAFFT,354,355,C_terminal_MTase_like,switching_helix,82,0.9761904761904762,10,0.7073170731707317,1.703439800979957,A:1;E:4;G:2;K:58;N:1;P:3;Q:1;R:6;T:5;V:1
Euarchontoglires,MAFFT,355,356,C_terminal_MTase_like,switching_helix_adjacent_loop,82,0.9761904761904762,7,0.6829268292682927,1.4774748217103337,A:2;H:1;L:56;M:14;P:7;V:1;W:1
Euarchontoglires,MAFFT,356,357,C_terminal_MTase_like,switching_helix_adjacent_loop,82,0.9761904761904762,10,0.5,2.2064999634501197,A:41;D:3;G:5;H:1;M:1;P:19;S:7;T:2;V:1;Y:2
Euarchontoglires,MAFFT,357,358,C_terminal_MTase_like,switching_helix_adjacent_loop,84,1.0,7,0.6547619047619048,1.6720304078164139,A:55;G:2;P:9;R:1;S:8;T:8;V:1
Euarchontoglires,MAFFT,358,359,C_terminal_MTase_like,switching_helix_adjacent_loop,84,1.0,8,0.4642857142857143,2.1388409108299187,A:3;E:5;G:1;H:2;K:23;P:3;Q:39;R:8
Euarchontoglires,MAFFT,359,360,C_terminal_MTase_like,switching_helix_adjacent_loop,84,1.0,12,0.30952380952380953,2.750433964949999,A:1;E:1;G:18;K:26;L:1;P:2;Q:3;R:7;S:3;T:4;V:1;W:17
Euarchontoglires,MAFFT,360,361,C_terminal_MTase_like,other,84,1.0,9,0.6309523809523809,1.7364893383004687,A:1;D:6;H:1;I:1;L:4;P:53;S:1;T:1;V:16
Euarchontoglires,MAFFT,361,362,C_terminal_MTase_like,other,84,1.0,9,0.3333333333333333,2.171476364269572,A:21;C:1;D:25;G:1;I:1;N:1;P:1;S:5;T:28
Euarchontoglires,MAFFT,362,363,C_terminal_MTase_like,other,84,1.0,10,0.3333333333333333,2.7992072976091,A:10;E:1;H:1;K:28;L:6;P:13;Q:2;R:10;S:7;T:6
Euarchontoglires,MAFFT,363,364,C_terminal_MTase_like,other,84,1.0,2,0.9880952380952381,0.09317131799548933,L:83;P:1
Euarchontoglires,MAFFT,364,365,C_terminal_MTase_like,other,84,1.0,4,0.8690476190476191,0.7035413180377929,A:2;I:1;L:8;V:73
Euarchontoglires,MAFFT,365,366,C_terminal_MTase_like,other,83,0.9880952380952381,4,0.963855421686747,0.2816147615759731,K:80;Q:1;R:1;S:1
Euarchontoglires,MAFFT,366,367,C_terminal_MTase_like,other,83,0.9880952380952381,7,0.7228915662650602,1.3757290608711181,H:1;I:1;K:1;N:60;S:12;T:6;Y:2
Euarchontoglires,MAFFT,367,368,C_terminal_MTase_like,other,84,1.0,1,1.0,0.0,C:84
Euarchontoglires,MAFFT,368,369,C_terminal_MTase_like,other,84,1.0,4,0.6666666666666666,1.0658494667443053,F:56;L:26;M:1;V:1
Euarchontoglires,MAFFT,369,370,C_terminal_MTase_like,other,84,1.0,4,0.9523809523809523,0.34762399907651054,F:1;I:2;K:1;L:80
Euarchontoglires,MAFFT,370,371,C_terminal_MTase_like,other,84,1.0,2,0.9880952380952381,0.09317131799548933,P:83;T:1
Euarchontoglires,MAFFT,371,372,C_terminal_MTase_like,other,84,1.0,1,1.0,0.0,L:84
Euarchontoglires,MAFFT,372,373,C_terminal_MTase_like,other,84,1.0,3,0.9404761904761905,0.3685236238979135,K:4;R:79;S:1
Euarchontoglires,MAFFT,373,374,C_terminal_MTase_like,other,84,1.0,3,0.9761904761904762,0.18613570398491672,E:82;G:1;H:1
Euarchontoglires,MAFFT,374,375,C_terminal_MTase_like,other,84,1.0,3,0.9761904761904762,0.18613570398491672,H:1;P:1;Y:82
Euarchontoglires,MAFFT,375,376,C_terminal_MTase_like,other,84,1.0,3,0.9761904761904762,0.18613570398491672,F:82;T:1;W:1
Euarchontoglires,MAFFT,376,377,C_terminal_MTase_like,other,84,1.0,5,0.9166666666666666,0.5525249985703389,C:1;K:77;P:1;R:1;S:4
Euarchontoglires,MAFFT,377,378,C_terminal_MTase_like,other,83,0.9880952380952381,5,0.927710843373494,0.5130808333528596,A:1;C:2;F:2;V:1;Y:77
Euarchontoglires,MAFFT,378,379,C_terminal_MTase_like,other,84,1.0,5,0.9523809523809523,0.3714335228860343,F:80;I:1;S:1;V:1;Y:1
Euarchontoglires,MAFFT,379,380,C_terminal_MTase_like,other,84,1.0,2,0.9404761904761905,0.3255517134879514,P:5;S:79
Euarchontoglires,MAFFT,380,381,C_terminal_tail,other,83,0.9880952380952381,7,0.4819277108433735,1.7866210076612195,A:3;C:1;E:4;P:4;Q:40;S:1;T:30
Euarchontoglires,MAFFT,381,382,C_terminal_tail,other,83,0.9880952380952381,6,0.4457831325301205,1.6289410629644163,E:35;H:2;N:37;R:1;S:7;V:1
Euarchontoglires,MAFFT,382,383,C_terminal_tail,other,83,0.9880952380952381,6,0.43373493975903615,1.954387472992732,A:4;H:1;L:36;P:16;S:23;T:3
Euarchontoglires,MAFFT,383,384,C_terminal_tail,other,83,0.9880952380952381,6,0.4819277108433735,1.572560540983437,A:1;F:3;L:40;S:4;T:34;V:1
Euarchontoglires,MAFFT,384,385,C_terminal_tail,other,83,0.9880952380952381,4,0.5060240963855421,1.2668226387307497,L:3;P:42;Q:1;S:37
Euarchontoglires,MAFFT,385,386,C_terminal_tail,other,83,0.9880952380952381,5,0.5060240963855421,1.387060668096542,F:4;L:42;P:1;S:35;V:1
Euarchontoglires,MAFFT,386,387,C_terminal_tail,other,73,0.8690476190476191,9,0.4246575342465753,2.239456091572238,C:1;D:3;F:1;H:4;L:31;R:2;S:4;T:4;Y:23
Euarchontoglires,PRANK,1,1,N_terminal,other,76,0.9047619047619048,2,0.6447368421052632,0.9386808697586007,K:27;M:49
Euarchontoglires,PRANK,2,6,N_terminal,other,73,0.8690476190476191,8,0.410958904109589,2.318750927554801,A:30;F:7;I:2;L:1;P:2;S:19;T:6;V:6
Euarchontoglires,PRANK,3,7,N_terminal,other,76,0.9047619047619048,3,0.6578947368421053,1.1387129726704701,L:50;P:22;R:4
Euarchontoglires,PRANK,4,8,N_terminal,other,78,0.9285714285714286,7,0.6923076923076923,1.5113071360803452,A:2;D:54;E:3;G:2;P:1;S:13;V:3
Euarchontoglires,PRANK,5,9,N_terminal,other,78,0.9285714285714286,4,0.6282051282051282,1.2088371597830587,L:49;P:25;R:1;V:3
Euarchontoglires,PRANK,6,10,N_terminal,other,78,0.9285714285714286,5,0.6282051282051282,1.546388985281155,D:1;E:49;K:14;N:10;S:4
Euarchontoglires,PRANK,7,11,N_terminal,other,78,0.9285714285714286,6,0.6282051282051282,1.5233086127198694,A:49;D:14;E:12;P:1;S:1;V:1
Euarchontoglires,PRANK,8,12,N_terminal,other,76,0.9047619047619048,2,0.9868421052631579,0.10106696361212415,E:75;G:1
Euarchontoglires,PRANK,9,13,N_terminal,other,78,0.9285714285714286,10,0.3974358974358974,2.363293656859924,A:2;C:2;D:13;G:2;H:21;N:2;P:31;R:2;S:2;V:1
Euarchontoglires,PRANK,10,14,N_terminal,other,78,0.9285714285714286,5,0.8846153846153846,0.7181833083512597,A:1;G:4;N:3;R:1;S:69
Euarchontoglires,PRANK,11,15,N_terminal,other,82,0.9761904761904762,8,0.6951219512195121,1.449323580137715,A:1;G:1;I:1;K:2;L:2;M:57;T:2;V:16
Euarchontoglires,PRANK,12,16,N_terminal,other,80,0.9523809523809523,5,0.9,0.623875087658821,A:1;D:72;E:5;I:1;N:1
Euarchontoglires,PRANK,13,17,N_terminal,other,80,0.9523809523809523,7,0.825,1.0901824404861782,E:2;G:2;I:2;L:2;M:5;S:1;V:66
Euarchontoglires,PRANK,14,18,N_terminal,other,80,0.9523809523809523,4,0.65,1.1911535278793055,E:2;I:52;T:2;V:24
Euarchontoglires,PRANK,15,19,N_terminal,other,80,0.9523809523809523,2,0.975,0.16866093149667025,L:78;P:2
Euarchontoglires,PRANK,16,20,N_terminal,other,80,0.9523809523809523,5,0.625,1.2838768231965145,D:1;E:25;G:1;L:3;V:50
Euarchontoglires,PRANK,17,21,N_terminal,other,82,0.9761904761904762,3,0.6097560975609756,1.04324840570675,D:31;G:50;S:1
Euarchontoglires,PRANK,18,22,N_terminal,other,81,0.9642857142857143,6,0.9012345679012346,0.677972468311727,C:3;D:1;L:1;N:1;P:2;S:73
Euarchontoglires,PRANK,19,23,N_terminal,other,79,0.9404761904761905,8,0.5569620253164557,2.0151456514177126,E:3;G:4;K:9;M:1;N:2;R:14;S:44;T:2
Euarchontoglires,PRANK,20,24,N_terminal,other,77,0.9166666666666666,4,0.8441558441558441,0.8400296601310542,D:2;E:65;G:7;K:3
Euarchontoglires,PRANK,21,25,N_terminal,other,78,0.9285714285714286,7,0.6923076923076923,1.5464959301429642,A:1;H:2;I:2;L:54;P:10;Q:2;R:7
Euarchontoglires,PRANK,22,26,N_terminal,other,78,0.9285714285714286,7,0.5256410256410257,1.7974117036923833,A:2;I:2;L:24;P:3;Q:1;R:5;S:41
Euarchontoglires,PRANK,23,27,N_terminal,other,79,0.9404761904761905,7,0.7974683544303798,1.203360961378432,A:2;C:1;H:1;P:3;R:5;S:63;T:4
Euarchontoglires,PRANK,24,28,N_terminal,other,81,0.9642857142857143,4,0.5925925925925926,1.4919295217890287,A:2;L:15;P:48;S:16
Euarchontoglires,PRANK,25,29,N_terminal,other,83,0.9880952380952381,7,0.3253012048192771,2.3449036414856907,A:8;G:1;I:1;P:13;S:19;T:14;V:27
Euarchontoglires,PRANK,26,30,N_terminal,other,82,0.9761904761904762,5,0.8048780487804879,1.0030522806537476,A:5;L:1;P:9;S:66;T:1
Euarchontoglires,PRANK,27,31,N_terminal,other,81,0.9642857142857143,7,0.7530864197530864,1.4046753603861908,A:5;H:1;P:61;R:4;S:2;T:3;V:5
Euarchontoglires,PRANK,28,32,N_terminal,other,81,0.9642857142857143,7,0.41975308641975306,2.1389368973456206,A:5;G:24;K:2;P:34;Q:8;R:7;W:1
Euarchontoglires,PRANK,29,33,N_terminal,other,81,0.9642857142857143,10,0.2716049382716049,2.8159303765811687,A:7;E:10;L:9;P:19;Q:2;R:5;S:5;T:22;V:1;W:1
Euarchontoglires,PRANK,30,34,N_terminal,other,81,0.9642857142857143,2,0.9876543209876543,0.09597040299587187,D:1;G:80
Euarchontoglires,PRANK,31,35,N_terminal,other,82,0.9761904761904762,2,0.9878048780487805,0.09501724567107636,P:1;R:81
Euarchontoglires,PRANK,32,36,N_terminal,other,82,0.9761904761904762,2,0.5487804878048781,0.9931231770192239,D:45;E:37
Euarchontoglires,PRANK,33,37,N_terminal,other,82,0.9761904761904762,7,0.573170731707317,1.7762243231082886,H:2;I:21;L:47;M:2;R:5;S:2;V:3
Euarchontoglires,PRANK,34,38,N_terminal,other,82,0.9761904761904762,3,0.9634146341463414,0.26000713747185045,I:79;M:2;T:1
Euarchontoglires,PRANK,35,39,N_terminal,other,82,0.9761904761904762,8,0.6219512195121951,1.4632496575710838,A:51;E:2;P:1;Q:1;R:24;S:1;T:1;W:1
Euarchontoglires,PRANK,36,40,N_terminal,other,82,0.9761904761904762,3,0.9146341463414634,0.4713181413068885,H:6;L:1;Y:75
Euarchontoglires,PRANK,37,41,ADD,other,82,0.9761904761904762,1,1.0,0.0,E:82
Euarchontoglires,PRANK,38,42,ADD,other,82,0.9761904761904762,2,0.9634146341463414,0.22641094842107642,I:3;V:79
Euarchontoglires,PRANK,39,43,ADD,other,82,0.9761904761904762,9,0.5121951219512195,1.9009221030261352,G:1;I:1;K:42;M:1;N:3;Q:2;R:2;S:4;T:26
Euarchontoglires,PRANK,40,44,ADD,other,82,0.9761904761904762,4,0.8536585365853658,0.7201240517519706,A:10;E:1;I:1;V:70
Euarchontoglires,PRANK,41,45,ADD,other,82,0.9761904761904762,3,0.975609756097561,0.18981727789870584,H:1;K:1;N:80
Euarchontoglires,PRANK,42,46,ADD,other,82,0.9761904761904762,5,0.7926829268292683,0.9726785389755992,G:1;H:2;K:1;Q:65;R:13
Euarchontoglires,PRANK,43,47,ADD,other,83,0.9880952380952381,1,1.0,0.0,R:83
Euarchontoglires,PRANK,44,48,ADD,other,82,0.9761904761904762,4,0.8048780487804879,0.9554896644355753,D:6;H:1;N:66;S:9
Euarchontoglires,PRANK,45,49,ADD,other,83,0.9880952380952381,4,0.963855421686747,0.2816147615759731,I:80;L:1;M:1;V:1
Euarchontoglires,PRANK,46,50,ADD,other,83,0.9880952380952381,2,0.9879518072289156,0.09408443883267345,E:82;R:1
Euarchontoglires,PRANK,47,51,ADD,other,83,0.9880952380952381,3,0.8554216867469879,0.7377723179291843,A:5;D:71;E:7
Euarchontoglires,PRANK,48,52,ADD,other,84,1.0,4,0.8809523809523809,0.7034593628603965,F:2;I:74;L:3;V:5
Euarchontoglires,PRANK,49,53,ADD,other,84,1.0,1,1.0,0.0,C:84
Euarchontoglires,PRANK,50,54,ADD,other,84,1.0,2,0.8928571428571429,0.49123734182433315,I:9;L:75
Euarchontoglires,PRANK,51,55,ADD,other,84,1.0,3,0.9166666666666666,0.46312291518549437,C:77;G:6;S:1
Euarchontoglires,PRANK,52,56,ADD,other,84,1.0,1,1.0,0.0,C:84
Euarchontoglires,PRANK,53,57,ADD,other,84,1.0,2,0.9880952380952381,0.09317131799548933,G:83;R:1
Euarchontoglires,PRANK,54,58,ADD,other,84,1.0,3,0.8928571428571429,0.5451578776931523,G:1;S:75;T:8
Euarchontoglires,PRANK,55,59,ADD,other,84,1.0,4,0.6785714285714286,1.1390847644589384,F:23;L:57;R:1;S:3
Euarchontoglires,PRANK,56,60,ADD,other,84,1.0,4,0.9166666666666666,0.5095530881603768,L:1;P:1;Q:77;R:5
Euarchontoglires,PRANK,57,61,ADD,other,84,1.0,2,0.9761904761904762,0.1623261801753929,I:2;V:82
Euarchontoglires,PRANK,58,62,ADD,other,84,1.0,3,0.6904761904761905,0.9654209649005782,H:58;Q:1;Y:25
Euarchontoglires,PRANK,59,63,ADD,other,84,1.0,5,0.8809523809523809,0.7362556426480568,A:5;I:1;K:2;R:2;T:74
Euarchontoglires,PRANK,60,64,ADD,other,84,1.0,3,0.8928571428571429,0.5974240625212854,K:4;Q:75;R:5
Euarchontoglires,PRANK,61,65,ADD,other,84,1.0,1,1.0,0.0,H:84
Euarchontoglires,PRANK,62,66,ADD,other,84,1.0,1,1.0,0.0,P:84
Euarchontoglires,PRANK,63,67,ADD,other,84,1.0,1,1.0,0.0,L:84
Euarchontoglires,PRANK,64,68,ADD,other,84,1.0,1,1.0,0.0,F:84
Euarchontoglires,PRANK,65,69,ADD,other,84,1.0,5,0.9166666666666666,0.5673477664017261,D:1;E:77;L:1;Q:2;V:3
Euarchontoglires,PRANK,66,70,ADD,other,84,1.0,1,1.0,0.0,G:84
Euarchontoglires,PRANK,67,71,ADD,other,84,1.0,1,1.0,0.0,G:84
Euarchontoglires,PRANK,68,72,ADD,other,84,1.0,3,0.5238095238095238,1.2887638176968608,I:44;L:6;M:34
Euarchontoglires,PRANK,69,73,ADD,other,84,1.0,1,1.0,0.0,C:84
Euarchontoglires,PRANK,70,74,ADD,other,84,1.0,4,0.8214285714285714,0.8967560774798164,A:69;I:5;T:9;V:1
Euarchontoglires,PRANK,71,75,ADD,other,84,1.0,4,0.8333333333333334,0.8077512443125945,L:2;P:70;Q:1;S:11
Euarchontoglires,PRANK,72,76,ADD,other,84,1.0,1,1.0,0.0,C:84
Euarchontoglires,PRANK,73,77,ADD,other,84,1.0,1,1.0,0.0,K:84
Euarchontoglires,PRANK,74,78,ADD,other,84,1.0,2,0.9880952380952381,0.09317131799548933,A:1;D:83
Euarchontoglires,PRANK,75,79,ADD,other,84,1.0,5,0.6904761904761905,1.4809259318636365,I:6;K:58;N:3;R:9;T:8
Euarchontoglires,PRANK,76,80,ADD,other,84,1.0,4,0.9523809523809523,0.34762399907651054,F:80;L:1;S:2;Y:1
Euarchontoglires,PRANK,77,81,ADD,other,84,1.0,1,1.0,0.0,L:84
Euarchontoglires,PRANK,78,82,ADD,other,84,1.0,5,0.5,1.42074744868092,D:35;E:42;G:5;K:1;Y:1
Euarchontoglires,PRANK,79,83,ADD,other,84,1.0,3,0.5238095238095238,1.2887638176968608,A:44;S:6;T:34
Euarchontoglires,PRANK,80,84,ADD,other,84,1.0,4,0.8333333333333334,0.8077512443125945,F:2;I:11;L:70;V:1
Euarchontoglires,PRANK,81,85,ADD,other,84,1.0,1,1.0,0.0,F:84
Euarchontoglires,PRANK,82,86,ADD,other,84,1.0,4,0.8809523809523809,0.6363704102008759,L:74;M:1;Q:8;V:1
Euarchontoglires,PRANK,83,87,ADD,other,84,1.0,1,1.0,0.0,Y:84
Euarchontoglires,PRANK,84,88,ADD,other,84,1.0,1,1.0,0.0,D:84
Euarchontoglires,PRANK,85,89,ADD,other,84,1.0,4,0.5595238095238095,1.3472916025236241,D:47;E:30;M:6;Q:1
Euarchontoglires,PRANK,86,90,ADD,other,84,1.0,1,1.0,0.0,D:84
Euarchontoglires,PRANK,87,91,ADD,other,84,1.0,1,1.0,0.0,G:84
Euarchontoglires,PRANK,88,92,ADD,other,84,1.0,2,0.6904761904761905,0.8926230133850986,H:26;Y:58
Euarchontoglires,PRANK,89,93,ADD,other,84,1.0,2,0.9761904761904762,0.1623261801753929,L:2;Q:82
Euarchontoglires,PRANK,90,94,ADD,other,84,1.0,4,0.9285714285714286,0.4754571778571074,C:2;G:3;R:1;S:78
Euarchontoglires,PRANK,91,95,ADD,other,84,1.0,5,0.8452380952380952,0.8964650954753519,C:3;F:3;H:1;S:6;Y:71
Euarchontoglires,PRANK,92,96,ADD,other,84,1.0,1,1.0,0.0,C:84
Euarchontoglires,PRANK,93,97,ADD,other,84,1.0,2,0.8452380952380952,0.6216297820565386,S:71;T:13
Euarchontoglires,PRANK,94,98,ADD,other,84,1.0,2,0.9880952380952381,0.09317131799548933,I:83;V:1
Euarchontoglires,PRANK,95,99,ADD,other,84,1.0,1,1.0,0.0,C:84
Euarchontoglires,PRANK,96,100,ADD,other,84,1.0,4,0.7023809523809523,1.3395477010386965,A:7;C:59;G:11;S:7
Euarchontoglires,PRANK,97,101,ADD,other,84,1.0,4,0.8452380952380952,0.8578328038344408,A:4;F:6;L:3;S:71
Euarchontoglires,PRANK,98,102,ADD,other,84,1.0,1,1.0,0.0,G:84
Euarchontoglires,PRANK,99,103,ADD,other,84,1.0,7,0.4642857142857143,2.161392871228855,D:13;E:39;G:16;H:7;K:6;N:2;S:1
Euarchontoglires,PRANK,100,104,ADD,other,84,1.0,3,0.9404761904761905,0.3833463917293008,M:3;T:79;V:2
Euarchontoglires,PRANK,101,105,ADD,other,84,1.0,1,1.0,0.0,L:84
Euarchontoglires,PRANK,102,106,ADD,other,84,1.0,2,0.6785714285714286,0.9059282160429991,F:27;L:57
Euarchontoglires,PRANK,103,107,ADD,other,84,1.0,3,0.9642857142857143,0.2550811104733483,I:81;L:1;V:2
Euarchontoglires,PRANK,104,108,ADD,other,84,1.0,1,1.0,0.0,C:84
Euarchontoglires,PRANK,105,109,ADD,other,84,1.0,2,0.7261904761904762,0.8468781063424822,E:61;G:23
Euarchontoglires,PRANK,106,110,ADD,other,84,1.0,4,0.5476190476190477,1.1518275414627384,D:1;L:1;N:46;S:36
Euarchontoglires,PRANK,107,111,ADD,other,84,1.0,3,0.9761904761904762,0.18613570398491672,I:1;P:82;S:1
Euarchontoglires,PRANK,108,112,ADD,other,84,1.0,3,0.9404761904761905,0.3685236238979135,D:79;E:4;Q:1
Euarchontoglires,PRANK,109,113,ADD,other,84,1.0,1,1.0,0.0,C:84
Euarchontoglires,PRANK,110,114,ADD,other,84,1.0,2,0.9880952380952381,0.09317131799548933,P:1;T:83
Euarchontoglires,PRANK,111,115,ADD,other,84,1.0,1,1.0,0.0,R:84
Euarchontoglires,PRANK,112,116,ADD,other,84,1.0,2,0.9523809523809523,0.2761954276479391,C:80;G:4
Euarchontoglires,PRANK,113,117,ADD,other,84,1.0,1,1.0,0.0,Y:84
Euarchontoglires,PRANK,114,118,ADD,other,84,1.0,1,1.0,0.0,C:84
Euarchontoglires,PRANK,115,119,ADD,other,84,1.0,3,0.8928571428571429,0.5896261811873141,F:75;L:6;V:3
Euarchontoglires,PRANK,116,120,ADD,other,84,1.0,3,0.9523809523809523,0.3238144752669867,A:2;E:80;G:2
Euarchontoglires,PRANK,117,121,ADD,other,84,1.0,1,1.0,0.0,C:84
Euarchontoglires,PRANK,118,122,ADD,other,84,1.0,4,0.9166666666666666,0.528715474760815,F:2;L:4;M:1;V:77
Euarchontoglires,PRANK,119,123,ADD,other,84,1.0,1,1.0,0.0,D:84
Euarchontoglires,PRANK,120,124,ADD,other,84,1.0,7,0.39285714285714285,2.156012638323149,A:5;G:2;I:33;N:1;S:26;T:11;V:6
Euarchontoglires,PRANK,121,125,ADD,other,84,1.0,1,1.0,0.0,L:84
Euarchontoglires,PRANK,122,126,ADD,other,84,1.0,3,0.9761904761904762,0.18613570398491672,A:1;L:1;V:82
Euarchontoglires,PRANK,123,127,ADD,other,84,1.0,4,0.8214285714285714,0.8019138054748571,A:1;C:1;G:69;S:13
Euarchontoglires,PRANK,124,128,ADD,other,84,1.0,2,0.9880952380952381,0.09317131799548933,A:1;P:83
Euarchontoglires,PRANK,125,129,ADD,other,84,1.0,1,1.0,0.0,G:84
Euarchontoglires,PRANK,126,130,ADD,other,84,1.0,3,0.9404761904761905,0.3685236238979135,A:1;S:4;T:79
Euarchontoglires,PRANK,127,131,ADD,other,84,1.0,2,0.9047619047619048,0.4537163391869448,A:8;S:76
Euarchontoglires,PRANK,128,132,ADD,other,84,1.0,4,0.47619047619047616,1.3787855974443248,A:1;D:6;E:40;G:37
Euarchontoglires,PRANK,129,133,ADD,other,84,1.0,4,0.4880952380952381,1.162326180175393,H:1;K:41;L:1;R:41
Euarchontoglires,PRANK,130,134,ADD,other,84,1.0,4,0.5714285714285714,1.1953744945234692,A:1;I:33;M:2;V:48
Euarchontoglires,PRANK,131,135,ADD,other,84,1.0,5,0.5595238095238095,1.7416787195907677,H:47;L:2;N:18;Q:9;S:8
Euarchontoglires,PRANK,132,136,ADD,other,84,1.0,4,0.8452380952380952,0.8281872681716663,A:71;G:2;S:8;T:3
Euarchontoglires,PRANK,133,137,ADD,other,84,1.0,5,0.9404761904761905,0.4399521953264849,I:1;M:79;R:2;T:1;V:1
Euarchontoglires,PRANK,134,138,ADD,other,84,1.0,7,0.6190476190476191,1.5674930364035125,A:22;D:2;H:3;N:1;P:2;S:52;T:2
Euarchontoglires,PRANK,135,139,ADD,other,84,1.0,8,0.4642857142857143,1.9158788886313214,C:28;F:3;H:1;N:39;P:2;R:1;S:9;Y:1
Euarchontoglires,PRANK,136,140,ADD,other,84,1.0,1,1.0,0.0,W:84
Euarchontoglires,PRANK,137,141,ADD,other,84,1.0,3,0.9523809523809523,0.3238144752669867,A:2;L:2;V:80
Euarchontoglires,PRANK,138,142,ADD,other,84,1.0,1,1.0,0.0,C:84
Euarchontoglires,PRANK,139,143,ADD,other,84,1.0,4,0.8809523809523809,0.6898254696731743,F:74;P:2;S:2;Y:6
Euarchontoglires,PRANK,140,144,ADD,other,84,1.0,1,1.0,0.0,L:84
Euarchontoglires,PRANK,141,145,ADD,other,84,1.0,1,1.0,0.0,C:84
Euarchontoglires,PRANK,142,146,ADD,other,84,1.0,3,0.9642857142857143,0.2550811104733483,A:2;L:81;V:1
Euarchontoglires,PRANK,143,147,ADD,other,84,1.0,1,1.0,0.0,P:84
Euarchontoglires,PRANK,144,148,ADD,other,84,1.0,5,0.8571428571428571,0.8222449875615017,C:1;F:72;G:2;I:2;S:7
Euarchontoglires,PRANK,145,149,ADD,other,84,1.0,5,0.7142857142857143,1.2806350103116273,A:3;P:5;R:1;S:60;T:15
Euarchontoglires,PRANK,146,150,ADD,other,84,1.0,8,0.8571428571428571,0.9609531358282069,C:1;G:2;H:1;K:1;P:1;Q:2;R:72;S:4
Euarchontoglires,PRANK,147,151,ADD,other,84,1.0,4,0.8928571428571429,0.6403959729312475,H:4;N:4;R:1;S:75
Euarchontoglires,PRANK,148,152,ADD,other,84,1.0,1,1.0,0.0,G:84
Euarchontoglires,PRANK,149,153,ADD,other,84,1.0,1,1.0,0.0,L:84
Euarchontoglires,PRANK,150,154,ADD,other,84,1.0,1,1.0,0.0,L:84
Euarchontoglires,PRANK,151,155,ADD,other,84,1.0,3,0.8333333333333334,0.7486345514120754,L:2;Q:70;R:12
Euarchontoglires,PRANK,152,156,ADD,other,84,1.0,1,1.0,0.0,R:84
Euarchontoglires,PRANK,153,157,ADD,other,84,1.0,1,1.0,0.0,R:84
Euarchontoglires,PRANK,154,158,ADD,other,84,1.0,4,0.7261904761904762,0.987393095758641,H:1;K:21;P:1;R:61
Euarchontoglires,PRANK,155,159,ADD,other,84,1.0,3,0.8095238095238095,0.8060026357093609,K:68;Q:2;R:14
Euarchontoglires,PRANK,156,160,ADD,other,84,1.0,1,1.0,0.0,W:84
Euarchontoglires,PRANK,157,161,ADD,other,84,1.0,2,0.9880952380952381,0.09317131799548933,H:1;R:83
Euarchontoglires,PRANK,158,162,ADD,other,84,1.0,8,0.32142857142857145,2.529696439528413,A:8;D:6;E:6;G:16;H:27;Q:1;S:18;T:2
Euarchontoglires,PRANK,159,163,ADD,other,84,1.0,4,0.75,1.163771879164648,G:4;H:5;Q:63;R:12
Euarchontoglires,PRANK,160,164,ADD,other,84,1.0,1,1.0,0.0,L:84
Euarchontoglires,PRANK,161,165,ADD,other,84,1.0,1,1.0,0.0,K:84
Euarchontoglires,PRANK,162,166,ADD,other,84,1.0,4,0.9404761904761905,0.4071559155388246,A:79;D:1;T:1;V:3
Euarchontoglires,PRANK,163,167,ADD,other,84,1.0,1,1.0,0.0,F:84
Euarchontoglires,PRANK,164,168,ADD,other,84,1.0,5,0.4642857142857143,1.8061066484068327,C:6;F:2;H:27;Q:10;Y:39
Euarchontoglires,PRANK,165,169,ADD,other,84,1.0,4,0.9404761904761905,0.41614267151696105,D:79;E:2;L:1;Q:2
Euarchontoglires,PRANK,166,170,ADD,other,84,1.0,5,0.5714285714285714,1.5753831576811779,E:2;K:1;L:20;Q:13;R:48
Euarchontoglires,PRANK,167,171,ADD,other,84,1.0,5,0.9285714285714286,0.5082534576447677,E:78;G:2;H:1;N:1;Q:2
Euarchontoglires,PRANK,168,172,ADD,other,84,1.0,5,0.42857142857142855,1.7770886721372965,A:19;G:25;K:1;S:36;V:3
Euarchontoglires,PRANK,169,173,ADD,other,84,1.0,9,0.4166666666666667,2.2039481952504136,A:27;D:2;E:35;G:2;K:7;P:1;S:6;T:1;V:3
Euarchontoglires,PRANK,170,174,linker,other,84,1.0,6,0.7142857142857143,1.2506471366148688,D:1;G:4;N:17;Q:1;R:1;S:60
Euarchontoglires,PRANK,171,175,linker,other,84,1.0,3,0.9047619047619048,0.5054843813964303,A:1;P:76;S:7
Euarchontoglires,PRANK,172,176,linker,other,84,1.0,6,0.7261904761904762,1.3751940195551513,E:1;I:2;L:61;M:4;Q:5;V:11
Euarchontoglires,PRANK,173,177,linker,other,84,1.0,4,0.8690476190476191,0.7035413180377929,E:73;G:2;K:8;Q:1
Euarchontoglires,PRANK,174,178,C_terminal_MTase_like,other,84,1.0,5,0.7261904761904762,1.100822180555377,I:19;L:2;M:61;T:1;V:1
Euarchontoglires,PRANK,175,179,C_terminal_MTase_like,other,84,1.0,2,0.6547619047619048,0.9297432191769046,F:29;Y:55
Euarchontoglires,PRANK,176,180,C_terminal_MTase_like,other,84,1.0,3,0.5714285714285714,1.2009102795095283,E:32;K:48;Q:4
Euarchontoglires,PRANK,177,181,C_terminal_MTase_like,other,84,1.0,3,0.8690476190476191,0.6902149432906054,I:6;P:5;T:73
Euarchontoglires,PRANK,178,182,C_terminal_MTase_like,other,84,1.0,2,0.9285714285714286,0.37123232664087563,L:6;V:78
Euarchontoglires,PRANK,179,183,C_terminal_MTase_like,other,84,1.0,3,0.6785714285714286,0.979386905170919,A:1;P:57;S:26
Euarchontoglires,PRANK,180,184,C_terminal_MTase_like,other,84,1.0,4,0.5952380952380952,1.1281173098176147,A:32;P:1;T:1;V:50
Euarchontoglires,PRANK,181,185,C_terminal_MTase_like,other,84,1.0,3,0.9642857142857143,0.2550811104733483,C:2;G:1;W:81
Euarchontoglires,PRANK,182,186,C_terminal_MTase_like,other,84,1.0,2,0.6190476190476191,0.9587118829771318,K:52;R:32
Euarchontoglires,PRANK,183,187,C_terminal_MTase_like,other,84,1.0,2,0.9761904761904762,0.1623261801753929,K:2;R:82
Euarchontoglires,PRANK,184,188,C_terminal_MTase_like,other,84,1.0,4,0.4880952380952381,1.4097957591665207,A:3;E:36;K:4;Q:41
Euarchontoglires,PRANK,185,189,C_terminal_MTase_like,other,84,1.0,3,0.9761904761904762,0.18613570398491672,A:1;P:82;S:1
Euarchontoglires,PRANK,186,190,C_terminal_MTase_like,other,84,1.0,4,0.7619047619047619,1.1158974114826457,I:2;L:8;M:10;V:64
Euarchontoglires,PRANK,187,191,C_terminal_MTase_like,other,84,1.0,2,0.9285714285714286,0.37123232664087563,Q:6;R:78
Euarchontoglires,PRANK,188,192,C_terminal_MTase_like,other,84,1.0,1,1.0,0.0,V:84
Euarchontoglires,PRANK,189,193,C_terminal_MTase_like,other,84,1.0,1,1.0,0.0,L:84
Euarchontoglires,PRANK,190,194,C_terminal_MTase_like,other,84,1.0,5,0.8333333333333334,0.9379218672441006,A:5;C:1;N:6;S:70;T:2
Euarchontoglires,PRANK,191,195,C_terminal_MTase_like,other,84,1.0,1,1.0,0.0,L:84
Euarchontoglires,PRANK,192,196,C_terminal_MTase_like,other,84,1.0,1,1.0,0.0,F:84
Euarchontoglires,PRANK,193,197,C_terminal_MTase_like,other,84,1.0,4,0.6666666666666666,1.114837894450261,E:25;G:56;K:1;R:2
Euarchontoglires,PRANK,194,198,C_terminal_MTase_like,other,84,1.0,4,0.5476190476190477,1.4325938121629815,D:46;H:2;K:7;N:29
Euarchontoglires,PRANK,195,199,C_terminal_MTase_like,other,84,1.0,1,1.0,0.0,I:84
Euarchontoglires,PRANK,196,200,C_terminal_MTase_like,other,84,1.0,8,0.5476190476190477,1.9739543274860911,D:18;E:8;G:4;K:46;N:2;Q:1;R:4;T:1
Euarchontoglires,PRANK,197,201,C_terminal_MTase_like,other,84,1.0,5,0.8571428571428571,0.8273902673892352,K:72;P:1;Q:5;R:5;T:1
Euarchontoglires,PRANK,198,202,C_terminal_MTase_like,other,84,1.0,2,0.9642857142857143,0.222284830685688,E:81;V:3
Euarchontoglires,PRANK,199,203,C_terminal_MTase_like,other,84,1.0,1,1.0,0.0,L:84
Euarchontoglires,PRANK,200,204,C_terminal_MTase_like,other,84,1.0,7,0.5476190476190477,1.959572218109743,A:4;E:11;K:15;M:5;R:1;S:2;T:46
Euarchontoglires,PRANK,201,205,C_terminal_MTase_like,other,84,1.0,2,0.9761904761904762,0.1623261801753929,N:2;S:82
Euarchontoglires,PRANK,202,206,C_terminal_MTase_like,other,84,1.0,1,1.0,0.0,L:84
Euarchontoglires,PRANK,203,207,C_terminal_MTase_like,other,84,1.0,1,1.0,0.0,G:84
Euarchontoglires,PRANK,204,208,C_terminal_MTase_like,other,84,1.0,1,1.0,0.0,F:84
Euarchontoglires,PRANK,205,209,C_terminal_MTase_like,other,84,1.0,2,0.9642857142857143,0.222284830685688,L:81;V:3
Euarchontoglires,PRANK,206,210,C_terminal_MTase_like,other,84,1.0,2,0.9047619047619048,0.4537163391869448,E:76;G:8
Euarchontoglires,PRANK,207,211,C_terminal_MTase_like,other,84,1.0,10,0.6190476190476191,2.0081348421204135,A:3;D:1;H:1;I:1;N:3;P:6;Q:2;R:5;S:52;T:10
Euarchontoglires,PRANK,208,212,C_terminal_MTase_like,other,82,0.9761904761904762,3,0.9390243902439024,0.39050991759770726,D:2;G:77;S:3
Euarchontoglires,PRANK,209,213,C_terminal_MTase_like,other,81,0.9642857142857143,4,0.9506172839506173,0.3578430444462617,A:2;C:1;S:77;Y:1
Euarchontoglires,PRANK,210,214,C_terminal_MTase_like,other,83,0.9880952380952381,7,0.39759036144578314,2.084941892025826,A:4;D:30;E:33;G:7;K:4;Q:3;S:2
Euarchontoglires,PRANK,211,215,C_terminal_MTase_like,other,84,1.0,9,0.34523809523809523,2.596892947263766,A:15;D:2;E:13;G:13;L:3;P:29;Q:5;R:1;S:3
Euarchontoglires,PRANK,212,216,C_terminal_MTase_like,other,84,1.0,3,0.9285714285714286,0.4368248862161963,D:2;E:4;G:78
Euarchontoglires,PRANK,213,217,C_terminal_MTase_like,other,84,1.0,7,0.5238095238095238,1.6947346397019183,G:1;K:2;M:1;P:1;Q:27;R:44;T:8
Euarchontoglires,PRANK,214,218,C_terminal_MTase_like,other,84,1.0,3,0.9404761904761905,0.3685236238979135,I:1;L:79;V:4
Euarchontoglires,PRANK,215,219,C_terminal_MTase_like,other,84,1.0,5,0.7976190476190477,0.9193299862373647,K:67;M:1;R:14;V:1;W:1
Euarchontoglires,PRANK,216,220,C_terminal_MTase_like,other,84,1.0,4,0.6547619047619048,1.078546627513642,F:1;H:55;R:1;Y:27
Euarchontoglires,PRANK,217,221,C_terminal_MTase_like,other,84,1.0,2,0.7380952380952381,0.8296071030882031,L:62;V:22
Euarchontoglires,PRANK,218,222,C_terminal_MTase_like,other,84,1.0,5,0.47619047619047616,1.388765407226966,D:38;E:40;G:1;K:1;V:4
Euarchontoglires,PRANK,219,223,C_terminal_MTase_like,other,84,1.0,2,0.9880952380952381,0.09317131799548933,D:83;N:1
Euarchontoglires,PRANK,220,224,C_terminal_MTase_like,other,84,1.0,2,0.9880952380952381,0.09317131799548933,T:1;V:83
Euarchontoglires,PRANK,221,225,C_terminal_MTase_like,other,84,1.0,3,0.9761904761904762,0.18613570398491672,R:1;S:1;T:82
Euarchontoglires,PRANK,222,226,C_terminal_MTase_like,other,84,1.0,2,0.5595238095238095,0.9897525351939972,D:47;N:37
Euarchontoglires,PRANK,223,227,C_terminal_MTase_like,other,84,1.0,3,0.5952380952380952,1.2922669208691815,I:8;T:26;V:50
Euarchontoglires,PRANK,224,228,C_terminal_MTase_like,other,84,1.0,1,1.0,0.0,V:84
Euarchontoglires,PRANK,225,229,C_terminal_MTase_like,other,84,1.0,1,1.0,0.0,R:84
Euarchontoglires,PRANK,226,230,C_terminal_MTase_like,other,84,1.0,2,0.6666666666666666,0.9182958340544896,K:28;R:56
Euarchontoglires,PRANK,227,231,C_terminal_MTase_like,other,84,1.0,3,0.9285714285714286,0.4176624996157581,D:78;E:5;N:1
Euarchontoglires,PRANK,228,232,C_terminal_MTase_like,other,84,1.0,2,0.9880952380952381,0.09317131799548933,A:1;V:83
Euarchontoglires,PRANK,229,233,C_terminal_MTase_like,other,84,1.0,3,0.9761904761904762,0.18613570398491672,D:1;E:82;G:1
Euarchontoglires,PRANK,230,234,C_terminal_MTase_like,other,84,1.0,9,0.5595238095238095,1.9819083599991223,A:2;D:2;E:47;G:2;H:1;K:13;Q:2;R:14;S:1
Euarchontoglires,PRANK,231,235,C_terminal_MTase_like,other,84,1.0,1,1.0,0.0,W:84
Euarchontoglires,PRANK,232,236,C_terminal_MTase_like,other,84,1.0,1,1.0,0.0,G:84
Euarchontoglires,PRANK,233,237,C_terminal_MTase_like,other,84,1.0,1,1.0,0.0,P:84
Euarchontoglires,PRANK,234,238,C_terminal_MTase_like,other,84,1.0,2,0.9761904761904762,0.1623261801753929,F:82;I:2
Euarchontoglires,PRANK,235,239,C_terminal_MTase_like,other,84,1.0,3,0.9761904761904762,0.18613570398491672,D:82;G:1;H:1
Euarchontoglires,PRANK,236,240,C_terminal_MTase_like,other,84,1.0,2,0.9880952380952381,0.09317131799548933,F:1;L:83
Euarchontoglires,PRANK,237,241,C_terminal_MTase_like,other,84,1.0,3,0.6428571428571429,1.0664857211782817,L:28;M:2;V:54
Euarchontoglires,PRANK,238,242,C_terminal_MTase_like,other,84,1.0,2,0.9642857142857143,0.222284830685688,F:3;Y:81
Euarchontoglires,PRANK,239,243,C_terminal_MTase_like,other,84,1.0,1,1.0,0.0,G:84
Euarchontoglires,PRANK,240,244,C_terminal_MTase_like,other,84,1.0,2,0.6071428571428571,0.9666186325481028,A:33;S:51
Euarchontoglires,PRANK,241,245,C_terminal_MTase_like,other,84,1.0,1,1.0,0.0,T:84
Euarchontoglires,PRANK,242,246,C_terminal_MTase_like,other,84,1.0,5,0.6547619047619048,1.2009937443475174,H:1;N:1;P:55;Q:25;R:2
Euarchontoglires,PRANK,243,247,C_terminal_MTase_like,other,84,1.0,6,0.7619047619047619,1.138710650054874,A:14;H:1;L:2;P:64;S:1;T:2
Euarchontoglires,PRANK,244,248,C_terminal_MTase_like,other,84,1.0,5,0.7976190476190477,1.0776986637231558,F:1;L:67;P:8;Q:4;R:4
Euarchontoglires,PRANK,245,249,C_terminal_MTase_like,other,84,1.0,3,0.9523809523809523,0.3148277192888502,G:80;S:3;V:1
Euarchontoglires,PRANK,246,250,C_terminal_MTase_like,other,80,0.9523809523809523,8,0.6375,1.7666911100744331,C:2;D:1;G:1;H:51;Q:3;R:3;S:6;Y:13
Euarchontoglires,PRANK,247,251,C_terminal_MTase_like,other,80,0.9523809523809523,5,0.4125,1.6899554441661415,A:17;D:1;P:1;S:28;T:33
Euarchontoglires,PRANK,248,252,C_terminal_MTase_like,other,83,0.9880952380952381,4,0.8554216867469879,0.7679679495758899,C:71;R:3;S:8;Y:1
Euarchontoglires,PRANK,249,253,C_terminal_MTase_like,other,84,1.0,9,0.7380952380952381,1.4932138606289205,A:1;C:1;D:62;E:3;G:1;H:1;N:8;P:2;Y:5
Euarchontoglires,PRANK,250,254,C_terminal_MTase_like,other,84,1.0,4,0.5,1.1619072376334934,C:1;H:42;N:1;R:40
Euarchontoglires,PRANK,251,255,C_terminal_MTase_like,other,84,1.0,3,0.4642857142857143,1.508704414987137,C:28;P:39;S:17
Euarchontoglires,PRANK,252,256,C_terminal_MTase_like,other,84,1.0,1,1.0,0.0,P:84
Euarchontoglires,PRANK,253,257,C_terminal_MTase_like,other,84,1.0,3,0.5714285714285714,1.3896288351625579,A:13;G:48;S:23
Euarchontoglires,PRANK,254,258,C_terminal_MTase_like,other,84,1.0,1,1.0,0.0,W:84
Euarchontoglires,PRANK,255,259,C_terminal_MTase_like,other,84,1.0,3,0.9166666666666666,0.46312291518549437,F:6;H:1;Y:77
Euarchontoglires,PRANK,256,260,C_terminal_MTase_like,other,84,1.0,3,0.6547619047619048,1.004451683951746,L:55;M:28;V:1
Euarchontoglires,PRANK,257,261,C_terminal_MTase_like,other,84,1.0,3,0.9761904761904762,0.18613570398491672,F:82;L:1;Y:1
Euarchontoglires,PRANK,258,262,C_terminal_MTase_like,other,84,1.0,2,0.9880952380952381,0.09317131799548933,H:1;Q:83
Euarchontoglires,PRANK,259,263,C_terminal_MTase_like,other,84,1.0,1,1.0,0.0,F:84
Euarchontoglires,PRANK,260,264,C_terminal_MTase_like,other,84,1.0,2,0.9523809523809523,0.2761954276479391,C:4;H:80
Euarchontoglires,PRANK,261,265,C_terminal_MTase_like,other,84,1.0,1,1.0,0.0,R:84
Euarchontoglires,PRANK,262,266,C_terminal_MTase_like,other,84,1.0,4,0.6071428571428571,1.3416029868933061,I:26;L:51;M:4;V:3
Euarchontoglires,PRANK,263,267,C_terminal_MTase_like,other,84,1.0,2,0.9880952380952381,0.09317131799548933,L:83;R:1
Euarchontoglires,PRANK,264,268,C_terminal_MTase_like,other,84,1.0,3,0.9761904761904762,0.18613570398491672,A:1;L:1;Q:82
Euarchontoglires,PRANK,265,269,C_terminal_MTase_like,other,84,1.0,1,1.0,0.0,Y:84
Euarchontoglires,PRANK,266,270,C_terminal_MTase_like,other,84,1.0,4,0.9404761904761905,0.4071559155388246,A:79;S:1;T:1;V:3
Euarchontoglires,PRANK,267,271,C_terminal_MTase_like,other,84,1.0,4,0.8214285714285714,0.9217544759335055,C:3;L:3;Q:9;R:69
Euarchontoglires,PRANK,268,272,C_terminal_MTase_like,other,84,1.0,3,0.9761904761904762,0.18613570398491672,E:1;P:82;S:1
Euarchontoglires,PRANK,269,273,C_terminal_MTase_like,other,84,1.0,10,0.25,2.729789470887734,G:14;H:10;K:9;L:1;N:1;P:21;Q:1;R:19;S:7;T:1
Euarchontoglires,PRANK,270,274,C_terminal_MTase_like,other,79,0.9404761904761905,6,0.5822784810126582,1.8130619093578173,A:5;L:4;P:46;Q:11;R:1;S:12
Euarchontoglires,PRANK,271,275,C_terminal_MTase_like,other,84,1.0,5,0.8095238095238095,1.0384851523520886,D:3;E:6;G:68;K:1;S:6
Euarchontoglires,PRANK,272,276,C_terminal_MTase_like,other,84,1.0,5,0.9047619047619048,0.6352057736849988,A:1;D:3;N:2;S:76;T:2
Euarchontoglires,PRANK,273,277,C_terminal_MTase_like,other,84,1.0,6,0.5833333333333334,1.3407995628989893,A:1;E:2;L:1;P:49;Q:30;T:1
Euarchontoglires,PRANK,274,278,C_terminal_MTase_like,other,83,0.9880952380952381,3,0.5783132530120482,1.3290278925606032,K:9;Q:26;R:48
Euarchontoglires,PRANK,275,279,C_terminal_MTase_like,other,84,1.0,3,0.9404761904761905,0.3685236238979135,A:4;P:79;T:1
Euarchontoglires,PRANK,276,280,C_terminal_MTase_like,other,84,1.0,1,1.0,0.0,F:84
Euarchontoglires,PRANK,277,281,C_terminal_MTase_like,other,84,1.0,1,1.0,0.0,F:84
Euarchontoglires,PRANK,278,282,C_terminal_MTase_like,other,84,1.0,1,1.0,0.0,W:84
Euarchontoglires,PRANK,279,283,C_terminal_MTase_like,other,84,1.0,4,0.7142857142857143,1.2432587162724311,I:11;L:11;M:60;V:2
Euarchontoglires,PRANK,280,284,C_terminal_MTase_like,other,84,1.0,1,1.0,0.0,F:84
Euarchontoglires,PRANK,281,285,C_terminal_MTase_like,other,84,1.0,4,0.8571428571428571,0.7614901893738799,A:1;L:3;M:8;V:72
Euarchontoglires,PRANK,282,286,C_terminal_MTase_like,other,84,1.0,1,1.0,0.0,D:84
Euarchontoglires,PRANK,283,287,C_terminal_MTase_like,other,84,1.0,4,0.7976190476190477,1.0269288719792227,H:8;N:67;S:6;T:3
Euarchontoglires,PRANK,284,288,C_terminal_MTase_like,other,84,1.0,2,0.9880952380952381,0.09317131799548933,L:83;V:1
Euarchontoglires,PRANK,285,289,C_terminal_MTase_like,other,84,1.0,5,0.5238095238095238,1.546706118460505,L:44;M:5;Q:1;R:4;V:30
Euarchontoglires,PRANK,286,290,C_terminal_MTase_like,other,84,1.0,2,0.9523809523809523,0.2761954276479391,L:80;M:4
Euarchontoglires,PRANK,287,291,C_terminal_MTase_like,other,84,1.0,5,0.5476190476190477,1.507302276937823,A:1;G:2;N:28;S:7;T:46
Euarchontoglires,PRANK,288,292,C_terminal_MTase_like,other,84,1.0,9,0.34523809523809523,2.429561891093443,D:1;E:29;G:5;K:28;P:3;Q:6;R:4;S:6;T:2
Euarchontoglires,PRANK,289,293,C_terminal_MTase_like,other,84,1.0,4,0.4880952380952381,1.2667792534081344,A:1;D:39;E:41;N:3
Euarchontoglires,PRANK,290,294,C_terminal_MTase_like,other,84,1.0,2,0.9404761904761905,0.3255517134879514,D:79;E:5
Euarchontoglires,PRANK,291,295,C_terminal_MTase_like,other,84,1.0,5,0.8214285714285714,1.004131672820934,E:2;L:6;Q:69;R:2;V:5
Euarchontoglires,PRANK,292,296,C_terminal_MTase_like,other,84,1.0,7,0.38095238095238093,1.9937641926108287,A:27;D:32;E:5;I:1;M:1;R:1;V:17
Euarchontoglires,PRANK,293,297,C_terminal_MTase_like,other,84,1.0,5,0.4523809523809524,1.9406418108040262,A:7;I:10;L:5;T:38;V:24
Euarchontoglires,PRANK,294,298,C_terminal_MTase_like,other,84,1.0,3,0.7738095238095238,0.9593826938490838,A:65;T:14;V:5
Euarchontoglires,PRANK,295,299,C_terminal_MTase_like,other,84,1.0,9,0.2976190476190476,2.542165956935138,A:15;C:6;D:3;I:1;N:3;S:23;T:25;V:7;Y:1
Euarchontoglires,PRANK,296,300,C_terminal_MTase_like,other,84,1.0,1,1.0,0.0,R:84
Euarchontoglires,PRANK,297,301,C_terminal_MTase_like,other,84,1.0,1,1.0,0.0,F:84
Euarchontoglires,PRANK,298,302,C_terminal_MTase_like,other,84,1.0,2,0.8571428571428571,0.5916727785823275,F:12;L:72
Euarchontoglires,PRANK,299,303,C_terminal_MTase_like,other,84,1.0,2,0.6904761904761905,0.8926230133850986,E:58;Q:26
Euarchontoglires,PRANK,300,304,C_terminal_MTase_like,other,84,1.0,6,0.4880952380952381,1.7104993035625262,A:1;I:3;L:2;M:41;T:30;V:7
Euarchontoglires,PRANK,301,305,C_terminal_MTase_like,other,84,1.0,3,0.9404761904761905,0.38334639172930074,E:79;K:3;Q:2
Euarchontoglires,PRANK,302,306,C_terminal_MTase_like,other,84,1.0,5,0.6785714285714286,1.2670444087362085,A:20;F:1;P:57;Q:5;T:1
Euarchontoglires,PRANK,303,307,C_terminal_MTase_like,other,83,0.9880952380952381,4,0.6506024096385542,1.3452442459639213,A:13;M:1;T:15;V:54
Euarchontoglires,PRANK,304,308,C_terminal_MTase_like,other,83,0.9880952380952381,2,0.927710843373494,0.3744088453489206,I:6;T:77
Euarchontoglires,PRANK,305,309,C_terminal_MTase_like,other,83,0.9880952380952381,3,0.5783132530120482,1.0611606766827437,I:34;L:48;V:1
Euarchontoglires,PRANK,306,310,C_terminal_MTase_like,other,83,0.9880952380952381,3,0.6144578313253012,1.1349186024142823,P:29;Q:51;R:3
Euarchontoglires,PRANK,307,311,C_terminal_MTase_like,other,83,0.9880952380952381,4,0.9036144578313253,0.5597240483165873,D:75;E:1;N:6;Y:1
Euarchontoglires,PRANK,308,312,C_terminal_MTase_like,other,83,0.9880952380952381,3,0.8674698795180723,0.6225830331213812,I:10;L:1;V:72
Euarchontoglires,PRANK,309,313,C_terminal_MTase_like,other,83,0.9880952380952381,5,0.7469879518072289,1.2079863770890962,C:7;H:11;Q:1;R:62;S:2
Euarchontoglires,PRANK,310,314,C_terminal_MTase_like,other,83,0.9880952380952381,3,0.8795180722891566,0.6177238554645,D:2;G:73;S:8
Euarchontoglires,PRANK,311,315,C_terminal_MTase_like,other,83,0.9880952380952381,6,0.5301204819277109,1.637865250452295,E:3;G:28;Q:2;R:44;S:5;T:1
Euarchontoglires,PRANK,312,316,C_terminal_MTase_like,other,83,0.9880952380952381,5,0.4939759036144578,1.7590710670619463,A:15;D:3;S:22;T:2;V:41
Euarchontoglires,PRANK,313,317,C_terminal_MTase_like,other,83,0.9880952380952381,4,0.9036144578313253,0.6020104941518516,L:75;P:2;V:4;Y:2
Euarchontoglires,PRANK,314,318,C_terminal_MTase_like,other,83,0.9880952380952381,3,0.9036144578313253,0.5098239344602465,H:7;Q:75;R:1
Euarchontoglires,PRANK,315,319,C_terminal_MTase_like,other,83,0.9880952380952381,5,0.6867469879518072,1.4130927798762678,D:7;G:13;N:57;R:1;S:5
Euarchontoglires,PRANK,316,320,C_terminal_MTase_like,other,83,0.9880952380952381,2,0.9879518072289156,0.09408443883267345,A:82;V:1
Euarchontoglires,PRANK,317,321,C_terminal_MTase_like,other,83,0.9880952380952381,4,0.891566265060241,0.6417372984174964,A:3;M:5;T:1;V:74
Euarchontoglires,PRANK,318,322,C_terminal_MTase_like,other,83,0.9880952380952381,3,0.927710843373494,0.42139841799819927,C:1;H:5;R:77
Euarchontoglires,PRANK,319,323,C_terminal_MTase_like,other,83,0.9880952380952381,2,0.9879518072289156,0.09408443883267345,L:1;V:82
Euarchontoglires,PRANK,320,324,C_terminal_MTase_like,other,83,0.9880952380952381,1,1.0,0.0,W:83
Euarchontoglires,PRANK,321,325,C_terminal_MTase_like,other,83,0.9880952380952381,2,0.9397590361445783,0.32840071392894665,S:78;T:5
Euarchontoglires,PRANK,322,326,C_terminal_MTase_like,other,83,0.9880952380952381,1,1.0,0.0,N:83
Euarchontoglires,PRANK,323,327,C_terminal_MTase_like,other,83,0.9880952380952381,2,0.9518072289156626,0.27866980356389914,I:79;V:4
Euarchontoglires,PRANK,324,328,C_terminal_MTase_like,other,83,0.9880952380952381,1,1.0,0.0,P:83
Euarchontoglires,PRANK,325,329,C_terminal_MTase_like,other,83,0.9880952380952381,2,0.6746987951807228,0.9100534290139191,A:56;G:27
Euarchontoglires,PRANK,326,330,C_terminal_MTase_like,other,83,0.9880952380952381,3,0.3855421686746988,1.5747856653743777,I:27;L:24;V:32
Euarchontoglires,PRANK,327,331,C_terminal_MTase_like,other,83,0.9880952380952381,5,0.5060240963855421,1.3558269999176333,K:36;N:2;Q:1;R:42;S:2
Euarchontoglires,PRANK,328,333,C_terminal_MTase_like,other,82,0.9761904761904762,2,0.9634146341463414,0.22641094842107642,G:3;S:79
Euarchontoglires,PRANK,329,334,C_terminal_MTase_like,other,82,0.9761904761904762,2,0.5121951219512195,0.9995708393473224,K:40;R:42
Euarchontoglires,PRANK,330,335,C_terminal_MTase_like,other,82,0.9761904761904762,2,0.8536585365853658,0.600608575413187,H:70;Q:12
Euarchontoglires,PRANK,331,336,C_terminal_MTase_like,other,82,0.9761904761904762,10,0.36585365853658536,2.7524046313493775,A:11;E:3;K:3;L:9;M:3;R:3;S:30;T:3;V:3;W:14
Euarchontoglires,PRANK,332,337,C_terminal_MTase_like,other,81,0.9642857142857143,6,0.8148148148148148,1.073411776562882,A:66;D:2;E:2;G:2;P:2;V:7
Euarchontoglires,PRANK,333,338,C_terminal_MTase_like,other,81,0.9642857142857143,3,0.9382716049382716,0.3788315952091619,L:76;P:4;Q:1
Euarchontoglires,PRANK,334,339,C_terminal_MTase_like,other,82,0.9761904761904762,9,0.34146341463414637,2.3518486178141558,A:15;D:1;E:1;G:5;I:2;P:5;S:1;T:28;V:24
Euarchontoglires,PRANK,335,340,C_terminal_MTase_like,other,82,0.9761904761904762,4,0.4878048780487805,1.2807426228333187,A:2;E:2;P:40;S:38
Euarchontoglires,PRANK,336,341,C_terminal_MTase_like,switching_helix,82,0.9761904761904762,5,0.6341463414634146,1.3183220916570106,A:1;D:2;E:52;K:24;Q:3
Euarchontoglires,PRANK,337,342,C_terminal_MTase_like,switching_helix,82,0.9761904761904762,3,0.9512195121951219,0.3207683390885857,A:1;E:78;V:3
Euarchontoglires,PRANK,338,343,C_terminal_MTase_like,switching_helix,82,0.9761904761904762,3,0.8658536585365854,0.6821016023376459,E:71;L:3;Q:8
Euarchontoglires,PRANK,339,344,C_terminal_MTase_like,switching_helix,82,0.9761904761904762,7,0.5609756097560976,1.7666250766286506,A:2;E:6;L:46;Q:22;S:1;T:2;V:3
Euarchontoglires,PRANK,340,345,C_terminal_MTase_like,switching_helix,82,0.9761904761904762,6,0.7926829268292683,1.153710141499918,A:7;F:2;L:5;S:65;T:1;Y:2
Euarchontoglires,PRANK,341,346,C_terminal_MTase_like,switching_helix,82,0.9761904761904762,3,0.9512195121951219,0.3299742842369207,G:2;L:78;V:2
Euarchontoglires,PRANK,342,347,C_terminal_MTase_like,switching_helix,82,0.9761904761904762,5,0.6585365853658537,1.3724286091173048,E:17;K:1;L:54;Q:9;R:1
Euarchontoglires,PRANK,343,348,C_terminal_MTase_like,switching_helix,82,0.9761904761904762,8,0.5365853658536586,1.7690874773333423,A:44;C:2;E:1;G:8;I:1;S:1;T:24;V:1
Euarchontoglires,PRANK,344,349,C_terminal_MTase_like,switching_helix,82,0.9761904761904762,4,0.8658536585365854,0.6848523644008491,G:1;H:9;Q:71;R:1
Euarchontoglires,PRANK,345,350,C_terminal_MTase_like,switching_helix,81,0.9642857142857143,8,0.3333333333333333,2.5153418562458967,A:3;D:13;G:10;I:3;N:27;S:1;T:6;V:18
Euarchontoglires,PRANK,346,351,C_terminal_MTase_like,switching_helix,81,0.9642857142857143,9,0.654320987654321,1.8527625081589856,A:1;C:2;D:1;G:8;K:6;P:3;R:53;T:5;W:2
Euarchontoglires,PRANK,347,352,C_terminal_MTase_like,switching_helix,82,0.9761904761904762,6,0.5487804878048781,1.6564000950364508,A:2;P:3;Q:45;R:6;S:1;T:25
Euarchontoglires,PRANK,348,353,C_terminal_MTase_like,switching_helix,82,0.9761904761904762,6,0.5487804878048781,1.5785290793760192,G:5;K:3;N:1;R:45;S:27;T:1
Euarchontoglires,PRANK,349,354,C_terminal_MTase_like,switching_helix,80,0.9523809523809523,7,0.425,2.0845552193516133,A:23;G:10;N:1;P:1;R:3;S:34;T:8
Euarchontoglires,PRANK,350,355,C_terminal_MTase_like,switching_helix,80,0.9523809523809523,7,0.7375,1.381741777390284,A:1;E:4;K:59;N:1;Q:1;R:9;T:5
Euarchontoglires,PRANK,351,356,C_terminal_MTase_like,switching_helix_adjacent_loop,80,0.9523809523809523,6,0.75,1.1754730368208928,A:2;H:1;L:60;M:14;P:2;V:1
Euarchontoglires,PRANK,352,357,C_terminal_MTase_like,switching_helix_adjacent_loop,80,0.9523809523809523,9,0.525,1.9613094714721262,A:42;D:3;G:2;H:1;M:1;P:22;S:6;T:2;V:1
Euarchontoglires,PRANK,353,358,C_terminal_MTase_like,switching_helix_adjacent_loop,79,0.9404761904761905,7,0.7088607594936709,1.514777063189893,A:56;G:2;P:5;R:1;S:6;T:8;V:1
Euarchontoglires,PRANK,354,359,C_terminal_MTase_like,switching_helix_adjacent_loop,77,0.9166666666666666,7,0.4675324675324675,1.9742702677360078,E:5;G:1;H:1;K:23;P:3;Q:36;R:8
Euarchontoglires,PRANK,355,360,C_terminal_MTase_like,switching_helix_adjacent_loop,82,0.9761904761904762,12,0.3170731707317073,2.7087571057743824,A:1;E:1;G:17;K:26;M:1;P:2;Q:3;R:7;S:1;T:5;V:1;W:17
Euarchontoglires,PRANK,356,361,C_terminal_MTase_like,other,82,0.9761904761904762,9,0.6219512195121951,1.762387767485484,A:1;D:6;H:1;I:1;L:4;P:51;S:1;T:1;V:16
Euarchontoglires,PRANK,357,362,C_terminal_MTase_like,other,82,0.9761904761904762,7,0.34146341463414637,2.033763603218427,A:21;D:25;I:1;N:1;P:1;S:5;T:28
Euarchontoglires,PRANK,358,363,C_terminal_MTase_like,other,82,0.9761904761904762,9,0.34146341463414637,2.7243676633453844,A:10;H:1;K:28;L:6;P:13;Q:2;R:10;S:7;T:5
Euarchontoglires,PRANK,359,364,C_terminal_MTase_like,other,82,0.9761904761904762,1,1.0,0.0,L:82
Euarchontoglires,PRANK,360,365,C_terminal_MTase_like,other,82,0.9761904761904762,3,0.8902439024390244,0.5830559405614436,A:2;L:7;V:73
Euarchontoglires,PRANK,361,366,C_terminal_MTase_like,other,82,0.9761904761904762,3,0.975609756097561,0.18981727789870584,K:80;Q:1;R:1
Euarchontoglires,PRANK,362,367,C_terminal_MTase_like,other,82,0.9761904761904762,7,0.7317073170731707,1.357832997961397,H:1;I:1;K:1;N:60;S:11;T:6;Y:2
Euarchontoglires,PRANK,363,368,C_terminal_MTase_like,other,82,0.9761904761904762,1,1.0,0.0,C:82
Euarchontoglires,PRANK,364,369,C_terminal_MTase_like,other,82,0.9761904761904762,2,0.6829268292682927,0.9011701959974223,F:56;L:26
Euarchontoglires,PRANK,365,370,C_terminal_MTase_like,other,82,0.9761904761904762,3,0.9634146341463414,0.26000713747185045,F:1;I:2;L:79
Euarchontoglires,PRANK,366,371,C_terminal_MTase_like,other,82,0.9761904761904762,1,1.0,0.0,P:82
Euarchontoglires,PRANK,367,372,C_terminal_MTase_like,other,82,0.9761904761904762,1,1.0,0.0,L:82
Euarchontoglires,PRANK,368,373,C_terminal_MTase_like,other,82,0.9761904761904762,2,0.9512195121951219,0.2811937964320427,K:4;R:78
Euarchontoglires,PRANK,369,374,C_terminal_MTase_like,other,82,0.9761904761904762,1,1.0,0.0,E:82
Euarchontoglires,PRANK,370,375,C_terminal_MTase_like,other,82,0.9761904761904762,1,1.0,0.0,Y:82
Euarchontoglires,PRANK,371,376,C_terminal_MTase_like,other,82,0.9761904761904762,1,1.0,0.0,F:82
Euarchontoglires,PRANK,372,377,C_terminal_MTase_like,other,81,0.9642857142857143,2,0.9506172839506173,0.2837689703721876,K:77;S:4
Euarchontoglires,PRANK,373,378,C_terminal_MTase_like,other,82,0.9761904761904762,3,0.9390243902439024,0.39050991759770726,C:3;F:2;Y:77
Euarchontoglires,PRANK,374,379,C_terminal_MTase_like,other,78,0.9285714285714286,3,0.9743589743589743,0.19767797499413944,F:76;I:1;S:1
Euarchontoglires,PRANK,375,380,C_terminal_MTase_like,other,78,0.9285714285714286,2,0.9487179487179487,0.29181825659888583,P:4;S:74
Euarchontoglires,PRANK,376,381,C_terminal_tail,other,80,0.9523809523809523,6,0.5125,1.5922265316133135,A:3;E:2;P:3;Q:41;S:1;T:30
Euarchontoglires,PRANK,377,382,C_terminal_tail,other,70,0.8333333333333334,4,0.5285714285714286,1.2951957185287637,E:37;K:29;N:3;P:1
Laurasiatheria,MACSE,1,5,N_terminal,other,99,0.8319327731092437,9,0.45454545454545453,2.3557026481997876,C:2;E:1;F:9;I:45;L:13;P:18;S:2;T:3;V:6
Laurasiatheria,MACSE,2,6,N_terminal,other,105,0.8823529411764706,9,0.3904761904761905,2.370995295150624,A:2;I:19;K:1;L:22;M:2;P:11;R:6;S:1;V:41
Laurasiatheria,MACSE,3,8,N_terminal,other,105,0.8823529411764706,5,0.6571428571428571,1.1572151603547545,A:1;D:69;E:32;N:2;S:1
Laurasiatheria,MACSE,4,9,N_terminal,other,105,0.8823529411764706,7,0.8095238095238095,1.1264895506889963,A:1;E:2;L:7;P:85;Q:1;R:6;T:3
Laurasiatheria,MACSE,5,10,N_terminal,other,105,0.8823529411764706,5,0.7714285714285715,0.94504060231366,D:21;E:81;G:1;R:1;S:1
Laurasiatheria,MACSE,6,11,N_terminal,other,105,0.8823529411764706,6,0.7238095238095238,1.4301248328684744,A:76;E:6;G:1;P:7;T:10;V:5
Laurasiatheria,MACSE,7,12,N_terminal,other,101,0.8487394957983193,2,0.9801980198019802,0.14032727099059325,D:2;E:99
Laurasiatheria,MACSE,8,13,N_terminal,other,101,0.8487394957983193,6,0.6633663366336634,1.4847657192585153,C:20;H:67;L:1;P:7;Q:4;R:2
Laurasiatheria,MACSE,9,14,N_terminal,other,103,0.865546218487395,6,0.8252427184466019,0.910734062061482,A:1;G:1;H:13;N:2;R:1;S:85
Laurasiatheria,MACSE,10,15,N_terminal,other,103,0.865546218487395,7,0.4563106796116505,2.020065840392644,A:2;K:6;L:13;M:47;P:3;R:2;T:30
Laurasiatheria,MACSE,11,16,N_terminal,other,105,0.8823529411764706,3,0.9809523809523809,0.1551069052863942,D:103;G:1;Q:1
Laurasiatheria,MACSE,12,17,N_terminal,other,105,0.8823529411764706,4,0.5523809523809524,1.1715989563571676,A:1;I:58;T:2;V:44
Laurasiatheria,MACSE,13,18,N_terminal,other,107,0.8991596638655462,5,0.897196261682243,0.6501955794509805,A:1;I:96;M:1;T:5;V:4
Laurasiatheria,MACSE,14,19,N_terminal,other,107,0.8991596638655462,5,0.822429906542056,0.9184840618855129,L:88;M:1;P:12;T:1;V:5
Laurasiatheria,MACSE,15,20,N_terminal,other,100,0.8403361344537815,3,0.84,0.6882759652992883,L:15;R:1;V:84
Laurasiatheria,MACSE,16,21,N_terminal,other,107,0.8991596638655462,5,0.8504672897196262,0.8375502830141536,C:1;D:8;G:91;R:6;S:1
Laurasiatheria,MACSE,17,22,N_terminal,other,107,0.8991596638655462,3,0.9719626168224299,0.2101984753107396,A:2;P:1;S:104
Laurasiatheria,MACSE,18,23,N_terminal,other,107,0.8991596638655462,3,0.9813084112149533,0.15272138495308268,A:1;R:1;S:105
Laurasiatheria,MACSE,19,24,N_terminal,other,107,0.8991596638655462,6,0.9065420560747663,0.6578554612206343,A:2;D:2;E:97;G:2;K:3;R:1
Laurasiatheria,MACSE,20,25,N_terminal,other,102,0.8571428571428571,5,0.6372549019607843,1.51822873989684,L:65;P:11;Q:19;R:6;T:1
Laurasiatheria,MACSE,21,26,N_terminal,other,105,0.8823529411764706,3,0.9333333333333333,0.4109007062591968,A:2;P:5;S:98
Laurasiatheria,MACSE,22,27,N_terminal,other,104,0.8739495798319328,5,0.7115384615384616,1.2379133439920869,A:21;C:3;P:5;S:74;T:1
Laurasiatheria,MACSE,23,28,N_terminal,other,104,0.8739495798319328,3,0.8942307692307693,0.5764334014563769,P:93;S:8;T:3
Laurasiatheria,MACSE,24,29,N_terminal,other,104,0.8739495798319328,4,0.6346153846153846,1.2299588347020738,A:32;G:4;P:66;R:2
Laurasiatheria,MACSE,25,30,N_terminal,other,104,0.8739495798319328,6,0.8846153846153846,0.7530144495464243,A:5;I:1;L:2;P:3;S:92;T:1
Laurasiatheria,MACSE,26,31,N_terminal,other,104,0.8739495798319328,4,0.9519230769230769,0.3513406278730023,A:2;C:2;L:1;P:99
Laurasiatheria,MACSE,27,32,N_terminal,other,103,0.865546218487395,6,0.4854368932038835,1.6873087556488062,A:3;E:10;G:50;K:2;Q:1;R:37
Laurasiatheria,MACSE,28,33,N_terminal,other,104,0.8739495798319328,4,0.6346153846153846,1.280761787850319,A:2;L:30;P:66;S:6
Laurasiatheria,MACSE,29,34,N_terminal,other,104,0.8739495798319328,7,0.5480769230769231,1.953226207847818,A:1;C:10;H:12;P:1;Q:6;R:57;S:17
Laurasiatheria,MACSE,30,35,N_terminal,other,104,0.8739495798319328,2,0.9903846153846154,0.07823246525771237,P:1;R:103
Laurasiatheria,MACSE,31,36,N_terminal,other,104,0.8739495798319328,5,0.7692307692307693,1.0387772410550284,D:80;E:18;G:4;P:1;S:1
Laurasiatheria,MACSE,32,37,N_terminal,other,102,0.8571428571428571,7,0.7647058823529411,1.294972361297154,F:10;L:78;P:1;Q:6;R:3;V:3;W:1
Laurasiatheria,MACSE,33,38,N_terminal,other,100,0.8403361344537815,4,0.8,0.996118213778296,G:4;I:80;L:12;V:4
Laurasiatheria,MACSE,34,39,N_terminal,other,102,0.8571428571428571,5,0.9411764705882353,0.4355978903123682,A:96;E:2;P:1;V:1;Y:2
Laurasiatheria,MACSE,35,40,N_terminal,other,102,0.8571428571428571,4,0.9215686274509803,0.47986527273595786,E:1;H:6;N:1;Y:94
Laurasiatheria,MACSE,36,41,ADD,other,102,0.8571428571428571,4,0.9509803921568627,0.3568219528327566,D:2;E:97;G:1;K:2
Laurasiatheria,MACSE,37,42,ADD,other,102,0.8571428571428571,3,0.9705882352941176,0.21844195581579604,I:2;S:1;V:99
Laurasiatheria,MACSE,38,43,ADD,other,102,0.8571428571428571,4,0.8137254901960784,0.8994485810688899,E:1;K:83;Q:13;R:5
Laurasiatheria,MACSE,39,44,ADD,other,102,0.8571428571428571,3,0.9117647058823529,0.4979816764082589,A:7;D:2;V:93
Laurasiatheria,MACSE,40,45,ADD,other,103,0.865546218487395,5,0.912621359223301,0.5928973518237538,D:3;G:2;K:3;N:94;R:1
Laurasiatheria,MACSE,41,46,ADD,other,103,0.865546218487395,7,0.7572815533980582,1.239179003062939,E:14;G:2;H:1;K:1;P:1;Q:78;R:6
Laurasiatheria,MACSE,42,47,ADD,other,103,0.865546218487395,3,0.9805825242718447,0.15757470429068177,P:1;Q:1;R:101
Laurasiatheria,MACSE,43,48,ADD,other,103,0.865546218487395,6,0.7087378640776699,1.3149871481261124,A:13;D:73;G:1;H:1;L:1;N:14
Laurasiatheria,MACSE,44,49,ADD,other,103,0.865546218487395,3,0.970873786407767,0.21673723613979634,A:2;I:100;P:1
Laurasiatheria,MACSE,45,50,ADD,other,105,0.8823529411764706,3,0.9714285714285714,0.21341328070333646,A:1;E:102;S:2
Laurasiatheria,MACSE,46,51,ADD,other,105,0.8823529411764706,3,0.9238095238095239,0.464802225359919,D:97;E:4;G:4
Laurasiatheria,MACSE,47,52,ADD,other,110,0.9243697478991597,5,0.4090909090909091,1.9249929566329844,I:16;L:17;M:45;V:31;W:1
Laurasiatheria,MACSE,48,53,ADD,other,110,0.9243697478991597,2,0.990909090909091,0.07470433715479614,C:109;L:1
Laurasiatheria,MACSE,49,54,ADD,other,109,0.9159663865546218,3,0.963302752293578,0.2567103169135654,I:105;L:3;S:1
Laurasiatheria,MACSE,50,55,ADD,other,109,0.9159663865546218,2,0.9908256880733946,0.07526826758743452,C:108;V:1
Laurasiatheria,MACSE,51,56,ADD,other,110,0.9243697478991597,3,0.9818181818181818,0.14928834776416322,A:1;C:108;Q:1
Laurasiatheria,MACSE,52,57,ADD,other,110,0.9243697478991597,1,1.0,0.0,G:110
Laurasiatheria,MACSE,53,58,ADD,other,110,0.9243697478991597,4,0.9727272727272728,0.22375091766172567,C:1;G:1;K:1;S:107
Laurasiatheria,MACSE,54,59,ADD,other,110,0.9243697478991597,5,0.7,1.0956868726864142,A:2;F:77;L:29;Q:1;T:1
Laurasiatheria,MACSE,55,60,ADD,other,110,0.9243697478991597,3,0.8454545454545455,0.7018585465503441,G:2;Q:93;R:15
Laurasiatheria,MACSE,56,61,ADD,other,110,0.9243697478991597,4,0.9272727272727272,0.4704776648380291,A:2;G:1;L:5;V:102
Laurasiatheria,MACSE,57,62,ADD,other,109,0.9159663865546218,4,0.926605504587156,0.4563574003525392,C:1;E:1;H:101;Y:6
Laurasiatheria,MACSE,58,63,ADD,other,109,0.9159663865546218,5,0.9174311926605505,0.5480443298052815,A:2;G:1;M:1;R:5;T:100
Laurasiatheria,MACSE,59,64,ADD,other,109,0.9159663865546218,3,0.908256880733945,0.48528863302589736,G:1;Q:99;R:9
Laurasiatheria,MACSE,60,65,ADD,other,109,0.9159663865546218,2,0.9908256880733946,0.07526826758743452,F:1;H:108
Laurasiatheria,MACSE,61,66,ADD,other,109,0.9159663865546218,2,0.9908256880733946,0.07526826758743452,P:108;V:1
Laurasiatheria,MACSE,62,67,ADD,other,109,0.9159663865546218,2,0.9908256880733946,0.07526826758743452,A:1;L:108
Laurasiatheria,MACSE,63,68,ADD,other,109,0.9159663865546218,2,0.9908256880733946,0.07526826758743452,A:1;F:108
Laurasiatheria,MACSE,64,69,ADD,other,110,0.9243697478991597,4,0.9181818181818182,0.5087312156859486,A:6;E:101;Q:2;S:1
Laurasiatheria,MACSE,65,70,ADD,other,110,0.9243697478991597,1,1.0,0.0,G:110
Laurasiatheria,MACSE,66,71,ADD,other,110,0.9243697478991597,1,1.0,0.0,G:110
Laurasiatheria,MACSE,67,72,ADD,other,119,1.0,5,0.9663865546218487,0.2794282182776649,I:1;L:1;M:115;Q:1;R:1
Laurasiatheria,MACSE,68,73,ADD,other,119,1.0,2,0.9915966386554622,0.07001205049536138,A:1;C:118
Laurasiatheria,MACSE,69,74,ADD,other,119,1.0,6,0.6890756302521008,1.2525070305296013,A:82;F:1;L:1;Q:1;S:6;T:28
Laurasiatheria,MACSE,70,75,ADD,other,119,1.0,6,0.9159663865546218,0.5986676254507006,A:3;L:3;P:109;Q:2;R:1;S:1
Laurasiatheria,MACSE,71,76,ADD,other,119,1.0,4,0.9747899159663865,0.20972704536846148,C:116;L:1;S:1;T:1
Laurasiatheria,MACSE,72,77,ADD,other,119,1.0,2,0.9915966386554622,0.07001205049536138,E:1;K:118
Laurasiatheria,MACSE,73,78,ADD,other,119,1.0,3,0.9411764705882353,0.3575612399904764,A:1;D:112;N:6
Laurasiatheria,MACSE,74,79,ADD,other,119,1.0,3,0.9411764705882353,0.38071155513470717,K:112;R:4;T:3
Laurasiatheria,MACSE,75,80,ADD,other,119,1.0,2,0.9663865546218487,0.2122013275213624,F:115;Y:4
Laurasiatheria,MACSE,76,81,ADD,other,119,1.0,2,0.9663865546218487,0.2122013275213624,L:115;R:4
Laurasiatheria,MACSE,77,82,ADD,other,119,1.0,5,0.44537815126050423,1.6030880108925234,D:48;E:53;G:14;R:1;S:3
Laurasiatheria,MACSE,78,83,ADD,other,119,1.0,7,0.7899159663865546,1.13180222597093,C:94;G:1;H:1;N:1;R:14;S:3;Y:5
Laurasiatheria,MACSE,79,84,ADD,other,119,1.0,2,0.9159663865546218,0.4162348023872831,F:10;L:109
Laurasiatheria,MACSE,80,85,ADD,other,119,1.0,2,0.9915966386554622,0.07001205049536138,F:118;L:1
Laurasiatheria,MACSE,81,86,ADD,other,119,1.0,2,0.9915966386554622,0.07001205049536138,L:118;M:1
Laurasiatheria,MACSE,82,87,ADD,other,119,1.0,1,1.0,0.0,Y:119
Laurasiatheria,MACSE,83,88,ADD,other,119,1.0,1,1.0,0.0,D:119
Laurasiatheria,MACSE,84,89,ADD,other,119,1.0,3,0.7226890756302521,0.9060886128509652,A:1;D:86;E:32
Laurasiatheria,MACSE,85,90,ADD,other,119,1.0,1,1.0,0.0,D:119
Laurasiatheria,MACSE,86,91,ADD,other,119,1.0,2,0.9915966386554622,0.07001205049536138,E:1;G:118
Laurasiatheria,MACSE,87,92,ADD,other,119,1.0,4,0.9243697478991597,0.48881695268346587,C:1;H:3;N:5;Y:110
Laurasiatheria,MACSE,88,93,ADD,other,119,1.0,2,0.8823529411764706,0.5225593745369408,L:14;Q:105
Laurasiatheria,MACSE,89,94,ADD,other,119,1.0,1,1.0,0.0,S:119
Laurasiatheria,MACSE,90,95,ADD,other,119,1.0,4,0.957983193277311,0.3090669303924475,C:1;F:1;H:3;Y:114
Laurasiatheria,MACSE,91,96,ADD,other,119,1.0,1,1.0,0.0,C:119
Laurasiatheria,MACSE,92,97,ADD,other,119,1.0,2,0.9915966386554622,0.07001205049536138,C:1;S:118
Laurasiatheria,MACSE,93,98,ADD,other,119,1.0,2,0.8739495798319328,0.5465060858222177,I:104;V:15
Laurasiatheria,MACSE,94,99,ADD,other,119,1.0,1,1.0,0.0,C:119
Laurasiatheria,MACSE,95,100,ADD,other,119,1.0,3,0.957983193277311,0.28179707746945143,C:114;G:4;S:1
Laurasiatheria,MACSE,96,101,ADD,other,119,1.0,3,0.6974789915966386,0.9397490373006445,A:83;S:35;T:1
Laurasiatheria,MACSE,97,102,ADD,other,119,1.0,2,0.9831932773109243,0.12311463565031058,G:117;R:2
Laurasiatheria,MACSE,98,103,ADD,other,119,1.0,5,0.7563025210084033,1.0203575432311205,D:24;E:90;N:1;Q:3;R:1
Laurasiatheria,MACSE,99,104,ADD,other,119,1.0,2,0.9831932773109243,0.12311463565031058,I:2;T:117
Laurasiatheria,MACSE,100,105,ADD,other,119,1.0,1,1.0,0.0,L:119
Laurasiatheria,MACSE,101,106,ADD,other,119,1.0,1,1.0,0.0,L:119
Laurasiatheria,MACSE,102,107,ADD,other,119,1.0,3,0.957983193277311,0.2922602077033719,I:114;L:2;V:3
Laurasiatheria,MACSE,103,108,ADD,other,119,1.0,1,1.0,0.0,C:119
Laurasiatheria,MACSE,104,109,ADD,other,118,0.9915966386554622,2,0.9830508474576272,0.12394986771100759,E:116;K:2
Laurasiatheria,MACSE,105,110,ADD,other,118,0.9915966386554622,2,0.864406779661017,0.5725804656237687,N:102;S:16
Laurasiatheria,MACSE,106,111,ADD,other,118,0.9915966386554622,1,1.0,0.0,P:118
Laurasiatheria,MACSE,107,112,ADD,other,118,0.9915966386554622,1,1.0,0.0,D:118
Laurasiatheria,MACSE,108,113,ADD,other,118,0.9915966386554622,1,1.0,0.0,C:118
Laurasiatheria,MACSE,109,114,ADD,other,119,1.0,1,1.0,0.0,T:119
Laurasiatheria,MACSE,110,115,ADD,other,119,1.0,1,1.0,0.0,R:119
Laurasiatheria,MACSE,111,116,ADD,other,118,0.9915966386554622,1,1.0,0.0,C:118
Laurasiatheria,MACSE,112,117,ADD,other,118,0.9915966386554622,2,0.9661016949152542,0.21357981533827733,F:4;Y:114
Laurasiatheria,MACSE,113,118,ADD,other,118,0.9915966386554622,1,1.0,0.0,C:118
Laurasiatheria,MACSE,114,119,ADD,other,118,0.9915966386554622,1,1.0,0.0,F:118
Laurasiatheria,MACSE,115,120,ADD,other,118,0.9915966386554622,5,0.9152542372881356,0.5751622210921966,D:3;E:108;K:4;P:1;Q:2
Laurasiatheria,MACSE,116,121,ADD,other,118,0.9915966386554622,1,1.0,0.0,C:118
Laurasiatheria,MACSE,117,122,ADD,other,118,0.9915966386554622,5,0.788135593220339,1.0660772117210657,F:1;I:15;L:5;M:4;V:93
Laurasiatheria,MACSE,118,123,ADD,other,118,0.9915966386554622,1,1.0,0.0,D:118
Laurasiatheria,MACSE,119,124,ADD,other,118,0.9915966386554622,5,0.652542372881356,1.4035399420198253,A:8;I:1;S:27;T:77;V:5
Laurasiatheria,MACSE,120,125,ADD,other,118,0.9915966386554622,1,1.0,0.0,L:118
Laurasiatheria,MACSE,121,126,ADD,other,118,0.9915966386554622,2,0.9576271186440678,0.2530679372656292,A:5;V:113
Laurasiatheria,MACSE,122,127,ADD,other,118,0.9915966386554622,3,0.8983050847457628,0.5677314545847301,A:4;G:106;S:8
Laurasiatheria,MACSE,123,128,ADD,other,119,1.0,1,1.0,0.0,P:119
Laurasiatheria,MACSE,124,129,ADD,other,119,1.0,4,0.957983193277311,0.31541052284760274,G:114;K:2;R:2;S:1
Laurasiatheria,MACSE,125,130,ADD,other,119,1.0,3,0.9243697478991597,0.4246533222347287,A:8;L:1;T:110
Laurasiatheria,MACSE,126,131,ADD,other,119,1.0,3,0.957983193277311,0.28179707746945143,A:4;M:1;S:114
Laurasiatheria,MACSE,127,132,ADD,other,119,1.0,4,0.8067226890756303,0.8846072583063249,A:4;E:18;G:96;M:1
Laurasiatheria,MACSE,128,133,ADD,other,119,1.0,5,0.680672268907563,1.1406350433529264,K:81;Q:1;R:33;S:1;T:3
Laurasiatheria,MACSE,129,134,ADD,other,119,1.0,4,0.9495798319327731,0.3617496099039127,A:3;I:2;L:1;V:113
Laurasiatheria,MACSE,130,135,ADD,other,119,1.0,3,0.7142857142857143,0.9178157842278292,H:33;Q:85;R:1
Laurasiatheria,MACSE,131,136,ADD,other,119,1.0,3,0.9747899159663865,0.19292032267938586,A:116;L:1;T:2
Laurasiatheria,MACSE,132,137,ADD,other,119,1.0,5,0.773109243697479,1.1160154527064972,F:1;L:4;M:92;T:6;V:16
Laurasiatheria,MACSE,133,138,ADD,other,119,1.0,3,0.9831932773109243,0.13992135833938618,N:1;R:1;S:117
Laurasiatheria,MACSE,134,139,ADD,other,119,1.0,6,0.8403361344537815,0.9629236962339989,E:1;H:3;N:100;Q:4;R:3;Y:8
Laurasiatheria,MACSE,135,140,ADD,other,118,0.9915966386554622,1,1.0,0.0,W:118
Laurasiatheria,MACSE,136,141,ADD,other,118,0.9915966386554622,3,0.9661016949152542,0.24108076870977332,A:3;L:1;V:114
Laurasiatheria,MACSE,137,142,ADD,other,119,1.0,1,1.0,0.0,C:119
Laurasiatheria,MACSE,138,143,ADD,other,118,0.9915966386554622,1,1.0,0.0,F:118
Laurasiatheria,MACSE,139,144,ADD,other,119,1.0,2,0.9915966386554622,0.07001205049536138,A:1;L:118
Laurasiatheria,MACSE,140,145,ADD,other,119,1.0,1,1.0,0.0,C:119
Laurasiatheria,MACSE,141,146,ADD,other,119,1.0,2,0.9747899159663865,0.16977000753515503,L:116;R:3
Laurasiatheria,MACSE,142,147,ADD,other,119,1.0,4,0.9747899159663865,0.20972704536846148,I:1;P:116;S:1;T:1
Laurasiatheria,MACSE,143,148,ADD,other,119,1.0,4,0.8907563025210085,0.5821008222263521,F:106;L:1;S:11;T:1
Laurasiatheria,MACSE,144,149,ADD,other,119,1.0,3,0.8991596638655462,0.5534633090216661,P:107;R:3;S:9
Laurasiatheria,MACSE,145,150,ADD,other,119,1.0,7,0.8487394957983193,0.9717598831858296,C:4;H:5;L:1;N:1;Q:4;R:101;S:3
Laurasiatheria,MACSE,146,151,ADD,other,119,1.0,6,0.865546218487395,0.8278372655876785,C:5;D:2;E:1;N:7;S:103;T:1
Laurasiatheria,MACSE,147,152,ADD,other,119,1.0,1,1.0,0.0,G:119
Laurasiatheria,MACSE,148,153,ADD,other,119,1.0,2,0.9831932773109243,0.12311463565031058,L:117;R:2
Laurasiatheria,MACSE,149,154,ADD,other,119,1.0,1,1.0,0.0,L:119
Laurasiatheria,MACSE,150,155,ADD,other,119,1.0,4,0.6890756302521008,1.2277764657899226,H:12;Q:82;R:24;W:1
Laurasiatheria,MACSE,151,156,ADD,other,119,1.0,3,0.957983193277311,0.28179707746945143,Q:4;R:114;T:1
Laurasiatheria,MACSE,152,157,ADD,other,119,1.0,2,0.9915966386554622,0.07001205049536138,R:118;V:1
Laurasiatheria,MACSE,153,158,ADD,other,119,1.0,8,0.5378151260504201,1.6671168831031695,A:1;D:1;K:40;N:2;P:5;Q:5;R:64;W:1
Laurasiatheria,MACSE,154,159,ADD,other,119,1.0,5,0.957983193277311,0.3322172455366783,F:1;K:114;Q:1;R:2;T:1
Laurasiatheria,MACSE,155,160,ADD,other,119,1.0,1,1.0,0.0,W:119
Laurasiatheria,MACSE,156,161,ADD,other,119,1.0,4,0.9663865546218487,0.26262149558858927,K:1;Q:1;R:115;W:2
Laurasiatheria,MACSE,157,162,ADD,other,119,1.0,8,0.6722689075630253,1.6402291292127928,A:5;E:12;G:80;M:1;Q:1;S:5;T:14;V:1
Laurasiatheria,MACSE,158,163,ADD,other,119,1.0,6,0.6722689075630253,1.4170873399019726,C:2;G:11;Q:2;R:23;T:1;W:80
Laurasiatheria,MACSE,159,164,ADD,other,119,1.0,2,0.9915966386554622,0.07001205049536138,L:118;V:1
Laurasiatheria,MACSE,160,165,ADD,other,119,1.0,2,0.9915966386554622,0.07001205049536138,K:118;P:1
Laurasiatheria,MACSE,161,166,ADD,other,119,1.0,3,0.9831932773109243,0.13992135833938618,A:117;D:1;G:1
Laurasiatheria,MACSE,162,167,ADD,other,119,1.0,2,0.957983193277311,0.25146396423889,F:114;L:5
Laurasiatheria,MACSE,163,168,ADD,other,119,1.0,4,0.5126050420168067,1.1658281680542264,C:61;F:2;R:1;Y:55
Laurasiatheria,MACSE,164,169,ADD,other,119,1.0,2,0.9915966386554622,0.07001205049536138,D:118;H:1
Laurasiatheria,MACSE,165,170,ADD,other,119,1.0,5,0.680672268907563,1.300906069536514,G:13;L:1;Q:23;R:81;S:1
Laurasiatheria,MACSE,166,171,ADD,other,119,1.0,4,0.9327731092436975,0.44280262348190513,D:5;E:111;P:1;Q:2
Laurasiatheria,MACSE,167,172,ADD,other,119,1.0,7,0.4789915966386555,1.3512328352187324,A:56;L:2;P:1;Q:1;S:57;T:1;V:1
Laurasiatheria,MACSE,168,173,ADD,other,114,0.957983193277311,7,0.8070175438596491,1.1050274241259792,A:4;D:11;E:92;G:2;H:1;K:3;N:1
Laurasiatheria,MACSE,169,174,linker,other,119,1.0,7,0.6050420168067226,1.4411675563153583,A:1;C:2;H:1;K:2;N:37;S:72;T:4
Laurasiatheria,MACSE,170,175,linker,other,118,0.9915966386554622,5,0.8220338983050848,0.9071841080449374,A:1;G:1;P:97;S:5;T:14
Laurasiatheria,MACSE,171,176,linker,other,119,1.0,4,0.957983193277311,0.30906693039244754,F:1;L:114;P:1;Q:3
Laurasiatheria,MACSE,172,177,linker,other,119,1.0,3,0.9495798319327731,0.3209533664394308,E:113;Q:1;V:5
Laurasiatheria,MACSE,173,178,C_terminal_MTase_like,other,119,1.0,3,0.6890756302521008,0.9499726840591527,I:1;M:82;T:36
Laurasiatheria,MACSE,174,179,C_terminal_MTase_like,other,119,1.0,3,0.957983193277311,0.2922602077033719,F:3;H:2;Y:114
Laurasiatheria,MACSE,175,180,C_terminal_MTase_like,other,119,1.0,3,0.9159663865546218,0.49782728931624687,A:6;E:4;K:109
Laurasiatheria,MACSE,176,181,C_terminal_MTase_like,other,119,1.0,2,0.957983193277311,0.25146396423889,I:5;T:114
Laurasiatheria,MACSE,177,182,C_terminal_MTase_like,other,119,1.0,1,1.0,0.0,V:119
Laurasiatheria,MACSE,178,183,C_terminal_MTase_like,other,119,1.0,2,0.9831932773109243,0.12311463565031058,P:117;S:2
Laurasiatheria,MACSE,179,184,C_terminal_MTase_like,other,119,1.0,4,0.8991596638655462,0.6007971582715909,A:7;E:1;M:4;V:107
Laurasiatheria,MACSE,180,185,C_terminal_MTase_like,other,119,1.0,2,0.9831932773109243,0.12311463565031058,C:2;W:117
Laurasiatheria,MACSE,181,186,C_terminal_MTase_like,other,119,1.0,2,0.9831932773109243,0.12311463565031058,K:117;R:2
Laurasiatheria,MACSE,182,187,C_terminal_MTase_like,other,119,1.0,1,1.0,0.0,R:119
Laurasiatheria,MACSE,183,188,C_terminal_MTase_like,other,119,1.0,5,0.9495798319327731,0.3848999250481435,E:113;G:1;K:1;Q:2;R:2
Laurasiatheria,MACSE,184,189,C_terminal_MTase_like,other,119,1.0,1,1.0,0.0,P:119
Laurasiatheria,MACSE,185,190,C_terminal_MTase_like,other,119,1.0,3,0.7142857142857143,0.9553368425373163,I:32;L:2;V:85
Laurasiatheria,MACSE,186,191,C_terminal_MTase_like,other,119,1.0,1,1.0,0.0,R:119
Laurasiatheria,MACSE,187,192,C_terminal_MTase_like,other,119,1.0,2,0.9831932773109243,0.12311463565031058,A:2;V:117
Laurasiatheria,MACSE,188,193,C_terminal_MTase_like,other,119,1.0,1,1.0,0.0,L:119
Laurasiatheria,MACSE,189,194,C_terminal_MTase_like,other,119,1.0,4,0.957983193277311,0.31541052284760274,A:1;C:2;S:114;T:2
Laurasiatheria,MACSE,190,195,C_terminal_MTase_like,other,119,1.0,2,0.9915966386554622,0.07001205049536138,L:118;V:1
Laurasiatheria,MACSE,191,196,C_terminal_MTase_like,other,119,1.0,1,1.0,0.0,F:119
Laurasiatheria,MACSE,192,197,C_terminal_MTase_like,other,119,1.0,2,0.9915966386554622,0.07001205049536138,G:118;R:1
Laurasiatheria,MACSE,193,198,C_terminal_MTase_like,other,119,1.0,4,0.8067226890756303,0.930397254537626,D:96;E:5;K:2;N:16
Laurasiatheria,MACSE,194,199,C_terminal_MTase_like,other,119,1.0,1,1.0,0.0,I:119
Laurasiatheria,MACSE,195,200,C_terminal_MTase_like,other,119,1.0,4,0.5042016806722689,1.384641992551639,E:1;G:10;K:60;R:48
Laurasiatheria,MACSE,196,201,C_terminal_MTase_like,other,119,1.0,7,0.5966386554621849,1.7354293587795488,A:2;D:1;K:71;N:21;P:2;R:17;T:5
Laurasiatheria,MACSE,197,202,C_terminal_MTase_like,other,119,1.0,1,1.0,0.0,E:119
Laurasiatheria,MACSE,198,203,C_terminal_MTase_like,other,119,1.0,1,1.0,0.0,L:119
Laurasiatheria,MACSE,199,204,C_terminal_MTase_like,other,119,1.0,8,0.46218487394957986,1.947582241968277,A:5;E:5;K:1;L:1;M:38;R:1;T:55;V:13
Laurasiatheria,MACSE,200,205,C_terminal_MTase_like,other,119,1.0,2,0.9831932773109243,0.12311463565031058,S:117;T:2
Laurasiatheria,MACSE,201,206,C_terminal_MTase_like,other,119,1.0,1,1.0,0.0,L:119
Laurasiatheria,MACSE,202,207,C_terminal_MTase_like,other,119,1.0,1,1.0,0.0,G:119
Laurasiatheria,MACSE,203,208,C_terminal_MTase_like,other,119,1.0,2,0.9915966386554622,0.07001205049536138,F:118;L:1
Laurasiatheria,MACSE,204,209,C_terminal_MTase_like,other,119,1.0,1,1.0,0.0,L:119
Laurasiatheria,MACSE,205,210,C_terminal_MTase_like,other,118,0.9915966386554622,3,0.9745762711864406,0.1942417285262214,D:1;E:115;W:2
Laurasiatheria,MACSE,206,211,C_terminal_MTase_like,other,119,1.0,10,0.21008403361344538,2.9933949505205177,D:25;E:1;G:6;H:11;N:21;P:14;R:4;S:20;T:5;Y:12
Laurasiatheria,MACSE,207,212,C_terminal_MTase_like,other,119,1.0,5,0.8907563025210085,0.6799779301964661,A:1;D:2;G:106;I:3;V:7
Laurasiatheria,MACSE,208,213,C_terminal_MTase_like,other,119,1.0,4,0.9243697478991597,0.49516054513862107,A:5;F:2;P:2;S:110
Laurasiatheria,MACSE,209,214,C_terminal_MTase_like,other,119,1.0,7,0.2605042016806723,2.541698309292236,A:14;D:21;E:31;G:25;K:20;N:5;T:3
Laurasiatheria,MACSE,210,215,C_terminal_MTase_like,other,119,1.0,6,0.7310924369747899,1.372773514881136,A:2;L:9;P:87;R:3;S:14;T:4
Laurasiatheria,MACSE,211,216,C_terminal_MTase_like,other,119,1.0,4,0.9411764705882353,0.40386187027893794,A:4;D:1;E:2;G:112
Laurasiatheria,MACSE,212,217,C_terminal_MTase_like,other,119,1.0,7,0.5210084033613446,1.8776894993729134,G:17;K:29;N:4;Q:3;R:62;S:1;T:3
Laurasiatheria,MACSE,213,218,C_terminal_MTase_like,other,119,1.0,3,0.9747899159663865,0.19292032267938586,L:116;P:1;R:2
Laurasiatheria,MACSE,214,219,C_terminal_MTase_like,other,119,1.0,2,0.8487394957983193,0.612985748317247,K:101;R:18
Laurasiatheria,MACSE,215,220,C_terminal_MTase_like,other,119,1.0,2,0.9327731092436975,0.35548867788893707,H:111;Y:8
Laurasiatheria,MACSE,216,221,C_terminal_MTase_like,other,119,1.0,2,0.9831932773109243,0.12311463565031058,L:117;V:2
Laurasiatheria,MACSE,217,222,C_terminal_MTase_like,other,119,1.0,6,0.8571428571428571,0.8835381634486494,A:2;D:102;E:8;G:2;H:3;S:2
Laurasiatheria,MACSE,218,223,C_terminal_MTase_like,other,119,1.0,2,0.9915966386554622,0.07001205049536138,D:118;E:1
Laurasiatheria,MACSE,219,224,C_terminal_MTase_like,other,119,1.0,3,0.8823529411764706,0.5662337659064555,A:13;T:1;V:105
Laurasiatheria,MACSE,220,225,C_terminal_MTase_like,other,119,1.0,1,1.0,0.0,T:119
Laurasiatheria,MACSE,221,226,C_terminal_MTase_like,other,119,1.0,3,0.5630252100840336,1.0484171901884727,D:51;E:1;N:67
Laurasiatheria,MACSE,222,227,C_terminal_MTase_like,other,119,1.0,3,0.8067226890756303,0.8796254563866476,I:16;T:7;V:96
Laurasiatheria,MACSE,223,228,C_terminal_MTase_like,other,119,1.0,3,0.9831932773109243,0.13992135833938618,A:1;M:1;V:117
Laurasiatheria,MACSE,224,229,C_terminal_MTase_like,other,119,1.0,1,1.0,0.0,R:119
Laurasiatheria,MACSE,225,230,C_terminal_MTase_like,other,119,1.0,2,0.8571428571428571,0.5916727785823275,K:17;R:102
Laurasiatheria,MACSE,226,231,C_terminal_MTase_like,other,119,1.0,5,0.8907563025210085,0.6665860978987073,D:106;E:2;H:1;N:8;S:2
Laurasiatheria,MACSE,227,232,C_terminal_MTase_like,other,119,1.0,2,0.8823529411764706,0.5225593745369408,I:14;V:105
Laurasiatheria,MACSE,228,233,C_terminal_MTase_like,other,119,1.0,5,0.7983193277310925,0.874860211460935,D:21;E:95;K:1;Q:1;V:1
Laurasiatheria,MACSE,229,234,C_terminal_MTase_like,other,119,1.0,9,0.35294117647058826,2.114822377055809,A:26;D:2;E:42;G:39;H:4;K:2;Q:1;S:2;V:1
Laurasiatheria,MACSE,230,235,C_terminal_MTase_like,other,119,1.0,1,1.0,0.0,W:119
Laurasiatheria,MACSE,231,236,C_terminal_MTase_like,other,119,1.0,2,0.9915966386554622,0.07001205049536138,G:118;V:1
Laurasiatheria,MACSE,232,237,C_terminal_MTase_like,other,119,1.0,2,0.9831932773109243,0.12311463565031058,P:117;S:2
Laurasiatheria,MACSE,233,238,C_terminal_MTase_like,other,119,1.0,1,1.0,0.0,F:119
Laurasiatheria,MACSE,234,239,C_terminal_MTase_like,other,119,1.0,2,0.957983193277311,0.25146396423889,D:114;N:5
Laurasiatheria,MACSE,235,240,C_terminal_MTase_like,other,119,1.0,1,1.0,0.0,L:119
Laurasiatheria,MACSE,236,241,C_terminal_MTase_like,other,119,1.0,6,0.5462184873949579,1.636797254603526,A:24;I:1;L:2;M:1;T:26;V:65
Laurasiatheria,MACSE,237,242,C_terminal_MTase_like,other,119,1.0,2,0.9831932773109243,0.12311463565031058,F:2;Y:117
Laurasiatheria,MACSE,238,243,C_terminal_MTase_like,other,119,1.0,2,0.9915966386554622,0.07001205049536138,G:118;S:1
Laurasiatheria,MACSE,239,244,C_terminal_MTase_like,other,119,1.0,3,0.8319327731092437,0.8164492305639499,A:8;C:12;S:99
Laurasiatheria,MACSE,240,245,C_terminal_MTase_like,other,119,1.0,2,0.9831932773109243,0.12311463565031058,M:2;T:117
Laurasiatheria,MACSE,241,246,C_terminal_MTase_like,other,119,1.0,3,0.9831932773109243,0.13992135833938618,L:1;P:117;S:1
Laurasiatheria,MACSE,242,247,C_terminal_MTase_like,other,119,1.0,6,0.6050420168067226,1.5987500826153278,A:27;H:3;L:1;P:72;R:3;T:13
Laurasiatheria,MACSE,243,248,C_terminal_MTase_like,other,119,1.0,8,0.7226890756302521,1.4468324409652238,F:2;I:7;L:86;P:2;Q:1;R:4;T:1;V:16
Laurasiatheria,MACSE,244,249,C_terminal_MTase_like,other,119,1.0,3,0.9495798319327731,0.3344797569809166,G:113;H:2;R:4
Laurasiatheria,MACSE,245,250,C_terminal_MTase_like,other,119,1.0,3,0.7394957983193278,0.9174107776038951,H:88;Q:29;R:2
Laurasiatheria,MACSE,246,251,C_terminal_MTase_like,other,119,1.0,4,0.7647058823529411,0.9536135634965773,A:91;I:1;P:3;T:24
Laurasiatheria,MACSE,247,252,C_terminal_MTase_like,other,119,1.0,6,0.9159663865546218,0.6050112179058559,A:2;C:109;F:2;H:1;R:3;Y:2
Laurasiatheria,MACSE,248,253,C_terminal_MTase_like,other,119,1.0,7,0.773109243697479,1.2218739873374524,A:2;D:92;G:4;H:1;N:5;S:14;V:1
Laurasiatheria,MACSE,249,254,C_terminal_MTase_like,other,119,1.0,3,0.6722689075630253,1.2401670721805118,H:80;Q:19;R:20
Laurasiatheria,MACSE,250,255,C_terminal_MTase_like,other,119,1.0,2,0.9747899159663865,0.16977000753515503,P:116;S:3
Laurasiatheria,MACSE,251,256,C_terminal_MTase_like,other,119,1.0,1,1.0,0.0,P:119
Laurasiatheria,MACSE,252,257,C_terminal_MTase_like,other,119,1.0,4,0.453781512605042,1.5696955860617545,A:44;C:2;G:54;V:19
Laurasiatheria,MACSE,253,258,C_terminal_MTase_like,other,119,1.0,2,0.9915966386554622,0.07001205049536138,G:1;W:118
Laurasiatheria,MACSE,254,259,C_terminal_MTase_like,other,119,1.0,3,0.8823529411764706,0.6107470518615855,F:11;H:3;Y:105
Laurasiatheria,MACSE,255,260,C_terminal_MTase_like,other,119,1.0,2,0.7983193277310925,0.7252767313016595,L:95;V:24
Laurasiatheria,MACSE,256,261,C_terminal_MTase_like,other,119,1.0,3,0.4957983193277311,1.4629553632609655,F:59;L:20;Y:40
Laurasiatheria,MACSE,257,262,C_terminal_MTase_like,other,118,0.9915966386554622,2,0.9915254237288136,0.07050175960541472,H:1;Q:117
Laurasiatheria,MACSE,258,263,C_terminal_MTase_like,other,119,1.0,2,0.9663865546218487,0.2122013275213624,F:115;Y:4
Laurasiatheria,MACSE,259,264,C_terminal_MTase_like,other,119,1.0,2,0.9831932773109243,0.12311463565031058,H:117;R:2
Laurasiatheria,MACSE,260,265,C_terminal_MTase_like,other,119,1.0,1,1.0,0.0,R:119
Laurasiatheria,MACSE,261,266,C_terminal_MTase_like,other,119,1.0,3,0.5714285714285714,1.232515671883848,I:68;L:7;V:44
Laurasiatheria,MACSE,262,267,C_terminal_MTase_like,other,119,1.0,1,1.0,0.0,L:119
Laurasiatheria,MACSE,263,268,C_terminal_MTase_like,other,119,1.0,2,0.8487394957983193,0.612985748317247,Q:101;R:18
Laurasiatheria,MACSE,264,269,C_terminal_MTase_like,other,119,1.0,2,0.9915966386554622,0.07001205049536138,F:1;Y:118
Laurasiatheria,MACSE,265,270,C_terminal_MTase_like,other,119,1.0,3,0.9327731092436975,0.4100283837349292,A:111;S:6;V:2
Laurasiatheria,MACSE,266,271,C_terminal_MTase_like,other,119,1.0,4,0.9327731092436975,0.4428026234819051,K:5;M:1;Q:2;R:111
Laurasiatheria,MACSE,267,272,C_terminal_MTase_like,other,119,1.0,1,1.0,0.0,P:119
Laurasiatheria,MACSE,268,273,C_terminal_MTase_like,other,117,0.9831932773109243,9,0.6752136752136753,1.6899218730496794,A:2;G:1;K:1;L:15;P:6;Q:8;R:79;S:4;W:1
Laurasiatheria,MACSE,269,274,C_terminal_MTase_like,other,117,0.9831932773109243,7,0.8717948717948718,0.8482503188903059,A:1;F:1;L:4;P:102;Q:4;R:4;S:1
Laurasiatheria,MACSE,270,275,C_terminal_MTase_like,other,119,1.0,5,0.773109243697479,1.0950891922386563,A:16;C:2;G:92;R:1;S:8
Laurasiatheria,MACSE,271,276,C_terminal_MTase_like,other,119,1.0,4,0.7394957983193278,1.1771561656243272,C:7;G:5;R:19;S:88
Laurasiatheria,MACSE,272,277,C_terminal_MTase_like,other,118,0.9915966386554622,7,0.6271186440677966,1.4802192643186027,A:1;L:1;P:74;Q:31;R:7;S:3;T:1
Laurasiatheria,MACSE,273,278,C_terminal_MTase_like,other,119,1.0,4,0.8571428571428571,0.7108652104516495,K:1;L:2;Q:102;R:14
Laurasiatheria,MACSE,274,279,C_terminal_MTase_like,other,119,1.0,2,0.9747899159663865,0.16977000753515503,A:3;P:116
Laurasiatheria,MACSE,275,280,C_terminal_MTase_like,other,119,1.0,2,0.9915966386554622,0.07001205049536138,C:1;F:118
Laurasiatheria,MACSE,276,281,C_terminal_MTase_like,other,119,1.0,1,1.0,0.0,F:119
Laurasiatheria,MACSE,277,282,C_terminal_MTase_like,other,119,1.0,1,1.0,0.0,W:119
Laurasiatheria,MACSE,278,283,C_terminal_MTase_like,other,119,1.0,3,0.9663865546218487,0.2394711804443585,A:1;I:3;M:115
Laurasiatheria,MACSE,279,284,C_terminal_MTase_like,other,119,1.0,1,1.0,0.0,F:119
Laurasiatheria,MACSE,280,285,C_terminal_MTase_like,other,119,1.0,3,0.957983193277311,0.2922602077033719,A:2;M:3;V:114
Laurasiatheria,MACSE,281,286,C_terminal_MTase_like,other,119,1.0,1,1.0,0.0,D:119
Laurasiatheria,MACSE,282,287,C_terminal_MTase_like,other,119,1.0,3,0.957983193277311,0.2922602077033719,H:2;N:114;S:3
Laurasiatheria,MACSE,283,288,C_terminal_MTase_like,other,119,1.0,1,1.0,0.0,L:119
Laurasiatheria,MACSE,284,289,C_terminal_MTase_like,other,119,1.0,4,0.8823529411764706,0.6338973670058163,A:1;L:11;M:2;V:105
Laurasiatheria,MACSE,285,290,C_terminal_MTase_like,other,119,1.0,3,0.9747899159663865,0.19292032267938586,F:2;L:116;M:1
Laurasiatheria,MACSE,286,291,C_terminal_MTase_like,other,119,1.0,6,0.7563025210084033,1.0094128606689616,A:1;G:1;N:1;R:1;S:25;T:90
Laurasiatheria,MACSE,287,292,C_terminal_MTase_like,other,119,1.0,6,0.3865546218487395,1.8477565721093028,E:42;K:24;N:1;P:2;Q:46;R:4
Laurasiatheria,MACSE,288,293,C_terminal_MTase_like,other,119,1.0,2,0.6218487394957983,0.9567258440526691,D:74;E:45
Laurasiatheria,MACSE,289,294,C_terminal_MTase_like,other,119,1.0,5,0.9327731092436975,0.47313573671246645,D:111;E:4;N:2;S:1;T:1
Laurasiatheria,MACSE,290,295,C_terminal_MTase_like,other,119,1.0,6,0.5546218487394958,1.7844264635874396,C:2;H:9;L:21;Q:20;R:66;Y:1
Laurasiatheria,MACSE,291,296,C_terminal_MTase_like,other,119,1.0,8,0.29411764705882354,2.536287892711981,A:21;D:24;H:2;I:8;R:3;S:4;T:35;V:22
Laurasiatheria,MACSE,292,297,C_terminal_MTase_like,other,119,1.0,4,0.8739495798319328,0.7016690559626393,A:5;I:9;T:1;V:104
Laurasiatheria,MACSE,293,298,C_terminal_MTase_like,other,119,1.0,1,1.0,0.0,A:119
Laurasiatheria,MACSE,294,299,C_terminal_MTase_like,other,119,1.0,2,0.9831932773109243,0.12311463565031058,S:2;T:117
Laurasiatheria,MACSE,295,300,C_terminal_MTase_like,other,119,1.0,1,1.0,0.0,R:119
Laurasiatheria,MACSE,296,301,C_terminal_MTase_like,other,119,1.0,1,1.0,0.0,F:119
Laurasiatheria,MACSE,297,302,C_terminal_MTase_like,other,119,1.0,1,1.0,0.0,L:119
Laurasiatheria,MACSE,298,303,C_terminal_MTase_like,other,119,1.0,1,1.0,0.0,E:119
Laurasiatheria,MACSE,299,304,C_terminal_MTase_like,other,117,0.9831932773109243,8,0.5384615384615384,1.590015536340959,A:42;G:1;I:3;M:4;Q:1;S:1;T:63;V:2
Laurasiatheria,MACSE,300,305,C_terminal_MTase_like,other,119,1.0,6,0.8319327731092437,0.8703668026187911,D:99;E:15;K:2;N:1;S:1;W:1
Laurasiatheria,MACSE,301,306,C_terminal_MTase_like,other,119,1.0,3,0.9747899159663865,0.19292032267938586,A:2;P:116;R:1
Laurasiatheria,MACSE,302,307,C_terminal_MTase_like,other,119,1.0,4,0.9663865546218487,0.26262149558858927,A:2;L:1;P:1;V:115
Laurasiatheria,MACSE,303,308,C_terminal_MTase_like,other,119,1.0,4,0.9747899159663865,0.20972704536846148,A:1;G:1;S:1;T:116
Laurasiatheria,MACSE,304,309,C_terminal_MTase_like,other,119,1.0,5,0.9495798319327731,0.38489992504814347,H:1;I:113;L:2;R:2;V:1
Laurasiatheria,MACSE,305,310,C_terminal_MTase_like,other,119,1.0,5,0.907563025210084,0.5995447321475115,I:1;L:4;Q:108;R:5;S:1
Laurasiatheria,MACSE,306,311,C_terminal_MTase_like,other,119,1.0,6,0.865546218487395,0.8413636561291643,A:1;D:103;E:7;G:2;H:4;P:2
Laurasiatheria,MACSE,307,312,C_terminal_MTase_like,other,116,0.9747899159663865,6,0.7413793103448276,1.2546871896376373,A:6;F:2;I:18;L:1;T:3;V:86
Laurasiatheria,MACSE,308,313,C_terminal_MTase_like,other,116,0.9747899159663865,6,0.5086206896551724,1.7727649777088934,A:1;C:59;G:3;H:12;R:35;Y:6
Laurasiatheria,MACSE,309,314,C_terminal_MTase_like,other,116,0.9747899159663865,4,0.9568965517241379,0.3219451230166949,D:2;G:111;P:1;S:2
Laurasiatheria,MACSE,310,315,C_terminal_MTase_like,other,115,0.9663865546218487,7,0.6782608695652174,1.5296637631424883,C:9;G:1;K:1;Q:9;R:78;S:16;T:1
Laurasiatheria,MACSE,311,316,C_terminal_MTase_like,other,115,0.9663865546218487,7,0.6608695652173913,1.2515118165048842,A:33;E:1;L:1;R:1;S:2;T:76;V:1
Laurasiatheria,MACSE,312,317,C_terminal_MTase_like,other,115,0.9663865546218487,7,0.5391304347826087,1.6072133290654096,A:2;I:40;L:2;P:3;S:1;T:5;V:62
Laurasiatheria,MACSE,313,318,C_terminal_MTase_like,other,116,0.9747899159663865,6,0.5775862068965517,1.2662312797766082,L:1;P:1;Q:67;R:44;T:1;W:2
Laurasiatheria,MACSE,314,319,C_terminal_MTase_like,other,116,0.9747899159663865,6,0.853448275862069,0.8376357089819546,D:11;G:1;N:99;P:1;R:2;S:2
Laurasiatheria,MACSE,315,320,C_terminal_MTase_like,other,119,1.0,3,0.9831932773109243,0.13992135833938618,A:117;G:1;T:1
Laurasiatheria,MACSE,316,321,C_terminal_MTase_like,other,119,1.0,4,0.9663865546218487,0.26262149558858927,A:2;D:1;Q:1;V:115
Laurasiatheria,MACSE,317,322,C_terminal_MTase_like,other,118,0.9915966386554622,4,0.847457627118644,0.8029382274455164,H:100;L:4;N:2;R:12
Laurasiatheria,MACSE,318,323,C_terminal_MTase_like,other,119,1.0,4,0.9663865546218487,0.26262149558858927,C:1;L:2;P:1;V:115
Laurasiatheria,MACSE,319,324,C_terminal_MTase_like,other,119,1.0,3,0.9831932773109243,0.13992135833938618,P:1;W:117;Y:1
Laurasiatheria,MACSE,320,325,C_terminal_MTase_like,other,119,1.0,5,0.9663865546218487,0.2794282182776649,A:1;M:1;Q:1;S:115;T:1
Laurasiatheria,MACSE,321,326,C_terminal_MTase_like,other,119,1.0,4,0.9747899159663865,0.20972704536846148,D:1;N:116;S:1;V:1
Laurasiatheria,MACSE,322,327,C_terminal_MTase_like,other,119,1.0,4,0.865546218487395,0.6862860772936099,A:1;I:103;R:2;V:13
Laurasiatheria,MACSE,323,328,C_terminal_MTase_like,other,119,1.0,1,1.0,0.0,P:119
Laurasiatheria,MACSE,324,329,C_terminal_MTase_like,other,119,1.0,3,0.9831932773109243,0.13992135833938618,A:117;E:1;G:1
Laurasiatheria,MACSE,325,330,C_terminal_MTase_like,other,117,0.9831932773109243,5,0.9572649572649573,0.33682838393851855,C:1;L:2;M:1;P:1;V:112
Laurasiatheria,MACSE,326,331,C_terminal_MTase_like,other,118,0.9915966386554622,5,0.5,1.1852886803145997,E:1;G:1;K:59;P:1;R:56
Laurasiatheria,MACSE,327,332,C_terminal_MTase_like,other,116,0.9747899159663865,5,0.9224137931034483,0.5222343742710244,A:2;C:1;G:1;R:5;S:107
Laurasiatheria,MACSE,328,334,C_terminal_MTase_like,other,117,0.9831932773109243,5,0.8803418803418803,0.7059298536615901,G:2;K:9;P:2;R:103;S:1
Laurasiatheria,MACSE,329,335,C_terminal_MTase_like,other,118,0.9915966386554622,5,0.9576271186440678,0.33450556840492424,D:1;H:113;P:2;R:1;S:1
Laurasiatheria,MACSE,330,336,C_terminal_MTase_like,other,119,1.0,7,0.8907563025210085,0.74755645103652,A:5;C:1;L:3;P:2;S:106;T:1;V:1
Laurasiatheria,MACSE,331,337,C_terminal_MTase_like,other,119,1.0,6,0.8991596638655462,0.6692148847428203,A:107;D:1;E:2;G:6;S:2;T:1
Laurasiatheria,MACSE,332,338,C_terminal_MTase_like,other,119,1.0,6,0.8487394957983193,0.9031481433843125,A:2;D:1;L:101;P:9;Q:4;R:2
Laurasiatheria,MACSE,333,339,C_terminal_MTase_like,other,119,1.0,9,0.42857142857142855,2.26201524076047,A:24;D:25;E:2;F:3;G:5;K:2;L:6;Q:1;V:51
Laurasiatheria,MACSE,334,340,C_terminal_MTase_like,other,119,1.0,5,0.6554621848739496,1.1384215649925946,A:1;E:1;L:2;P:37;S:78
Laurasiatheria,MACSE,335,341,C_terminal_MTase_like,switching_helix,119,1.0,8,0.6722689075630253,1.5985356122505203,C:3;D:1;E:2;G:4;H:6;P:2;Q:80;R:21
Laurasiatheria,MACSE,336,342,C_terminal_MTase_like,switching_helix,119,1.0,7,0.8151260504201681,1.0776304229956608,D:11;E:97;K:4;N:2;Q:2;S:1;T:2
Laurasiatheria,MACSE,337,343,C_terminal_MTase_like,switching_helix,119,1.0,5,0.8319327731092437,0.8535600799297155,A:15;E:99;F:1;P:2;T:2
Laurasiatheria,MACSE,338,344,C_terminal_MTase_like,switching_helix,119,1.0,7,0.7983193277310925,1.1867866854070712,A:5;E:2;G:2;L:95;R:1;S:6;V:8
Laurasiatheria,MACSE,339,345,C_terminal_MTase_like,switching_helix,119,1.0,8,0.7226890756302521,1.4726174126997795,A:8;C:1;F:11;G:2;L:1;P:1;S:86;T:9
Laurasiatheria,MACSE,340,346,C_terminal_MTase_like,switching_helix,119,1.0,4,0.8571428571428571,0.683130840490966,I:1;L:102;Q:1;S:15
Laurasiatheria,MACSE,341,347,C_terminal_MTase_like,switching_helix,118,0.9915966386554622,7,0.864406779661017,0.8392811011069822,F:1;I:1;L:102;M:2;P:1;Q:2;R:9
Laurasiatheria,MACSE,342,348,C_terminal_MTase_like,switching_helix,118,0.9915966386554622,5,0.9576271186440678,0.33450556840492424,A:113;F:1;R:2;T:1;V:1
Laurasiatheria,MACSE,343,349,C_terminal_MTase_like,switching_helix,118,0.9915966386554622,9,0.7627118644067796,1.3843709842546248,A:1;G:1;H:2;P:8;Q:90;R:9;S:2;T:1;W:4
Laurasiatheria,MACSE,344,350,C_terminal_MTase_like,switching_helix,118,0.9915966386554622,7,0.8813559322033898,0.8076792299832517,A:1;D:104;E:2;G:4;H:2;N:4;Y:1
Laurasiatheria,MACSE,345,351,C_terminal_MTase_like,switching_helix,118,0.9915966386554622,5,0.940677966101695,0.4340409420141698,A:3;G:2;R:111;S:1;W:1
Laurasiatheria,MACSE,346,352,C_terminal_MTase_like,switching_helix,118,0.9915966386554622,5,0.8220338983050848,0.8810197807842871,G:2;L:2;P:1;Q:97;R:16
Laurasiatheria,MACSE,347,353,C_terminal_MTase_like,switching_helix,119,1.0,7,0.9243697478991597,0.5759138264364093,A:2;D:1;K:2;Q:1;R:110;S:1;W:2
Laurasiatheria,MACSE,348,354,C_terminal_MTase_like,switching_helix,119,1.0,6,0.5294117647058824,1.8332952526541797,A:63;L:1;M:19;P:1;T:20;V:15
Laurasiatheria,MACSE,349,355,C_terminal_MTase_like,switching_helix,119,1.0,6,0.8487394957983193,0.8226742667216791,A:1;K:101;L:1;R:13;S:2;T:1
Laurasiatheria,MACSE,350,356,C_terminal_MTase_like,switching_helix_adjacent_loop,119,1.0,8,0.7058823529411765,1.485869881007265,A:7;G:2;H:1;L:4;P:84;R:1;S:18;V:2
Laurasiatheria,MACSE,351,357,C_terminal_MTase_like,switching_helix_adjacent_loop,118,0.9915966386554622,5,0.8813559322033898,0.7431907513863295,A:4;L:5;P:104;R:1;S:4
Laurasiatheria,MACSE,352,358,C_terminal_MTase_like,switching_helix_adjacent_loop,117,0.9831932773109243,11,0.4700854700854701,2.0826131837895625,A:55;G:5;H:1;I:1;L:7;N:1;P:1;R:2;S:3;T:38;V:3
Laurasiatheria,MACSE,353,359,C_terminal_MTase_like,switching_helix_adjacent_loop,118,0.9915966386554622,6,0.7457627118644068,1.2764863441434113,A:4;L:2;P:17;Q:88;R:5;S:2
Laurasiatheria,MACSE,354,360,C_terminal_MTase_like,switching_helix_adjacent_loop,119,1.0,6,0.8823529411764706,0.7833854787580841,D:3;E:3;G:105;P:1;R:3;S:4
Laurasiatheria,MACSE,355,361,C_terminal_MTase_like,other,119,1.0,2,0.9663865546218487,0.2122013275213624,A:4;P:115
Laurasiatheria,MACSE,356,362,C_terminal_MTase_like,other,119,1.0,7,0.8739495798319328,0.7824223372604275,A:104;G:1;P:1;R:1;S:1;T:9;V:2
Laurasiatheria,MACSE,357,363,C_terminal_MTase_like,other,119,1.0,11,0.3445378151260504,2.558533070988676,A:7;C:2;E:1;G:2;K:41;M:17;Q:4;R:8;S:3;T:33;W:1
Laurasiatheria,MACSE,358,364,C_terminal_MTase_like,other,118,0.9915966386554622,4,0.9745762711864406,0.2111908810685943,L:115;M:1;R:1;W:1
Laurasiatheria,MACSE,359,365,C_terminal_MTase_like,other,118,0.9915966386554622,4,0.9491525423728814,0.36418000891595037,F:2;L:3;R:1;V:112
Laurasiatheria,MACSE,360,366,C_terminal_MTase_like,other,117,0.9831932773109243,4,0.9230769230769231,0.48542775173740843,A:2;K:108;N:1;R:6
Laurasiatheria,MACSE,361,367,C_terminal_MTase_like,other,118,0.9915966386554622,8,0.864406779661017,0.9148716480437958,A:2;G:1;H:1;K:4;N:102;Q:2;S:5;T:1
Laurasiatheria,MACSE,362,368,C_terminal_MTase_like,other,116,0.9747899159663865,2,0.9913793103448276,0.0715037894499587,C:115;S:1
Laurasiatheria,MACSE,363,369,C_terminal_MTase_like,other,118,0.9915966386554622,4,0.9661016949152542,0.264427272965396,F:114;I:2;L:1;T:1
Laurasiatheria,MACSE,364,370,C_terminal_MTase_like,other,118,0.9915966386554622,2,0.9915254237288136,0.07050175960541472,F:1;L:117
Laurasiatheria,MACSE,365,371,C_terminal_MTase_like,other,118,0.9915966386554622,2,0.9830508474576272,0.12394986771100759,G:2;P:116
Laurasiatheria,MACSE,366,372,C_terminal_MTase_like,other,118,0.9915966386554622,3,0.9745762711864406,0.1942417285262214,C:1;L:115;P:2
Laurasiatheria,MACSE,367,373,C_terminal_MTase_like,other,117,0.9831932773109243,2,0.9487179487179487,0.29181825659888583,K:6;R:111
Laurasiatheria,MACSE,368,374,C_terminal_MTase_like,other,118,0.9915966386554622,4,0.9491525423728814,0.3641800089159503,D:2;E:112;S:3;T:1
Laurasiatheria,MACSE,369,375,C_terminal_MTase_like,other,118,0.9915966386554622,3,0.9576271186440678,0.2836581107778056,F:1;H:4;Y:113
Laurasiatheria,MACSE,370,376,C_terminal_MTase_like,other,117,0.9831932773109243,2,0.9914529914529915,0.0709989466364099,F:116;P:1
Laurasiatheria,MACSE,371,377,C_terminal_MTase_like,other,117,0.9831932773109243,5,0.9487179487179487,0.39019240193501353,D:1;G:2;K:111;L:1;Q:2
Laurasiatheria,MACSE,372,378,C_terminal_MTase_like,other,116,0.9747899159663865,5,0.8017241379310345,1.0140243552716726,C:13;D:2;F:7;L:1;Y:93
Laurasiatheria,MACSE,373,379,C_terminal_MTase_like,other,108,0.907563025210084,4,0.9629629629629629,0.28409369950908353,F:104;I:1;L:2;P:1
Laurasiatheria,MACSE,374,380,C_terminal_MTase_like,other,118,0.9915966386554622,7,0.9152542372881356,0.6154578778901921,A:1;C:1;F:1;N:1;P:2;Q:4;S:108
Laurasiatheria,MACSE,375,381,C_terminal_tail,other,118,0.9915966386554622,9,0.8305084745762712,1.1317439586848015,A:4;C:1;E:2;G:1;K:2;Q:3;S:5;T:98;V:2
Laurasiatheria,MACSE,376,382,C_terminal_tail,other,116,0.9747899159663865,8,0.7155172413793104,1.3766112058411681,E:83;G:19;H:1;N:2;P:1;Q:1;S:8;T:1
Laurasiatheria,MACSE,377,383,C_terminal_tail,other,116,0.9747899159663865,8,0.8793103448275862,0.839902030598094,A:1;C:4;E:1;F:3;L:102;N:1;P:1;S:3
Laurasiatheria,MACSE,378,384,C_terminal_tail,other,116,0.9747899159663865,7,0.8793103448275862,0.8217997420626637,A:2;C:2;I:2;L:1;P:5;S:2;T:102
Laurasiatheria,MACSE,379,385,C_terminal_tail,other,116,0.9747899159663865,6,0.9137931034482759,0.6066054073370624,G:1;H:1;K:2;L:4;N:2;S:106
Laurasiatheria,MACSE,380,386,C_terminal_tail,other,115,0.9663865546218487,5,0.8869565217391304,0.6838606171957443,A:8;C:2;G:1;S:102;Y:2
Laurasiatheria,MACSE,381,387,C_terminal_tail,other,114,0.957983193277311,6,0.9210526315789473,0.5719192522603,A:2;K:2;L:105;P:1;S:1;V:3
Laurasiatheria,MAFFT,1,6,N_terminal,other,103,0.865546218487395,6,0.5242718446601942,1.9271134175346667,A:5;D:1;F:9;I:19;L:15;V:54
Laurasiatheria,MAFFT,2,7,N_terminal,other,103,0.865546218487395,5,0.7766990291262136,1.118834465035063,L:80;M:5;P:13;R:1;V:4
Laurasiatheria,MAFFT,3,8,N_terminal,other,103,0.865546218487395,3,0.6699029126213593,1.0215666677881343,D:69;E:32;N:2
Laurasiatheria,MAFFT,4,9,N_terminal,other,101,0.8487394957983193,6,0.8217821782178217,1.024108316784583,A:1;L:7;P:83;Q:1;R:6;T:3
Laurasiatheria,MAFFT,5,10,N_terminal,other,101,0.8487394957983193,3,0.7920792079207921,0.7949163392989608,D:20;E:80;G:1
Laurasiatheria,MAFFT,6,11,N_terminal,other,103,0.865546218487395,6,0.7281553398058253,1.4040044227488635,A:75;E:8;L:1;P:7;T:9;V:3
Laurasiatheria,MAFFT,7,12,N_terminal,other,103,0.865546218487395,2,0.9805825242718447,0.13815722856252644,D:2;E:101
Laurasiatheria,MAFFT,8,13,N_terminal,other,103,0.865546218487395,7,0.6504854368932039,1.5940925455053423,A:2;C:20;H:67;L:1;P:7;Q:4;R:2
Laurasiatheria,MAFFT,9,14,N_terminal,other,103,0.865546218487395,6,0.8252427184466019,0.910734062061482,A:1;G:1;H:13;N:2;R:1;S:85
Laurasiatheria,MAFFT,10,15,N_terminal,other,105,0.8823529411764706,7,0.4666666666666667,2.0028371455496905,A:2;K:6;L:13;M:49;P:3;R:2;T:30
Laurasiatheria,MAFFT,11,16,N_terminal,other,105,0.8823529411764706,3,0.9809523809523809,0.1551069052863942,D:103;G:1;Q:1
Laurasiatheria,MAFFT,12,17,N_terminal,other,105,0.8823529411764706,4,0.5523809523809524,1.1715989563571676,A:1;I:58;T:2;V:44
Laurasiatheria,MAFFT,13,18,N_terminal,other,105,0.8823529411764706,3,0.9142857142857143,0.5069498934407151,I:96;T:5;V:4
Laurasiatheria,MAFFT,14,19,N_terminal,other,99,0.8319327731092437,5,0.8787878787878788,0.7328377808097815,I:1;L:87;M:1;P:5;V:5
Laurasiatheria,MAFFT,15,20,N_terminal,other,106,0.8907563025210085,4,0.7924528301886793,0.9740608613874864,A:1;L:14;P:7;V:84
Laurasiatheria,MAFFT,16,21,N_terminal,other,106,0.8907563025210085,5,0.8490566037735849,0.8432359859405798,C:1;D:8;G:90;R:6;S:1
Laurasiatheria,MAFFT,17,22,N_terminal,other,106,0.8907563025210085,3,0.9811320754716981,0.15390412733042952,A:1;P:1;S:104
Laurasiatheria,MAFFT,18,23,N_terminal,other,105,0.8823529411764706,2,0.9904761904761905,0.07761951112637416,A:1;S:104
Laurasiatheria,MAFFT,19,24,N_terminal,other,105,0.8823529411764706,5,0.9238095238095239,0.5338032967678858,A:2;D:2;E:97;G:1;K:3
Laurasiatheria,MAFFT,20,25,N_terminal,other,104,0.8739495798319328,4,0.625,1.498735155492909,L:65;P:14;Q:19;R:6
Laurasiatheria,MAFFT,21,26,N_terminal,other,104,0.8739495798319328,4,0.9326923076923077,0.4485979326396365,A:2;P:4;S:97;T:1
Laurasiatheria,MAFFT,22,27,N_terminal,other,104,0.8739495798319328,6,0.7115384615384616,1.3295291432509893,A:19;C:3;G:2;P:5;S:74;T:1
Laurasiatheria,MAFFT,23,28,N_terminal,other,104,0.8739495798319328,3,0.875,0.6409831728611071,P:91;S:10;T:3
Laurasiatheria,MAFFT,24,29,N_terminal,other,103,0.865546218487395,5,0.6407766990291263,1.2211606060409084,A:32;C:2;G:1;P:66;R:2
Laurasiatheria,MAFFT,25,30,N_terminal,other,104,0.8739495798319328,6,0.8653846153846154,0.8491758606780043,A:6;I:1;L:2;P:3;R:2;S:90
Laurasiatheria,MAFFT,26,31,N_terminal,other,104,0.8739495798319328,3,0.9711538461538461,0.2150612589302146,A:2;L:1;P:101
Laurasiatheria,MAFFT,27,32,N_terminal,other,103,0.865546218487395,6,0.4854368932038835,1.6873087556488062,A:3;E:10;G:50;K:2;Q:1;R:37
Laurasiatheria,MAFFT,28,33,N_terminal,other,104,0.8739495798319328,5,0.6153846153846154,1.4050888251354914,A:2;L:30;P:64;R:2;S:6
Laurasiatheria,MAFFT,29,34,N_terminal,other,104,0.8739495798319328,8,0.5288461538461539,2.0734180017279527,A:1;C:10;G:2;H:12;P:1;Q:6;R:55;S:17
Laurasiatheria,MAFFT,30,35,N_terminal,other,104,0.8739495798319328,2,0.9903846153846154,0.07823246525771237,P:1;R:103
Laurasiatheria,MAFFT,31,36,N_terminal,other,104,0.8739495798319328,4,0.7596153846153846,1.0411406399076335,D:79;E:18;G:6;S:1
Laurasiatheria,MAFFT,32,37,N_terminal,other,104,0.8739495798319328,8,0.75,1.3951962900005208,F:10;K:1;L:78;P:1;Q:6;R:3;V:4;W:1
Laurasiatheria,MAFFT,33,38,N_terminal,other,102,0.8571428571428571,6,0.7843137254901961,1.1354273262887227,G:4;I:80;L:12;Q:1;T:1;V:4
Laurasiatheria,MAFFT,34,39,N_terminal,other,104,0.8739495798319328,6,0.9230769230769231,0.5643204867061787,A:96;E:2;G:1;P:2;V:1;Y:2
Laurasiatheria,MAFFT,35,40,N_terminal,other,103,0.865546218487395,5,0.912621359223301,0.5540624003674431,A:1;E:1;H:6;N:1;Y:94
Laurasiatheria,MAFFT,36,41,ADD,other,103,0.865546218487395,4,0.9514563106796117,0.3540581512289426,D:2;E:98;G:1;K:2
Laurasiatheria,MAFFT,37,42,ADD,other,103,0.865546218487395,4,0.9611650485436893,0.29517717390281684,I:2;P:1;R:1;V:99
Laurasiatheria,MAFFT,38,43,ADD,other,103,0.865546218487395,5,0.8058252427184466,0.9695720843476284,E:1;G:1;K:83;Q:13;R:5
Laurasiatheria,MAFFT,39,44,ADD,other,103,0.865546218487395,3,0.9029126213592233,0.5297843190953841,A:8;D:2;V:93
Laurasiatheria,MAFFT,40,45,ADD,other,103,0.865546218487395,5,0.912621359223301,0.5928973518237538,D:3;G:1;K:3;N:94;R:2
Laurasiatheria,MAFFT,41,46,ADD,other,103,0.865546218487395,6,0.7572815533980582,1.198968231702975,E:14;G:2;H:1;P:1;Q:78;R:7
Laurasiatheria,MAFFT,42,47,ADD,other,103,0.865546218487395,3,0.9805825242718447,0.15757470429068177,P:1;R:101;T:1
Laurasiatheria,MAFFT,43,48,ADD,other,103,0.865546218487395,6,0.7087378640776699,1.3149871481261124,A:13;D:73;H:1;L:1;N:14;S:1
Laurasiatheria,MAFFT,44,49,ADD,other,103,0.865546218487395,3,0.970873786407767,0.21673723613979634,A:2;I:100;P:1
Laurasiatheria,MAFFT,45,50,ADD,other,104,0.8739495798319328,3,0.9711538461538461,0.2150612589302146,A:1;E:101;S:2
Laurasiatheria,MAFFT,46,51,ADD,other,106,0.8907563025210085,3,0.9339622641509434,0.4160224084307008,D:99;E:4;G:3
Laurasiatheria,MAFFT,47,52,ADD,other,109,0.9159663865546218,4,0.41284403669724773,1.8672637444275295,I:16;L:17;M:45;V:31
Laurasiatheria,MAFFT,48,53,ADD,other,109,0.9159663865546218,1,1.0,0.0,C:109
Laurasiatheria,MAFFT,49,54,ADD,other,109,0.9159663865546218,3,0.963302752293578,0.2567103169135654,I:105;L:3;S:1
Laurasiatheria,MAFFT,50,55,ADD,other,109,0.9159663865546218,2,0.9908256880733946,0.07526826758743452,C:108;V:1
Laurasiatheria,MAFFT,51,56,ADD,other,109,0.9159663865546218,2,0.9908256880733946,0.07526826758743452,C:108;Q:1
Laurasiatheria,MAFFT,52,57,ADD,other,109,0.9159663865546218,1,1.0,0.0,G:109
Laurasiatheria,MAFFT,53,58,ADD,other,109,0.9159663865546218,3,0.981651376146789,0.15041398032809403,C:1;K:1;S:107
Laurasiatheria,MAFFT,54,59,ADD,other,108,0.907563025210084,4,0.7129629629629629,1.022031007245688,A:2;F:77;L:28;T:1
Laurasiatheria,MAFFT,55,60,ADD,other,109,0.9159663865546218,2,0.8623853211009175,0.5779576184299017,Q:94;R:15
Laurasiatheria,MAFFT,56,61,ADD,other,109,0.9159663865546218,4,0.9357798165137615,0.4177528994968404,A:1;G:1;L:5;V:102
Laurasiatheria,MAFFT,57,62,ADD,other,109,0.9159663865546218,4,0.926605504587156,0.4563574003525392,C:1;G:1;H:101;Y:6
Laurasiatheria,MAFFT,58,63,ADD,other,109,0.9159663865546218,5,0.9174311926605505,0.5480443298052815,A:2;E:1;M:1;R:5;T:100
Laurasiatheria,MAFFT,59,64,ADD,other,109,0.9159663865546218,3,0.908256880733945,0.4852886330258973,G:1;Q:99;R:9
Laurasiatheria,MAFFT,60,65,ADD,other,109,0.9159663865546218,2,0.9908256880733946,0.07526826758743452,G:1;H:108
Laurasiatheria,MAFFT,61,66,ADD,other,110,0.9243697478991597,3,0.9818181818181818,0.14928834776416322,F:1;G:1;P:108
Laurasiatheria,MAFFT,62,67,ADD,other,110,0.9243697478991597,3,0.9818181818181818,0.14928834776416322,L:108;V:1;W:1
Laurasiatheria,MAFFT,63,68,ADD,other,110,0.9243697478991597,3,0.9818181818181818,0.14928834776416322,A:1;F:108;L:1
Laurasiatheria,MAFFT,64,69,ADD,other,110,0.9243697478991597,3,0.9090909090909091,0.5051268137294553,A:8;E:100;Q:2
Laurasiatheria,MAFFT,65,70,ADD,other,110,0.9243697478991597,2,0.990909090909091,0.07470433715479614,G:109;S:1
Laurasiatheria,MAFFT,66,71,ADD,other,110,0.9243697478991597,1,1.0,0.0,G:110
Laurasiatheria,MAFFT,67,72,ADD,other,119,1.0,4,0.9747899159663865,0.20972704536846148,I:1;L:1;M:116;Q:1
Laurasiatheria,MAFFT,68,73,ADD,other,119,1.0,2,0.9915966386554622,0.07001205049536138,C:118;G:1
Laurasiatheria,MAFFT,69,74,ADD,other,119,1.0,4,0.7058823529411765,1.121117121834366,A:84;F:1;S:6;T:28
Laurasiatheria,MAFFT,70,75,ADD,other,119,1.0,7,0.907563025210084,0.6676108285349894,A:3;E:1;L:3;P:108;Q:2;R:1;S:1
Laurasiatheria,MAFFT,71,76,ADD,other,119,1.0,3,0.9831932773109243,0.13992135833938618,C:117;G:1;T:1
Laurasiatheria,MAFFT,72,77,ADD,other,119,1.0,1,1.0,0.0,K:119
Laurasiatheria,MAFFT,73,78,ADD,other,119,1.0,3,0.9411764705882353,0.35756123999047634,A:1;D:112;N:6
Laurasiatheria,MAFFT,74,79,ADD,other,119,1.0,3,0.9411764705882353,0.38071155513470717,K:112;R:4;T:3
Laurasiatheria,MAFFT,75,80,ADD,other,119,1.0,2,0.9663865546218487,0.2122013275213624,F:115;Y:4
Laurasiatheria,MAFFT,76,81,ADD,other,119,1.0,2,0.9663865546218487,0.2122013275213624,L:115;R:4
Laurasiatheria,MAFFT,77,82,ADD,other,119,1.0,5,0.44537815126050423,1.6030880108925234,D:48;E:53;G:14;R:1;S:3
Laurasiatheria,MAFFT,78,83,ADD,other,119,1.0,7,0.7899159663865546,1.13180222597093,C:94;G:1;H:1;N:1;R:14;S:3;Y:5
Laurasiatheria,MAFFT,79,84,ADD,other,119,1.0,2,0.9159663865546218,0.4162348023872831,F:10;L:109
Laurasiatheria,MAFFT,80,85,ADD,other,119,1.0,2,0.9915966386554622,0.07001205049536138,F:118;L:1
Laurasiatheria,MAFFT,81,86,ADD,other,119,1.0,2,0.9915966386554622,0.07001205049536138,L:118;M:1
Laurasiatheria,MAFFT,82,87,ADD,other,119,1.0,1,1.0,0.0,Y:119
Laurasiatheria,MAFFT,83,88,ADD,other,119,1.0,1,1.0,0.0,D:119
Laurasiatheria,MAFFT,84,89,ADD,other,119,1.0,3,0.7226890756302521,0.9060886128509652,A:1;D:86;E:32
Laurasiatheria,MAFFT,85,90,ADD,other,119,1.0,1,1.0,0.0,D:119
Laurasiatheria,MAFFT,86,91,ADD,other,119,1.0,2,0.9915966386554622,0.07001205049536138,E:1;G:118
Laurasiatheria,MAFFT,87,92,ADD,other,119,1.0,4,0.9243697478991597,0.48881695268346587,C:1;H:3;N:5;Y:110
Laurasiatheria,MAFFT,88,93,ADD,other,119,1.0,2,0.8823529411764706,0.5225593745369408,L:14;Q:105
Laurasiatheria,MAFFT,89,94,ADD,other,119,1.0,1,1.0,0.0,S:119
Laurasiatheria,MAFFT,90,95,ADD,other,119,1.0,4,0.957983193277311,0.30906693039244754,C:1;F:1;H:3;Y:114
Laurasiatheria,MAFFT,91,96,ADD,other,119,1.0,1,1.0,0.0,C:119
Laurasiatheria,MAFFT,92,97,ADD,other,119,1.0,2,0.9915966386554622,0.07001205049536138,C:1;S:118
Laurasiatheria,MAFFT,93,98,ADD,other,119,1.0,2,0.8739495798319328,0.5465060858222177,I:104;V:15
Laurasiatheria,MAFFT,94,99,ADD,other,119,1.0,1,1.0,0.0,C:119
Laurasiatheria,MAFFT,95,100,ADD,other,119,1.0,3,0.957983193277311,0.28179707746945143,C:114;G:4;S:1
Laurasiatheria,MAFFT,96,101,ADD,other,119,1.0,3,0.6974789915966386,0.9397490373006445,A:83;S:35;T:1
Laurasiatheria,MAFFT,97,102,ADD,other,119,1.0,2,0.9831932773109243,0.12311463565031058,G:117;R:2
Laurasiatheria,MAFFT,98,103,ADD,other,119,1.0,5,0.7563025210084033,1.0203575432311205,D:24;E:90;N:1;Q:3;R:1
Laurasiatheria,MAFFT,99,104,ADD,other,119,1.0,2,0.9831932773109243,0.12311463565031058,I:2;T:117
Laurasiatheria,MAFFT,100,105,ADD,other,119,1.0,1,1.0,0.0,L:119
Laurasiatheria,MAFFT,101,106,ADD,other,119,1.0,1,1.0,0.0,L:119
Laurasiatheria,MAFFT,102,107,ADD,other,119,1.0,3,0.957983193277311,0.2922602077033719,I:114;L:2;V:3
Laurasiatheria,MAFFT,103,108,ADD,other,118,0.9915966386554622,1,1.0,0.0,C:118
Laurasiatheria,MAFFT,104,109,ADD,other,118,0.9915966386554622,2,0.9830508474576272,0.12394986771100759,E:116;K:2
Laurasiatheria,MAFFT,105,110,ADD,other,118,0.9915966386554622,2,0.864406779661017,0.5725804656237687,N:102;S:16
Laurasiatheria,MAFFT,106,111,ADD,other,118,0.9915966386554622,1,1.0,0.0,P:118
Laurasiatheria,MAFFT,107,112,ADD,other,118,0.9915966386554622,1,1.0,0.0,D:118
Laurasiatheria,MAFFT,108,113,ADD,other,119,1.0,1,1.0,0.0,C:119
Laurasiatheria,MAFFT,109,114,ADD,other,119,1.0,1,1.0,0.0,T:119
Laurasiatheria,MAFFT,110,115,ADD,other,119,1.0,1,1.0,0.0,R:119
Laurasiatheria,MAFFT,111,116,ADD,other,118,0.9915966386554622,1,1.0,0.0,C:118
Laurasiatheria,MAFFT,112,117,ADD,other,118,0.9915966386554622,2,0.9661016949152542,0.21357981533827733,F:4;Y:114
Laurasiatheria,MAFFT,113,118,ADD,other,118,0.9915966386554622,1,1.0,0.0,C:118
Laurasiatheria,MAFFT,114,119,ADD,other,118,0.9915966386554622,1,1.0,0.0,F:118
Laurasiatheria,MAFFT,115,120,ADD,other,118,0.9915966386554622,5,0.9152542372881356,0.5751622210921966,D:3;E:108;K:4;P:1;Q:2
Laurasiatheria,MAFFT,116,121,ADD,other,118,0.9915966386554622,1,1.0,0.0,C:118
Laurasiatheria,MAFFT,117,122,ADD,other,118,0.9915966386554622,5,0.788135593220339,1.0660772117210657,F:1;I:15;L:5;M:4;V:93
Laurasiatheria,MAFFT,118,123,ADD,other,118,0.9915966386554622,1,1.0,0.0,D:118
Laurasiatheria,MAFFT,119,124,ADD,other,118,0.9915966386554622,5,0.652542372881356,1.4035399420198253,A:8;I:1;S:27;T:77;V:5
Laurasiatheria,MAFFT,120,125,ADD,other,118,0.9915966386554622,1,1.0,0.0,L:118
Laurasiatheria,MAFFT,121,126,ADD,other,118,0.9915966386554622,2,0.9576271186440678,0.2530679372656292,A:5;V:113
Laurasiatheria,MAFFT,122,127,ADD,other,118,0.9915966386554622,3,0.8983050847457628,0.5677314545847301,A:4;G:106;S:8
Laurasiatheria,MAFFT,123,128,ADD,other,119,1.0,1,1.0,0.0,P:119
Laurasiatheria,MAFFT,124,129,ADD,other,119,1.0,4,0.957983193277311,0.31541052284760274,G:114;K:2;R:2;S:1
Laurasiatheria,MAFFT,125,130,ADD,other,119,1.0,3,0.9243697478991597,0.4246533222347287,A:8;L:1;T:110
Laurasiatheria,MAFFT,126,131,ADD,other,119,1.0,3,0.957983193277311,0.28179707746945143,A:4;M:1;S:114
Laurasiatheria,MAFFT,127,132,ADD,other,119,1.0,4,0.8067226890756303,0.8846072583063248,A:4;E:18;G:96;M:1
Laurasiatheria,MAFFT,128,133,ADD,other,119,1.0,5,0.680672268907563,1.1406350433529264,K:81;Q:1;R:33;S:1;T:3
Laurasiatheria,MAFFT,129,134,ADD,other,119,1.0,4,0.9495798319327731,0.3617496099039127,A:3;I:2;L:1;V:113
Laurasiatheria,MAFFT,130,135,ADD,other,119,1.0,3,0.7142857142857143,0.9178157842278292,H:33;Q:85;R:1
Laurasiatheria,MAFFT,131,136,ADD,other,119,1.0,3,0.9747899159663865,0.19292032267938586,A:116;L:1;T:2
Laurasiatheria,MAFFT,132,137,ADD,other,119,1.0,5,0.773109243697479,1.1160154527064972,F:1;L:4;M:92;T:6;V:16
Laurasiatheria,MAFFT,133,138,ADD,other,119,1.0,3,0.9831932773109243,0.13992135833938618,N:1;R:1;S:117
Laurasiatheria,MAFFT,134,139,ADD,other,119,1.0,6,0.8403361344537815,0.9629236962339989,E:1;H:3;N:100;Q:4;R:3;Y:8
Laurasiatheria,MAFFT,135,140,ADD,other,119,1.0,2,0.9915966386554622,0.07001205049536138,C:1;W:118
Laurasiatheria,MAFFT,136,141,ADD,other,119,1.0,3,0.957983193277311,0.28179707746945143,A:4;L:1;V:114
Laurasiatheria,MAFFT,137,142,ADD,other,119,1.0,1,1.0,0.0,C:119
Laurasiatheria,MAFFT,138,143,ADD,other,119,1.0,2,0.9915966386554622,0.07001205049536138,F:118;L:1
Laurasiatheria,MAFFT,139,144,ADD,other,119,1.0,2,0.9915966386554622,0.07001205049536138,I:1;L:118
Laurasiatheria,MAFFT,140,145,ADD,other,118,0.9915966386554622,1,1.0,0.0,C:118
Laurasiatheria,MAFFT,141,146,ADD,other,118,0.9915966386554622,2,0.9745762711864406,0.17089522427059878,L:115;R:3
Laurasiatheria,MAFFT,142,147,ADD,other,118,0.9915966386554622,3,0.9830508474576272,0.14089902025338047,P:116;S:1;T:1
Laurasiatheria,MAFFT,143,148,ADD,other,119,1.0,4,0.8907563025210085,0.582100822226352,F:106;L:1;S:11;T:1
Laurasiatheria,MAFFT,144,149,ADD,other,119,1.0,3,0.8991596638655462,0.5534633090216661,P:107;R:3;S:9
Laurasiatheria,MAFFT,145,150,ADD,other,119,1.0,7,0.8487394957983193,0.9717598831858296,C:4;H:5;L:1;N:1;Q:4;R:101;S:3
Laurasiatheria,MAFFT,146,151,ADD,other,119,1.0,6,0.865546218487395,0.8278372655876785,C:5;D:2;E:1;N:7;S:103;T:1
Laurasiatheria,MAFFT,147,152,ADD,other,119,1.0,1,1.0,0.0,G:119
Laurasiatheria,MAFFT,148,153,ADD,other,119,1.0,2,0.9831932773109243,0.12311463565031058,L:117;R:2
Laurasiatheria,MAFFT,149,154,ADD,other,119,1.0,1,1.0,0.0,L:119
Laurasiatheria,MAFFT,150,155,ADD,other,119,1.0,4,0.6890756302521008,1.2277764657899226,H:12;Q:82;R:24;W:1
Laurasiatheria,MAFFT,151,156,ADD,other,119,1.0,3,0.957983193277311,0.28179707746945143,Q:4;R:114;T:1
Laurasiatheria,MAFFT,152,157,ADD,other,119,1.0,2,0.9915966386554622,0.07001205049536138,R:118;V:1
Laurasiatheria,MAFFT,153,158,ADD,other,119,1.0,8,0.5378151260504201,1.6671168831031695,A:1;D:1;K:40;N:2;P:5;Q:5;R:64;W:1
Laurasiatheria,MAFFT,154,159,ADD,other,119,1.0,5,0.957983193277311,0.3322172455366783,F:1;K:114;Q:1;R:2;T:1
Laurasiatheria,MAFFT,155,160,ADD,other,119,1.0,1,1.0,0.0,W:119
Laurasiatheria,MAFFT,156,161,ADD,other,119,1.0,4,0.9663865546218487,0.2626214955885893,K:1;Q:1;R:115;W:2
Laurasiatheria,MAFFT,157,162,ADD,other,119,1.0,8,0.6722689075630253,1.6402291292127928,A:5;E:12;G:80;M:1;Q:1;S:5;T:14;V:1
Laurasiatheria,MAFFT,158,163,ADD,other,119,1.0,5,0.680672268907563,1.3517629479467992,C:2;G:11;Q:2;R:23;W:81
Laurasiatheria,MAFFT,159,164,ADD,other,119,1.0,2,0.9915966386554622,0.07001205049536138,L:118;Q:1
Laurasiatheria,MAFFT,160,165,ADD,other,119,1.0,2,0.9915966386554622,0.07001205049536138,K:118;P:1
Laurasiatheria,MAFFT,161,166,ADD,other,119,1.0,3,0.9831932773109243,0.13992135833938618,A:117;D:1;G:1
Laurasiatheria,MAFFT,162,167,ADD,other,119,1.0,2,0.957983193277311,0.25146396423889,F:114;L:5
Laurasiatheria,MAFFT,163,168,ADD,other,119,1.0,4,0.5126050420168067,1.1658281680542264,C:61;F:2;R:1;Y:55
Laurasiatheria,MAFFT,164,169,ADD,other,119,1.0,2,0.9915966386554622,0.07001205049536138,D:118;H:1
Laurasiatheria,MAFFT,165,170,ADD,other,119,1.0,5,0.680672268907563,1.3009060695365142,G:13;L:1;Q:23;R:81;S:1
Laurasiatheria,MAFFT,166,171,ADD,other,119,1.0,4,0.9327731092436975,0.44280262348190513,D:5;E:111;P:1;Q:2
Laurasiatheria,MAFFT,167,172,ADD,other,119,1.0,7,0.4789915966386555,1.3512328352187324,A:56;L:2;P:1;Q:1;S:57;T:1;V:1
Laurasiatheria,MAFFT,168,173,ADD,other,118,0.9915966386554622,7,0.7796610169491526,1.2505585092020468,A:4;D:11;E:92;G:2;H:1;K:3;N:5
Laurasiatheria,MAFFT,169,174,linker,other,119,1.0,7,0.6386554621848739,1.4048387972529734,A:1;C:2;H:1;K:2;N:33;S:76;T:4
Laurasiatheria,MAFFT,170,175,linker,other,114,0.957983193277311,5,0.8508771929824561,0.7496047983668657,A:1;G:1;P:97;S:1;T:14
Laurasiatheria,MAFFT,171,176,linker,other,119,1.0,4,0.957983193277311,0.30906693039244754,F:1;L:114;P:1;Q:3
Laurasiatheria,MAFFT,172,177,linker,other,119,1.0,3,0.9495798319327731,0.3209533664394308,E:113;Q:1;V:5
Laurasiatheria,MAFFT,173,178,C_terminal_MTase_like,other,119,1.0,3,0.6890756302521008,0.9499726840591527,I:1;M:82;T:36
Laurasiatheria,MAFFT,174,179,C_terminal_MTase_like,other,119,1.0,3,0.957983193277311,0.2922602077033719,F:3;H:2;Y:114
Laurasiatheria,MAFFT,175,180,C_terminal_MTase_like,other,119,1.0,3,0.9159663865546218,0.49782728931624687,A:6;E:4;K:109
Laurasiatheria,MAFFT,176,181,C_terminal_MTase_like,other,119,1.0,2,0.957983193277311,0.25146396423889,I:5;T:114
Laurasiatheria,MAFFT,177,182,C_terminal_MTase_like,other,119,1.0,1,1.0,0.0,V:119
Laurasiatheria,MAFFT,178,183,C_terminal_MTase_like,other,119,1.0,2,0.9831932773109243,0.12311463565031058,P:117;S:2
Laurasiatheria,MAFFT,179,184,C_terminal_MTase_like,other,119,1.0,4,0.8991596638655462,0.6007971582715909,A:7;E:1;M:4;V:107
Laurasiatheria,MAFFT,180,185,C_terminal_MTase_like,other,119,1.0,2,0.9831932773109243,0.12311463565031058,C:2;W:117
Laurasiatheria,MAFFT,181,186,C_terminal_MTase_like,other,119,1.0,2,0.9831932773109243,0.12311463565031058,K:117;R:2
Laurasiatheria,MAFFT,182,187,C_terminal_MTase_like,other,119,1.0,1,1.0,0.0,R:119
Laurasiatheria,MAFFT,183,188,C_terminal_MTase_like,other,119,1.0,5,0.9495798319327731,0.3848999250481435,E:113;G:1;K:1;Q:2;R:2
Laurasiatheria,MAFFT,184,189,C_terminal_MTase_like,other,119,1.0,1,1.0,0.0,P:119
Laurasiatheria,MAFFT,185,190,C_terminal_MTase_like,other,119,1.0,3,0.7142857142857143,0.9553368425373163,I:32;L:2;V:85
Laurasiatheria,MAFFT,186,191,C_terminal_MTase_like,other,119,1.0,1,1.0,0.0,R:119
Laurasiatheria,MAFFT,187,192,C_terminal_MTase_like,other,119,1.0,2,0.9831932773109243,0.12311463565031058,A:2;V:117
Laurasiatheria,MAFFT,188,193,C_terminal_MTase_like,other,119,1.0,1,1.0,0.0,L:119
Laurasiatheria,MAFFT,189,194,C_terminal_MTase_like,other,119,1.0,4,0.957983193277311,0.31541052284760274,A:1;C:2;S:114;T:2
Laurasiatheria,MAFFT,190,195,C_terminal_MTase_like,other,119,1.0,2,0.9915966386554622,0.07001205049536138,L:118;V:1
Laurasiatheria,MAFFT,191,196,C_terminal_MTase_like,other,119,1.0,1,1.0,0.0,F:119
Laurasiatheria,MAFFT,192,197,C_terminal_MTase_like,other,119,1.0,2,0.9915966386554622,0.07001205049536138,G:118;R:1
Laurasiatheria,MAFFT,193,198,C_terminal_MTase_like,other,119,1.0,4,0.8067226890756303,0.9303972545376259,D:96;E:5;K:2;N:16
Laurasiatheria,MAFFT,194,199,C_terminal_MTase_like,other,119,1.0,1,1.0,0.0,I:119
Laurasiatheria,MAFFT,195,200,C_terminal_MTase_like,other,119,1.0,4,0.5042016806722689,1.384641992551639,E:1;G:10;K:60;R:48
Laurasiatheria,MAFFT,196,201,C_terminal_MTase_like,other,119,1.0,7,0.5966386554621849,1.7354293587795488,A:2;D:1;K:71;N:21;P:2;R:17;T:5
Laurasiatheria,MAFFT,197,202,C_terminal_MTase_like,other,119,1.0,1,1.0,0.0,E:119
Laurasiatheria,MAFFT,198,203,C_terminal_MTase_like,other,119,1.0,1,1.0,0.0,L:119
Laurasiatheria,MAFFT,199,204,C_terminal_MTase_like,other,119,1.0,8,0.46218487394957986,1.947582241968277,A:5;E:5;K:1;L:1;M:38;R:1;T:55;V:13
Laurasiatheria,MAFFT,200,205,C_terminal_MTase_like,other,119,1.0,2,0.9831932773109243,0.12311463565031058,S:117;T:2
Laurasiatheria,MAFFT,201,206,C_terminal_MTase_like,other,119,1.0,1,1.0,0.0,L:119
Laurasiatheria,MAFFT,202,207,C_terminal_MTase_like,other,119,1.0,1,1.0,0.0,G:119
Laurasiatheria,MAFFT,203,208,C_terminal_MTase_like,other,119,1.0,2,0.9915966386554622,0.07001205049536138,F:118;L:1
Laurasiatheria,MAFFT,204,209,C_terminal_MTase_like,other,119,1.0,1,1.0,0.0,L:119
Laurasiatheria,MAFFT,205,210,C_terminal_MTase_like,other,118,0.9915966386554622,3,0.9745762711864406,0.1942417285262214,D:1;E:115;W:2
Laurasiatheria,MAFFT,206,211,C_terminal_MTase_like,other,119,1.0,10,0.21008403361344538,2.9933949505205177,D:25;E:1;G:6;H:11;N:21;P:14;R:4;S:20;T:5;Y:12
Laurasiatheria,MAFFT,207,212,C_terminal_MTase_like,other,119,1.0,5,0.8907563025210085,0.6799779301964661,A:1;D:2;G:106;I:3;V:7
Laurasiatheria,MAFFT,208,213,C_terminal_MTase_like,other,119,1.0,4,0.9243697478991597,0.49516054513862107,A:5;F:2;P:2;S:110
Laurasiatheria,MAFFT,209,214,C_terminal_MTase_like,other,119,1.0,7,0.2605042016806723,2.541698309292236,A:14;D:21;E:31;G:25;K:20;N:5;T:3
Laurasiatheria,MAFFT,210,215,C_terminal_MTase_like,other,119,1.0,6,0.7310924369747899,1.3727735148811362,A:2;L:9;P:87;R:3;S:14;T:4
Laurasiatheria,MAFFT,211,216,C_terminal_MTase_like,other,119,1.0,4,0.9411764705882353,0.40386187027893794,A:4;D:1;E:2;G:112
Laurasiatheria,MAFFT,212,217,C_terminal_MTase_like,other,119,1.0,7,0.5210084033613446,1.8776894993729134,G:17;K:29;N:4;Q:3;R:62;S:1;T:3
Laurasiatheria,MAFFT,213,218,C_terminal_MTase_like,other,119,1.0,3,0.9747899159663865,0.19292032267938586,L:116;P:1;R:2
Laurasiatheria,MAFFT,214,219,C_terminal_MTase_like,other,119,1.0,2,0.8487394957983193,0.612985748317247,K:101;R:18
Laurasiatheria,MAFFT,215,220,C_terminal_MTase_like,other,119,1.0,2,0.9327731092436975,0.35548867788893707,H:111;Y:8
Laurasiatheria,MAFFT,216,221,C_terminal_MTase_like,other,119,1.0,2,0.9831932773109243,0.12311463565031058,L:117;V:2
Laurasiatheria,MAFFT,217,222,C_terminal_MTase_like,other,119,1.0,6,0.8571428571428571,0.8835381634486494,A:2;D:102;E:8;G:2;H:3;S:2
Laurasiatheria,MAFFT,218,223,C_terminal_MTase_like,other,119,1.0,2,0.9915966386554622,0.07001205049536138,D:118;E:1
Laurasiatheria,MAFFT,219,224,C_terminal_MTase_like,other,119,1.0,3,0.8823529411764706,0.5662337659064555,A:13;T:1;V:105
Laurasiatheria,MAFFT,220,225,C_terminal_MTase_like,other,119,1.0,1,1.0,0.0,T:119
Laurasiatheria,MAFFT,221,226,C_terminal_MTase_like,other,119,1.0,3,0.5630252100840336,1.0484171901884727,D:51;E:1;N:67
Laurasiatheria,MAFFT,222,227,C_terminal_MTase_like,other,119,1.0,3,0.8067226890756303,0.8796254563866476,I:16;T:7;V:96
Laurasiatheria,MAFFT,223,228,C_terminal_MTase_like,other,119,1.0,3,0.9831932773109243,0.13992135833938618,A:1;M:1;V:117
Laurasiatheria,MAFFT,224,229,C_terminal_MTase_like,other,119,1.0,1,1.0,0.0,R:119
Laurasiatheria,MAFFT,225,230,C_terminal_MTase_like,other,119,1.0,2,0.8571428571428571,0.5916727785823275,K:17;R:102
Laurasiatheria,MAFFT,226,231,C_terminal_MTase_like,other,119,1.0,5,0.8907563025210085,0.6665860978987073,D:106;E:2;H:1;N:8;S:2
Laurasiatheria,MAFFT,227,232,C_terminal_MTase_like,other,119,1.0,2,0.8823529411764706,0.5225593745369408,I:14;V:105
Laurasiatheria,MAFFT,228,233,C_terminal_MTase_like,other,119,1.0,5,0.7983193277310925,0.874860211460935,D:21;E:95;K:1;Q:1;V:1
Laurasiatheria,MAFFT,229,234,C_terminal_MTase_like,other,119,1.0,9,0.35294117647058826,2.114822377055809,A:26;D:2;E:42;G:39;H:4;K:2;Q:1;S:2;V:1
Laurasiatheria,MAFFT,230,235,C_terminal_MTase_like,other,119,1.0,1,1.0,0.0,W:119
Laurasiatheria,MAFFT,231,236,C_terminal_MTase_like,other,119,1.0,2,0.9915966386554622,0.07001205049536138,G:118;V:1
Laurasiatheria,MAFFT,232,237,C_terminal_MTase_like,other,119,1.0,2,0.9831932773109243,0.12311463565031058,P:117;S:2
Laurasiatheria,MAFFT,233,238,C_terminal_MTase_like,other,119,1.0,1,1.0,0.0,F:119
Laurasiatheria,MAFFT,234,239,C_terminal_MTase_like,other,119,1.0,2,0.957983193277311,0.25146396423889,D:114;N:5
Laurasiatheria,MAFFT,235,240,C_terminal_MTase_like,other,119,1.0,1,1.0,0.0,L:119
Laurasiatheria,MAFFT,236,241,C_terminal_MTase_like,other,119,1.0,6,0.5462184873949579,1.636797254603526,A:24;I:1;L:2;M:1;T:26;V:65
Laurasiatheria,MAFFT,237,242,C_terminal_MTase_like,other,119,1.0,2,0.9831932773109243,0.12311463565031058,F:2;Y:117
Laurasiatheria,MAFFT,238,243,C_terminal_MTase_like,other,119,1.0,2,0.9915966386554622,0.07001205049536138,G:118;S:1
Laurasiatheria,MAFFT,239,244,C_terminal_MTase_like,other,119,1.0,3,0.8319327731092437,0.8164492305639499,A:8;C:12;S:99
Laurasiatheria,MAFFT,240,245,C_terminal_MTase_like,other,119,1.0,2,0.9831932773109243,0.12311463565031058,M:2;T:117
Laurasiatheria,MAFFT,241,246,C_terminal_MTase_like,other,119,1.0,3,0.9831932773109243,0.13992135833938618,L:1;P:117;S:1
Laurasiatheria,MAFFT,242,247,C_terminal_MTase_like,other,119,1.0,6,0.6050420168067226,1.5987500826153278,A:27;H:3;L:1;P:72;R:3;T:13
Laurasiatheria,MAFFT,243,248,C_terminal_MTase_like,other,119,1.0,8,0.7226890756302521,1.4468324409652238,F:2;I:7;L:86;P:2;Q:1;R:4;T:1;V:16
Laurasiatheria,MAFFT,244,249,C_terminal_MTase_like,other,119,1.0,3,0.9495798319327731,0.3344797569809166,G:113;H:2;R:4
Laurasiatheria,MAFFT,245,250,C_terminal_MTase_like,other,119,1.0,3,0.7394957983193278,0.9174107776038951,H:88;Q:29;R:2
Laurasiatheria,MAFFT,246,251,C_terminal_MTase_like,other,119,1.0,4,0.7647058823529411,0.9536135634965774,A:91;I:1;P:3;T:24
Laurasiatheria,MAFFT,247,252,C_terminal_MTase_like,other,119,1.0,6,0.9159663865546218,0.6050112179058559,A:2;C:109;F:2;H:1;R:3;Y:2
Laurasiatheria,MAFFT,248,253,C_terminal_MTase_like,other,119,1.0,7,0.773109243697479,1.2218739873374524,A:2;D:92;G:4;H:1;N:5;S:14;V:1
Laurasiatheria,MAFFT,249,254,C_terminal_MTase_like,other,119,1.0,3,0.6722689075630253,1.2401670721805118,H:80;Q:19;R:20
Laurasiatheria,MAFFT,250,255,C_terminal_MTase_like,other,119,1.0,2,0.9747899159663865,0.16977000753515503,P:116;S:3
Laurasiatheria,MAFFT,251,256,C_terminal_MTase_like,other,119,1.0,1,1.0,0.0,P:119
Laurasiatheria,MAFFT,252,257,C_terminal_MTase_like,other,119,1.0,4,0.453781512605042,1.5696955860617545,A:44;C:2;G:54;V:19
Laurasiatheria,MAFFT,253,258,C_terminal_MTase_like,other,119,1.0,2,0.9915966386554622,0.07001205049536138,G:1;W:118
Laurasiatheria,MAFFT,254,259,C_terminal_MTase_like,other,119,1.0,3,0.8823529411764706,0.6107470518615855,F:11;H:3;Y:105
Laurasiatheria,MAFFT,255,260,C_terminal_MTase_like,other,119,1.0,2,0.7983193277310925,0.7252767313016595,L:95;V:24
Laurasiatheria,MAFFT,256,261,C_terminal_MTase_like,other,119,1.0,3,0.4957983193277311,1.4629553632609655,F:59;L:20;Y:40
Laurasiatheria,MAFFT,257,262,C_terminal_MTase_like,other,118,0.9915966386554622,2,0.9915254237288136,0.07050175960541472,H:1;Q:117
Laurasiatheria,MAFFT,258,263,C_terminal_MTase_like,other,119,1.0,2,0.9663865546218487,0.2122013275213624,F:115;Y:4
Laurasiatheria,MAFFT,259,264,C_terminal_MTase_like,other,119,1.0,2,0.9831932773109243,0.12311463565031058,H:117;R:2
Laurasiatheria,MAFFT,260,265,C_terminal_MTase_like,other,119,1.0,1,1.0,0.0,R:119
Laurasiatheria,MAFFT,261,266,C_terminal_MTase_like,other,119,1.0,3,0.5714285714285714,1.232515671883848,I:68;L:7;V:44
Laurasiatheria,MAFFT,262,267,C_terminal_MTase_like,other,119,1.0,1,1.0,0.0,L:119
Laurasiatheria,MAFFT,263,268,C_terminal_MTase_like,other,119,1.0,2,0.8487394957983193,0.612985748317247,Q:101;R:18
Laurasiatheria,MAFFT,264,269,C_terminal_MTase_like,other,119,1.0,2,0.9915966386554622,0.07001205049536138,F:1;Y:118
Laurasiatheria,MAFFT,265,270,C_terminal_MTase_like,other,119,1.0,3,0.9327731092436975,0.4100283837349292,A:111;S:6;V:2
Laurasiatheria,MAFFT,266,271,C_terminal_MTase_like,other,119,1.0,4,0.9327731092436975,0.442802623481905,K:5;M:1;Q:2;R:111
Laurasiatheria,MAFFT,267,272,C_terminal_MTase_like,other,117,0.9831932773109243,1,1.0,0.0,P:117
Laurasiatheria,MAFFT,268,273,C_terminal_MTase_like,other,117,0.9831932773109243,9,0.6752136752136753,1.6899218730496794,A:2;G:1;K:1;L:15;P:6;Q:8;R:79;S:4;W:1
Laurasiatheria,MAFFT,269,274,C_terminal_MTase_like,other,119,1.0,7,0.8739495798319328,0.8372906146804343,A:1;F:1;L:4;P:104;Q:4;R:4;S:1
Laurasiatheria,MAFFT,270,275,C_terminal_MTase_like,other,119,1.0,5,0.773109243697479,1.0950891922386563,A:16;C:2;G:92;R:1;S:8
Laurasiatheria,MAFFT,271,276,C_terminal_MTase_like,other,119,1.0,4,0.7394957983193278,1.1771561656243272,C:7;G:5;R:19;S:88
Laurasiatheria,MAFFT,272,277,C_terminal_MTase_like,other,118,0.9915966386554622,7,0.6271186440677966,1.4802192643186027,A:1;L:1;P:74;Q:31;R:7;S:3;T:1
Laurasiatheria,MAFFT,273,278,C_terminal_MTase_like,other,119,1.0,4,0.8571428571428571,0.7108652104516495,K:1;L:2;Q:102;R:14
Laurasiatheria,MAFFT,274,279,C_terminal_MTase_like,other,119,1.0,2,0.9747899159663865,0.16977000753515503,A:3;P:116
Laurasiatheria,MAFFT,275,280,C_terminal_MTase_like,other,119,1.0,2,0.9915966386554622,0.07001205049536138,C:1;F:118
Laurasiatheria,MAFFT,276,281,C_terminal_MTase_like,other,119,1.0,1,1.0,0.0,F:119
Laurasiatheria,MAFFT,277,282,C_terminal_MTase_like,other,119,1.0,1,1.0,0.0,W:119
Laurasiatheria,MAFFT,278,283,C_terminal_MTase_like,other,119,1.0,3,0.9663865546218487,0.2394711804443585,A:1;I:3;M:115
Laurasiatheria,MAFFT,279,284,C_terminal_MTase_like,other,119,1.0,1,1.0,0.0,F:119
Laurasiatheria,MAFFT,280,285,C_terminal_MTase_like,other,119,1.0,3,0.957983193277311,0.2922602077033719,A:2;M:3;V:114
Laurasiatheria,MAFFT,281,286,C_terminal_MTase_like,other,119,1.0,1,1.0,0.0,D:119
Laurasiatheria,MAFFT,282,287,C_terminal_MTase_like,other,119,1.0,3,0.957983193277311,0.2922602077033719,H:2;N:114;S:3
Laurasiatheria,MAFFT,283,288,C_terminal_MTase_like,other,119,1.0,1,1.0,0.0,L:119
Laurasiatheria,MAFFT,284,289,C_terminal_MTase_like,other,119,1.0,4,0.8823529411764706,0.6338973670058163,A:1;L:11;M:2;V:105
Laurasiatheria,MAFFT,285,290,C_terminal_MTase_like,other,119,1.0,3,0.9747899159663865,0.19292032267938586,F:2;L:116;M:1
Laurasiatheria,MAFFT,286,291,C_terminal_MTase_like,other,119,1.0,6,0.7563025210084033,1.0094128606689616,A:1;G:1;N:1;R:1;S:25;T:90
Laurasiatheria,MAFFT,287,292,C_terminal_MTase_like,other,119,1.0,6,0.3865546218487395,1.8477565721093028,E:42;K:24;N:1;P:2;Q:46;R:4
Laurasiatheria,MAFFT,288,293,C_terminal_MTase_like,other,119,1.0,2,0.6218487394957983,0.9567258440526691,D:74;E:45
Laurasiatheria,MAFFT,289,294,C_terminal_MTase_like,other,119,1.0,5,0.9327731092436975,0.47313573671246645,D:111;E:4;N:2;S:1;T:1
Laurasiatheria,MAFFT,290,295,C_terminal_MTase_like,other,119,1.0,6,0.5546218487394958,1.7844264635874396,C:2;H:9;L:21;Q:20;R:66;Y:1
Laurasiatheria,MAFFT,291,296,C_terminal_MTase_like,other,119,1.0,8,0.29411764705882354,2.536287892711981,A:21;D:24;H:2;I:8;R:3;S:4;T:35;V:22
Laurasiatheria,MAFFT,292,297,C_terminal_MTase_like,other,119,1.0,4,0.8739495798319328,0.7016690559626393,A:5;I:9;T:1;V:104
Laurasiatheria,MAFFT,293,298,C_terminal_MTase_like,other,119,1.0,1,1.0,0.0,A:119
Laurasiatheria,MAFFT,294,299,C_terminal_MTase_like,other,119,1.0,2,0.9831932773109243,0.12311463565031058,S:2;T:117
Laurasiatheria,MAFFT,295,300,C_terminal_MTase_like,other,119,1.0,1,1.0,0.0,R:119
Laurasiatheria,MAFFT,296,301,C_terminal_MTase_like,other,119,1.0,1,1.0,0.0,F:119
Laurasiatheria,MAFFT,297,302,C_terminal_MTase_like,other,119,1.0,1,1.0,0.0,L:119
Laurasiatheria,MAFFT,298,303,C_terminal_MTase_like,other,119,1.0,1,1.0,0.0,E:119
Laurasiatheria,MAFFT,299,304,C_terminal_MTase_like,other,119,1.0,8,0.5294117647058824,1.6288269470487131,A:43;G:1;I:3;M:4;Q:1;S:2;T:63;V:2
Laurasiatheria,MAFFT,300,305,C_terminal_MTase_like,other,119,1.0,6,0.8235294117647058,0.9213310098842613,D:98;E:15;K:2;N:1;S:2;W:1
Laurasiatheria,MAFFT,301,306,C_terminal_MTase_like,other,118,0.9915966386554622,3,0.9745762711864406,0.1942417285262214,A:2;P:115;R:1
Laurasiatheria,MAFFT,302,307,C_terminal_MTase_like,other,118,0.9915966386554622,4,0.9661016949152542,0.264427272965396,A:1;G:2;P:1;V:114
Laurasiatheria,MAFFT,303,308,C_terminal_MTase_like,other,118,0.9915966386554622,3,0.9745762711864406,0.1942417285262214,G:1;P:2;T:115
Laurasiatheria,MAFFT,304,309,C_terminal_MTase_like,other,118,0.9915966386554622,5,0.9491525423728814,0.387526513171573,G:1;H:1;I:112;L:2;V:2
Laurasiatheria,MAFFT,305,310,C_terminal_MTase_like,other,119,1.0,5,0.907563025210084,0.5995447321475115,A:1;L:4;Q:108;R:5;S:1
Laurasiatheria,MAFFT,306,311,C_terminal_MTase_like,other,116,0.9747899159663865,7,0.853448275862069,0.9273103930389119,A:1;D:99;E:7;G:2;H:4;P:2;R:1
Laurasiatheria,MAFFT,307,312,C_terminal_MTase_like,other,116,0.9747899159663865,6,0.7327586206896551,1.3052090804365661,A:6;F:2;I:18;L:2;T:3;V:85
Laurasiatheria,MAFFT,308,313,C_terminal_MTase_like,other,116,0.9747899159663865,6,0.5086206896551724,1.7727649777088934,C:59;G:3;H:12;R:35;S:1;Y:6
Laurasiatheria,MAFFT,309,314,C_terminal_MTase_like,other,115,0.9663865546218487,4,0.9565217391304348,0.32418945539904853,D:2;G:110;P:1;S:2
Laurasiatheria,MAFFT,310,315,C_terminal_MTase_like,other,115,0.9663865546218487,7,0.6869565217391305,1.501768275996793,C:9;G:1;K:1;Q:8;R:79;S:16;T:1
Laurasiatheria,MAFFT,311,316,C_terminal_MTase_like,other,115,0.9663865546218487,7,0.6608695652173913,1.2903379551033969,A:32;L:2;P:1;R:1;S:2;T:76;V:1
Laurasiatheria,MAFFT,312,317,C_terminal_MTase_like,other,115,0.9663865546218487,7,0.5391304347826087,1.6072133290654096,A:2;I:40;L:2;P:3;S:1;T:5;V:62
Laurasiatheria,MAFFT,313,318,C_terminal_MTase_like,other,115,0.9663865546218487,7,0.5826086956521739,1.366467373118182,H:1;L:1;P:2;Q:67;R:41;T:1;W:2
Laurasiatheria,MAFFT,314,319,C_terminal_MTase_like,other,119,1.0,7,0.8235294117647058,0.9658721025340204,A:1;D:14;G:1;K:1;N:98;R:2;S:2
Laurasiatheria,MAFFT,315,320,C_terminal_MTase_like,other,119,1.0,4,0.957983193277311,0.31541052284760274,A:114;G:1;P:2;T:2
Laurasiatheria,MAFFT,316,321,C_terminal_MTase_like,other,119,1.0,4,0.957983193277311,0.3090669303924475,A:3;G:1;P:1;V:114
Laurasiatheria,MAFFT,317,322,C_terminal_MTase_like,other,118,0.9915966386554622,5,0.8305084745762712,0.9091620730365778,G:1;H:98;L:5;N:2;R:12
Laurasiatheria,MAFFT,318,323,C_terminal_MTase_like,other,119,1.0,4,0.957983193277311,0.3090669303924475,G:1;L:3;P:1;V:114
Laurasiatheria,MAFFT,319,324,C_terminal_MTase_like,other,119,1.0,3,0.9831932773109243,0.13992135833938618,L:1;W:117;Y:1
Laurasiatheria,MAFFT,320,325,C_terminal_MTase_like,other,119,1.0,4,0.9663865546218487,0.26262149558858927,A:1;Q:1;S:115;T:2
Laurasiatheria,MAFFT,321,326,C_terminal_MTase_like,other,119,1.0,5,0.9663865546218487,0.2794282182776649,D:1;L:1;N:115;R:1;S:1
Laurasiatheria,MAFFT,322,327,C_terminal_MTase_like,other,119,1.0,5,0.865546218487395,0.7030927999826855,A:1;I:103;R:1;S:1;V:13
Laurasiatheria,MAFFT,323,328,C_terminal_MTase_like,other,119,1.0,2,0.9915966386554622,0.07001205049536138,A:1;P:118
Laurasiatheria,MAFFT,324,329,C_terminal_MTase_like,other,119,1.0,4,0.9747899159663865,0.20972704536846148,A:116;D:1;E:1;S:1
Laurasiatheria,MAFFT,325,330,C_terminal_MTase_like,other,118,0.9915966386554622,6,0.9322033898305084,0.5037917274137395,A:2;C:1;L:3;M:1;P:1;V:110
Laurasiatheria,MAFFT,326,331,C_terminal_MTase_like,other,118,0.9915966386554622,6,0.5,1.2907797864027228,E:1;G:2;K:59;L:1;R:54;S:1
Laurasiatheria,MAFFT,327,333,C_terminal_MTase_like,other,116,0.9747899159663865,5,0.9224137931034483,0.5361105852575486,A:2;C:1;G:2;R:4;S:107
Laurasiatheria,MAFFT,328,334,C_terminal_MTase_like,other,117,0.9831932773109243,5,0.8888888888888888,0.6534839016376406,K:9;P:2;Q:1;R:104;S:1
Laurasiatheria,MAFFT,329,335,C_terminal_MTase_like,other,116,0.9747899159663865,7,0.9396551724137931,0.4809802071906326,A:2;D:1;H:109;L:1;R:1;V:1;W:1
Laurasiatheria,MAFFT,330,336,C_terminal_MTase_like,other,117,0.9831932773109243,10,0.8888888888888888,0.8395902051488999,A:2;C:1;E:1;L:3;Q:1;R:1;S:104;T:2;V:1;Y:1
Laurasiatheria,MAFFT,331,337,C_terminal_MTase_like,other,117,0.9831932773109243,6,0.9145299145299145,0.6025273901396206,A:107;D:2;E:2;G:4;Q:1;T:1
Laurasiatheria,MAFFT,332,338,C_terminal_MTase_like,other,117,0.9831932773109243,6,0.8547008547008547,0.8777108180480547,F:1;H:1;K:3;L:100;P:8;Q:4
Laurasiatheria,MAFFT,333,339,C_terminal_MTase_like,other,118,0.9915966386554622,12,0.4322033898305085,2.401726282056484,A:21;C:1;D:25;E:2;F:3;G:4;L:5;P:1;S:3;T:1;V:51;W:1
Laurasiatheria,MAFFT,334,340,C_terminal_MTase_like,other,118,0.9915966386554622,5,0.652542372881356,1.2041051745603053,A:1;G:4;L:1;P:35;S:77
Laurasiatheria,MAFFT,335,341,C_terminal_MTase_like,switching_helix,118,0.9915966386554622,9,0.6779661016949152,1.5892817722163075,C:2;E:2;G:3;H:4;K:1;N:2;P:2;Q:80;R:22
Laurasiatheria,MAFFT,336,342,C_terminal_MTase_like,switching_helix,118,0.9915966386554622,10,0.7966101694915254,1.237006609847365,A:1;C:1;D:11;E:94;F:1;K:4;Q:2;R:1;S:1;T:2
Laurasiatheria,MAFFT,337,343,C_terminal_MTase_like,switching_helix,117,0.9831932773109243,5,0.8376068376068376,0.8118610985798302,A:15;E:98;G:2;L:1;S:1
Laurasiatheria,MAFFT,338,344,C_terminal_MTase_like,switching_helix,117,0.9831932773109243,10,0.7692307692307693,1.425598235798467,A:5;C:2;F:2;G:1;I:2;L:90;Q:1;R:1;S:6;V:7
Laurasiatheria,MAFFT,339,345,C_terminal_MTase_like,switching_helix,117,0.9831932773109243,9,0.7350427350427351,1.451058229663421,A:7;C:1;D:1;F:9;L:1;P:1;S:86;T:10;V:1
Laurasiatheria,MAFFT,340,346,C_terminal_MTase_like,switching_helix,119,1.0,8,0.8151260504201681,1.0695144380910926,A:1;I:1;L:97;P:2;Q:1;R:4;S:12;W:1
Laurasiatheria,MAFFT,341,347,C_terminal_MTase_like,switching_helix,119,1.0,8,0.8403361344537815,1.0047762171696806,A:2;C:1;F:2;L:100;M:2;P:1;Q:2;R:9
Laurasiatheria,MAFFT,342,348,C_terminal_MTase_like,switching_helix,119,1.0,6,0.9159663865546218,0.5945480876719355,A:109;G:2;P:1;S:4;T:1;V:2
Laurasiatheria,MAFFT,343,349,C_terminal_MTase_like,switching_helix,119,1.0,7,0.7394957983193278,1.431132146484947,G:2;H:4;P:9;Q:88;R:10;S:2;W:4
Laurasiatheria,MAFFT,344,350,C_terminal_MTase_like,switching_helix,119,1.0,9,0.8403361344537815,1.0629248267372773,A:4;D:100;E:2;G:5;N:4;P:1;R:1;S:1;Y:1
Laurasiatheria,MAFFT,345,351,C_terminal_MTase_like,switching_helix,119,1.0,6,0.9159663865546218,0.5945480876719353,G:4;P:2;Q:2;R:109;S:1;W:1
Laurasiatheria,MAFFT,346,352,C_terminal_MTase_like,switching_helix,119,1.0,8,0.7899159663865546,1.1684789316566464,A:4;K:1;L:2;P:2;Q:94;R:14;T:1;V:1
Laurasiatheria,MAFFT,347,353,C_terminal_MTase_like,switching_helix,119,1.0,7,0.8991596638655462,0.7259786452652025,A:3;D:2;E:2;K:2;P:1;R:107;W:2
Laurasiatheria,MAFFT,348,354,C_terminal_MTase_like,switching_helix,119,1.0,8,0.5042016806722689,2.0860735202081893,A:60;L:2;M:19;N:1;P:2;S:3;T:18;V:14
Laurasiatheria,MAFFT,349,355,C_terminal_MTase_like,switching_helix,118,0.9915966386554622,7,0.847457627118644,0.8707348376150079,A:1;K:100;L:1;P:1;R:12;S:1;V:2
Laurasiatheria,MAFFT,350,356,C_terminal_MTase_like,switching_helix_adjacent_loop,118,0.9915966386554622,7,0.6949152542372882,1.4623278345015183,A:10;G:2;L:4;N:1;P:82;R:1;S:18
Laurasiatheria,MAFFT,351,357,C_terminal_MTase_like,switching_helix_adjacent_loop,119,1.0,5,0.8487394957983193,0.911093656724707,A:5;L:5;P:101;R:3;S:5
Laurasiatheria,MAFFT,352,358,C_terminal_MTase_like,switching_helix_adjacent_loop,119,1.0,10,0.46218487394957986,2.1511287189134496,A:55;G:4;H:2;I:1;L:6;N:1;R:4;S:6;T:37;V:3
Laurasiatheria,MAFFT,353,359,C_terminal_MTase_like,switching_helix_adjacent_loop,116,0.9747899159663865,6,0.7413793103448276,1.2395851361930132,A:5;L:2;P:19;Q:86;R:3;S:1
Laurasiatheria,MAFFT,354,360,C_terminal_MTase_like,switching_helix_adjacent_loop,118,0.9915966386554622,7,0.8898305084745762,0.7702664234174915,D:3;E:3;G:105;N:1;P:1;R:2;S:3
Laurasiatheria,MAFFT,355,361,C_terminal_MTase_like,other,119,1.0,3,0.9411764705882353,0.35756123999047634,A:6;P:112;R:1
Laurasiatheria,MAFFT,356,362,C_terminal_MTase_like,other,117,0.9831932773109243,7,0.8632478632478633,0.859815597702253,A:101;G:2;H:1;M:1;P:1;S:3;T:8
Laurasiatheria,MAFFT,357,363,C_terminal_MTase_like,other,117,0.9831932773109243,14,0.3333333333333333,2.6396367695068603,A:7;C:1;E:1;F:1;G:2;K:39;M:17;N:1;P:1;Q:5;R:7;S:1;T:33;V:1
Laurasiatheria,MAFFT,358,364,C_terminal_MTase_like,other,117,0.9831932773109243,5,0.9487179487179487,0.3837403720019924,A:3;C:1;L:111;M:1;W:1
Laurasiatheria,MAFFT,359,365,C_terminal_MTase_like,other,117,0.9831932773109243,5,0.9230769230769231,0.5260678158584637,A:1;C:1;G:4;L:3;V:108
Laurasiatheria,MAFFT,360,366,C_terminal_MTase_like,other,117,0.9831932773109243,6,0.8974358974358975,0.6877979902539759,A:1;E:3;K:105;N:1;R:5;S:2
Laurasiatheria,MAFFT,361,367,C_terminal_MTase_like,other,119,1.0,9,0.8319327731092437,1.1244746257912912,A:2;E:3;G:1;K:4;N:99;P:2;S:5;T:1;V:2
Laurasiatheria,MAFFT,362,368,C_terminal_MTase_like,other,119,1.0,3,0.9495798319327731,0.33859929475968187,C:113;L:3;S:3
Laurasiatheria,MAFFT,363,369,C_terminal_MTase_like,other,119,1.0,5,0.9495798319327731,0.3848999250481435,D:1;F:113;G:2;L:2;V:1
Laurasiatheria,MAFFT,364,370,C_terminal_MTase_like,other,119,1.0,5,0.9243697478991597,0.5191500659140272,E:1;H:1;L:110;S:4;V:3
Laurasiatheria,MAFFT,365,371,C_terminal_MTase_like,other,119,1.0,3,0.9831932773109243,0.13992135833938618,F:1;P:117;W:1
Laurasiatheria,MAFFT,366,372,C_terminal_MTase_like,other,119,1.0,4,0.957983193277311,0.3090669303924475,G:1;L:114;P:3;T:1
Laurasiatheria,MAFFT,367,373,C_terminal_MTase_like,other,118,0.9915966386554622,5,0.9067796610169492,0.5978834726549503,A:1;E:3;K:6;P:1;R:107
Laurasiatheria,MAFFT,368,374,C_terminal_MTase_like,other,118,0.9915966386554622,6,0.923728813559322,0.5459304103729856,D:1;E:109;H:1;P:1;Q:2;R:4
Laurasiatheria,MAFFT,369,375,C_terminal_MTase_like,other,119,1.0,4,0.9327731092436975,0.42683510642400485,A:1;I:6;W:1;Y:111
Laurasiatheria,MAFFT,370,376,C_terminal_MTase_like,other,119,1.0,2,0.9663865546218487,0.2122013275213624,F:115;L:4
Laurasiatheria,MAFFT,371,377,C_terminal_MTase_like,other,119,1.0,5,0.907563025210084,0.5940403453235317,A:1;G:3;K:108;P:1;Q:6
Laurasiatheria,MAFFT,372,378,C_terminal_MTase_like,other,119,1.0,9,0.7563025210084033,1.3663953262505328,A:1;C:13;F:6;L:2;R:1;S:1;T:1;V:4;Y:90
Laurasiatheria,MAFFT,373,379,C_terminal_MTase_like,other,113,0.9495798319327731,4,0.9469026548672567,0.3768882097861064,F:107;I:2;S:3;T:1
Laurasiatheria,MAFFT,374,380,C_terminal_MTase_like,other,116,0.9747899159663865,7,0.9051724137931034,0.6769828972401335,A:2;D:2;G:1;H:1;P:1;Q:4;S:105
Laurasiatheria,MAFFT,375,381,C_terminal_tail,other,118,0.9915966386554622,9,0.8220338983050848,1.187169755522192,A:3;C:1;K:2;L:2;P:3;Q:3;S:5;T:97;V:2
Laurasiatheria,MAFFT,376,382,C_terminal_tail,other,118,0.9915966386554622,9,0.7033898305084746,1.434800601173264,C:2;D:1;E:83;G:22;K:1;N:5;P:1;Q:1;S:2
Laurasiatheria,MAFFT,377,383,C_terminal_tail,other,116,0.9747899159663865,9,0.8275862068965517,1.1219837449714978,A:2;F:4;H:1;L:96;M:1;N:1;P:5;Q:1;S:5
Laurasiatheria,MAFFT,378,384,C_terminal_tail,other,116,0.9747899159663865,5,0.8879310344827587,0.7034220705694245,A:5;G:1;L:2;S:5;T:103
Laurasiatheria,MAFFT,379,385,C_terminal_tail,other,116,0.9747899159663865,4,0.9482758620689655,0.3691494779734684,A:1;L:3;R:2;S:110
Laurasiatheria,MAFFT,380,386,C_terminal_tail,other,115,0.9663865546218487,6,0.8521739130434782,0.8954241626461674,A:5;C:3;D:1;L:1;P:7;S:98
Laurasiatheria,MAFFT,381,387,C_terminal_tail,other,113,0.9495798319327731,7,0.9203539823008849,0.6003052395242711,I:2;L:104;P:1;R:1;S:2;V:2;W:1
Laurasiatheria,PRANK,1,7,N_terminal,other,100,0.8403361344537815,5,0.77,1.1412769853369404,L:77;M:5;P:13;R:1;V:4
Laurasiatheria,PRANK,2,8,N_terminal,other,100,0.8403361344537815,2,0.68,0.9043814577244937,D:68;E:32
Laurasiatheria,PRANK,3,9,N_terminal,other,101,0.8487394957983193,6,0.8217821782178217,1.024108316784583,A:1;L:7;P:83;Q:1;R:6;T:3
Laurasiatheria,PRANK,4,10,N_terminal,other,103,0.865546218487395,4,0.7669902912621359,0.9661885999414529,D:20;E:79;G:1;M:3
Laurasiatheria,PRANK,5,11,N_terminal,other,103,0.865546218487395,5,0.7281553398058253,1.3600303934966227,A:75;E:9;P:7;T:9;V:3
Laurasiatheria,PRANK,6,12,N_terminal,other,103,0.865546218487395,2,0.9805825242718447,0.13815722856252644,D:2;E:101
Laurasiatheria,PRANK,7,13,N_terminal,other,103,0.865546218487395,7,0.6504854368932039,1.5940925455053423,A:2;C:20;H:67;L:1;P:7;Q:4;R:2
Laurasiatheria,PRANK,8,14,N_terminal,other,103,0.865546218487395,6,0.8252427184466019,0.910734062061482,A:1;G:1;H:13;N:2;R:1;S:85
Laurasiatheria,PRANK,9,15,N_terminal,other,105,0.8823529411764706,7,0.4666666666666667,2.0028371455496905,A:2;K:6;L:13;M:49;P:3;R:2;T:30
Laurasiatheria,PRANK,10,16,N_terminal,other,105,0.8823529411764706,3,0.9809523809523809,0.1551069052863942,D:103;G:1;Q:1
Laurasiatheria,PRANK,11,17,N_terminal,other,105,0.8823529411764706,4,0.5523809523809524,1.1715989563571678,A:1;I:58;T:2;V:44
Laurasiatheria,PRANK,12,18,N_terminal,other,105,0.8823529411764706,3,0.9142857142857143,0.5069498934407151,I:96;T:5;V:4
Laurasiatheria,PRANK,13,19,N_terminal,other,105,0.8823529411764706,4,0.8285714285714286,0.855528616504884,L:87;M:1;P:12;V:5
Laurasiatheria,PRANK,14,20,N_terminal,other,98,0.8235294117647058,2,0.8571428571428571,0.5916727785823275,L:14;V:84
Laurasiatheria,PRANK,15,21,N_terminal,other,105,0.8823529411764706,5,0.8476190476190476,0.8490069428057766,C:1;D:8;G:89;R:6;S:1
Laurasiatheria,PRANK,16,22,N_terminal,other,105,0.8823529411764706,2,0.9904761904761905,0.07761951112637416,P:1;S:104
Laurasiatheria,PRANK,17,23,N_terminal,other,105,0.8823529411764706,2,0.9904761904761905,0.07761951112637416,A:1;S:104
Laurasiatheria,PRANK,18,24,N_terminal,other,104,0.8739495798319328,5,0.9230769230769231,0.5378311838007608,A:2;D:2;E:96;G:1;K:3
Laurasiatheria,PRANK,19,25,N_terminal,other,101,0.8487394957983193,4,0.6435643564356436,1.4529832311516475,L:65;P:11;Q:19;R:6
Laurasiatheria,PRANK,20,26,N_terminal,other,104,0.8739495798319328,3,0.9326923076923077,0.4138898511546672,A:2;P:5;S:97
Laurasiatheria,PRANK,21,27,N_terminal,other,103,0.865546218487395,4,0.7184466019417476,1.189386221738753,A:20;C:3;P:6;S:74
Laurasiatheria,PRANK,22,28,N_terminal,other,104,0.8739495798319328,3,0.8942307692307693,0.5764334014563769,P:93;S:8;T:3
Laurasiatheria,PRANK,23,29,N_terminal,other,103,0.865546218487395,4,0.6504854368932039,1.1839476253887782,A:31;G:3;P:67;R:2
Laurasiatheria,PRANK,24,30,N_terminal,other,103,0.865546218487395,6,0.8932038834951457,0.7080797462931019,A:5;I:1;L:2;P:2;Q:1;S:92
Laurasiatheria,PRANK,25,31,N_terminal,other,103,0.865546218487395,5,0.941747572815534,0.43221367580310777,A:2;C:2;L:1;P:97;T:1
Laurasiatheria,PRANK,26,32,N_terminal,other,103,0.865546218487395,6,0.47572815533980584,1.6911976502556598,A:3;E:10;G:49;K:2;Q:1;R:38
Laurasiatheria,PRANK,27,33,N_terminal,other,103,0.865546218487395,4,0.6407766990291263,1.2336218402876804,L:30;P:66;R:1;S:6
Laurasiatheria,PRANK,28,34,N_terminal,other,103,0.865546218487395,7,0.5533980582524272,1.9387311181093576,C:9;F:1;H:12;P:1;Q:6;R:57;S:17
Laurasiatheria,PRANK,29,35,N_terminal,other,103,0.865546218487395,1,1.0,0.0,R:103
Laurasiatheria,PRANK,30,36,N_terminal,other,101,0.8487394957983193,3,0.7722772277227723,0.9460365959037372,D:78;E:18;G:5
Laurasiatheria,PRANK,31,37,N_terminal,other,101,0.8487394957983193,6,0.7722772277227723,1.227516393357905,F:10;L:78;Q:6;R:3;V:3;W:1
Laurasiatheria,PRANK,32,38,N_terminal,other,99,0.8319327731092437,4,0.8080808080808081,0.9573496998593436,G:3;I:80;L:12;V:4
Laurasiatheria,PRANK,33,39,N_terminal,other,101,0.8487394957983193,5,0.9504950495049505,0.37943524444257704,A:96;E:1;P:1;V:1;Y:2
Laurasiatheria,PRANK,34,40,N_terminal,other,101,0.8487394957983193,3,0.9306930693069307,0.4043389375832318,H:6;N:1;Y:94
Laurasiatheria,PRANK,35,41,ADD,other,101,0.8487394957983193,4,0.9603960396039604,0.29987934718593945,D:1;E:97;G:1;K:2
Laurasiatheria,PRANK,36,42,ADD,other,101,0.8487394957983193,2,0.9801980198019802,0.14032727099059325,I:2;V:99
Laurasiatheria,PRANK,37,43,ADD,other,101,0.8487394957983193,3,0.8217821782178217,0.8280765360976783,K:83;Q:13;R:5
Laurasiatheria,PRANK,38,44,ADD,other,101,0.8487394957983193,3,0.9207920792079208,0.463641735847103,A:6;D:2;V:93
Laurasiatheria,PRANK,39,45,ADD,other,101,0.8487394957983193,4,0.9306930693069307,0.46374487817729115,D:3;K:3;N:94;R:1
Laurasiatheria,PRANK,40,46,ADD,other,101,0.8487394957983193,5,0.7722772277227723,1.1030222056786387,E:14;G:2;H:1;Q:78;R:6
Laurasiatheria,PRANK,41,47,ADD,other,101,0.8487394957983193,1,1.0,0.0,R:101
Laurasiatheria,PRANK,42,48,ADD,other,101,0.8487394957983193,4,0.7227722772277227,1.1803315021292016,A:13;D:73;H:1;N:14
Laurasiatheria,PRANK,43,49,ADD,other,101,0.8487394957983193,2,0.9900990099009901,0.08013604733127525,I:100;P:1
Laurasiatheria,PRANK,44,50,ADD,other,102,0.8571428571428571,1,1.0,0.0,E:102
Laurasiatheria,PRANK,45,51,ADD,other,105,0.8823529411764706,3,0.9333333333333333,0.41904121075703815,D:98;E:4;G:3
Laurasiatheria,PRANK,46,52,ADD,other,108,0.907563025210084,4,0.4166666666666667,1.8676006919380361,I:16;L:17;M:45;V:30
Laurasiatheria,PRANK,47,53,ADD,other,108,0.907563025210084,1,1.0,0.0,C:108
Laurasiatheria,PRANK,48,54,ADD,other,108,0.907563025210084,2,0.9722222222222222,0.18312206830137276,I:105;L:3
Laurasiatheria,PRANK,49,55,ADD,other,108,0.907563025210084,1,1.0,0.0,C:108
Laurasiatheria,PRANK,50,56,ADD,other,108,0.907563025210084,1,1.0,0.0,C:108
Laurasiatheria,PRANK,51,57,ADD,other,108,0.907563025210084,1,1.0,0.0,G:108
Laurasiatheria,PRANK,52,58,ADD,other,108,0.907563025210084,2,0.9907407407407407,0.07584150637714708,C:1;S:107
Laurasiatheria,PRANK,53,59,ADD,other,108,0.907563025210084,4,0.7129629629629629,1.0220310072456877,A:2;F:77;L:28;T:1
Laurasiatheria,PRANK,54,60,ADD,other,108,0.907563025210084,2,0.8611111111111112,0.5813214987637028,Q:93;R:15
Laurasiatheria,PRANK,55,61,ADD,other,108,0.907563025210084,3,0.9444444444444444,0.34565578590856705,A:1;L:5;V:102
Laurasiatheria,PRANK,56,62,ADD,other,108,0.907563025210084,3,0.9351851851851852,0.3846177358462629,C:1;H:101;Y:6
Laurasiatheria,PRANK,57,63,ADD,other,108,0.907563025210084,4,0.9259259259259259,0.4771536183494937,A:2;M:1;R:5;T:100
Laurasiatheria,PRANK,58,64,ADD,other,108,0.907563025210084,2,0.9166666666666666,0.41381685030363374,Q:99;R:9
Laurasiatheria,PRANK,59,65,ADD,other,108,0.907563025210084,1,1.0,0.0,H:108
Laurasiatheria,PRANK,60,66,ADD,other,108,0.907563025210084,1,1.0,0.0,P:108
Laurasiatheria,PRANK,61,67,ADD,other,108,0.907563025210084,1,1.0,0.0,L:108
Laurasiatheria,PRANK,62,68,ADD,other,108,0.907563025210084,1,1.0,0.0,F:108
Laurasiatheria,PRANK,63,69,ADD,other,108,0.907563025210084,3,0.9259259259259259,0.4410412615912518,A:6;E:100;Q:2
Laurasiatheria,PRANK,64,70,ADD,other,109,0.9159663865546218,1,1.0,0.0,G:109
Laurasiatheria,PRANK,65,71,ADD,other,109,0.9159663865546218,1,1.0,0.0,G:109
Laurasiatheria,PRANK,66,72,ADD,other,117,0.9831932773109243,2,0.9914529914529915,0.0709989466364099,I:1;M:116
Laurasiatheria,PRANK,67,73,ADD,other,117,0.9831932773109243,1,1.0,0.0,C:117
Laurasiatheria,PRANK,68,74,ADD,other,117,0.9831932773109243,4,0.7008547008547008,1.1316042306891934,A:82;F:1;S:6;T:28
Laurasiatheria,PRANK,69,75,ADD,other,117,0.9831932773109243,6,0.9230769230769231,0.5602558500464979,A:3;L:2;P:108;Q:2;R:1;S:1
Laurasiatheria,PRANK,70,76,ADD,other,117,0.9831932773109243,1,1.0,0.0,C:117
Laurasiatheria,PRANK,71,78,ADD,other,119,1.0,3,0.9411764705882353,0.35756123999047634,A:1;D:112;N:6
Laurasiatheria,PRANK,72,79,ADD,other,119,1.0,3,0.9411764705882353,0.38071155513470717,K:112;R:4;T:3
Laurasiatheria,PRANK,73,80,ADD,other,119,1.0,2,0.9663865546218487,0.2122013275213624,F:115;Y:4
Laurasiatheria,PRANK,74,81,ADD,other,119,1.0,2,0.9663865546218487,0.2122013275213624,L:115;R:4
Laurasiatheria,PRANK,75,82,ADD,other,119,1.0,5,0.44537815126050423,1.6030880108925234,D:48;E:53;G:14;R:1;S:3
Laurasiatheria,PRANK,76,83,ADD,other,119,1.0,7,0.7899159663865546,1.1318022259709297,C:94;G:1;H:1;N:1;R:14;S:3;Y:5
Laurasiatheria,PRANK,77,84,ADD,other,119,1.0,2,0.9159663865546218,0.4162348023872831,F:10;L:109
Laurasiatheria,PRANK,78,85,ADD,other,119,1.0,2,0.9915966386554622,0.07001205049536138,F:118;L:1
Laurasiatheria,PRANK,79,86,ADD,other,119,1.0,2,0.9915966386554622,0.07001205049536138,L:118;M:1
Laurasiatheria,PRANK,80,87,ADD,other,119,1.0,1,1.0,0.0,Y:119
Laurasiatheria,PRANK,81,88,ADD,other,119,1.0,1,1.0,0.0,D:119
Laurasiatheria,PRANK,82,89,ADD,other,119,1.0,3,0.7226890756302521,0.9060886128509652,A:1;D:86;E:32
Laurasiatheria,PRANK,83,90,ADD,other,119,1.0,1,1.0,0.0,D:119
Laurasiatheria,PRANK,84,91,ADD,other,119,1.0,2,0.9915966386554622,0.07001205049536138,E:1;G:118
Laurasiatheria,PRANK,85,92,ADD,other,119,1.0,4,0.9243697478991597,0.48881695268346587,C:1;H:3;N:5;Y:110
Laurasiatheria,PRANK,86,93,ADD,other,119,1.0,2,0.8823529411764706,0.5225593745369408,L:14;Q:105
Laurasiatheria,PRANK,87,94,ADD,other,119,1.0,1,1.0,0.0,S:119
Laurasiatheria,PRANK,88,95,ADD,other,119,1.0,4,0.957983193277311,0.3090669303924475,C:1;F:1;H:3;Y:114
Laurasiatheria,PRANK,89,96,ADD,other,119,1.0,1,1.0,0.0,C:119
Laurasiatheria,PRANK,90,97,ADD,other,119,1.0,2,0.9915966386554622,0.07001205049536138,C:1;S:118
Laurasiatheria,PRANK,91,98,ADD,other,119,1.0,2,0.8739495798319328,0.5465060858222177,I:104;V:15
Laurasiatheria,PRANK,92,99,ADD,other,119,1.0,1,1.0,0.0,C:119
Laurasiatheria,PRANK,93,100,ADD,other,119,1.0,3,0.957983193277311,0.28179707746945143,C:114;G:4;S:1
Laurasiatheria,PRANK,94,101,ADD,other,119,1.0,3,0.6974789915966386,0.9397490373006445,A:83;S:35;T:1
Laurasiatheria,PRANK,95,102,ADD,other,119,1.0,2,0.9831932773109243,0.12311463565031058,G:117;R:2
Laurasiatheria,PRANK,96,103,ADD,other,119,1.0,5,0.7563025210084033,1.0203575432311205,D:24;E:90;N:1;Q:3;R:1
Laurasiatheria,PRANK,97,104,ADD,other,119,1.0,2,0.9831932773109243,0.12311463565031058,I:2;T:117
Laurasiatheria,PRANK,98,105,ADD,other,119,1.0,1,1.0,0.0,L:119
Laurasiatheria,PRANK,99,106,ADD,other,119,1.0,1,1.0,0.0,L:119
Laurasiatheria,PRANK,100,107,ADD,other,119,1.0,3,0.957983193277311,0.2922602077033719,I:114;L:2;V:3
Laurasiatheria,PRANK,101,108,ADD,other,119,1.0,1,1.0,0.0,C:119
Laurasiatheria,PRANK,102,109,ADD,other,118,0.9915966386554622,2,0.9830508474576272,0.12394986771100759,E:116;K:2
Laurasiatheria,PRANK,103,110,ADD,other,118,0.9915966386554622,2,0.864406779661017,0.5725804656237687,N:102;S:16
Laurasiatheria,PRANK,104,111,ADD,other,118,0.9915966386554622,1,1.0,0.0,P:118
Laurasiatheria,PRANK,105,112,ADD,other,118,0.9915966386554622,1,1.0,0.0,D:118
Laurasiatheria,PRANK,106,113,ADD,other,118,0.9915966386554622,1,1.0,0.0,C:118
Laurasiatheria,PRANK,107,114,ADD,other,119,1.0,1,1.0,0.0,T:119
Laurasiatheria,PRANK,108,115,ADD,other,118,0.9915966386554622,1,1.0,0.0,R:118
Laurasiatheria,PRANK,109,116,ADD,other,118,0.9915966386554622,1,1.0,0.0,C:118
Laurasiatheria,PRANK,110,117,ADD,other,118,0.9915966386554622,2,0.9661016949152542,0.21357981533827733,F:4;Y:114
Laurasiatheria,PRANK,111,118,ADD,other,118,0.9915966386554622,1,1.0,0.0,C:118
Laurasiatheria,PRANK,112,119,ADD,other,118,0.9915966386554622,1,1.0,0.0,F:118
Laurasiatheria,PRANK,113,120,ADD,other,118,0.9915966386554622,5,0.9152542372881356,0.5751622210921966,D:3;E:108;K:4;P:1;Q:2
Laurasiatheria,PRANK,114,121,ADD,other,118,0.9915966386554622,1,1.0,0.0,C:118
Laurasiatheria,PRANK,115,122,ADD,other,118,0.9915966386554622,5,0.788135593220339,1.066077211721066,F:1;I:15;L:5;M:4;V:93
Laurasiatheria,PRANK,116,123,ADD,other,118,0.9915966386554622,1,1.0,0.0,D:118
Laurasiatheria,PRANK,117,124,ADD,other,118,0.9915966386554622,5,0.652542372881356,1.4035399420198253,A:8;I:1;S:27;T:77;V:5
Laurasiatheria,PRANK,118,125,ADD,other,118,0.9915966386554622,1,1.0,0.0,L:118
Laurasiatheria,PRANK,119,126,ADD,other,118,0.9915966386554622,2,0.9576271186440678,0.2530679372656292,A:5;V:113
Laurasiatheria,PRANK,120,127,ADD,other,118,0.9915966386554622,3,0.8983050847457628,0.5677314545847301,A:4;G:106;S:8
Laurasiatheria,PRANK,121,128,ADD,other,118,0.9915966386554622,1,1.0,0.0,P:118
Laurasiatheria,PRANK,122,129,ADD,other,118,0.9915966386554622,3,0.9661016949152542,0.24747812042302308,G:114;K:2;R:2
Laurasiatheria,PRANK,123,130,ADD,other,118,0.9915966386554622,2,0.9322033898305084,0.3576467062456332,A:8;T:110
Laurasiatheria,PRANK,124,131,ADD,other,118,0.9915966386554622,2,0.9661016949152542,0.21357981533827733,A:4;S:114
Laurasiatheria,PRANK,125,132,ADD,other,118,0.9915966386554622,3,0.8135593220338984,0.8214985570297004,A:4;E:18;G:96
Laurasiatheria,PRANK,126,133,ADD,other,118,0.9915966386554622,5,0.6779661016949152,1.1455740575653885,K:80;Q:1;R:33;S:1;T:3
Laurasiatheria,PRANK,127,134,ADD,other,118,0.9915966386554622,3,0.9576271186440678,0.2942099116069287,A:3;I:2;V:113
Laurasiatheria,PRANK,128,135,ADD,other,118,0.9915966386554622,2,0.7203389830508474,0.8549885111369802,H:33;Q:85
Laurasiatheria,PRANK,129,136,ADD,other,118,0.9915966386554622,2,0.9830508474576272,0.12394986771100759,A:116;T:2
Laurasiatheria,PRANK,130,137,ADD,other,118,0.9915966386554622,4,0.7796610169491526,1.0548678378230945,L:4;M:92;T:6;V:16
Laurasiatheria,PRANK,131,138,ADD,other,118,0.9915966386554622,2,0.9915254237288136,0.07050175960541472,N:1;S:117
Laurasiatheria,PRANK,132,139,ADD,other,118,0.9915966386554622,5,0.847457627118644,0.9004786935838803,H:3;N:100;Q:4;R:3;Y:8
Laurasiatheria,PRANK,133,140,ADD,other,118,0.9915966386554622,1,1.0,0.0,W:118
Laurasiatheria,PRANK,134,141,ADD,other,118,0.9915966386554622,3,0.9661016949152542,0.24108076870977335,A:3;L:1;V:114
Laurasiatheria,PRANK,135,142,ADD,other,118,0.9915966386554622,1,1.0,0.0,C:118
Laurasiatheria,PRANK,136,143,ADD,other,118,0.9915966386554622,1,1.0,0.0,F:118
Laurasiatheria,PRANK,137,144,ADD,other,118,0.9915966386554622,1,1.0,0.0,L:118
Laurasiatheria,PRANK,138,145,ADD,other,118,0.9915966386554622,1,1.0,0.0,C:118
Laurasiatheria,PRANK,139,146,ADD,other,118,0.9915966386554622,2,0.9745762711864406,0.17089522427059878,L:115;R:3
Laurasiatheria,PRANK,140,147,ADD,other,118,0.9915966386554622,3,0.9830508474576272,0.14089902025338047,P:116;S:1;T:1
Laurasiatheria,PRANK,141,148,ADD,other,118,0.9915966386554622,4,0.8898305084745762,0.5856131581757977,F:105;L:1;S:11;T:1
Laurasiatheria,PRANK,142,149,ADD,other,118,0.9915966386554622,3,0.8983050847457628,0.5568482976767277,P:106;R:3;S:9
Laurasiatheria,PRANK,143,150,ADD,other,118,0.9915966386554622,7,0.8559322033898306,0.9327362677316032,C:4;H:5;L:1;N:1;Q:4;R:101;S:2
Laurasiatheria,PRANK,144,151,ADD,other,118,0.9915966386554622,5,0.8728813559322034,0.7642474626778452,C:5;D:2;N:7;S:103;T:1
Laurasiatheria,PRANK,145,152,ADD,other,118,0.9915966386554622,1,1.0,0.0,G:118
Laurasiatheria,PRANK,146,153,ADD,other,118,0.9915966386554622,2,0.9830508474576272,0.12394986771100759,L:116;R:2
Laurasiatheria,PRANK,147,154,ADD,other,118,0.9915966386554622,1,1.0,0.0,L:118
Laurasiatheria,PRANK,148,155,ADD,other,118,0.9915966386554622,4,0.6864406779661016,1.2336049115684835,H:12;Q:81;R:24;W:1
Laurasiatheria,PRANK,149,156,ADD,other,118,0.9915966386554622,2,0.9661016949152542,0.21357981533827733,Q:4;R:114
Laurasiatheria,PRANK,150,157,ADD,other,118,0.9915966386554622,1,1.0,0.0,R:118
Laurasiatheria,PRANK,151,158,ADD,other,118,0.9915966386554622,7,0.5423728813559322,1.6106396193248231,A:1;D:1;K:40;N:2;P:5;Q:5;R:64
Laurasiatheria,PRANK,152,159,ADD,other,118,0.9915966386554622,4,0.9661016949152542,0.264427272965396,K:114;Q:1;R:2;T:1
Laurasiatheria,PRANK,153,160,ADD,other,118,0.9915966386554622,1,1.0,0.0,W:118
Laurasiatheria,PRANK,154,161,ADD,other,118,0.9915966386554622,3,0.9745762711864406,0.1942417285262214,Q:1;R:115;W:2
Laurasiatheria,PRANK,155,162,ADD,other,118,0.9915966386554622,7,0.6779661016949152,1.5835240031133417,A:5;E:12;G:80;Q:1;S:5;T:14;V:1
Laurasiatheria,PRANK,156,163,ADD,other,118,0.9915966386554622,5,0.6779661016949152,1.358491181689718,C:2;G:11;Q:2;R:23;W:80
Laurasiatheria,PRANK,157,164,ADD,other,118,0.9915966386554622,1,1.0,0.0,L:118
Laurasiatheria,PRANK,158,165,ADD,other,118,0.9915966386554622,1,1.0,0.0,K:118
Laurasiatheria,PRANK,159,166,ADD,other,118,0.9915966386554622,2,0.9915254237288136,0.07050175960541472,A:117;D:1
Laurasiatheria,PRANK,160,167,ADD,other,118,0.9915966386554622,2,0.9661016949152542,0.21357981533827733,F:114;L:4
Laurasiatheria,PRANK,161,168,ADD,other,118,0.9915966386554622,3,0.5169491525423728,1.1051026948263132,C:61;F:2;Y:55
Laurasiatheria,PRANK,162,169,ADD,other,118,0.9915966386554622,1,1.0,0.0,D:118
Laurasiatheria,PRANK,163,170,ADD,other,119,1.0,4,0.6890756302521008,1.2354320010908983,G:13;Q:23;R:82;S:1
Laurasiatheria,PRANK,164,171,ADD,other,119,1.0,4,0.9327731092436975,0.442802623481905,D:5;E:111;P:1;Q:2
Laurasiatheria,PRANK,165,172,ADD,other,119,1.0,6,0.48739495798319327,1.2899877351346238,A:56;L:2;P:1;S:58;T:1;V:1
Laurasiatheria,PRANK,166,173,ADD,other,113,0.9495798319327731,6,0.8141592920353983,1.0416273229070556,A:4;D:11;E:92;G:2;H:1;K:3
Laurasiatheria,PRANK,167,174,linker,other,119,1.0,7,0.5966386554621849,1.4489917885542571,A:1;C:2;H:1;K:2;N:38;S:71;T:4
Laurasiatheria,PRANK,168,175,linker,other,119,1.0,5,0.8151260504201681,0.9367985229273992,A:1;G:1;P:97;S:6;T:14
Laurasiatheria,PRANK,169,176,linker,other,119,1.0,4,0.957983193277311,0.3090669303924475,F:1;L:114;P:1;Q:3
Laurasiatheria,PRANK,170,177,linker,other,119,1.0,3,0.9495798319327731,0.3209533664394308,E:113;Q:1;V:5
Laurasiatheria,PRANK,171,178,C_terminal_MTase_like,other,119,1.0,3,0.6890756302521008,0.9499726840591527,I:1;M:82;T:36
Laurasiatheria,PRANK,172,179,C_terminal_MTase_like,other,119,1.0,3,0.957983193277311,0.2922602077033719,F:3;H:2;Y:114
Laurasiatheria,PRANK,173,180,C_terminal_MTase_like,other,119,1.0,3,0.9159663865546218,0.49782728931624687,A:6;E:4;K:109
Laurasiatheria,PRANK,174,181,C_terminal_MTase_like,other,119,1.0,2,0.957983193277311,0.25146396423889,I:5;T:114
Laurasiatheria,PRANK,175,182,C_terminal_MTase_like,other,119,1.0,1,1.0,0.0,V:119
Laurasiatheria,PRANK,176,183,C_terminal_MTase_like,other,119,1.0,2,0.9831932773109243,0.12311463565031058,P:117;S:2
Laurasiatheria,PRANK,177,184,C_terminal_MTase_like,other,119,1.0,4,0.8991596638655462,0.6007971582715909,A:7;E:1;M:4;V:107
Laurasiatheria,PRANK,178,185,C_terminal_MTase_like,other,119,1.0,2,0.9831932773109243,0.12311463565031058,C:2;W:117
Laurasiatheria,PRANK,179,186,C_terminal_MTase_like,other,119,1.0,2,0.9831932773109243,0.12311463565031058,K:117;R:2
Laurasiatheria,PRANK,180,187,C_terminal_MTase_like,other,119,1.0,1,1.0,0.0,R:119
Laurasiatheria,PRANK,181,188,C_terminal_MTase_like,other,119,1.0,5,0.9495798319327731,0.38489992504814347,E:113;G:1;K:1;Q:2;R:2
Laurasiatheria,PRANK,182,189,C_terminal_MTase_like,other,119,1.0,1,1.0,0.0,P:119
Laurasiatheria,PRANK,183,190,C_terminal_MTase_like,other,119,1.0,3,0.7142857142857143,0.9553368425373162,I:32;L:2;V:85
Laurasiatheria,PRANK,184,191,C_terminal_MTase_like,other,119,1.0,1,1.0,0.0,R:119
Laurasiatheria,PRANK,185,192,C_terminal_MTase_like,other,119,1.0,2,0.9831932773109243,0.12311463565031058,A:2;V:117
Laurasiatheria,PRANK,186,193,C_terminal_MTase_like,other,119,1.0,1,1.0,0.0,L:119
Laurasiatheria,PRANK,187,194,C_terminal_MTase_like,other,119,1.0,4,0.957983193277311,0.31541052284760274,A:1;C:2;S:114;T:2
Laurasiatheria,PRANK,188,195,C_terminal_MTase_like,other,119,1.0,2,0.9915966386554622,0.07001205049536138,L:118;V:1
Laurasiatheria,PRANK,189,196,C_terminal_MTase_like,other,119,1.0,1,1.0,0.0,F:119
Laurasiatheria,PRANK,190,197,C_terminal_MTase_like,other,119,1.0,2,0.9915966386554622,0.07001205049536138,G:118;R:1
Laurasiatheria,PRANK,191,198,C_terminal_MTase_like,other,119,1.0,4,0.8067226890756303,0.930397254537626,D:96;E:5;K:2;N:16
Laurasiatheria,PRANK,192,199,C_terminal_MTase_like,other,119,1.0,1,1.0,0.0,I:119
Laurasiatheria,PRANK,193,200,C_terminal_MTase_like,other,119,1.0,4,0.5042016806722689,1.384641992551639,E:1;G:10;K:60;R:48
Laurasiatheria,PRANK,194,201,C_terminal_MTase_like,other,119,1.0,7,0.5966386554621849,1.7354293587795486,A:2;D:1;K:71;N:21;P:2;R:17;T:5
Laurasiatheria,PRANK,195,202,C_terminal_MTase_like,other,119,1.0,1,1.0,0.0,E:119
Laurasiatheria,PRANK,196,203,C_terminal_MTase_like,other,119,1.0,1,1.0,0.0,L:119
Laurasiatheria,PRANK,197,204,C_terminal_MTase_like,other,119,1.0,8,0.46218487394957986,1.947582241968277,A:5;E:5;K:1;L:1;M:38;R:1;T:55;V:13
Laurasiatheria,PRANK,198,205,C_terminal_MTase_like,other,119,1.0,2,0.9831932773109243,0.12311463565031058,S:117;T:2
Laurasiatheria,PRANK,199,206,C_terminal_MTase_like,other,119,1.0,1,1.0,0.0,L:119
Laurasiatheria,PRANK,200,207,C_terminal_MTase_like,other,119,1.0,1,1.0,0.0,G:119
Laurasiatheria,PRANK,201,208,C_terminal_MTase_like,other,119,1.0,2,0.9915966386554622,0.07001205049536138,F:118;L:1
Laurasiatheria,PRANK,202,209,C_terminal_MTase_like,other,119,1.0,1,1.0,0.0,L:119
Laurasiatheria,PRANK,203,210,C_terminal_MTase_like,other,119,1.0,3,0.9747899159663865,0.19292032267938586,D:2;E:116;G:1
Laurasiatheria,PRANK,204,211,C_terminal_MTase_like,other,116,0.9747899159663865,9,0.20689655172413793,2.9414993100865963,D:24;G:5;H:11;N:21;P:14;R:4;S:20;T:5;Y:12
Laurasiatheria,PRANK,205,212,C_terminal_MTase_like,other,119,1.0,5,0.8907563025210085,0.679977930196466,A:1;D:2;G:106;I:3;V:7
Laurasiatheria,PRANK,206,213,C_terminal_MTase_like,other,119,1.0,4,0.9243697478991597,0.49516054513862107,A:5;F:2;P:2;S:110
Laurasiatheria,PRANK,207,214,C_terminal_MTase_like,other,119,1.0,7,0.2605042016806723,2.541698309292236,A:14;D:21;E:31;G:25;K:20;N:5;T:3
Laurasiatheria,PRANK,208,215,C_terminal_MTase_like,other,119,1.0,6,0.7310924369747899,1.372773514881136,A:2;L:9;P:87;R:3;S:14;T:4
Laurasiatheria,PRANK,209,216,C_terminal_MTase_like,other,119,1.0,4,0.9411764705882353,0.40386187027893794,A:4;D:1;E:2;G:112
Laurasiatheria,PRANK,210,217,C_terminal_MTase_like,other,119,1.0,7,0.5210084033613446,1.8776894993729134,G:17;K:29;N:4;Q:3;R:62;S:1;T:3
Laurasiatheria,PRANK,211,218,C_terminal_MTase_like,other,119,1.0,3,0.9747899159663865,0.19292032267938586,L:116;P:1;R:2
Laurasiatheria,PRANK,212,219,C_terminal_MTase_like,other,119,1.0,2,0.8487394957983193,0.612985748317247,K:101;R:18
Laurasiatheria,PRANK,213,220,C_terminal_MTase_like,other,119,1.0,2,0.9327731092436975,0.35548867788893707,H:111;Y:8
Laurasiatheria,PRANK,214,221,C_terminal_MTase_like,other,119,1.0,2,0.9831932773109243,0.12311463565031058,L:117;V:2
Laurasiatheria,PRANK,215,222,C_terminal_MTase_like,other,119,1.0,6,0.8571428571428571,0.8835381634486494,A:2;D:102;E:8;G:2;H:3;S:2
Laurasiatheria,PRANK,216,223,C_terminal_MTase_like,other,119,1.0,2,0.9915966386554622,0.07001205049536138,D:118;E:1
Laurasiatheria,PRANK,217,224,C_terminal_MTase_like,other,119,1.0,3,0.8823529411764706,0.5662337659064555,A:13;T:1;V:105
Laurasiatheria,PRANK,218,225,C_terminal_MTase_like,other,119,1.0,1,1.0,0.0,T:119
Laurasiatheria,PRANK,219,226,C_terminal_MTase_like,other,119,1.0,3,0.5630252100840336,1.0484171901884727,D:51;E:1;N:67
Laurasiatheria,PRANK,220,227,C_terminal_MTase_like,other,119,1.0,3,0.8067226890756303,0.8796254563866476,I:16;T:7;V:96
Laurasiatheria,PRANK,221,228,C_terminal_MTase_like,other,119,1.0,3,0.9831932773109243,0.13992135833938618,A:1;M:1;V:117
Laurasiatheria,PRANK,222,229,C_terminal_MTase_like,other,119,1.0,1,1.0,0.0,R:119
Laurasiatheria,PRANK,223,230,C_terminal_MTase_like,other,119,1.0,2,0.8571428571428571,0.5916727785823275,K:17;R:102
Laurasiatheria,PRANK,224,231,C_terminal_MTase_like,other,119,1.0,5,0.8907563025210085,0.6665860978987073,D:106;E:2;H:1;N:8;S:2
Laurasiatheria,PRANK,225,232,C_terminal_MTase_like,other,119,1.0,2,0.8823529411764706,0.5225593745369408,I:14;V:105
Laurasiatheria,PRANK,226,233,C_terminal_MTase_like,other,119,1.0,5,0.7983193277310925,0.874860211460935,D:21;E:95;K:1;Q:1;V:1
Laurasiatheria,PRANK,227,234,C_terminal_MTase_like,other,119,1.0,9,0.35294117647058826,2.1148223770558094,A:26;D:2;E:42;G:39;H:4;K:2;Q:1;S:2;V:1
Laurasiatheria,PRANK,228,235,C_terminal_MTase_like,other,119,1.0,1,1.0,0.0,W:119
Laurasiatheria,PRANK,229,236,C_terminal_MTase_like,other,119,1.0,2,0.9915966386554622,0.07001205049536138,G:118;V:1
Laurasiatheria,PRANK,230,237,C_terminal_MTase_like,other,119,1.0,2,0.9831932773109243,0.12311463565031058,P:117;S:2
Laurasiatheria,PRANK,231,238,C_terminal_MTase_like,other,119,1.0,1,1.0,0.0,F:119
Laurasiatheria,PRANK,232,239,C_terminal_MTase_like,other,119,1.0,2,0.957983193277311,0.25146396423889,D:114;N:5
Laurasiatheria,PRANK,233,240,C_terminal_MTase_like,other,119,1.0,1,1.0,0.0,L:119
Laurasiatheria,PRANK,234,241,C_terminal_MTase_like,other,119,1.0,6,0.5462184873949579,1.636797254603526,A:24;I:1;L:2;M:1;T:26;V:65
Laurasiatheria,PRANK,235,242,C_terminal_MTase_like,other,119,1.0,2,0.9831932773109243,0.12311463565031058,F:2;Y:117
Laurasiatheria,PRANK,236,243,C_terminal_MTase_like,other,119,1.0,2,0.9915966386554622,0.07001205049536138,G:118;S:1
Laurasiatheria,PRANK,237,244,C_terminal_MTase_like,other,119,1.0,3,0.8319327731092437,0.8164492305639499,A:8;C:12;S:99
Laurasiatheria,PRANK,238,245,C_terminal_MTase_like,other,119,1.0,2,0.9831932773109243,0.12311463565031058,M:2;T:117
Laurasiatheria,PRANK,239,246,C_terminal_MTase_like,other,119,1.0,3,0.9831932773109243,0.13992135833938618,L:1;P:117;S:1
Laurasiatheria,PRANK,240,247,C_terminal_MTase_like,other,119,1.0,6,0.6050420168067226,1.5987500826153278,A:27;H:3;L:1;P:72;R:3;T:13
Laurasiatheria,PRANK,241,248,C_terminal_MTase_like,other,119,1.0,8,0.7226890756302521,1.446832440965224,F:2;I:7;L:86;P:2;Q:1;R:4;T:1;V:16
Laurasiatheria,PRANK,242,249,C_terminal_MTase_like,other,119,1.0,3,0.9495798319327731,0.3344797569809166,G:113;H:2;R:4
Laurasiatheria,PRANK,243,250,C_terminal_MTase_like,other,119,1.0,3,0.7394957983193278,0.9174107776038951,H:88;Q:29;R:2
Laurasiatheria,PRANK,244,251,C_terminal_MTase_like,other,119,1.0,4,0.7647058823529411,0.9536135634965773,A:91;I:1;P:3;T:24
Laurasiatheria,PRANK,245,252,C_terminal_MTase_like,other,119,1.0,6,0.9159663865546218,0.6050112179058559,A:2;C:109;F:2;H:1;R:3;Y:2
Laurasiatheria,PRANK,246,253,C_terminal_MTase_like,other,119,1.0,7,0.773109243697479,1.2218739873374524,A:2;D:92;G:4;H:1;N:5;S:14;V:1
Laurasiatheria,PRANK,247,254,C_terminal_MTase_like,other,119,1.0,3,0.6722689075630253,1.2401670721805118,H:80;Q:19;R:20
Laurasiatheria,PRANK,248,255,C_terminal_MTase_like,other,119,1.0,2,0.9747899159663865,0.16977000753515503,P:116;S:3
Laurasiatheria,PRANK,249,256,C_terminal_MTase_like,other,119,1.0,1,1.0,0.0,P:119
Laurasiatheria,PRANK,250,257,C_terminal_MTase_like,other,119,1.0,4,0.44537815126050423,1.5819325766723311,A:44;C:2;G:53;V:20
Laurasiatheria,PRANK,251,258,C_terminal_MTase_like,other,119,1.0,2,0.9915966386554622,0.07001205049536138,G:1;W:118
Laurasiatheria,PRANK,252,259,C_terminal_MTase_like,other,119,1.0,3,0.8823529411764706,0.6107470518615855,F:11;H:3;Y:105
Laurasiatheria,PRANK,253,260,C_terminal_MTase_like,other,119,1.0,2,0.7983193277310925,0.7252767313016595,L:95;V:24
Laurasiatheria,PRANK,254,261,C_terminal_MTase_like,other,119,1.0,3,0.4957983193277311,1.4629553632609655,F:59;L:20;Y:40
Laurasiatheria,PRANK,255,262,C_terminal_MTase_like,other,118,0.9915966386554622,2,0.9915254237288136,0.07050175960541472,H:1;Q:117
Laurasiatheria,PRANK,256,263,C_terminal_MTase_like,other,119,1.0,2,0.9663865546218487,0.2122013275213624,F:115;Y:4
Laurasiatheria,PRANK,257,264,C_terminal_MTase_like,other,119,1.0,2,0.9831932773109243,0.12311463565031058,H:117;R:2
Laurasiatheria,PRANK,258,265,C_terminal_MTase_like,other,119,1.0,1,1.0,0.0,R:119
Laurasiatheria,PRANK,259,266,C_terminal_MTase_like,other,119,1.0,3,0.5714285714285714,1.232515671883848,I:68;L:7;V:44
Laurasiatheria,PRANK,260,267,C_terminal_MTase_like,other,119,1.0,1,1.0,0.0,L:119
Laurasiatheria,PRANK,261,268,C_terminal_MTase_like,other,119,1.0,2,0.8487394957983193,0.612985748317247,Q:101;R:18
Laurasiatheria,PRANK,262,269,C_terminal_MTase_like,other,119,1.0,2,0.9915966386554622,0.07001205049536138,F:1;Y:118
Laurasiatheria,PRANK,263,270,C_terminal_MTase_like,other,119,1.0,3,0.9327731092436975,0.4100283837349292,A:111;S:6;V:2
Laurasiatheria,PRANK,264,271,C_terminal_MTase_like,other,117,0.9831932773109243,4,0.9316239316239316,0.4486405155225346,K:5;M:1;Q:2;R:109
Laurasiatheria,PRANK,265,272,C_terminal_MTase_like,other,117,0.9831932773109243,1,1.0,0.0,P:117
Laurasiatheria,PRANK,266,273,C_terminal_MTase_like,other,119,1.0,9,0.680672268907563,1.6709439467355962,A:2;G:1;K:1;L:15;P:6;Q:8;R:81;S:4;W:1
Laurasiatheria,PRANK,267,274,C_terminal_MTase_like,other,119,1.0,7,0.8739495798319328,0.8372906146804343,A:1;F:1;L:4;P:104;Q:4;R:4;S:1
Laurasiatheria,PRANK,268,275,C_terminal_MTase_like,other,119,1.0,5,0.773109243697479,1.0950891922386563,A:16;C:2;G:92;R:1;S:8
Laurasiatheria,PRANK,269,276,C_terminal_MTase_like,other,119,1.0,4,0.7394957983193278,1.1771561656243272,C:7;G:5;R:19;S:88
Laurasiatheria,PRANK,270,277,C_terminal_MTase_like,other,119,1.0,7,0.6218487394957983,1.5012503500247596,A:1;L:1;P:74;Q:31;R:8;S:3;T:1
Laurasiatheria,PRANK,271,278,C_terminal_MTase_like,other,118,0.9915966386554622,4,0.864406779661017,0.6903286322692417,K:1;L:2;Q:102;R:13
Laurasiatheria,PRANK,272,279,C_terminal_MTase_like,other,119,1.0,2,0.9747899159663865,0.16977000753515503,A:3;P:116
Laurasiatheria,PRANK,273,280,C_terminal_MTase_like,other,119,1.0,2,0.9915966386554622,0.07001205049536138,C:1;F:118
Laurasiatheria,PRANK,274,281,C_terminal_MTase_like,other,119,1.0,1,1.0,0.0,F:119
Laurasiatheria,PRANK,275,282,C_terminal_MTase_like,other,119,1.0,1,1.0,0.0,W:119
Laurasiatheria,PRANK,276,283,C_terminal_MTase_like,other,119,1.0,3,0.9663865546218487,0.2394711804443585,A:1;I:3;M:115
Laurasiatheria,PRANK,277,284,C_terminal_MTase_like,other,119,1.0,1,1.0,0.0,F:119
Laurasiatheria,PRANK,278,285,C_terminal_MTase_like,other,119,1.0,3,0.957983193277311,0.2922602077033719,A:2;M:3;V:114
Laurasiatheria,PRANK,279,286,C_terminal_MTase_like,other,119,1.0,1,1.0,0.0,D:119
Laurasiatheria,PRANK,280,287,C_terminal_MTase_like,other,119,1.0,3,0.957983193277311,0.2922602077033719,H:2;N:114;S:3
Laurasiatheria,PRANK,281,288,C_terminal_MTase_like,other,119,1.0,1,1.0,0.0,L:119
Laurasiatheria,PRANK,282,289,C_terminal_MTase_like,other,119,1.0,4,0.8823529411764706,0.6338973670058163,A:1;L:11;M:2;V:105
Laurasiatheria,PRANK,283,290,C_terminal_MTase_like,other,119,1.0,3,0.9747899159663865,0.19292032267938586,F:2;L:116;M:1
Laurasiatheria,PRANK,284,291,C_terminal_MTase_like,other,119,1.0,6,0.7563025210084033,1.0094128606689616,A:1;G:1;N:1;R:1;S:25;T:90
Laurasiatheria,PRANK,285,292,C_terminal_MTase_like,other,119,1.0,6,0.3865546218487395,1.8477565721093028,E:42;K:24;N:1;P:2;Q:46;R:4
Laurasiatheria,PRANK,286,293,C_terminal_MTase_like,other,119,1.0,2,0.6218487394957983,0.9567258440526691,D:74;E:45
Laurasiatheria,PRANK,287,294,C_terminal_MTase_like,other,119,1.0,5,0.9327731092436975,0.47313573671246645,D:111;E:4;N:2;S:1;T:1
Laurasiatheria,PRANK,288,295,C_terminal_MTase_like,other,119,1.0,6,0.5546218487394958,1.7844264635874396,C:2;H:9;L:21;Q:20;R:66;Y:1
Laurasiatheria,PRANK,289,296,C_terminal_MTase_like,other,119,1.0,8,0.29411764705882354,2.536287892711981,A:21;D:24;H:2;I:8;R:3;S:4;T:35;V:22
Laurasiatheria,PRANK,290,297,C_terminal_MTase_like,other,119,1.0,4,0.8739495798319328,0.7016690559626393,A:5;I:9;T:1;V:104
Laurasiatheria,PRANK,291,298,C_terminal_MTase_like,other,119,1.0,1,1.0,0.0,A:119
Laurasiatheria,PRANK,292,299,C_terminal_MTase_like,other,119,1.0,2,0.9831932773109243,0.12311463565031058,S:2;T:117
Laurasiatheria,PRANK,293,300,C_terminal_MTase_like,other,119,1.0,1,1.0,0.0,R:119
Laurasiatheria,PRANK,294,301,C_terminal_MTase_like,other,119,1.0,1,1.0,0.0,F:119
Laurasiatheria,PRANK,295,302,C_terminal_MTase_like,other,119,1.0,1,1.0,0.0,L:119
Laurasiatheria,PRANK,296,303,C_terminal_MTase_like,other,119,1.0,1,1.0,0.0,E:119
Laurasiatheria,PRANK,297,304,C_terminal_MTase_like,other,115,0.9663865546218487,7,0.5478260869565217,1.50152707753977,A:42;G:1;I:3;M:3;S:1;T:63;V:2
Laurasiatheria,PRANK,298,305,C_terminal_MTase_like,other,115,0.9663865546218487,5,0.8521739130434782,0.74510280196962,D:98;E:14;K:1;N:1;S:1
Laurasiatheria,PRANK,299,306,C_terminal_MTase_like,other,115,0.9663865546218487,3,0.9826086956521739,0.14392289657119078,A:1;P:113;R:1
Laurasiatheria,PRANK,300,307,C_terminal_MTase_like,other,115,0.9663865546218487,2,0.991304347826087,0.07201647168541384,A:1;V:114
Laurasiatheria,PRANK,301,308,C_terminal_MTase_like,other,115,0.9663865546218487,1,1.0,0.0,T:115
Laurasiatheria,PRANK,302,309,C_terminal_MTase_like,other,115,0.9663865546218487,3,0.9739130434782609,0.19832699641870855,I:112;L:2;V:1
Laurasiatheria,PRANK,303,310,C_terminal_MTase_like,other,116,0.9747899159663865,3,0.9310344827586207,0.4310167689753772,L:4;Q:108;R:4
Laurasiatheria,PRANK,304,311,C_terminal_MTase_like,other,116,0.9747899159663865,5,0.8793103448275862,0.7352321215457118,D:102;E:7;G:2;H:4;K:1
Laurasiatheria,PRANK,305,312,C_terminal_MTase_like,other,113,0.9495798319327731,5,0.7433628318584071,1.2070995283809585,A:6;F:2;I:18;T:3;V:84
Laurasiatheria,PRANK,306,313,C_terminal_MTase_like,other,113,0.9495798319327731,6,0.504424778761062,1.7731166021323135,C:57;G:3;H:11;P:1;R:35;Y:6
Laurasiatheria,PRANK,307,314,C_terminal_MTase_like,other,113,0.9495798319327731,3,0.9646017699115044,0.2561781535595686,D:2;G:109;S:2
Laurasiatheria,PRANK,308,315,C_terminal_MTase_like,other,111,0.9327731092436975,7,0.6756756756756757,1.5359408501323413,C:9;G:1;K:1;Q:8;R:75;S:16;T:1
Laurasiatheria,PRANK,309,316,C_terminal_MTase_like,other,111,0.9327731092436975,4,0.6846846846846847,1.057096127415759,A:32;S:2;T:76;V:1
Laurasiatheria,PRANK,310,317,C_terminal_MTase_like,other,111,0.9327731092436975,6,0.5495495495495496,1.4767425162485979,A:1;I:40;L:2;P:2;T:5;V:61
Laurasiatheria,PRANK,311,318,C_terminal_MTase_like,other,112,0.9411764705882353,5,0.5982142857142857,1.1994298510753525,L:1;P:1;Q:67;R:41;W:2
Laurasiatheria,PRANK,312,319,C_terminal_MTase_like,other,112,0.9411764705882353,5,0.8660714285714286,0.7337362301186607,D:11;G:1;N:97;R:1;S:2
Laurasiatheria,PRANK,313,320,C_terminal_MTase_like,other,115,0.9663865546218487,2,0.991304347826087,0.07201647168541384,A:114;T:1
Laurasiatheria,PRANK,314,321,C_terminal_MTase_like,other,115,0.9663865546218487,2,0.9826086956521739,0.1265315922233647,A:2;V:113
Laurasiatheria,PRANK,315,322,C_terminal_MTase_like,other,115,0.9663865546218487,4,0.8521739130434782,0.7907482028721955,H:98;L:4;N:2;R:11
Laurasiatheria,PRANK,316,323,C_terminal_MTase_like,other,115,0.9663865546218487,4,0.9739130434782609,0.21571830076653464,A:1;L:1;M:1;V:112
Laurasiatheria,PRANK,317,324,C_terminal_MTase_like,other,115,0.9663865546218487,1,1.0,0.0,W:115
Laurasiatheria,PRANK,318,325,C_terminal_MTase_like,other,116,0.9747899159663865,3,0.9741379310344828,0.196944592085191,R:2;S:113;T:1
Laurasiatheria,PRANK,319,326,C_terminal_MTase_like,other,116,0.9747899159663865,4,0.9655172413793104,0.2681210703822991,N:112;P:1;R:1;S:2
Laurasiatheria,PRANK,320,327,C_terminal_MTase_like,other,114,0.957983193277311,2,0.8771929824561403,0.5373760853377336,I:100;V:14
Laurasiatheria,PRANK,321,328,C_terminal_MTase_like,other,114,0.957983193277311,1,1.0,0.0,P:114
Laurasiatheria,PRANK,322,329,C_terminal_MTase_like,other,114,0.957983193277311,2,0.9912280701754386,0.07253718299881004,A:113;G:1
Laurasiatheria,PRANK,323,330,C_terminal_MTase_like,other,113,0.9495798319327731,4,0.9557522123893806,0.32878205769258056,L:2;M:1;Q:2;V:108
Laurasiatheria,PRANK,324,331,C_terminal_MTase_like,other,114,0.957983193277311,4,0.5175438596491229,1.1253836632507224,E:1;G:1;K:59;R:53
Laurasiatheria,PRANK,325,333,C_terminal_MTase_like,other,113,0.9495798319327731,5,0.9292035398230089,0.47853807896934974,C:1;G:1;R:5;S:105;T:1
Laurasiatheria,PRANK,326,334,C_terminal_MTase_like,other,114,0.957983193277311,4,0.9035087719298246,0.5413208973853354,K:9;R:103;S:1;W:1
Laurasiatheria,PRANK,327,335,C_terminal_MTase_like,other,112,0.9411764705882353,4,0.9732142857142857,0.22046124883720258,D:1;H:109;Q:1;R:1
Laurasiatheria,PRANK,328,336,C_terminal_MTase_like,other,112,0.9411764705882353,7,0.9107142857142857,0.6413961284764207,A:2;C:1;L:4;R:1;S:102;T:1;V:1
Laurasiatheria,PRANK,329,337,C_terminal_MTase_like,other,111,0.9327731092436975,5,0.9279279279279279,0.4997351969818944,A:103;D:1;E:2;G:4;T:1
Laurasiatheria,PRANK,330,338,C_terminal_MTase_like,other,111,0.9327731092436975,3,0.8918918918918919,0.5934581601529767,L:99;P:8;Q:4
Laurasiatheria,PRANK,331,339,C_terminal_MTase_like,other,111,0.9327731092436975,8,0.4594594594594595,2.126008775726125,A:20;C:1;D:25;E:2;F:3;G:4;L:5;V:51
Laurasiatheria,PRANK,332,340,C_terminal_MTase_like,other,111,0.9327731092436975,4,0.6666666666666666,1.0374387974346457,A:1;L:1;P:35;S:74
Laurasiatheria,PRANK,333,341,C_terminal_MTase_like,switching_helix,111,0.9327731092436975,7,0.7117117117117117,1.3508361818064565,C:2;E:2;G:2;H:4;P:1;Q:79;R:21
Laurasiatheria,PRANK,334,342,C_terminal_MTase_like,switching_helix,110,0.9243697478991597,4,0.8545454545454545,0.7872630498285548,D:10;E:94;K:4;Q:2
Laurasiatheria,PRANK,335,343,C_terminal_MTase_like,switching_helix,110,0.9243697478991597,2,0.8636363636363636,0.5746356978376794,A:15;E:95
Laurasiatheria,PRANK,336,344,C_terminal_MTase_like,switching_helix,110,0.9243697478991597,6,0.8181818181818182,1.0446535444079532,A:5;G:1;L:90;R:1;S:6;V:7
Laurasiatheria,PRANK,337,345,C_terminal_MTase_like,switching_helix,110,0.9243697478991597,7,0.7545454545454545,1.3149135110775798,A:7;C:1;F:9;L:1;P:1;S:83;T:8
Laurasiatheria,PRANK,338,346,C_terminal_MTase_like,switching_helix,110,0.9243697478991597,3,0.8818181818181818,0.5703497526082482,L:97;Q:1;S:12
Laurasiatheria,PRANK,339,347,C_terminal_MTase_like,switching_helix,111,0.9327731092436975,6,0.8918918918918919,0.6866880299331277,F:1;L:99;M:1;P:1;Q:2;R:7
Laurasiatheria,PRANK,340,348,C_terminal_MTase_like,switching_helix,113,0.9495798319327731,4,0.9734513274336283,0.21885534747967844,A:110;Q:1;T:1;V:1
Laurasiatheria,PRANK,341,349,C_terminal_MTase_like,switching_helix,113,0.9495798319327731,5,0.8053097345132744,1.06611425216668,H:2;P:8;Q:91;R:8;W:4
Laurasiatheria,PRANK,342,350,C_terminal_MTase_like,switching_helix,113,0.9495798319327731,8,0.8938053097345132,0.7628394955308403,A:1;D:101;E:2;G:2;H:1;N:4;P:1;Y:1
Laurasiatheria,PRANK,343,351,C_terminal_MTase_like,switching_helix,112,0.9411764705882353,4,0.9732142857142857,0.22046124883720258,A:1;G:1;R:109;W:1
Laurasiatheria,PRANK,344,352,C_terminal_MTase_like,switching_helix,112,0.9411764705882353,5,0.8214285714285714,0.9124838830556835,D:2;L:3;P:1;Q:92;R:14
Laurasiatheria,PRANK,345,353,C_terminal_MTase_like,switching_helix,112,0.9411764705882353,4,0.9553571428571429,0.3311319975493654,K:2;P:1;R:107;W:2
Laurasiatheria,PRANK,346,354,C_terminal_MTase_like,switching_helix,113,0.9495798319327731,6,0.5221238938053098,1.8808145234546139,A:59;L:1;M:19;P:2;T:18;V:14
Laurasiatheria,PRANK,347,355,C_terminal_MTase_like,switching_helix,113,0.9495798319327731,6,0.8672566371681416,0.7467691170319958,A:1;K:98;L:1;P:1;R:11;S:1
Laurasiatheria,PRANK,348,356,C_terminal_MTase_like,switching_helix_adjacent_loop,113,0.9495798319327731,6,0.6991150442477876,1.4443939970300599,A:7;G:3;L:4;P:79;R:2;S:18
Laurasiatheria,PRANK,349,357,C_terminal_MTase_like,switching_helix_adjacent_loop,111,0.9327731092436975,5,0.8738738738738738,0.7781889639484105,A:4;L:5;P:97;R:1;S:4
Laurasiatheria,PRANK,350,358,C_terminal_MTase_like,switching_helix_adjacent_loop,110,0.9243697478991597,9,0.4818181818181818,1.9509132714448911,A:53;G:4;H:2;I:1;L:6;N:1;S:3;T:37;V:3
Laurasiatheria,PRANK,351,359,C_terminal_MTase_like,switching_helix_adjacent_loop,110,0.9243697478991597,6,0.7727272727272727,1.1617553861792425,A:4;L:2;P:15;Q:85;R:3;S:1
Laurasiatheria,PRANK,352,360,C_terminal_MTase_like,switching_helix_adjacent_loop,110,0.9243697478991597,5,0.9090909090909091,0.6186743136901196,D:3;E:2;G:100;R:2;S:3
Laurasiatheria,PRANK,353,361,C_terminal_MTase_like,other,110,0.9243697478991597,2,0.9727272727272728,0.18052466764205782,A:3;P:107
Laurasiatheria,PRANK,354,362,C_terminal_MTase_like,other,110,0.9243697478991597,3,0.9181818181818182,0.44972917027073894,A:101;S:1;T:8
Laurasiatheria,PRANK,355,363,C_terminal_MTase_like,other,111,0.9327731092436975,9,0.35135135135135137,2.3865866835457212,A:7;E:1;G:2;K:39;M:17;Q:4;R:8;S:1;T:32
Laurasiatheria,PRANK,356,364,C_terminal_MTase_like,other,111,0.9327731092436975,2,0.990990990990991,0.0741494835779208,L:110;M:1
Laurasiatheria,PRANK,357,365,C_terminal_MTase_like,other,111,0.9327731092436975,2,0.972972972972973,0.1792560669283215,L:3;V:108
Laurasiatheria,PRANK,358,366,C_terminal_MTase_like,other,110,0.9243697478991597,3,0.9545454545454546,0.29957990120699707,K:105;N:1;R:4
Laurasiatheria,PRANK,359,367,C_terminal_MTase_like,other,110,0.9243697478991597,6,0.9,0.6694842099984655,A:1;G:1;K:4;N:99;S:4;T:1
Laurasiatheria,PRANK,360,368,C_terminal_MTase_like,other,110,0.9243697478991597,2,0.990909090909091,0.07470433715479614,C:109;S:1
Laurasiatheria,PRANK,361,369,C_terminal_MTase_like,other,110,0.9243697478991597,1,1.0,0.0,F:110
Laurasiatheria,PRANK,362,370,C_terminal_MTase_like,other,110,0.9243697478991597,1,1.0,0.0,L:110
Laurasiatheria,PRANK,363,371,C_terminal_MTase_like,other,110,0.9243697478991597,1,1.0,0.0,P:110
Laurasiatheria,PRANK,364,372,C_terminal_MTase_like,other,110,0.9243697478991597,1,1.0,0.0,L:110
Laurasiatheria,PRANK,365,373,C_terminal_MTase_like,other,110,0.9243697478991597,2,0.9454545454545454,0.30540057087920036,K:6;R:104
Laurasiatheria,PRANK,366,374,C_terminal_MTase_like,other,110,0.9243697478991597,2,0.990909090909091,0.07470433715479614,D:1;E:109
Laurasiatheria,PRANK,367,375,C_terminal_MTase_like,other,110,0.9243697478991597,1,1.0,0.0,Y:110
Laurasiatheria,PRANK,368,376,C_terminal_MTase_like,other,110,0.9243697478991597,1,1.0,0.0,F:110
Laurasiatheria,PRANK,369,377,C_terminal_MTase_like,other,110,0.9243697478991597,2,0.9818181818181818,0.13110652958234503,K:108;Q:2
Laurasiatheria,PRANK,370,378,C_terminal_MTase_like,other,110,0.9243697478991597,4,0.8181818181818182,0.8915208952534608,A:1;C:13;F:6;Y:90
Laurasiatheria,PRANK,371,379,C_terminal_MTase_like,other,104,0.8739495798319328,2,0.9711538461538461,0.18857195602479665,F:101;S:3
Laurasiatheria,PRANK,372,380,C_terminal_MTase_like,other,105,0.8823529411764706,2,0.9904761904761905,0.07761951112637416,P:1;S:104
Laurasiatheria,PRANK,373,381,C_terminal_tail,other,100,0.8403361344537815,3,0.96,0.28229218908241477,A:2;K:2;T:96
Laurasiatheria,PRANK,374,382,C_terminal_tail,other,100,0.8403361344537815,2,0.81,0.7014714598838974,E:81;G:19
Laurasiatheria,PRANK,375,383,C_terminal_tail,other,100,0.8403361344537815,4,0.95,0.3549444868386896,A:1;F:3;L:95;P:1
Laurasiatheria,PRANK,376,384,C_terminal_tail,other,102,0.8571428571428571,3,0.9705882352941176,0.21844195581579606,A:2;L:1;T:99
Laurasiatheria,PRANK,377,385,C_terminal_tail,other,105,0.8823529411764706,2,0.9904761904761905,0.07761951112637416,G:1;S:104
Laurasiatheria,PRANK,378,386,C_terminal_tail,other,106,0.8907563025210085,3,0.9245283018867925,0.45805165550762666,A:5;C:3;S:98
Laurasiatheria,PRANK,379,387,C_terminal_tail,other,108,0.907563025210084,4,0.9259259259259259,0.47715361834949366,L:100;P:2;S:5;V:1
Sauropsida,MACSE,1,1,N_terminal,other,34,0.8095238095238095,6,0.5,1.6288574107476932,A:1;E:1;M:17;P:13;R:1;S:1
Sauropsida,MACSE,2,2,N_terminal,other,36,0.8571428571428571,7,0.6666666666666666,1.7243944454059859,A:24;E:1;G:1;I:2;K:2;T:2;V:4
Sauropsida,MACSE,3,3,N_terminal,other,35,0.8333333333333334,7,0.6285714285714286,1.7075978722471445,A:2;C:1;I:1;L:7;T:1;V:22;Y:1
Sauropsida,MACSE,4,4,N_terminal,other,34,0.8095238095238095,4,0.5588235294117647,1.3895165834832217,I:12;L:2;Q:1;V:19
Sauropsida,MACSE,5,5,N_terminal,other,34,0.8095238095238095,4,0.5294117647058824,1.4969275461145894,L:18;M:2;T:2;V:12
Sauropsida,MACSE,6,6,N_terminal,other,36,0.8571428571428571,5,0.8611111111111112,0.8482559563869475,F:1;H:1;N:2;R:1;S:31
Sauropsida,MACSE,7,7,N_terminal,other,37,0.8809523809523809,7,0.2972972972972973,2.3328509815042455,A:7;F:1;I:6;L:1;M:11;Q:1;T:10
Sauropsida,MACSE,8,8,N_terminal,other,38,0.9047619047619048,9,0.34210526315789475,2.357024295083358,C:1;D:1;E:9;F:1;G:10;P:1;Q:1;S:13;T:1
Sauropsida,MACSE,9,9,N_terminal,other,38,0.9047619047619048,8,0.5789473684210527,1.79195970926216,A:1;E:10;G:1;I:1;N:1;Q:1;S:22;W:1
Sauropsida,MACSE,10,10,N_terminal,other,38,0.9047619047619048,6,0.7894736842105263,1.216171780068439,D:2;E:30;G:2;K:1;L:2;R:1
Sauropsida,MACSE,11,11,N_terminal,other,37,0.8809523809523809,6,0.5675675675675675,1.8610709242030798,A:21;G:2;P:1;S:2;T:4;V:7
Sauropsida,MACSE,12,12,N_terminal,other,37,0.8809523809523809,6,0.5675675675675675,1.87432024841046,A:21;D:3;E:7;G:1;Q:2;V:3
Sauropsida,MACSE,13,13,N_terminal,other,37,0.8809523809523809,8,0.4864864864864865,2.044253424251331,A:1;I:1;K:1;L:11;P:18;Q:1;S:2;V:2
Sauropsida,MACSE,14,14,N_terminal,other,36,0.8571428571428571,6,0.6388888888888888,1.5576493072947761,L:2;N:1;P:1;S:23;T:8;Y:1
Sauropsida,MACSE,15,15,N_terminal,other,35,0.8333333333333334,8,0.45714285714285713,2.3077148025974386,A:1;C:3;F:16;G:1;L:2;P:2;S:8;V:2
Sauropsida,MACSE,16,16,N_terminal,other,36,0.8571428571428571,7,0.2777777777777778,2.339714683406977,A:1;E:9;K:5;L:1;N:9;P:1;S:10
Sauropsida,MACSE,17,17,N_terminal,other,36,0.8571428571428571,8,0.5,2.0301244881923477,D:10;F:1;G:18;I:1;N:1;P:1;V:3;Y:1
Sauropsida,MACSE,18,18,N_terminal,other,36,0.8571428571428571,8,0.3055555555555556,2.511522548754678,A:1;G:9;I:6;L:1;M:2;R:11;S:5;T:1
Sauropsida,MACSE,19,20,N_terminal,other,36,0.8571428571428571,9,0.4444444444444444,2.4710011275886963,C:1;F:16;I:7;L:3;N:1;S:3;T:2;V:1;Y:2
Sauropsida,MACSE,20,21,N_terminal,other,34,0.8095238095238095,5,0.5294117647058824,1.7178032815359698,E:6;L:1;N:1;P:18;S:8
Sauropsida,MACSE,21,22,N_terminal,other,37,0.8809523809523809,8,0.2702702702702703,2.536213759667204,E:7;K:1;L:6;M:1;P:9;Q:1;S:2;T:10
Sauropsida,MACSE,22,23,N_terminal,other,34,0.8095238095238095,7,0.6470588235294118,1.8046019408283547,D:1;E:22;G:2;I:3;K:3;L:2;S:1
Sauropsida,MACSE,23,24,N_terminal,other,34,0.8095238095238095,5,0.5294117647058824,1.8354503403594995,D:3;K:3;N:8;S:18;T:2
Sauropsida,MACSE,24,25,N_terminal,other,34,0.8095238095238095,6,0.5294117647058824,1.9267269005877417,F:1;L:3;M:1;S:4;T:7;Y:18
Sauropsida,MACSE,25,26,N_terminal,other,34,0.8095238095238095,6,0.7941176470588235,1.1938757071793495,A:1;C:2;G:1;Q:1;S:27;T:2
Sauropsida,MACSE,26,27,N_terminal,other,34,0.8095238095238095,5,0.8529411764705882,0.8850672865827043,G:2;L:1;N:1;S:29;T:1
Sauropsida,MACSE,27,28,N_terminal,other,34,0.8095238095238095,7,0.47058823529411764,1.8810054880546372,D:16;E:1;G:12;H:2;P:1;S:1;V:1
Sauropsida,MACSE,28,30,N_terminal,other,35,0.8333333333333334,4,0.8,0.9516950657435456,C:5;F:1;Q:1;S:28
Sauropsida,MACSE,29,31,N_terminal,other,35,0.8333333333333334,6,0.2571428571428571,2.251850603220256,G:1;I:7;L:9;P:1;T:8;V:9
Sauropsida,MACSE,30,32,N_terminal,other,34,0.8095238095238095,5,0.6176470588235294,1.5979029049291436,D:7;G:3;P:2;R:1;S:21
Sauropsida,MACSE,31,34,N_terminal,other,37,0.8809523809523809,4,0.3783783783783784,1.6976152505580995,F:1;N:13;R:9;S:14
Sauropsida,MACSE,32,35,N_terminal,other,37,0.8809523809523809,7,0.5675675675675675,1.764643991920096,A:1;K:10;M:1;R:21;T:1;V:2;Y:1
Sauropsida,MACSE,33,36,N_terminal,other,37,0.8809523809523809,6,0.6486486486486487,1.5327209327287403,D:8;E:24;G:1;K:1;N:2;P:1
Sauropsida,MACSE,34,37,N_terminal,other,37,0.8809523809523809,6,0.7027027027027027,1.4845594968152955,E:1;F:5;H:2;K:1;L:2;N:26
Sauropsida,MACSE,35,38,N_terminal,other,39,0.9285714285714286,3,0.8717948717948718,0.6450499982850293,I:34;L:4;V:1
Sauropsida,MACSE,36,39,N_terminal,other,39,0.9285714285714286,4,0.8717948717948718,0.7476141008491319,A:34;I:1;S:2;V:2
Sauropsida,MACSE,37,40,N_terminal,other,39,0.9285714285714286,4,0.5128205128205128,1.2873142650416582,F:1;H:20;R:1;Y:17
Sauropsida,MACSE,38,41,ADD,other,39,0.9285714285714286,4,0.9230769230769231,0.5131637559924215,D:1;E:36;K:1;Q:1
Sauropsida,MACSE,39,42,ADD,other,39,0.9285714285714286,4,0.8974358974358975,0.6309174600654835,I:2;L:1;T:1;V:35
Sauropsida,MACSE,40,43,ADD,other,39,0.9285714285714286,8,0.48717948717948717,2.151545866048016,I:6;K:8;L:1;M:1;N:19;R:1;S:2;Y:1
Sauropsida,MACSE,41,44,ADD,other,39,0.9285714285714286,8,0.2564102564102564,2.473662658692482,E:10;F:10;H:4;K:1;N:2;R:1;V:1;Y:10
Sauropsida,MACSE,42,45,ADD,other,39,0.9285714285714286,6,0.5128205128205128,1.5663786077885296,D:1;E:1;F:1;G:1;K:15;N:20
Sauropsida,MACSE,43,46,ADD,other,39,0.9285714285714286,6,0.4358974358974359,1.9727842557681645,E:17;G:2;K:7;P:1;Q:11;V:1
Sauropsida,MACSE,44,47,ADD,other,40,0.9523809523809523,4,0.9,0.6189955935892812,K:2;Q:1;R:36;T:1
Sauropsida,MACSE,45,48,ADD,other,39,0.9285714285714286,7,0.41025641025641024,2.175550615909831,C:1;H:8;N:16;R:3;S:9;T:1;Y:1
Sauropsida,MACSE,46,49,ADD,other,39,0.9285714285714286,3,0.9487179487179487,0.34310030788093704,I:37;L:1;S:1
Sauropsida,MACSE,47,50,ADD,other,41,0.9761904761904762,4,0.926829268292683,0.4936191872801264,E:38;K:1;Q:1;R:1
Sauropsida,MACSE,48,51,ADD,other,42,1.0,2,0.7619047619047619,0.7918583525674836,D:10;E:32
Sauropsida,MACSE,49,52,ADD,other,42,1.0,2,0.9761904761904762,0.1623261801753929,I:41;S:1
Sauropsida,MACSE,50,53,ADD,other,42,1.0,1,1.0,0.0,C:42
Sauropsida,MACSE,51,54,ADD,other,42,1.0,2,0.9761904761904762,0.1623261801753929,I:41;L:1
Sauropsida,MACSE,52,55,ADD,other,42,1.0,1,1.0,0.0,C:42
Sauropsida,MACSE,53,56,ADD,other,42,1.0,1,1.0,0.0,C:42
Sauropsida,MACSE,54,57,ADD,other,42,1.0,1,1.0,0.0,G:42
Sauropsida,MACSE,55,58,ADD,other,42,1.0,5,0.6666666666666666,1.2813725270020178,E:1;G:11;K:1;R:1;S:28
Sauropsida,MACSE,56,59,ADD,other,42,1.0,4,0.47619047619047616,1.2761954276479393,C:1;F:20;L:20;V:1
Sauropsida,MACSE,57,60,ADD,other,42,1.0,3,0.7380952380952381,1.0087600267079522,E:31;K:2;Q:9
Sauropsida,MACSE,58,61,ADD,other,42,1.0,2,0.9523809523809523,0.2761954276479391,I:40;V:2
Sauropsida,MACSE,59,62,ADD,other,42,1.0,3,0.8095238095238095,0.806002635709361,H:34;R:7;Y:1
Sauropsida,MACSE,60,63,ADD,other,42,1.0,3,0.8809523809523809,0.6125608863913521,A:4;N:1;T:37
Sauropsida,MACSE,61,64,ADD,other,42,1.0,2,0.9761904761904762,0.1623261801753929,N:1;Q:41
Sauropsida,MACSE,62,65,ADD,other,42,1.0,1,1.0,0.0,H:42
Sauropsida,MACSE,63,66,ADD,other,42,1.0,1,1.0,0.0,P:42
Sauropsida,MACSE,64,67,ADD,other,42,1.0,1,1.0,0.0,L:42
Sauropsida,MACSE,65,68,ADD,other,42,1.0,1,1.0,0.0,F:42
Sauropsida,MACSE,66,69,ADD,other,42,1.0,2,0.7380952380952381,0.8296071030882031,H:31;Q:11
Sauropsida,MACSE,67,70,ADD,other,42,1.0,1,1.0,0.0,G:42
Sauropsida,MACSE,68,71,ADD,other,42,1.0,1,1.0,0.0,G:42
Sauropsida,MACSE,69,72,ADD,other,42,1.0,2,0.5238095238095238,0.998363672593813,I:20;M:22
Sauropsida,MACSE,70,73,ADD,other,42,1.0,1,1.0,0.0,C:42
Sauropsida,MACSE,71,74,ADD,other,42,1.0,3,0.7619047619047619,0.9637459942073318,A:32;S:2;T:8
Sauropsida,MACSE,72,75,ADD,other,42,1.0,3,0.9285714285714286,0.4368248862161963,L:2;P:39;S:1
Sauropsida,MACSE,73,76,ADD,other,42,1.0,1,1.0,0.0,C:42
Sauropsida,MACSE,74,77,ADD,other,42,1.0,2,0.7619047619047619,0.7918583525674836,S:10;T:32
Sauropsida,MACSE,75,78,ADD,other,42,1.0,1,1.0,0.0,E:42
Sauropsida,MACSE,76,79,ADD,other,42,1.0,6,0.38095238095238093,2.058319416682395,H:10;K:3;M:1;N:11;Q:1;R:16
Sauropsida,MACSE,77,80,ADD,other,42,1.0,2,0.7142857142857143,0.863120568566631,F:30;L:12
Sauropsida,MACSE,78,81,ADD,other,42,1.0,1,1.0,0.0,L:42
Sauropsida,MACSE,79,82,ADD,other,42,1.0,1,1.0,0.0,E:42
Sauropsida,MACSE,80,83,ADD,other,42,1.0,3,0.7142857142857143,0.9813539543676693,K:1;R:30;T:11
Sauropsida,MACSE,81,84,ADD,other,42,1.0,1,1.0,0.0,F:42
Sauropsida,MACSE,82,85,ADD,other,42,1.0,1,1.0,0.0,F:42
Sauropsida,MACSE,83,86,ADD,other,42,1.0,1,1.0,0.0,L:42
Sauropsida,MACSE,84,87,ADD,other,42,1.0,2,0.7380952380952381,0.8296071030882031,C:31;Y:11
Sauropsida,MACSE,85,88,ADD,other,42,1.0,1,1.0,0.0,D:42
Sauropsida,MACSE,86,89,ADD,other,42,1.0,4,0.5476190476190477,1.5215733751051386,D:23;E:6;N:12;Q:1
Sauropsida,MACSE,87,90,ADD,other,42,1.0,1,1.0,0.0,D:42
Sauropsida,MACSE,88,91,ADD,other,42,1.0,1,1.0,0.0,G:42
Sauropsida,MACSE,89,92,ADD,other,42,1.0,5,0.6190476190476191,1.501109955622998,C:1;F:10;L:4;S:1;Y:26
Sauropsida,MACSE,90,93,ADD,other,42,1.0,6,0.6666666666666666,1.3964788807195572,A:1;E:1;H:1;K:10;P:1;Q:28
Sauropsida,MACSE,91,94,ADD,other,42,1.0,4,0.6428571428571429,1.3541925773671584,A:27;G:1;S:4;T:10
Sauropsida,MACSE,92,95,ADD,other,42,1.0,3,0.7142857142857143,1.1430830704669603,D:30;F:7;Y:5
Sauropsida,MACSE,93,96,ADD,other,42,1.0,1,1.0,0.0,C:42
Sauropsida,MACSE,94,97,ADD,other,42,1.0,2,0.5952380952380952,0.9736680645496201,A:17;T:25
Sauropsida,MACSE,95,98,ADD,other,42,1.0,2,0.9523809523809523,0.2761954276479391,I:40;V:2
Sauropsida,MACSE,96,99,ADD,other,42,1.0,1,1.0,0.0,C:42
Sauropsida,MACSE,97,100,ADD,other,42,1.0,1,1.0,0.0,C:42
Sauropsida,MACSE,98,101,ADD,other,42,1.0,5,0.6190476190476191,1.3371472083144127,C:1;L:1;R:1;S:13;W:26
Sauropsida,MACSE,99,102,ADD,other,42,1.0,3,0.7380952380952381,0.9447134568057423,A:1;G:31;S:10
Sauropsida,MACSE,100,103,ADD,other,42,1.0,4,0.7380952380952381,1.1758921697711395,D:1;E:6;K:31;N:4
Sauropsida,MACSE,101,104,ADD,other,42,1.0,4,0.6904761904761905,1.1994429035508265,I:2;L:1;S:29;T:10
Sauropsida,MACSE,102,105,ADD,other,42,1.0,1,1.0,0.0,L:42
Sauropsida,MACSE,103,106,ADD,other,42,1.0,4,0.5714285714285714,1.4970168792872136,I:24;L:11;M:1;V:6
Sauropsida,MACSE,104,107,ADD,other,42,1.0,3,0.9285714285714286,0.4368248862161963,I:2;L:1;M:39
Sauropsida,MACSE,105,108,ADD,other,42,1.0,1,1.0,0.0,C:42
Sauropsida,MACSE,106,109,ADD,other,42,1.0,1,1.0,0.0,D:42
Sauropsida,MACSE,107,110,ADD,other,42,1.0,5,0.6904761904761905,1.311108521072084,D:29;E:2;H:9;N:1;S:1
Sauropsida,MACSE,108,111,ADD,other,42,1.0,6,0.6666666666666666,1.3964788807195574,A:1;E:1;L:1;P:28;S:10;T:1
Sauropsida,MACSE,109,112,ADD,other,42,1.0,6,0.5,1.624730139960809,A:16;G:1;K:2;Q:1;R:1;T:21
Sauropsida,MACSE,110,113,ADD,other,42,1.0,1,1.0,0.0,C:42
Sauropsida,MACSE,111,114,ADD,other,42,1.0,3,0.5238095238095238,1.4180260055608094,H:14;I:6;N:22
Sauropsida,MACSE,112,115,ADD,other,42,1.0,2,0.7857142857142857,0.74959525725948,K:9;R:33
Sauropsida,MACSE,113,116,ADD,other,42,1.0,4,0.8333333333333334,0.8798196705627167,C:35;G:2;S:4;V:1
Sauropsida,MACSE,114,117,ADD,other,42,1.0,4,0.6666666666666666,1.1631391412009795,F:28;I:1;M:1;Y:12
Sauropsida,MACSE,115,118,ADD,other,42,1.0,1,1.0,0.0,C:42
Sauropsida,MACSE,116,119,ADD,other,42,1.0,7,0.5476190476190477,1.911820030475691,D:1;E:23;F:2;L:9;P:1;S:1;T:5
Sauropsida,MACSE,117,120,ADD,other,42,1.0,6,0.7619047619047619,1.2135132560090713,D:1;E:32;K:6;Q:1;R:1;S:1
Sauropsida,MACSE,118,121,ADD,other,42,1.0,1,1.0,0.0,C:42
Sauropsida,MACSE,119,122,ADD,other,42,1.0,4,0.42857142857142855,1.668897248715202,I:1;L:18;M:10;V:13
Sauropsida,MACSE,120,123,ADD,other,42,1.0,2,0.9761904761904762,0.1623261801753929,D:41;N:1
Sauropsida,MACSE,121,124,ADD,other,42,1.0,5,0.40476190476190477,1.927679695223924,A:3;E:1;S:10;T:17;V:11
Sauropsida,MACSE,122,125,ADD,other,42,1.0,1,1.0,0.0,L:42
Sauropsida,MACSE,123,126,ADD,other,42,1.0,2,0.9761904761904762,0.1623261801753929,I:1;V:41
Sauropsida,MACSE,124,127,ADD,other,42,1.0,7,0.2857142857142857,2.4692660901476104,C:9;E:1;G:4;H:2;R:4;S:12;Y:10
Sauropsida,MACSE,125,128,ADD,other,42,1.0,6,0.5952380952380952,1.6763513943167316,A:1;K:2;P:25;Q:3;R:1;S:10
Sauropsida,MACSE,126,129,ADD,other,42,1.0,2,0.9761904761904762,0.1623261801753929,G:41;R:1
Sauropsida,MACSE,127,130,ADD,other,42,1.0,10,0.3333333333333333,2.62627612963392,A:1;C:7;F:10;H:4;K:1;L:1;M:2;R:1;S:1;T:14
Sauropsida,MACSE,128,131,ADD,other,42,1.0,3,0.6428571428571429,1.0664857211782817,A:27;G:1;S:14
Sauropsida,MACSE,129,132,ADD,other,42,1.0,3,0.6666666666666666,1.2060026902433665,D:10;E:28;K:4
Sauropsida,MACSE,130,133,ADD,other,42,1.0,5,0.5,1.5771110923417613,E:21;G:2;K:16;N:2;Q:1
Sauropsida,MACSE,131,134,ADD,other,42,1.0,5,0.6190476190476191,1.4106273589615634,A:1;F:2;I:26;T:1;V:12
Sauropsida,MACSE,132,135,ADD,other,42,1.0,3,0.9047619047619048,0.530980922468767,E:1;K:38;R:3
Sauropsida,MACSE,133,136,ADD,other,42,1.0,6,0.35714285714285715,1.9455835400413262,A:11;E:15;G:1;K:13;N:1;Q:1
Sauropsida,MACSE,134,137,ADD,other,42,1.0,5,0.47619047619047616,1.8976207959838884,I:5;K:10;M:6;R:1;T:20
Sauropsida,MACSE,135,138,ADD,other,42,1.0,5,0.42857142857142855,1.8205768658937294,A:2;N:18;Q:1;S:14;T:7
Sauropsida,MACSE,136,139,ADD,other,42,1.0,5,0.47619047619047616,1.41257493103649,K:1;P:20;Q:1;S:1;T:19
Sauropsida,MACSE,137,140,ADD,other,42,1.0,1,1.0,0.0,W:42
Sauropsida,MACSE,138,141,ADD,other,42,1.0,5,0.6190476190476191,1.4106273589615634,I:26;K:1;L:12;T:1;V:2
Sauropsida,MACSE,139,142,ADD,other,42,1.0,1,1.0,0.0,C:42
Sauropsida,MACSE,140,143,ADD,other,42,1.0,2,0.9761904761904762,0.1623261801753929,F:41;L:1
Sauropsida,MACSE,141,144,ADD,other,42,1.0,3,0.5,1.2958363892911637,I:3;L:18;M:21
Sauropsida,MACSE,142,145,ADD,other,42,1.0,1,1.0,0.0,C:42
Sauropsida,MACSE,143,146,ADD,other,42,1.0,5,0.47619047619047616,1.58456908470726,A:20;L:17;Q:1;T:2;V:2
Sauropsida,MACSE,144,147,ADD,other,42,1.0,3,0.9523809523809523,0.3238144752669867,A:1;P:40;S:1
Sauropsida,MACSE,145,148,ADD,other,42,1.0,7,0.47619047619047616,1.8257267481587964,F:1;H:1;L:15;Q:20;R:1;T:1;W:3
Sauropsida,MACSE,146,149,ADD,other,42,1.0,8,0.35714285714285715,2.4359630955534035,D:6;E:2;G:2;H:4;N:1;R:15;S:11;Y:1
Sauropsida,MACSE,147,150,ADD,other,42,1.0,6,0.35714285714285715,2.071704516914194,A:11;G:1;I:3;K:1;S:11;V:15
Sauropsida,MACSE,148,151,ADD,other,42,1.0,3,0.38095238095238093,1.575114591410657,H:16;N:14;Y:12
Sauropsida,MACSE,149,152,ADD,other,42,1.0,1,1.0,0.0,G:42
Sauropsida,MACSE,150,153,ADD,other,42,1.0,3,0.8095238095238095,0.8060026357093609,F:1;L:34;V:7
Sauropsida,MACSE,151,154,ADD,other,42,1.0,1,1.0,0.0,L:42
Sauropsida,MACSE,152,155,ADD,other,42,1.0,2,0.9523809523809523,0.2761954276479391,K:40;Q:2
Sauropsida,MACSE,153,156,ADD,other,42,1.0,2,0.7857142857142857,0.74959525725948,K:9;R:33
Sauropsida,MACSE,154,157,ADD,other,42,1.0,2,0.6904761904761905,0.8926230133850986,K:29;R:13
Sauropsida,MACSE,155,158,ADD,other,42,1.0,7,0.2619047619047619,2.3854530161738894,I:7;K:11;L:1;Q:2;R:11;T:9;V:1
Sauropsida,MACSE,156,159,ADD,other,42,1.0,4,0.5476190476190477,1.2606794872890683,K:17;N:1;R:23;T:1
Sauropsida,MACSE,157,160,ADD,other,42,1.0,1,1.0,0.0,W:42
Sauropsida,MACSE,158,161,ADD,other,42,1.0,3,0.9047619047619048,0.5489544344250401,H:2;Q:2;R:38
Sauropsida,MACSE,159,162,ADD,other,42,1.0,4,0.6428571428571429,1.4994274695126317,A:27;E:4;T:6;V:5
Sauropsida,MACSE,160,163,ADD,other,42,1.0,7,0.47619047619047616,2.0764249627535776,D:4;E:20;G:1;I:1;K:10;R:1;V:5
Sauropsida,MACSE,161,164,ADD,other,42,1.0,1,1.0,0.0,L:42
Sauropsida,MACSE,162,165,ADD,other,42,1.0,1,1.0,0.0,K:42
Sauropsida,MACSE,163,166,ADD,other,42,1.0,7,0.30952380952380953,2.274029340683089,C:11;F:3;H:11;L:1;Q:2;R:13;Y:1
Sauropsida,MACSE,164,167,ADD,other,42,1.0,2,0.9761904761904762,0.1623261801753929,F:41;L:1
Sauropsida,MACSE,165,168,ADD,other,42,1.0,3,0.9523809523809523,0.3238144752669867,F:1;H:1;Y:40
Sauropsida,MACSE,166,169,ADD,other,42,1.0,1,1.0,0.0,D:42
Sauropsida,MACSE,167,170,ADD,other,42,1.0,4,0.9285714285714286,0.48444393383524387,C:1;N:1;Q:39;W:1
Sauropsida,MACSE,168,171,ADD,other,42,1.0,2,0.9761904761904762,0.1623261801753929,E:41;G:1
Sauropsida,MACSE,169,172,ADD,other,42,1.0,1,1.0,0.0,S:42
Sauropsida,MACSE,170,174,linker,other,42,1.0,4,0.8809523809523809,0.6898254696731743,D:1;N:37;S:3;Y:1
Sauropsida,MACSE,171,175,linker,other,37,0.8809523809523809,5,0.6216216216216216,1.4456369889212493,A:1;H:23;N:10;Q:1;S:2
Sauropsida,MACSE,172,176,linker,other,42,1.0,7,0.6428571428571429,1.724854398664073,D:1;F:2;H:1;I:7;L:27;M:2;T:2
Sauropsida,MACSE,173,177,linker,other,42,1.0,6,0.6428571428571429,1.5431227781702384,E:9;K:3;N:1;Q:1;S:1;W:27
Sauropsida,MACSE,174,178,C_terminal_MTase_like,other,42,1.0,2,0.9761904761904762,0.1623261801753929,I:41;V:1
Sauropsida,MACSE,175,179,C_terminal_MTase_like,other,42,1.0,2,0.9761904761904762,0.1623261801753929,H:1;Y:41
Sauropsida,MACSE,176,180,C_terminal_MTase_like,other,42,1.0,5,0.8333333333333334,0.9570842538445389,H:1;K:2;P:1;Q:35;R:3
Sauropsida,MACSE,177,181,C_terminal_MTase_like,other,42,1.0,3,0.7142857142857143,0.9813539543676691,L:11;M:1;P:30
Sauropsida,MACSE,178,182,C_terminal_MTase_like,other,42,1.0,2,0.9523809523809523,0.2761954276479391,L:40;V:2
Sauropsida,MACSE,179,183,C_terminal_MTase_like,other,42,1.0,8,0.6190476190476191,1.7556327160013987,D:1;E:1;G:1;K:1;P:2;Q:9;S:26;Y:1
Sauropsida,MACSE,180,184,C_terminal_MTase_like,other,42,1.0,5,0.47619047619047616,1.7523859038384153,A:10;G:1;K:1;P:20;T:10
Sauropsida,MACSE,181,185,C_terminal_MTase_like,other,42,1.0,3,0.9285714285714286,0.4368248862161963,L:1;R:2;W:39
Sauropsida,MACSE,182,186,C_terminal_MTase_like,other,42,1.0,2,0.7380952380952381,0.8296071030882031,D:11;E:31
Sauropsida,MACSE,183,187,C_terminal_MTase_like,other,42,1.0,3,0.7142857142857143,0.9813539543676691,K:11;Q:1;R:30
Sauropsida,MACSE,184,188,C_terminal_MTase_like,other,42,1.0,2,0.9761904761904762,0.1623261801753929,K:41;T:1
Sauropsida,MACSE,185,189,C_terminal_MTase_like,other,42,1.0,3,0.6904761904761905,1.0137222116512967,P:29;S:12;T:1
Sauropsida,MACSE,186,190,C_terminal_MTase_like,other,42,1.0,2,0.8333333333333334,0.6500224216483541,I:35;V:7
Sauropsida,MACSE,187,191,C_terminal_MTase_like,other,42,1.0,5,0.35714285714285715,1.8893267372595257,H:15;K:1;N:14;R:10;S:2
Sauropsida,MACSE,188,192,C_terminal_MTase_like,other,42,1.0,2,0.9285714285714286,0.37123232664087563,I:3;V:39
Sauropsida,MACSE,189,193,C_terminal_MTase_like,other,42,1.0,2,0.9761904761904762,0.1623261801753929,I:1;L:41
Sauropsida,MACSE,190,194,C_terminal_MTase_like,other,42,1.0,2,0.9761904761904762,0.1623261801753929,S:41;T:1
Sauropsida,MACSE,191,195,C_terminal_MTase_like,other,42,1.0,2,0.9761904761904762,0.1623261801753929,I:1;L:41
Sauropsida,MACSE,192,196,C_terminal_MTase_like,other,42,1.0,1,1.0,0.0,F:42
Sauropsida,MACSE,193,197,C_terminal_MTase_like,other,42,1.0,2,0.9761904761904762,0.1623261801753929,D:41;E:1
Sauropsida,MACSE,194,198,C_terminal_MTase_like,other,42,1.0,2,0.9523809523809523,0.2761954276479391,D:2;N:40
Sauropsida,MACSE,195,199,C_terminal_MTase_like,other,42,1.0,1,1.0,0.0,I:42
Sauropsida,MACSE,196,200,C_terminal_MTase_like,other,42,1.0,4,0.9285714285714286,0.48444393383524387,A:1;I:1;S:1;T:39
Sauropsida,MACSE,197,201,C_terminal_MTase_like,other,42,1.0,5,0.42857142857142855,1.9770986029319646,E:10;K:1;P:7;Q:18;T:6
Sauropsida,MACSE,198,202,C_terminal_MTase_like,other,42,1.0,1,1.0,0.0,E:42
Sauropsida,MACSE,199,203,C_terminal_MTase_like,other,42,1.0,2,0.7380952380952381,0.8296071030882031,L:31;M:11
Sauropsida,MACSE,200,204,C_terminal_MTase_like,other,42,1.0,4,0.9047619047619048,0.5965734820440877,E:1;K:38;Q:2;R:1
Sauropsida,MACSE,201,205,C_terminal_MTase_like,other,42,1.0,6,0.5714285714285714,1.65282575549396,C:2;G:2;N:12;R:1;S:24;W:1
Sauropsida,MACSE,202,206,C_terminal_MTase_like,other,42,1.0,4,0.7380952380952381,1.1545446232892407,F:7;I:3;L:31;Y:1
Sauropsida,MACSE,203,207,C_terminal_MTase_like,other,42,1.0,1,1.0,0.0,G:42
Sauropsida,MACSE,204,208,C_terminal_MTase_like,other,42,1.0,1,1.0,0.0,F:42
Sauropsida,MACSE,205,209,C_terminal_MTase_like,other,42,1.0,1,1.0,0.0,L:42
Sauropsida,MACSE,206,210,C_terminal_MTase_like,other,42,1.0,3,0.9047619047619048,0.5489544344250401,D:2;E:2;G:38
Sauropsida,MACSE,207,211,C_terminal_MTase_like,other,42,1.0,4,0.5952380952380952,1.4456556841164936,E:25;K:5;Q:1;S:11
Sauropsida,MACSE,208,212,C_terminal_MTase_like,other,41,0.9761904761904762,5,0.6829268292682927,1.3298626672865295,G:1;K:1;N:2;R:9;S:28
Sauropsida,MACSE,209,213,C_terminal_MTase_like,other,41,0.9761904761904762,6,0.2682926829268293,2.227511058768193,G:1;K:11;L:9;M:10;R:9;T:1
Sauropsida,MACSE,210,214,C_terminal_MTase_like,other,41,0.9761904761904762,3,0.9512195121951219,0.3299742842369207,D:1;G:39;S:1
Sauropsida,MACSE,211,215,C_terminal_MTase_like,other,41,0.9761904761904762,3,0.7317073170731707,1.0225265684903673,D:9;N:30;S:2
Sauropsida,MACSE,212,216,C_terminal_MTase_like,other,41,0.9761904761904762,1,1.0,0.0,G:41
Sauropsida,MACSE,213,217,C_terminal_MTase_like,other,42,1.0,5,0.5,1.7861758316542937,H:2;K:1;R:21;T:10;Y:8
Sauropsida,MACSE,214,218,C_terminal_MTase_like,other,42,1.0,2,0.9523809523809523,0.2761954276479391,L:40;V:2
Sauropsida,MACSE,215,219,C_terminal_MTase_like,other,42,1.0,3,0.8095238095238095,0.8842635042284789,I:3;K:34;T:5
Sauropsida,MACSE,216,220,C_terminal_MTase_like,other,42,1.0,2,0.9761904761904762,0.1623261801753929,F:1;Y:41
Sauropsida,MACSE,217,221,C_terminal_MTase_like,other,42,1.0,4,0.7619047619047619,1.0113650418263793,I:1;L:32;M:8;V:1
Sauropsida,MACSE,218,222,C_terminal_MTase_like,other,42,1.0,4,0.8095238095238095,0.9046147654730822,D:34;H:6;N:1;Y:1
Sauropsida,MACSE,219,223,C_terminal_MTase_like,other,42,1.0,1,1.0,0.0,D:42
Sauropsida,MACSE,220,224,C_terminal_MTase_like,other,42,1.0,2,0.9761904761904762,0.1623261801753929,L:1;V:41
Sauropsida,MACSE,221,225,C_terminal_MTase_like,other,42,1.0,1,1.0,0.0,T:42
Sauropsida,MACSE,222,226,C_terminal_MTase_like,other,42,1.0,2,0.7142857142857143,0.863120568566631,D:30;N:12
Sauropsida,MACSE,223,227,C_terminal_MTase_like,other,42,1.0,5,0.8571428571428571,0.8657150405901116,A:2;I:2;M:1;T:1;V:36
Sauropsida,MACSE,224,228,C_terminal_MTase_like,other,42,1.0,6,0.2857142857142857,2.16130579666555,I:11;K:1;L:12;M:1;T:12;V:5
Sauropsida,MACSE,225,229,C_terminal_MTase_like,other,42,1.0,1,1.0,0.0,R:42
Sauropsida,MACSE,226,230,C_terminal_MTase_like,other,42,1.0,6,0.5952380952380952,1.5562232619925227,I:12;K:1;M:2;N:1;T:25;V:1
Sauropsida,MACSE,227,231,C_terminal_MTase_like,other,42,1.0,4,0.5,1.610847453818164,D:9;H:21;N:11;Q:1
Sauropsida,MACSE,228,232,C_terminal_MTase_like,other,42,1.0,2,0.7142857142857143,0.863120568566631,I:30;V:12
Sauropsida,MACSE,229,233,C_terminal_MTase_like,other,42,1.0,4,0.6190476190476191,1.3450347993862426,D:3;E:26;K:12;Q:1
Sauropsida,MACSE,230,234,C_terminal_MTase_like,other,42,1.0,4,0.9047619047619048,0.5965734820440877,D:1;E:38;G:2;R:1
Sauropsida,MACSE,231,235,C_terminal_MTase_like,other,42,1.0,2,0.9523809523809523,0.2761954276479391,L:2;W:40
Sauropsida,MACSE,232,236,C_terminal_MTase_like,other,42,1.0,1,1.0,0.0,G:42
Sauropsida,MACSE,233,237,C_terminal_MTase_like,other,42,1.0,3,0.9523809523809523,0.3238144752669867,L:1;P:40;S:1
Sauropsida,MACSE,234,238,C_terminal_MTase_like,other,42,1.0,2,0.9523809523809523,0.2761954276479391,F:40;Y:2
Sauropsida,MACSE,235,239,C_terminal_MTase_like,other,42,1.0,1,1.0,0.0,D:42
Sauropsida,MACSE,236,240,C_terminal_MTase_like,other,42,1.0,3,0.8095238095238095,0.8842635042284789,F:34;L:3;V:5
Sauropsida,MACSE,237,241,C_terminal_MTase_like,other,42,1.0,3,0.9047619047619048,0.530980922468767,I:38;L:1;V:3
Sauropsida,MACSE,238,242,C_terminal_MTase_like,other,42,1.0,1,1.0,0.0,F:42
Sauropsida,MACSE,239,243,C_terminal_MTase_like,other,42,1.0,1,1.0,0.0,G:42
Sauropsida,MACSE,240,244,C_terminal_MTase_like,other,42,1.0,1,1.0,0.0,S:42
Sauropsida,MACSE,241,245,C_terminal_MTase_like,other,42,1.0,1,1.0,0.0,T:42
Sauropsida,MACSE,242,246,C_terminal_MTase_like,other,42,1.0,1,1.0,0.0,P:42
Sauropsida,MACSE,243,247,C_terminal_MTase_like,other,42,1.0,2,0.8571428571428571,0.5916727785823275,A:6;P:36
Sauropsida,MACSE,244,248,C_terminal_MTase_like,other,42,1.0,3,0.5952380952380952,1.3527953381667288,I:11;L:6;V:25
Sauropsida,MACSE,245,249,C_terminal_MTase_like,other,42,1.0,2,0.5714285714285714,0.9852281360342515,A:18;G:24
Sauropsida,MACSE,246,250,C_terminal_MTase_like,other,42,1.0,3,0.6666666666666666,1.0420399429347813,K:13;N:28;R:1
Sauropsida,MACSE,247,251,C_terminal_MTase_like,other,42,1.0,5,0.7380952380952381,1.164220146064638,A:1;F:8;L:1;S:31;V:1
Sauropsida,MACSE,248,252,C_terminal_MTase_like,other,42,1.0,2,0.9761904761904762,0.1623261801753929,H:1;Y:41
Sauropsida,MACSE,249,253,C_terminal_MTase_like,other,42,1.0,6,0.35714285714285715,2.0865509967869684,D:2;E:15;K:10;N:2;Q:12;R:1
Sauropsida,MACSE,250,254,C_terminal_MTase_like,other,42,1.0,3,0.7857142857142857,0.8574363289971182,H:33;Q:8;Y:1
Sauropsida,MACSE,251,255,C_terminal_MTase_like,other,42,1.0,2,0.9523809523809523,0.2761954276479391,P:40;S:2
Sauropsida,MACSE,252,256,C_terminal_MTase_like,other,42,1.0,3,0.6428571428571429,1.0664857211782817,P:14;S:27;T:1
Sauropsida,MACSE,253,257,C_terminal_MTase_like,other,42,1.0,2,0.9761904761904762,0.1623261801753929,A:41;G:1
Sauropsida,MACSE,254,258,C_terminal_MTase_like,other,42,1.0,2,0.9761904761904762,0.1623261801753929,C:1;W:41
Sauropsida,MACSE,255,259,C_terminal_MTase_like,other,42,1.0,1,1.0,0.0,Y:42
Sauropsida,MACSE,256,260,C_terminal_MTase_like,other,42,1.0,4,0.8571428571428571,0.7704769453520164,F:36;I:1;L:1;M:4
Sauropsida,MACSE,257,261,C_terminal_MTase_like,other,42,1.0,1,1.0,0.0,Y:42
Sauropsida,MACSE,258,262,C_terminal_MTase_like,other,42,1.0,1,1.0,0.0,Q:42
Sauropsida,MACSE,259,263,C_terminal_MTase_like,other,42,1.0,2,0.9523809523809523,0.2761954276479391,F:2;Y:40
Sauropsida,MACSE,260,264,C_terminal_MTase_like,other,42,1.0,7,0.5476190476190477,1.9923933158388851,D:1;F:23;H:8;I:3;M:1;V:2;Y:4
Sauropsida,MACSE,261,265,C_terminal_MTase_like,other,42,1.0,2,0.9761904761904762,0.1623261801753929,Q:1;R:41
Sauropsida,MACSE,262,266,C_terminal_MTase_like,other,42,1.0,2,0.9761904761904762,0.1623261801753929,I:41;V:1
Sauropsida,MACSE,263,267,C_terminal_MTase_like,other,42,1.0,1,1.0,0.0,L:42
Sauropsida,MACSE,264,268,C_terminal_MTase_like,other,42,1.0,3,0.9523809523809523,0.3238144752669867,E:1;Q:40;R:1
Sauropsida,MACSE,265,269,C_terminal_MTase_like,other,42,1.0,1,1.0,0.0,Y:42
Sauropsida,MACSE,266,270,C_terminal_MTase_like,other,42,1.0,6,0.5714285714285714,1.7237888505260104,A:1;E:1;G:24;S:6;T:1;V:9
Sauropsida,MACSE,267,271,C_terminal_MTase_like,other,42,1.0,6,0.2857142857142857,2.2113025935729285,E:1;I:1;K:11;R:9;S:8;T:12
Sauropsida,MACSE,268,272,C_terminal_MTase_like,other,42,1.0,2,0.9761904761904762,0.1623261801753929,H:1;P:41
Sauropsida,MACSE,269,273,C_terminal_MTase_like,other,42,1.0,7,0.5714285714285714,1.9151959937952425,E:8;I:1;K:2;L:2;P:24;R:1;T:4
Sauropsida,MACSE,270,274,C_terminal_MTase_like,other,42,1.0,2,0.9761904761904762,0.1623261801753929,A:1;E:41
Sauropsida,MACSE,271,278,C_terminal_MTase_like,other,42,1.0,3,0.5952380952380952,1.104307786008091,K:16;M:1;R:25
Sauropsida,MACSE,272,279,C_terminal_MTase_like,other,42,1.0,2,0.7380952380952381,0.8296071030882031,M:11;P:31
Sauropsida,MACSE,273,280,C_terminal_MTase_like,other,42,1.0,1,1.0,0.0,F:42
Sauropsida,MACSE,274,281,C_terminal_MTase_like,other,42,1.0,1,1.0,0.0,F:42
Sauropsida,MACSE,275,282,C_terminal_MTase_like,other,42,1.0,1,1.0,0.0,W:42
Sauropsida,MACSE,276,283,C_terminal_MTase_like,other,42,1.0,3,0.5952380952380952,1.2457873952707117,I:3;L:14;M:25
Sauropsida,MACSE,277,284,C_terminal_MTase_like,other,42,1.0,1,1.0,0.0,F:42
Sauropsida,MACSE,278,285,C_terminal_MTase_like,other,42,1.0,3,0.8095238095238095,0.8569957178540346,I:2;L:6;V:34
Sauropsida,MACSE,279,286,C_terminal_MTase_like,other,42,1.0,1,1.0,0.0,D:42
Sauropsida,MACSE,280,287,C_terminal_MTase_like,other,42,1.0,1,1.0,0.0,N:42
Sauropsida,MACSE,281,288,C_terminal_MTase_like,other,42,1.0,2,0.7380952380952381,0.8296071030882031,I:11;L:31
Sauropsida,MACSE,282,289,C_terminal_MTase_like,other,42,1.0,1,1.0,0.0,V:42
Sauropsida,MACSE,283,290,C_terminal_MTase_like,other,42,1.0,1,1.0,0.0,L:42
Sauropsida,MACSE,284,291,C_terminal_MTase_like,other,42,1.0,3,0.6428571428571429,1.142610782439526,D:13;E:27;T:2
Sauropsida,MACSE,285,292,C_terminal_MTase_like,other,42,1.0,2,0.7619047619047619,0.7918583525674836,E:32;K:10
Sauropsida,MACSE,286,293,C_terminal_MTase_like,other,42,1.0,2,0.9761904761904762,0.1623261801753929,A:1;E:41
Sauropsida,MACSE,287,294,C_terminal_MTase_like,other,42,1.0,3,0.5714285714285714,1.3984047495234926,D:24;E:11;T:7
Sauropsida,MACSE,288,295,C_terminal_MTase_like,other,42,1.0,1,1.0,0.0,R:42
Sauropsida,MACSE,289,296,C_terminal_MTase_like,other,42,1.0,4,0.7380952380952381,1.0563790743269996,A:1;D:31;E:9;N:1
Sauropsida,MACSE,290,297,C_terminal_MTase_like,other,42,1.0,2,0.6190476190476191,0.9587118829771318,A:16;T:26
Sauropsida,MACSE,291,298,C_terminal_MTase_like,other,42,1.0,1,1.0,0.0,A:42
Sauropsida,MACSE,292,299,C_terminal_MTase_like,other,42,1.0,2,0.8571428571428571,0.5916727785823275,C:6;S:36
Sauropsida,MACSE,293,300,C_terminal_MTase_like,other,42,1.0,1,1.0,0.0,R:42
Sauropsida,MACSE,294,301,C_terminal_MTase_like,other,42,1.0,1,1.0,0.0,F:42
Sauropsida,MACSE,295,302,C_terminal_MTase_like,other,42,1.0,3,0.8571428571428571,0.6845331245320924,F:36;L:5;W:1
Sauropsida,MACSE,296,303,C_terminal_MTase_like,other,42,1.0,3,0.6428571428571429,1.0664857211782817,E:1;K:14;Q:27
Sauropsida,MACSE,297,304,C_terminal_MTase_like,other,42,1.0,4,0.5952380952380952,1.3113799548460323,L:1;M:25;T:14;V:2
Sauropsida,MACSE,298,305,C_terminal_MTase_like,other,42,1.0,3,0.9523809523809523,0.3238144752669867,D:1;E:40;Q:1
Sauropsida,MACSE,299,306,C_terminal_MTase_like,other,42,1.0,3,0.9523809523809523,0.3238144752669867,A:40;G:1;H:1
Sauropsida,MACSE,300,307,C_terminal_MTase_like,other,42,1.0,4,0.9285714285714286,0.48444393383524387,L:1;Q:1;T:1;V:39
Sauropsida,MACSE,301,308,C_terminal_MTase_like,other,42,1.0,5,0.47619047619047616,1.8471107166043743,I:3;L:20;M:1;T:11;V:7
Sauropsida,MACSE,302,309,C_terminal_MTase_like,other,42,1.0,6,0.6428571428571429,1.4970497202243016,I:10;K:1;L:1;R:27;T:1;V:2
Sauropsida,MACSE,303,310,C_terminal_MTase_like,other,42,1.0,6,0.5952380952380952,1.60886408821824,C:3;H:11;I:1;M:1;T:1;Y:25
Sauropsida,MACSE,304,311,C_terminal_MTase_like,other,42,1.0,4,0.6904761904761905,1.131955597452335,K:29;Q:1;R:11;S:1
Sauropsida,MACSE,305,312,C_terminal_MTase_like,other,42,1.0,6,0.5,1.9790297714188148,E:6;I:1;K:5;L:8;Q:21;R:1
Sauropsida,MACSE,306,313,C_terminal_MTase_like,other,42,1.0,4,0.5714285714285714,1.4970168792872138,D:11;H:24;Q:6;S:1
Sauropsida,MACSE,307,314,C_terminal_MTase_like,other,42,1.0,5,0.5238095238095238,1.8829910388462647,A:9;D:22;G:4;K:3;N:4
Sauropsida,MACSE,308,315,C_terminal_MTase_like,other,42,1.0,7,0.38095238095238093,2.240399794026289,D:16;E:10;G:6;L:1;Q:1;S:7;T:1
Sauropsida,MACSE,309,316,C_terminal_MTase_like,other,42,1.0,7,0.6190476190476191,1.7206166448818936,E:1;I:4;L:1;N:8;S:1;T:26;V:1
Sauropsida,MACSE,310,317,C_terminal_MTase_like,other,41,0.9761904761904762,2,0.5121951219512195,0.9995708393473224,I:21;V:20
Sauropsida,MACSE,311,318,C_terminal_MTase_like,other,42,1.0,4,0.9285714285714286,0.48444393383524387,K:1;N:1;Q:39;R:1
Sauropsida,MACSE,312,319,C_terminal_MTase_like,other,42,1.0,2,0.9761904761904762,0.1623261801753929,H:1;N:41
Sauropsida,MACSE,313,320,C_terminal_MTase_like,other,42,1.0,2,0.8809523809523809,0.5266170655714281,A:37;V:5
Sauropsida,MACSE,314,321,C_terminal_MTase_like,other,42,1.0,4,0.9285714285714286,0.48444393383524387,A:1;I:1;S:1;V:39
Sauropsida,MACSE,315,322,C_terminal_MTase_like,other,42,1.0,3,0.7142857142857143,0.9813539543676693,H:30;I:11;R:1
Sauropsida,MACSE,316,323,C_terminal_MTase_like,other,42,1.0,3,0.7380952380952381,1.0087600267079522,I:31;L:9;V:2
Sauropsida,MACSE,317,324,C_terminal_MTase_like,other,42,1.0,2,0.9761904761904762,0.1623261801753929,L:1;W:41
Sauropsida,MACSE,318,325,C_terminal_MTase_like,other,41,0.9761904761904762,1,1.0,0.0,S:41
Sauropsida,MACSE,319,326,C_terminal_MTase_like,other,41,0.9761904761904762,1,1.0,0.0,N:41
Sauropsida,MACSE,320,327,C_terminal_MTase_like,other,42,1.0,2,0.9761904761904762,0.1623261801753929,I:41;L:1
Sauropsida,MACSE,321,328,C_terminal_MTase_like,other,42,1.0,1,1.0,0.0,P:42
Sauropsida,MACSE,322,329,C_terminal_MTase_like,other,42,1.0,2,0.9761904761904762,0.1623261801753929,R:1;S:41
Sauropsida,MACSE,323,330,C_terminal_MTase_like,other,42,1.0,2,0.9761904761904762,0.1623261801753929,L:1;V:41
Sauropsida,MACSE,324,331,C_terminal_MTase_like,other,42,1.0,3,0.6428571428571429,1.0664857211782817,K:14;N:27;Q:1
Sauropsida,MACSE,325,332,C_terminal_MTase_like,other,42,1.0,1,1.0,0.0,S:42
Sauropsida,MACSE,326,334,C_terminal_MTase_like,other,42,1.0,3,0.9523809523809523,0.3238144752669867,K:40;R:1;S:1
Sauropsida,MACSE,327,335,C_terminal_MTase_like,other,42,1.0,3,0.9523809523809523,0.3238144752669867,E:1;H:1;Y:40
Sauropsida,MACSE,328,336,C_terminal_MTase_like,other,42,1.0,2,0.9761904761904762,0.1623261801753929,C:1;S:41
Sauropsida,MACSE,329,337,C_terminal_MTase_like,other,42,1.0,6,0.6428571428571429,1.5431227781702381,A:27;G:3;L:9;P:1;S:1;V:1
Sauropsida,MACSE,330,338,C_terminal_MTase_like,other,42,1.0,3,0.8809523809523809,0.6125608863913521,A:4;S:37;T:1
Sauropsida,MACSE,331,339,C_terminal_MTase_like,other,42,1.0,6,0.42857142857142855,2.03976370878314,A:18;D:10;E:2;K:1;P:2;S:9
Sauropsida,MACSE,332,340,C_terminal_MTase_like,other,42,1.0,5,0.8809523809523809,0.755418029248495,L:37;M:1;P:1;S:2;V:1
Sauropsida,MACSE,333,341,C_terminal_MTase_like,switching_helix,42,1.0,5,0.47619047619047616,1.7489451676421337,C:1;D:9;N:11;S:1;Y:20
Sauropsida,MACSE,334,342,C_terminal_MTase_like,switching_helix,42,1.0,6,0.42857142857142855,1.9016620645026576,A:1;L:9;M:12;S:1;T:1;V:18
Sauropsida,MACSE,335,343,C_terminal_MTase_like,switching_helix,42,1.0,3,0.9523809523809523,0.3238144752669867,D:40;S:1;T:1
Sauropsida,MACSE,336,344,C_terminal_MTase_like,switching_helix,42,1.0,4,0.9285714285714286,0.48444393383524387,I:1;L:39;R:1;S:1
Sauropsida,MACSE,337,345,C_terminal_MTase_like,switching_helix,42,1.0,7,0.5238095238095238,2.0204776462466776,C:2;D:8;F:6;H:2;K:1;S:22;Y:1
Sauropsida,MACSE,338,346,C_terminal_MTase_like,switching_helix,42,1.0,4,0.8095238095238095,0.9998528607111775,K:3;L:34;Q:2;R:3
Sauropsida,MACSE,339,347,C_terminal_MTase_like,switching_helix,41,0.9761904761904762,4,0.926829268292683,0.4936191872801264,I:1;L:38;M:1;P:1
Sauropsida,MACSE,340,348,C_terminal_MTase_like,switching_helix,41,0.9761904761904762,2,0.975609756097561,0.1654270339962668,A:40;S:1
Sauropsida,MACSE,341,349,C_terminal_MTase_like,switching_helix,42,1.0,5,0.7142857142857143,1.3276390210506057,D:4;E:6;K:30;P:1;S:1
Sauropsida,MACSE,342,350,C_terminal_MTase_like,switching_helix,42,1.0,7,0.5952380952380952,1.6038423096115704,D:12;E:1;G:1;K:1;N:25;R:1;T:1
Sauropsida,MACSE,343,351,C_terminal_MTase_like,switching_helix,42,1.0,2,0.9523809523809523,0.2761954276479391,I:40;L:2
Sauropsida,MACSE,344,352,C_terminal_MTase_like,switching_helix,42,1.0,7,0.47619047619047616,1.9984060362649168,C:13;I:2;L:20;Q:1;R:2;V:2;Y:2
Sauropsida,MACSE,345,353,C_terminal_MTase_like,switching_helix,42,1.0,4,0.5,1.6783347599166556,E:10;K:9;R:21;S:2
Sauropsida,MACSE,346,354,C_terminal_MTase_like,switching_helix,42,1.0,6,0.5714285714285714,1.7433083521553945,A:1;K:4;Q:1;R:2;S:10;T:24
Sauropsida,MACSE,347,355,C_terminal_MTase_like,switching_helix,42,1.0,3,0.9523809523809523,0.3238144752669867,E:1;R:40;Y:1
Sauropsida,MACSE,348,356,C_terminal_MTase_like,switching_helix_adjacent_loop,42,1.0,4,0.7380952380952381,1.1166010984455905,I:31;L:8;P:1;V:2
Sauropsida,MACSE,349,357,C_terminal_MTase_like,switching_helix_adjacent_loop,42,1.0,4,0.7857142857142857,0.960972413416089,E:1;F:33;K:1;L:7
Sauropsida,MACSE,350,358,C_terminal_MTase_like,switching_helix_adjacent_loop,42,1.0,3,0.9523809523809523,0.3238144752669867,E:1;Q:1;S:40
Sauropsida,MACSE,351,359,C_terminal_MTase_like,switching_helix_adjacent_loop,42,1.0,4,0.7857142857142857,1.0119654955607627,E:6;K:1;Q:33;R:2
Sauropsida,MACSE,352,360,C_terminal_MTase_like,switching_helix_adjacent_loop,42,1.0,4,0.8333333333333334,0.8798196705627167,A:2;P:1;Q:4;R:35
Sauropsida,MACSE,353,361,C_terminal_MTase_like,other,42,1.0,1,1.0,0.0,P:42
Sauropsida,MACSE,354,362,C_terminal_MTase_like,other,42,1.0,4,0.9285714285714286,0.48444393383524387,A:39;K:1;S:1;V:1
Sauropsida,MACSE,355,363,C_terminal_MTase_like,other,42,1.0,2,0.9285714285714286,0.37123232664087563,S:3;T:39
Sauropsida,MACSE,356,364,C_terminal_MTase_like,other,41,0.9761904761904762,4,0.926829268292683,0.4936191872801264,E:1;I:1;L:38;V:1
Sauropsida,MACSE,357,365,C_terminal_MTase_like,other,41,0.9761904761904762,4,0.7317073170731707,1.0713070562952454,I:30;L:1;M:1;V:9
Sauropsida,MACSE,358,366,C_terminal_MTase_like,other,41,0.9761904761904762,5,0.4634146341463415,1.4204484555728094,K:19;N:1;R:19;S:1;W:1
Sauropsida,MACSE,359,367,C_terminal_MTase_like,other,41,0.9761904761904762,5,0.43902439024390244,1.7884866685242908,A:1;D:11;E:18;K:10;R:1
Sauropsida,MACSE,360,368,C_terminal_MTase_like,other,41,0.9761904761904762,3,0.9512195121951219,0.3299742842369207,C:1;F:39;W:1
Sauropsida,MACSE,361,369,C_terminal_MTase_like,other,41,0.9761904761904762,3,0.926829268292683,0.4448386994752483,F:38;G:1;W:2
Sauropsida,MACSE,362,370,C_terminal_MTase_like,other,40,0.9523809523809523,4,0.725,1.0866587480953522,F:1;G:1;L:9;V:29
Sauropsida,MACSE,363,371,C_terminal_MTase_like,other,40,0.9523809523809523,3,0.95,0.3363969571159562,P:38;S:1;T:1
Sauropsida,MACSE,364,372,C_terminal_MTase_like,other,40,0.9523809523809523,3,0.95,0.3363969571159562,K:1;L:38;V:1
Sauropsida,MACSE,365,373,C_terminal_MTase_like,other,41,0.9761904761904762,3,0.7560975609756098,0.915859062301646,E:1;K:31;R:9
Sauropsida,MACSE,366,374,C_terminal_MTase_like,other,41,0.9761904761904762,5,0.6341463414634146,1.3275280368053457,D:12;E:26;G:1;N:1;R:1
Sauropsida,MACSE,367,375,C_terminal_MTase_like,other,42,1.0,3,0.9523809523809523,0.3238144752669867,F:1;R:1;Y:40
Sauropsida,MACSE,368,376,C_terminal_MTase_like,other,42,1.0,4,0.9285714285714286,0.48444393383524387,F:39;I:1;L:1;V:1
Sauropsida,MACSE,369,377,C_terminal_MTase_like,other,41,0.9761904761904762,3,0.7560975609756098,0.915859062301646,K:9;R:31;S:1
Sauropsida,MACSE,370,378,C_terminal_MTase_like,other,41,0.9761904761904762,5,0.43902439024390244,1.7817587107742714,A:12;C:9;L:1;T:18;V:1
Sauropsida,MACSE,371,379,C_terminal_MTase_like,other,41,0.9761904761904762,3,0.9512195121951219,0.3299742842369207,A:1;F:39;W:1
Sauropsida,MACSE,372,380,C_terminal_MTase_like,other,37,0.8809523809523809,7,0.5405405405405406,1.7907422925814493,F:1;G:1;K:2;M:1;P:11;S:20;T:1
Sauropsida,MAFFT,1,1,N_terminal,other,36,0.8571428571428571,2,0.9444444444444444,0.3095434291503252,M:34;V:2
Sauropsida,MAFFT,2,5,N_terminal,other,34,0.8095238095238095,4,0.5588235294117647,1.3895165834832217,I:12;L:2;V:19;Y:1
Sauropsida,MAFFT,3,6,N_terminal,other,34,0.8095238095238095,5,0.5588235294117647,1.5355695894727392,L:11;M:2;Q:1;T:1;V:19
Sauropsida,MAFFT,4,7,N_terminal,other,36,0.8571428571428571,4,0.3611111111111111,1.790630797068177,L:12;M:2;S:9;V:13
Sauropsida,MAFFT,5,8,N_terminal,other,36,0.8571428571428571,4,0.9166666666666666,0.5458970586970634,D:33;K:1;N:1;T:1
Sauropsida,MAFFT,6,9,N_terminal,other,36,0.8571428571428571,6,0.5277777777777778,1.6774202024400346,A:1;C:1;H:2;P:1;S:12;T:19
Sauropsida,MAFFT,7,10,N_terminal,other,36,0.8571428571428571,7,0.4444444444444444,2.1835423624332306,E:16;G:1;K:6;N:8;P:1;S:2;T:2
Sauropsida,MAFFT,8,11,N_terminal,other,36,0.8571428571428571,11,0.25,2.851452168594303,D:9;E:7;G:9;I:1;K:2;N:1;P:1;Q:1;T:1;V:3;Y:1
Sauropsida,MAFFT,9,12,N_terminal,other,34,0.8095238095238095,7,0.3235294117647059,2.231215846221754,A:1;D:2;G:9;R:11;S:9;T:1;Y:1
Sauropsida,MAFFT,10,13,N_terminal,other,37,0.8809523809523809,9,0.5405405405405406,2.0961168953610927,D:1;G:1;H:1;K:1;L:1;R:3;S:20;T:8;V:1
Sauropsida,MAFFT,11,14,N_terminal,other,38,0.9047619047619048,10,0.42105263157894735,2.3845423737811187,C:1;F:16;H:1;I:1;L:1;N:1;Q:1;S:11;T:3;Y:2
Sauropsida,MAFFT,12,15,N_terminal,other,38,0.9047619047619048,8,0.4473684210526316,1.8771320598808603,A:1;D:1;E:1;L:1;N:1;P:17;S:15;V:1
Sauropsida,MAFFT,13,16,N_terminal,other,37,0.8809523809523809,6,0.6486486486486487,1.4643607972427726,D:24;E:9;G:1;L:1;R:1;S:1
Sauropsida,MAFFT,14,17,N_terminal,other,37,0.8809523809523809,7,0.4864864864864865,1.7402204214460286,D:1;E:1;I:18;K:1;M:1;T:1;V:14
Sauropsida,MAFFT,15,18,N_terminal,other,37,0.8809523809523809,4,0.918918918918919,0.5344875115070162,I:34;L:1;V:1;W:1
Sauropsida,MAFFT,16,19,N_terminal,other,37,0.8809523809523809,4,0.7837837837837838,1.0340185187874256,C:5;G:1;S:29;T:2
Sauropsida,MAFFT,17,20,N_terminal,other,37,0.8809523809523809,6,0.43243243243243246,1.937597959521879,A:1;F:1;I:9;L:9;T:1;V:16
Sauropsida,MAFFT,18,21,N_terminal,other,37,0.8809523809523809,3,0.6756756756756757,1.2268174285152158,D:7;G:5;S:25
Sauropsida,MAFFT,19,22,N_terminal,other,37,0.8809523809523809,4,0.8918918918918919,0.6563450970119508,N:1;R:1;S:33;T:2
Sauropsida,MAFFT,20,23,N_terminal,other,37,0.8809523809523809,5,0.8918918918918919,0.7103991510660048,E:33;G:1;Q:1;S:1;Y:1
Sauropsida,MAFFT,21,24,N_terminal,other,37,0.8809523809523809,6,0.6486486486486487,1.6513792982845021,D:1;E:24;G:5;H:2;K:1;Q:4
Sauropsida,MAFFT,22,25,N_terminal,other,37,0.8809523809523809,6,0.43243243243243246,2.005958095007847,F:1;I:16;L:1;M:9;T:8;V:2
Sauropsida,MAFFT,23,26,N_terminal,other,34,0.8095238095238095,7,0.4117647058823529,2.102645830185913,A:1;F:1;L:1;M:7;P:9;Q:1;S:14
Sauropsida,MAFFT,24,34,N_terminal,other,38,0.9047619047619048,5,0.3684210526315789,1.8285061908745992,F:1;G:1;N:13;R:9;S:14
Sauropsida,MAFFT,25,35,N_terminal,other,37,0.8809523809523809,7,0.6216216216216216,1.6264466088102443,A:1;C:1;K:9;R:23;S:1;T:1;Y:1
Sauropsida,MAFFT,26,36,N_terminal,other,39,0.9285714285714286,6,0.6153846153846154,1.6433740132902546,D:8;E:24;G:1;K:1;N:4;P:1
Sauropsida,MAFFT,27,37,N_terminal,other,39,0.9285714285714286,5,0.6666666666666666,1.505127510643222,F:5;H:2;K:1;L:5;N:26
Sauropsida,MAFFT,28,38,N_terminal,other,39,0.9285714285714286,3,0.8461538461538461,0.7193856441631259,I:33;L:5;V:1
Sauropsida,MAFFT,29,39,N_terminal,other,39,0.9285714285714286,5,0.8717948717948718,0.798896152131183,A:34;I:1;R:1;S:1;V:2
Sauropsida,MAFFT,30,40,N_terminal,other,39,0.9285714285714286,4,0.5128205128205128,1.2873142650416582,F:1;G:1;H:20;Y:17
Sauropsida,MAFFT,31,41,ADD,other,39,0.9285714285714286,4,0.9230769230769231,0.5131637559924215,D:1;E:36;K:1;Q:1
Sauropsida,MAFFT,32,42,ADD,other,38,0.9047619047619048,3,0.9210526315789473,0.4709563136258532,I:2;T:1;V:35
Sauropsida,MAFFT,33,43,ADD,other,38,0.9047619047619048,7,0.5,2.0316012566079262,I:6;K:8;M:1;N:19;R:1;S:2;Y:1
Sauropsida,MAFFT,34,44,ADD,other,38,0.9047619047619048,7,0.2631578947368421,2.3621948069535623,E:10;F:10;H:4;K:1;N:2;V:1;Y:10
Sauropsida,MAFFT,35,45,ADD,other,38,0.9047619047619048,5,0.5263157894736842,1.4310348599731901,D:1;F:1;G:1;K:15;N:20
Sauropsida,MAFFT,36,46,ADD,other,39,0.9285714285714286,6,0.4358974358974359,1.9727842557681643,E:17;G:2;K:7;P:1;Q:11;V:1
Sauropsida,MAFFT,37,47,ADD,other,39,0.9285714285714286,3,0.9230769230769231,0.4618817047103702,K:2;Q:1;R:36
Sauropsida,MAFFT,38,48,ADD,other,39,0.9285714285714286,7,0.41025641025641024,2.175550615909831,C:1;H:8;N:16;R:3;S:9;T:1;Y:1
Sauropsida,MAFFT,39,49,ADD,other,40,0.9523809523809523,4,0.925,0.5031837316805838,I:37;L:1;S:1;T:1
Sauropsida,MAFFT,40,50,ADD,other,41,0.9761904761904762,3,0.926829268292683,0.4448386994752483,E:38;K:2;Q:1
Sauropsida,MAFFT,41,51,ADD,other,42,1.0,2,0.7619047619047619,0.7918583525674836,D:10;E:32
Sauropsida,MAFFT,42,52,ADD,other,42,1.0,2,0.9761904761904762,0.1623261801753929,I:41;S:1
Sauropsida,MAFFT,43,53,ADD,other,42,1.0,1,1.0,0.0,C:42
Sauropsida,MAFFT,44,54,ADD,other,42,1.0,2,0.9761904761904762,0.1623261801753929,I:41;L:1
Sauropsida,MAFFT,45,55,ADD,other,42,1.0,1,1.0,0.0,C:42
Sauropsida,MAFFT,46,56,ADD,other,42,1.0,1,1.0,0.0,C:42
Sauropsida,MAFFT,47,57,ADD,other,42,1.0,1,1.0,0.0,G:42
Sauropsida,MAFFT,48,58,ADD,other,42,1.0,5,0.6666666666666666,1.281372527002018,E:1;G:11;K:1;R:1;S:28
Sauropsida,MAFFT,49,59,ADD,other,42,1.0,4,0.47619047619047616,1.2761954276479393,C:1;F:20;L:20;V:1
Sauropsida,MAFFT,50,60,ADD,other,42,1.0,3,0.7380952380952381,1.0087600267079522,E:31;K:2;Q:9
Sauropsida,MAFFT,51,61,ADD,other,42,1.0,2,0.9523809523809523,0.2761954276479391,I:40;V:2
Sauropsida,MAFFT,52,62,ADD,other,42,1.0,3,0.8095238095238095,0.806002635709361,H:34;R:7;Y:1
Sauropsida,MAFFT,53,63,ADD,other,42,1.0,3,0.8809523809523809,0.6125608863913521,A:4;N:1;T:37
Sauropsida,MAFFT,54,64,ADD,other,42,1.0,2,0.9761904761904762,0.1623261801753929,N:1;Q:41
Sauropsida,MAFFT,55,65,ADD,other,42,1.0,1,1.0,0.0,H:42
Sauropsida,MAFFT,56,66,ADD,other,42,1.0,1,1.0,0.0,P:42
Sauropsida,MAFFT,57,67,ADD,other,42,1.0,1,1.0,0.0,L:42
Sauropsida,MAFFT,58,68,ADD,other,42,1.0,1,1.0,0.0,F:42
Sauropsida,MAFFT,59,69,ADD,other,42,1.0,2,0.7380952380952381,0.8296071030882031,H:31;Q:11
Sauropsida,MAFFT,60,70,ADD,other,42,1.0,1,1.0,0.0,G:42
Sauropsida,MAFFT,61,71,ADD,other,42,1.0,1,1.0,0.0,G:42
Sauropsida,MAFFT,62,72,ADD,other,42,1.0,2,0.5238095238095238,0.998363672593813,I:20;M:22
Sauropsida,MAFFT,63,73,ADD,other,42,1.0,1,1.0,0.0,C:42
Sauropsida,MAFFT,64,74,ADD,other,42,1.0,3,0.7619047619047619,0.9637459942073318,A:32;S:2;T:8
Sauropsida,MAFFT,65,75,ADD,other,42,1.0,3,0.9285714285714286,0.4368248862161963,L:2;P:39;S:1
Sauropsida,MAFFT,66,76,ADD,other,42,1.0,1,1.0,0.0,C:42
Sauropsida,MAFFT,67,77,ADD,other,42,1.0,2,0.7619047619047619,0.7918583525674836,S:10;T:32
Sauropsida,MAFFT,68,78,ADD,other,42,1.0,1,1.0,0.0,E:42
Sauropsida,MAFFT,69,79,ADD,other,42,1.0,6,0.38095238095238093,2.0583194166823944,H:10;K:3;M:1;N:11;Q:1;R:16
Sauropsida,MAFFT,70,80,ADD,other,42,1.0,2,0.7142857142857143,0.863120568566631,F:30;L:12
Sauropsida,MAFFT,71,81,ADD,other,42,1.0,1,1.0,0.0,L:42
Sauropsida,MAFFT,72,82,ADD,other,42,1.0,1,1.0,0.0,E:42
Sauropsida,MAFFT,73,83,ADD,other,42,1.0,3,0.7142857142857143,0.9813539543676691,K:1;R:30;T:11
Sauropsida,MAFFT,74,84,ADD,other,42,1.0,1,1.0,0.0,F:42
Sauropsida,MAFFT,75,85,ADD,other,42,1.0,1,1.0,0.0,F:42
Sauropsida,MAFFT,76,86,ADD,other,42,1.0,1,1.0,0.0,L:42
Sauropsida,MAFFT,77,87,ADD,other,42,1.0,2,0.7380952380952381,0.8296071030882031,C:31;Y:11
Sauropsida,MAFFT,78,88,ADD,other,42,1.0,1,1.0,0.0,D:42
Sauropsida,MAFFT,79,89,ADD,other,42,1.0,4,0.5476190476190477,1.5215733751051386,D:23;E:6;N:12;Q:1
Sauropsida,MAFFT,80,90,ADD,other,42,1.0,1,1.0,0.0,D:42
Sauropsida,MAFFT,81,91,ADD,other,42,1.0,1,1.0,0.0,G:42
Sauropsida,MAFFT,82,92,ADD,other,42,1.0,5,0.6190476190476191,1.501109955622998,C:1;F:10;L:4;S:1;Y:26
Sauropsida,MAFFT,83,93,ADD,other,42,1.0,6,0.6666666666666666,1.3964788807195572,A:1;E:1;H:1;K:10;P:1;Q:28
Sauropsida,MAFFT,84,94,ADD,other,42,1.0,4,0.6428571428571429,1.3541925773671586,A:27;G:1;S:4;T:10
Sauropsida,MAFFT,85,95,ADD,other,42,1.0,3,0.7142857142857143,1.1430830704669603,D:30;F:7;Y:5
Sauropsida,MAFFT,86,96,ADD,other,42,1.0,1,1.0,0.0,C:42
Sauropsida,MAFFT,87,97,ADD,other,42,1.0,2,0.5952380952380952,0.9736680645496201,A:17;T:25
Sauropsida,MAFFT,88,98,ADD,other,42,1.0,2,0.9523809523809523,0.2761954276479391,I:40;V:2
Sauropsida,MAFFT,89,99,ADD,other,42,1.0,1,1.0,0.0,C:42
Sauropsida,MAFFT,90,100,ADD,other,42,1.0,1,1.0,0.0,C:42
Sauropsida,MAFFT,91,101,ADD,other,42,1.0,5,0.6190476190476191,1.337147208314413,C:1;L:1;R:1;S:13;W:26
Sauropsida,MAFFT,92,102,ADD,other,42,1.0,3,0.7380952380952381,0.9447134568057423,A:1;G:31;S:10
Sauropsida,MAFFT,93,103,ADD,other,42,1.0,4,0.7380952380952381,1.1758921697711395,D:1;E:6;K:31;N:4
Sauropsida,MAFFT,94,104,ADD,other,42,1.0,4,0.6904761904761905,1.1994429035508267,I:2;L:1;S:29;T:10
Sauropsida,MAFFT,95,105,ADD,other,42,1.0,1,1.0,0.0,L:42
Sauropsida,MAFFT,96,106,ADD,other,42,1.0,4,0.5714285714285714,1.4970168792872138,I:24;L:11;M:1;V:6
Sauropsida,MAFFT,97,107,ADD,other,42,1.0,3,0.9285714285714286,0.4368248862161963,I:2;L:1;M:39
Sauropsida,MAFFT,98,108,ADD,other,42,1.0,1,1.0,0.0,C:42
Sauropsida,MAFFT,99,109,ADD,other,42,1.0,1,1.0,0.0,D:42
Sauropsida,MAFFT,100,110,ADD,other,42,1.0,5,0.6904761904761905,1.311108521072084,D:29;E:2;H:9;N:1;S:1
Sauropsida,MAFFT,101,111,ADD,other,42,1.0,6,0.6666666666666666,1.3964788807195574,A:1;E:1;L:1;P:28;S:10;T:1
Sauropsida,MAFFT,102,112,ADD,other,42,1.0,6,0.5,1.624730139960809,A:16;G:1;K:2;Q:1;R:1;T:21
Sauropsida,MAFFT,103,113,ADD,other,42,1.0,1,1.0,0.0,C:42
Sauropsida,MAFFT,104,114,ADD,other,42,1.0,3,0.5238095238095238,1.4180260055608094,H:14;I:6;N:22
Sauropsida,MAFFT,105,115,ADD,other,42,1.0,2,0.7857142857142857,0.74959525725948,K:9;R:33
Sauropsida,MAFFT,106,116,ADD,other,42,1.0,4,0.8333333333333334,0.8798196705627167,C:35;G:2;S:4;V:1
Sauropsida,MAFFT,107,117,ADD,other,42,1.0,4,0.6666666666666666,1.1631391412009797,F:28;I:1;M:1;Y:12
Sauropsida,MAFFT,108,118,ADD,other,42,1.0,1,1.0,0.0,C:42
Sauropsida,MAFFT,109,119,ADD,other,42,1.0,7,0.5476190476190477,1.911820030475691,D:1;E:23;F:2;L:9;P:1;S:1;T:5
Sauropsida,MAFFT,110,120,ADD,other,42,1.0,6,0.7619047619047619,1.2135132560090713,D:1;E:32;K:6;Q:1;R:1;S:1
Sauropsida,MAFFT,111,121,ADD,other,42,1.0,1,1.0,0.0,C:42
Sauropsida,MAFFT,112,122,ADD,other,42,1.0,4,0.42857142857142855,1.6688972487152023,I:1;L:18;M:10;V:13
Sauropsida,MAFFT,113,123,ADD,other,42,1.0,2,0.9761904761904762,0.1623261801753929,D:41;N:1
Sauropsida,MAFFT,114,124,ADD,other,42,1.0,5,0.40476190476190477,1.927679695223924,A:3;E:1;S:10;T:17;V:11
Sauropsida,MAFFT,115,125,ADD,other,42,1.0,1,1.0,0.0,L:42
Sauropsida,MAFFT,116,126,ADD,other,42,1.0,2,0.9761904761904762,0.1623261801753929,I:1;V:41
Sauropsida,MAFFT,117,127,ADD,other,42,1.0,7,0.2857142857142857,2.4692660901476104,C:9;E:1;G:4;H:2;R:4;S:12;Y:10
Sauropsida,MAFFT,118,128,ADD,other,42,1.0,6,0.5952380952380952,1.6763513943167316,A:1;K:2;P:25;Q:3;R:1;S:10
Sauropsida,MAFFT,119,129,ADD,other,42,1.0,2,0.9761904761904762,0.1623261801753929,G:41;R:1
Sauropsida,MAFFT,120,130,ADD,other,42,1.0,10,0.3333333333333333,2.6262761296339203,A:1;C:7;F:10;H:4;K:1;L:1;M:2;R:1;S:1;T:14
Sauropsida,MAFFT,121,131,ADD,other,42,1.0,3,0.6428571428571429,1.0664857211782817,A:27;G:1;S:14
Sauropsida,MAFFT,122,132,ADD,other,42,1.0,3,0.6666666666666666,1.2060026902433665,D:10;E:28;K:4
Sauropsida,MAFFT,123,133,ADD,other,42,1.0,5,0.5,1.5771110923417613,E:21;G:2;K:16;N:2;Q:1
Sauropsida,MAFFT,124,134,ADD,other,42,1.0,5,0.6190476190476191,1.4106273589615634,A:1;F:2;I:26;T:1;V:12
Sauropsida,MAFFT,125,135,ADD,other,42,1.0,3,0.9047619047619048,0.530980922468767,E:1;K:38;R:3
Sauropsida,MAFFT,126,136,ADD,other,42,1.0,6,0.35714285714285715,1.9455835400413264,A:11;E:15;G:1;K:13;N:1;Q:1
Sauropsida,MAFFT,127,137,ADD,other,42,1.0,5,0.47619047619047616,1.8976207959838884,I:5;K:10;M:6;R:1;T:20
Sauropsida,MAFFT,128,138,ADD,other,42,1.0,5,0.42857142857142855,1.8205768658937294,A:2;N:18;Q:1;S:14;T:7
Sauropsida,MAFFT,129,139,ADD,other,42,1.0,5,0.47619047619047616,1.41257493103649,K:1;P:20;Q:1;S:1;T:19
Sauropsida,MAFFT,130,140,ADD,other,42,1.0,1,1.0,0.0,W:42
Sauropsida,MAFFT,131,141,ADD,other,42,1.0,5,0.6190476190476191,1.4106273589615634,I:26;K:1;L:12;T:1;V:2
Sauropsida,MAFFT,132,142,ADD,other,42,1.0,1,1.0,0.0,C:42
Sauropsida,MAFFT,133,143,ADD,other,42,1.0,2,0.9761904761904762,0.1623261801753929,F:41;L:1
Sauropsida,MAFFT,134,144,ADD,other,42,1.0,3,0.5,1.2958363892911637,I:3;L:18;M:21
Sauropsida,MAFFT,135,145,ADD,other,42,1.0,1,1.0,0.0,C:42
Sauropsida,MAFFT,136,146,ADD,other,42,1.0,5,0.47619047619047616,1.5845690847072602,A:20;L:17;Q:1;T:2;V:2
Sauropsida,MAFFT,137,147,ADD,other,42,1.0,3,0.9523809523809523,0.3238144752669867,A:1;P:40;S:1
Sauropsida,MAFFT,138,148,ADD,other,42,1.0,7,0.47619047619047616,1.8257267481587964,F:1;H:1;L:15;Q:20;R:1;T:1;W:3
Sauropsida,MAFFT,139,149,ADD,other,42,1.0,8,0.35714285714285715,2.4359630955534035,D:6;E:2;G:2;H:4;N:1;R:15;S:11;Y:1
Sauropsida,MAFFT,140,150,ADD,other,42,1.0,6,0.35714285714285715,2.071704516914194,A:11;G:1;I:3;K:1;S:11;V:15
Sauropsida,MAFFT,141,151,ADD,other,42,1.0,3,0.38095238095238093,1.575114591410657,H:16;N:14;Y:12
Sauropsida,MAFFT,142,152,ADD,other,42,1.0,1,1.0,0.0,G:42
Sauropsida,MAFFT,143,153,ADD,other,42,1.0,3,0.8095238095238095,0.8060026357093609,F:1;L:34;V:7
Sauropsida,MAFFT,144,154,ADD,other,42,1.0,1,1.0,0.0,L:42
Sauropsida,MAFFT,145,155,ADD,other,42,1.0,2,0.9523809523809523,0.2761954276479391,K:40;Q:2
Sauropsida,MAFFT,146,156,ADD,other,42,1.0,2,0.7857142857142857,0.74959525725948,K:9;R:33
Sauropsida,MAFFT,147,157,ADD,other,42,1.0,2,0.6904761904761905,0.8926230133850986,K:29;R:13
Sauropsida,MAFFT,148,158,ADD,other,42,1.0,7,0.2619047619047619,2.38545301617389,I:7;K:11;L:1;Q:2;R:11;T:9;V:1
Sauropsida,MAFFT,149,159,ADD,other,42,1.0,4,0.5476190476190477,1.2606794872890683,K:17;N:1;R:23;T:1
Sauropsida,MAFFT,150,160,ADD,other,42,1.0,1,1.0,0.0,W:42
Sauropsida,MAFFT,151,161,ADD,other,42,1.0,3,0.9047619047619048,0.5489544344250401,H:2;Q:2;R:38
Sauropsida,MAFFT,152,162,ADD,other,42,1.0,4,0.6428571428571429,1.4994274695126317,A:27;E:4;T:6;V:5
Sauropsida,MAFFT,153,163,ADD,other,42,1.0,7,0.47619047619047616,2.0764249627535776,D:4;E:20;G:1;I:1;K:10;R:1;V:5
Sauropsida,MAFFT,154,164,ADD,other,42,1.0,1,1.0,0.0,L:42
Sauropsida,MAFFT,155,165,ADD,other,42,1.0,1,1.0,0.0,K:42
Sauropsida,MAFFT,156,166,ADD,other,42,1.0,7,0.30952380952380953,2.274029340683089,C:11;F:3;H:11;L:1;Q:2;R:13;Y:1
Sauropsida,MAFFT,157,167,ADD,other,42,1.0,2,0.9761904761904762,0.1623261801753929,F:41;L:1
Sauropsida,MAFFT,158,168,ADD,other,42,1.0,3,0.9523809523809523,0.3238144752669867,F:1;H:1;Y:40
Sauropsida,MAFFT,159,169,ADD,other,42,1.0,1,1.0,0.0,D:42
Sauropsida,MAFFT,160,170,ADD,other,42,1.0,4,0.9285714285714286,0.48444393383524387,C:1;N:1;Q:39;W:1
Sauropsida,MAFFT,161,171,ADD,other,42,1.0,2,0.9761904761904762,0.1623261801753929,E:41;G:1
Sauropsida,MAFFT,162,172,ADD,other,42,1.0,1,1.0,0.0,S:42
Sauropsida,MAFFT,163,174,linker,other,41,0.9761904761904762,5,0.6585365853658537,1.4144745637995975,D:1;N:27;P:9;S:3;T:1
Sauropsida,MAFFT,164,175,linker,other,39,0.9285714285714286,6,0.5897435897435898,1.6439639255199818,A:1;H:23;N:10;Q:1;S:3;Y:1
Sauropsida,MAFFT,165,176,linker,other,42,1.0,7,0.6428571428571429,1.724854398664073,D:1;F:2;H:1;I:7;L:27;M:2;T:2
Sauropsida,MAFFT,166,177,linker,other,42,1.0,6,0.6428571428571429,1.5431227781702384,E:9;K:3;N:1;Q:1;S:1;W:27
Sauropsida,MAFFT,167,178,C_terminal_MTase_like,other,42,1.0,2,0.9761904761904762,0.1623261801753929,I:41;V:1
Sauropsida,MAFFT,168,179,C_terminal_MTase_like,other,42,1.0,2,0.9761904761904762,0.1623261801753929,H:1;Y:41
Sauropsida,MAFFT,169,180,C_terminal_MTase_like,other,42,1.0,5,0.8333333333333334,0.9570842538445389,H:1;K:2;P:1;Q:35;R:3
Sauropsida,MAFFT,170,181,C_terminal_MTase_like,other,42,1.0,3,0.7142857142857143,0.9813539543676691,L:11;M:1;P:30
Sauropsida,MAFFT,171,182,C_terminal_MTase_like,other,42,1.0,2,0.9523809523809523,0.2761954276479391,L:40;V:2
Sauropsida,MAFFT,172,183,C_terminal_MTase_like,other,42,1.0,8,0.6190476190476191,1.7556327160013985,D:1;E:1;G:1;K:1;P:2;Q:9;S:26;Y:1
Sauropsida,MAFFT,173,184,C_terminal_MTase_like,other,42,1.0,5,0.47619047619047616,1.7523859038384153,A:10;G:1;K:1;P:20;T:10
Sauropsida,MAFFT,174,185,C_terminal_MTase_like,other,42,1.0,3,0.9285714285714286,0.4368248862161963,L:1;R:2;W:39
Sauropsida,MAFFT,175,186,C_terminal_MTase_like,other,42,1.0,2,0.7380952380952381,0.8296071030882031,D:11;E:31
Sauropsida,MAFFT,176,187,C_terminal_MTase_like,other,42,1.0,3,0.7142857142857143,0.9813539543676693,K:11;Q:1;R:30
Sauropsida,MAFFT,177,188,C_terminal_MTase_like,other,42,1.0,2,0.9761904761904762,0.1623261801753929,K:41;T:1
Sauropsida,MAFFT,178,189,C_terminal_MTase_like,other,42,1.0,3,0.6904761904761905,1.0137222116512967,P:29;S:12;T:1
Sauropsida,MAFFT,179,190,C_terminal_MTase_like,other,42,1.0,2,0.8333333333333334,0.6500224216483541,I:35;V:7
Sauropsida,MAFFT,180,191,C_terminal_MTase_like,other,42,1.0,5,0.35714285714285715,1.8893267372595257,H:15;K:1;N:14;R:10;S:2
Sauropsida,MAFFT,181,192,C_terminal_MTase_like,other,42,1.0,2,0.9285714285714286,0.37123232664087563,I:3;V:39
Sauropsida,MAFFT,182,193,C_terminal_MTase_like,other,42,1.0,2,0.9761904761904762,0.1623261801753929,I:1;L:41
Sauropsida,MAFFT,183,194,C_terminal_MTase_like,other,42,1.0,2,0.9761904761904762,0.1623261801753929,S:41;T:1
Sauropsida,MAFFT,184,195,C_terminal_MTase_like,other,42,1.0,2,0.9761904761904762,0.1623261801753929,I:1;L:41
Sauropsida,MAFFT,185,196,C_terminal_MTase_like,other,42,1.0,1,1.0,0.0,F:42
Sauropsida,MAFFT,186,197,C_terminal_MTase_like,other,42,1.0,2,0.9761904761904762,0.1623261801753929,D:41;E:1
Sauropsida,MAFFT,187,198,C_terminal_MTase_like,other,42,1.0,2,0.9523809523809523,0.2761954276479391,D:2;N:40
Sauropsida,MAFFT,188,199,C_terminal_MTase_like,other,42,1.0,1,1.0,0.0,I:42
Sauropsida,MAFFT,189,200,C_terminal_MTase_like,other,42,1.0,4,0.9285714285714286,0.48444393383524387,A:1;I:1;S:1;T:39
Sauropsida,MAFFT,190,201,C_terminal_MTase_like,other,42,1.0,5,0.42857142857142855,1.9770986029319648,E:10;K:1;P:7;Q:18;T:6
Sauropsida,MAFFT,191,202,C_terminal_MTase_like,other,42,1.0,1,1.0,0.0,E:42
Sauropsida,MAFFT,192,203,C_terminal_MTase_like,other,42,1.0,2,0.7380952380952381,0.8296071030882031,L:31;M:11
Sauropsida,MAFFT,193,204,C_terminal_MTase_like,other,42,1.0,4,0.9047619047619048,0.5965734820440877,E:1;K:38;Q:2;R:1
Sauropsida,MAFFT,194,205,C_terminal_MTase_like,other,42,1.0,6,0.5714285714285714,1.65282575549396,C:2;G:2;N:12;R:1;S:24;W:1
Sauropsida,MAFFT,195,206,C_terminal_MTase_like,other,42,1.0,4,0.7380952380952381,1.1545446232892405,F:7;I:3;L:31;Y:1
Sauropsida,MAFFT,196,207,C_terminal_MTase_like,other,42,1.0,1,1.0,0.0,G:42
Sauropsida,MAFFT,197,208,C_terminal_MTase_like,other,42,1.0,1,1.0,0.0,F:42
Sauropsida,MAFFT,198,209,C_terminal_MTase_like,other,42,1.0,1,1.0,0.0,L:42
Sauropsida,MAFFT,199,210,C_terminal_MTase_like,other,42,1.0,3,0.9047619047619048,0.5489544344250401,D:2;E:2;G:38
Sauropsida,MAFFT,200,211,C_terminal_MTase_like,other,42,1.0,4,0.5952380952380952,1.4456556841164936,E:25;K:5;Q:1;S:11
Sauropsida,MAFFT,201,212,C_terminal_MTase_like,other,41,0.9761904761904762,5,0.6829268292682927,1.3298626672865295,G:1;K:1;N:2;R:9;S:28
Sauropsida,MAFFT,202,213,C_terminal_MTase_like,other,41,0.9761904761904762,6,0.2682926829268293,2.227511058768193,G:1;K:11;L:9;M:10;R:9;T:1
Sauropsida,MAFFT,203,214,C_terminal_MTase_like,other,41,0.9761904761904762,3,0.9512195121951219,0.3299742842369207,D:1;G:39;S:1
Sauropsida,MAFFT,204,215,C_terminal_MTase_like,other,41,0.9761904761904762,3,0.7317073170731707,1.0225265684903675,D:9;N:30;S:2
Sauropsida,MAFFT,205,216,C_terminal_MTase_like,other,41,0.9761904761904762,1,1.0,0.0,G:41
Sauropsida,MAFFT,206,217,C_terminal_MTase_like,other,42,1.0,5,0.5,1.786175831654294,H:2;K:1;R:21;T:10;Y:8
Sauropsida,MAFFT,207,218,C_terminal_MTase_like,other,42,1.0,2,0.9523809523809523,0.2761954276479391,L:40;V:2
Sauropsida,MAFFT,208,219,C_terminal_MTase_like,other,42,1.0,3,0.8095238095238095,0.8842635042284789,I:3;K:34;T:5
Sauropsida,MAFFT,209,220,C_terminal_MTase_like,other,42,1.0,2,0.9761904761904762,0.1623261801753929,F:1;Y:41
Sauropsida,MAFFT,210,221,C_terminal_MTase_like,other,42,1.0,4,0.7619047619047619,1.0113650418263793,I:1;L:32;M:8;V:1
Sauropsida,MAFFT,211,222,C_terminal_MTase_like,other,42,1.0,4,0.8095238095238095,0.9046147654730822,D:34;H:6;N:1;Y:1
Sauropsida,MAFFT,212,223,C_terminal_MTase_like,other,42,1.0,1,1.0,0.0,D:42
Sauropsida,MAFFT,213,224,C_terminal_MTase_like,other,42,1.0,2,0.9761904761904762,0.1623261801753929,L:1;V:41
Sauropsida,MAFFT,214,225,C_terminal_MTase_like,other,42,1.0,1,1.0,0.0,T:42
Sauropsida,MAFFT,215,226,C_terminal_MTase_like,other,42,1.0,2,0.7142857142857143,0.863120568566631,D:30;N:12
Sauropsida,MAFFT,216,227,C_terminal_MTase_like,other,42,1.0,5,0.8571428571428571,0.8657150405901116,A:2;I:2;M:1;T:1;V:36
Sauropsida,MAFFT,217,228,C_terminal_MTase_like,other,42,1.0,6,0.2857142857142857,2.16130579666555,I:11;K:1;L:12;M:1;T:12;V:5
Sauropsida,MAFFT,218,229,C_terminal_MTase_like,other,42,1.0,1,1.0,0.0,R:42
Sauropsida,MAFFT,219,230,C_terminal_MTase_like,other,42,1.0,6,0.5952380952380952,1.5562232619925225,I:12;K:1;M:2;N:1;T:25;V:1
Sauropsida,MAFFT,220,231,C_terminal_MTase_like,other,42,1.0,4,0.5,1.610847453818164,D:9;H:21;N:11;Q:1
Sauropsida,MAFFT,221,232,C_terminal_MTase_like,other,42,1.0,2,0.7142857142857143,0.863120568566631,I:30;V:12
Sauropsida,MAFFT,222,233,C_terminal_MTase_like,other,42,1.0,4,0.6190476190476191,1.3450347993862426,D:3;E:26;K:12;Q:1
Sauropsida,MAFFT,223,234,C_terminal_MTase_like,other,42,1.0,4,0.9047619047619048,0.5965734820440877,D:1;E:38;G:2;R:1
Sauropsida,MAFFT,224,235,C_terminal_MTase_like,other,42,1.0,2,0.9523809523809523,0.2761954276479391,L:2;W:40
Sauropsida,MAFFT,225,236,C_terminal_MTase_like,other,42,1.0,1,1.0,0.0,G:42
Sauropsida,MAFFT,226,237,C_terminal_MTase_like,other,42,1.0,3,0.9523809523809523,0.3238144752669867,L:1;P:40;S:1
Sauropsida,MAFFT,227,238,C_terminal_MTase_like,other,42,1.0,2,0.9523809523809523,0.2761954276479391,F:40;Y:2
Sauropsida,MAFFT,228,239,C_terminal_MTase_like,other,42,1.0,1,1.0,0.0,D:42
Sauropsida,MAFFT,229,240,C_terminal_MTase_like,other,42,1.0,3,0.8095238095238095,0.8842635042284789,F:34;L:3;V:5
Sauropsida,MAFFT,230,241,C_terminal_MTase_like,other,42,1.0,3,0.9047619047619048,0.530980922468767,I:38;L:1;V:3
Sauropsida,MAFFT,231,242,C_terminal_MTase_like,other,42,1.0,1,1.0,0.0,F:42
Sauropsida,MAFFT,232,243,C_terminal_MTase_like,other,42,1.0,1,1.0,0.0,G:42
Sauropsida,MAFFT,233,244,C_terminal_MTase_like,other,42,1.0,1,1.0,0.0,S:42
Sauropsida,MAFFT,234,245,C_terminal_MTase_like,other,42,1.0,1,1.0,0.0,T:42
Sauropsida,MAFFT,235,246,C_terminal_MTase_like,other,42,1.0,1,1.0,0.0,P:42
Sauropsida,MAFFT,236,247,C_terminal_MTase_like,other,42,1.0,2,0.8571428571428571,0.5916727785823275,A:6;P:36
Sauropsida,MAFFT,237,248,C_terminal_MTase_like,other,42,1.0,3,0.5952380952380952,1.3527953381667288,I:11;L:6;V:25
Sauropsida,MAFFT,238,249,C_terminal_MTase_like,other,42,1.0,2,0.5714285714285714,0.9852281360342515,A:18;G:24
Sauropsida,MAFFT,239,250,C_terminal_MTase_like,other,42,1.0,3,0.6666666666666666,1.0420399429347815,K:13;N:28;R:1
Sauropsida,MAFFT,240,251,C_terminal_MTase_like,other,42,1.0,5,0.7380952380952381,1.164220146064638,A:1;F:8;L:1;S:31;V:1
Sauropsida,MAFFT,241,252,C_terminal_MTase_like,other,42,1.0,2,0.9761904761904762,0.1623261801753929,H:1;Y:41
Sauropsida,MAFFT,242,253,C_terminal_MTase_like,other,42,1.0,6,0.35714285714285715,2.086550996786968,D:2;E:15;K:10;N:2;Q:12;R:1
Sauropsida,MAFFT,243,254,C_terminal_MTase_like,other,42,1.0,3,0.7857142857142857,0.8574363289971182,H:33;Q:8;Y:1
Sauropsida,MAFFT,244,255,C_terminal_MTase_like,other,42,1.0,2,0.9523809523809523,0.2761954276479391,P:40;S:2
Sauropsida,MAFFT,245,256,C_terminal_MTase_like,other,42,1.0,3,0.6428571428571429,1.0664857211782817,P:14;S:27;T:1
Sauropsida,MAFFT,246,257,C_terminal_MTase_like,other,42,1.0,2,0.9761904761904762,0.1623261801753929,A:41;G:1
Sauropsida,MAFFT,247,258,C_terminal_MTase_like,other,42,1.0,2,0.9761904761904762,0.1623261801753929,C:1;W:41
Sauropsida,MAFFT,248,259,C_terminal_MTase_like,other,42,1.0,1,1.0,0.0,Y:42
Sauropsida,MAFFT,249,260,C_terminal_MTase_like,other,42,1.0,4,0.8571428571428571,0.7704769453520164,F:36;I:1;L:1;M:4
Sauropsida,MAFFT,250,261,C_terminal_MTase_like,other,42,1.0,1,1.0,0.0,Y:42
Sauropsida,MAFFT,251,262,C_terminal_MTase_like,other,42,1.0,1,1.0,0.0,Q:42
Sauropsida,MAFFT,252,263,C_terminal_MTase_like,other,42,1.0,2,0.9523809523809523,0.2761954276479391,F:2;Y:40
Sauropsida,MAFFT,253,264,C_terminal_MTase_like,other,42,1.0,7,0.5476190476190477,1.9923933158388851,D:1;F:23;H:8;I:3;M:1;V:2;Y:4
Sauropsida,MAFFT,254,265,C_terminal_MTase_like,other,42,1.0,2,0.9761904761904762,0.1623261801753929,Q:1;R:41
Sauropsida,MAFFT,255,266,C_terminal_MTase_like,other,42,1.0,2,0.9761904761904762,0.1623261801753929,I:41;V:1
Sauropsida,MAFFT,256,267,C_terminal_MTase_like,other,42,1.0,1,1.0,0.0,L:42
Sauropsida,MAFFT,257,268,C_terminal_MTase_like,other,42,1.0,3,0.9523809523809523,0.3238144752669867,E:1;Q:40;R:1
Sauropsida,MAFFT,258,269,C_terminal_MTase_like,other,42,1.0,1,1.0,0.0,Y:42
Sauropsida,MAFFT,259,270,C_terminal_MTase_like,other,42,1.0,6,0.5714285714285714,1.7237888505260106,A:1;E:1;G:24;S:6;T:1;V:9
Sauropsida,MAFFT,260,271,C_terminal_MTase_like,other,42,1.0,6,0.2857142857142857,2.211302593572928,E:1;I:1;K:11;R:9;S:8;T:12
Sauropsida,MAFFT,261,272,C_terminal_MTase_like,other,42,1.0,2,0.9761904761904762,0.1623261801753929,H:1;P:41
Sauropsida,MAFFT,262,273,C_terminal_MTase_like,other,42,1.0,7,0.5714285714285714,1.9151959937952425,E:8;I:1;K:2;L:2;P:24;R:1;T:4
Sauropsida,MAFFT,263,274,C_terminal_MTase_like,other,42,1.0,2,0.9761904761904762,0.1623261801753929,A:1;E:41
Sauropsida,MAFFT,264,275,C_terminal_MTase_like,other,41,0.9761904761904762,6,0.43902439024390244,2.0376178570101997,G:2;K:9;M:1;N:2;R:18;S:9
Sauropsida,MAFFT,265,276,C_terminal_MTase_like,other,42,1.0,3,0.5476190476190477,1.4449238287033856,M:10;N:9;S:23
Sauropsida,MAFFT,266,280,C_terminal_MTase_like,other,42,1.0,1,1.0,0.0,F:42
Sauropsida,MAFFT,267,281,C_terminal_MTase_like,other,42,1.0,1,1.0,0.0,F:42
Sauropsida,MAFFT,268,282,C_terminal_MTase_like,other,42,1.0,1,1.0,0.0,W:42
Sauropsida,MAFFT,269,283,C_terminal_MTase_like,other,42,1.0,3,0.5952380952380952,1.2457873952707117,I:3;L:14;M:25
Sauropsida,MAFFT,270,284,C_terminal_MTase_like,other,42,1.0,1,1.0,0.0,F:42
Sauropsida,MAFFT,271,285,C_terminal_MTase_like,other,42,1.0,3,0.8095238095238095,0.8569957178540346,I:2;L:6;V:34
Sauropsida,MAFFT,272,286,C_terminal_MTase_like,other,42,1.0,1,1.0,0.0,D:42
Sauropsida,MAFFT,273,287,C_terminal_MTase_like,other,42,1.0,1,1.0,0.0,N:42
Sauropsida,MAFFT,274,288,C_terminal_MTase_like,other,42,1.0,2,0.7380952380952381,0.8296071030882031,I:11;L:31
Sauropsida,MAFFT,275,289,C_terminal_MTase_like,other,42,1.0,1,1.0,0.0,V:42
Sauropsida,MAFFT,276,290,C_terminal_MTase_like,other,42,1.0,1,1.0,0.0,L:42
Sauropsida,MAFFT,277,291,C_terminal_MTase_like,other,42,1.0,3,0.6428571428571429,1.1426107824395257,D:13;E:27;T:2
Sauropsida,MAFFT,278,292,C_terminal_MTase_like,other,42,1.0,2,0.7619047619047619,0.7918583525674836,E:32;K:10
Sauropsida,MAFFT,279,293,C_terminal_MTase_like,other,42,1.0,2,0.9761904761904762,0.1623261801753929,A:1;E:41
Sauropsida,MAFFT,280,294,C_terminal_MTase_like,other,42,1.0,3,0.5714285714285714,1.3984047495234926,D:24;E:11;T:7
Sauropsida,MAFFT,281,295,C_terminal_MTase_like,other,42,1.0,1,1.0,0.0,R:42
Sauropsida,MAFFT,282,296,C_terminal_MTase_like,other,42,1.0,4,0.7380952380952381,1.0563790743269996,A:1;D:31;E:9;N:1
Sauropsida,MAFFT,283,297,C_terminal_MTase_like,other,42,1.0,2,0.6190476190476191,0.9587118829771318,A:16;T:26
Sauropsida,MAFFT,284,298,C_terminal_MTase_like,other,42,1.0,1,1.0,0.0,A:42
Sauropsida,MAFFT,285,299,C_terminal_MTase_like,other,42,1.0,2,0.8571428571428571,0.5916727785823275,C:6;S:36
Sauropsida,MAFFT,286,300,C_terminal_MTase_like,other,42,1.0,1,1.0,0.0,R:42
Sauropsida,MAFFT,287,301,C_terminal_MTase_like,other,42,1.0,1,1.0,0.0,F:42
Sauropsida,MAFFT,288,302,C_terminal_MTase_like,other,42,1.0,3,0.8571428571428571,0.6845331245320924,F:36;L:5;W:1
Sauropsida,MAFFT,289,303,C_terminal_MTase_like,other,42,1.0,3,0.6428571428571429,1.0664857211782817,E:1;K:14;Q:27
Sauropsida,MAFFT,290,304,C_terminal_MTase_like,other,41,0.9761904761904762,3,0.6097560975609756,1.1770794764918746,M:25;T:14;V:2
Sauropsida,MAFFT,291,305,C_terminal_MTase_like,other,41,0.9761904761904762,2,0.975609756097561,0.1654270339962668,D:1;E:40
Sauropsida,MAFFT,292,306,C_terminal_MTase_like,other,41,0.9761904761904762,2,0.975609756097561,0.1654270339962668,A:40;G:1
Sauropsida,MAFFT,293,307,C_terminal_MTase_like,other,41,0.9761904761904762,3,0.9512195121951219,0.3299742842369207,L:1;T:1;V:39
Sauropsida,MAFFT,294,308,C_terminal_MTase_like,other,41,0.9761904761904762,5,0.4878048780487805,1.8268941458559393,I:3;L:20;M:1;T:11;V:6
Sauropsida,MAFFT,295,309,C_terminal_MTase_like,other,41,0.9761904761904762,6,0.6341463414634146,1.5177785016780345,I:10;K:1;L:1;R:26;T:1;V:2
Sauropsida,MAFFT,296,310,C_terminal_MTase_like,other,41,0.9761904761904762,5,0.6097560975609756,1.4818193204341361,C:3;H:11;I:1;M:1;Y:25
Sauropsida,MAFFT,297,311,C_terminal_MTase_like,other,41,0.9761904761904762,3,0.7073170731707317,0.9932789152593067,K:29;Q:1;R:11
Sauropsida,MAFFT,298,312,C_terminal_MTase_like,other,41,0.9761904761904762,6,0.4878048780487805,2.0024793856787912,E:6;I:1;K:5;L:8;Q:20;R:1
Sauropsida,MAFFT,299,313,C_terminal_MTase_like,other,41,0.9761904761904762,4,0.5853658536585366,1.4623693632338195,D:11;H:24;Q:5;S:1
Sauropsida,MAFFT,300,314,C_terminal_MTase_like,other,41,0.9761904761904762,5,0.5365853658536586,1.829824672349758,A:9;D:22;G:4;K:2;N:4
Sauropsida,MAFFT,301,315,C_terminal_MTase_like,other,41,0.9761904761904762,6,0.3902439024390244,2.1287583361399425,D:16;E:10;G:6;Q:1;S:7;T:1
Sauropsida,MAFFT,302,316,C_terminal_MTase_like,other,41,0.9761904761904762,6,0.6341463414634146,1.5962975492115377,I:4;L:1;N:8;S:1;T:26;V:1
Sauropsida,MAFFT,303,317,C_terminal_MTase_like,other,41,0.9761904761904762,2,0.5121951219512195,0.9995708393473224,I:21;V:20
Sauropsida,MAFFT,304,318,C_terminal_MTase_like,other,41,0.9761904761904762,3,0.9512195121951219,0.3299742842369207,K:1;N:1;Q:39
Sauropsida,MAFFT,305,319,C_terminal_MTase_like,other,41,0.9761904761904762,1,1.0,0.0,N:41
Sauropsida,MAFFT,306,320,C_terminal_MTase_like,other,41,0.9761904761904762,2,0.8780487804878049,0.5349436990971066,A:36;V:5
Sauropsida,MAFFT,307,321,C_terminal_MTase_like,other,41,0.9761904761904762,3,0.9512195121951219,0.3299742842369207,A:1;I:1;V:39
Sauropsida,MAFFT,308,322,C_terminal_MTase_like,other,41,0.9761904761904762,2,0.7317073170731707,0.8390040613676977,H:30;I:11
Sauropsida,MAFFT,309,323,C_terminal_MTase_like,other,41,0.9761904761904762,3,0.7317073170731707,1.0225265684903675,I:30;L:9;V:2
Sauropsida,MAFFT,310,324,C_terminal_MTase_like,other,41,0.9761904761904762,1,1.0,0.0,W:41
Sauropsida,MAFFT,311,325,C_terminal_MTase_like,other,41,0.9761904761904762,1,1.0,0.0,S:41
Sauropsida,MAFFT,312,326,C_terminal_MTase_like,other,41,0.9761904761904762,1,1.0,0.0,N:41
Sauropsida,MAFFT,313,327,C_terminal_MTase_like,other,41,0.9761904761904762,1,1.0,0.0,I:41
Sauropsida,MAFFT,314,328,C_terminal_MTase_like,other,41,0.9761904761904762,1,1.0,0.0,P:41
Sauropsida,MAFFT,315,329,C_terminal_MTase_like,other,42,1.0,2,0.9761904761904762,0.1623261801753929,N:1;S:41
Sauropsida,MAFFT,316,330,C_terminal_MTase_like,other,42,1.0,2,0.9761904761904762,0.1623261801753929,F:1;V:41
Sauropsida,MAFFT,317,332,C_terminal_MTase_like,other,42,1.0,3,0.6666666666666666,1.0420399429347815,K:13;N:28;Q:1
Sauropsida,MAFFT,318,333,C_terminal_MTase_like,other,42,1.0,2,0.9761904761904762,0.1623261801753929,L:1;S:41
Sauropsida,MAFFT,319,334,C_terminal_MTase_like,other,42,1.0,3,0.9523809523809523,0.3238144752669867,K:40;Q:1;S:1
Sauropsida,MAFFT,320,335,C_terminal_MTase_like,other,42,1.0,2,0.9523809523809523,0.2761954276479391,H:2;Y:40
Sauropsida,MAFFT,321,336,C_terminal_MTase_like,other,42,1.0,3,0.9523809523809523,0.3238144752669867,C:1;Q:1;S:40
Sauropsida,MAFFT,322,337,C_terminal_MTase_like,other,42,1.0,6,0.6190476190476191,1.64242110880703,A:26;G:3;L:9;P:1;S:1;V:2
Sauropsida,MAFFT,323,338,C_terminal_MTase_like,other,42,1.0,4,0.8571428571428571,0.7704769453520164,A:4;R:1;S:36;T:1
Sauropsida,MAFFT,324,339,C_terminal_MTase_like,other,42,1.0,7,0.42857142857142855,2.147604780520778,A:18;D:10;E:2;K:1;P:2;S:8;T:1
Sauropsida,MAFFT,325,340,C_terminal_MTase_like,other,42,1.0,5,0.8571428571428571,0.8477415286338386,L:36;M:1;P:1;S:3;V:1
Sauropsida,MAFFT,326,341,C_terminal_MTase_like,switching_helix,42,1.0,5,0.47619047619047616,1.7489451676421337,C:1;D:9;N:11;Q:1;Y:20
Sauropsida,MAFFT,327,342,C_terminal_MTase_like,switching_helix,42,1.0,6,0.42857142857142855,1.9016620645026576,L:9;M:12;Q:1;T:1;V:18;W:1
Sauropsida,MAFFT,328,343,C_terminal_MTase_like,switching_helix,41,0.9761904761904762,2,0.975609756097561,0.1654270339962668,D:40;K:1
Sauropsida,MAFFT,329,344,C_terminal_MTase_like,switching_helix,42,1.0,3,0.9523809523809523,0.3238144752669867,L:40;S:1;Y:1
Sauropsida,MAFFT,330,345,C_terminal_MTase_like,switching_helix,42,1.0,7,0.5476190476190477,1.9268007562635645,C:2;D:8;E:1;F:6;H:1;S:23;Y:1
Sauropsida,MAFFT,331,346,C_terminal_MTase_like,switching_helix,42,1.0,5,0.7619047619047619,1.2314867679653445,E:1;K:3;L:32;Q:2;R:4
Sauropsida,MAFFT,332,347,C_terminal_MTase_like,switching_helix,42,1.0,5,0.9047619047619048,0.6441925296631352,F:1;H:1;I:1;L:38;M:1
Sauropsida,MAFFT,333,348,C_terminal_MTase_like,switching_helix,42,1.0,2,0.9761904761904762,0.1623261801753929,A:41;G:1
Sauropsida,MAFFT,334,349,C_terminal_MTase_like,switching_helix,42,1.0,5,0.7142857142857143,1.3276390210506057,D:4;E:6;K:30;R:1;S:1
Sauropsida,MAFFT,335,350,C_terminal_MTase_like,switching_helix,42,1.0,7,0.5952380952380952,1.6038423096115701,D:12;E:1;H:1;K:1;N:25;R:1;T:1
Sauropsida,MAFFT,336,351,C_terminal_MTase_like,switching_helix,42,1.0,2,0.9761904761904762,0.1623261801753929,I:41;S:1
Sauropsida,MAFFT,337,352,C_terminal_MTase_like,switching_helix,42,1.0,8,0.5238095238095238,1.8634314240679335,C:13;D:1;I:1;L:22;Q:1;R:1;V:1;Y:2
Sauropsida,MAFFT,338,353,C_terminal_MTase_like,switching_helix,42,1.0,5,0.5238095238095238,1.694060838043185,E:10;K:8;L:1;R:22;S:1
Sauropsida,MAFFT,339,354,C_terminal_MTase_like,switching_helix,42,1.0,6,0.5714285714285714,1.6758210460569027,D:1;K:4;P:1;R:1;S:11;T:24
Sauropsida,MAFFT,340,355,C_terminal_MTase_like,switching_helix,42,1.0,3,0.9523809523809523,0.3238144752669867,D:1;E:1;R:40
Sauropsida,MAFFT,341,356,C_terminal_MTase_like,switching_helix_adjacent_loop,42,1.0,3,0.7619047619047619,0.9035239700887411,A:1;I:32;L:9
Sauropsida,MAFFT,342,357,C_terminal_MTase_like,switching_helix_adjacent_loop,42,1.0,5,0.7857142857142857,1.05958454317981,F:33;K:1;L:6;Q:1;S:1
Sauropsida,MAFFT,343,358,C_terminal_MTase_like,switching_helix_adjacent_loop,42,1.0,2,0.9761904761904762,0.1623261801753929,A:1;S:41
Sauropsida,MAFFT,344,359,C_terminal_MTase_like,switching_helix_adjacent_loop,42,1.0,5,0.7619047619047619,1.1658942083900237,E:6;I:1;Q:32;R:2;S:1
Sauropsida,MAFFT,345,360,C_terminal_MTase_like,switching_helix_adjacent_loop,42,1.0,5,0.8571428571428571,0.8477415286338386,H:1;K:1;P:1;Q:3;R:36
Sauropsida,MAFFT,346,361,C_terminal_MTase_like,other,42,1.0,2,0.9761904761904762,0.1623261801753929,L:1;P:41
Sauropsida,MAFFT,347,362,C_terminal_MTase_like,other,42,1.0,5,0.9047619047619048,0.6441925296631352,A:38;D:1;G:1;S:1;V:1
Sauropsida,MAFFT,348,363,C_terminal_MTase_like,other,42,1.0,4,0.9285714285714286,0.48444393383524387,F:1;G:1;P:1;T:39
Sauropsida,MAFFT,349,364,C_terminal_MTase_like,other,42,1.0,4,0.9285714285714286,0.48444393383524387,D:1;F:1;I:1;L:39
Sauropsida,MAFFT,350,365,C_terminal_MTase_like,other,42,1.0,5,0.7142857142857143,1.208125925606466,H:1;I:30;L:1;M:1;V:9
Sauropsida,MAFFT,351,366,C_terminal_MTase_like,other,41,0.9761904761904762,5,0.4878048780487805,1.4185956162349407,K:20;N:1;P:1;R:18;S:1
Sauropsida,MAFFT,352,367,C_terminal_MTase_like,other,41,0.9761904761904762,5,0.4634146341463415,1.7650228442907858,A:1;D:11;E:19;K:9;Q:1
Sauropsida,MAFFT,353,368,C_terminal_MTase_like,other,41,0.9761904761904762,4,0.926829268292683,0.4936191872801264,F:38;L:1;S:1;Y:1
Sauropsida,MAFFT,354,369,C_terminal_MTase_like,other,41,0.9761904761904762,5,0.9024390243902439,0.6563379917334218,F:37;G:1;L:1;V:1;W:1
Sauropsida,MAFFT,355,370,C_terminal_MTase_like,other,41,0.9761904761904762,5,0.6829268292682927,1.2642539859232902,G:1;K:1;L:10;S:1;V:28
Sauropsida,MAFFT,356,371,C_terminal_MTase_like,other,41,0.9761904761904762,2,0.975609756097561,0.1654270339962668,A:1;P:40
Sauropsida,MAFFT,357,372,C_terminal_MTase_like,other,40,0.9523809523809523,2,0.975,0.16866093149667025,K:1;L:39
Sauropsida,MAFFT,358,373,C_terminal_MTase_like,other,40,0.9523809523809523,4,0.75,1.0417601481809733,A:1;K:30;R:8;S:1
Sauropsida,MAFFT,359,374,C_terminal_MTase_like,other,40,0.9523809523809523,3,0.675,1.0368902807106744,D:12;E:27;G:1
Sauropsida,MAFFT,360,375,C_terminal_MTase_like,other,41,0.9761904761904762,4,0.926829268292683,0.4936191872801264,I:1;P:1;T:1;Y:38
Sauropsida,MAFFT,361,376,C_terminal_MTase_like,other,41,0.9761904761904762,3,0.9512195121951219,0.3299742842369207,F:39;R:1;W:1
Sauropsida,MAFFT,362,377,C_terminal_MTase_like,other,41,0.9761904761904762,2,0.7560975609756098,0.8014698931335287,K:10;R:31
Sauropsida,MAFFT,363,378,C_terminal_MTase_like,other,41,0.9761904761904762,6,0.43902439024390244,1.9028758376924082,A:11;C:9;D:1;R:1;T:18;W:1
Sauropsida,MAFFT,364,379,C_terminal_MTase_like,other,42,1.0,3,0.9523809523809523,0.3238144752669867,F:40;L:1;Y:1
Sauropsida,MAFFT,365,380,C_terminal_MTase_like,other,38,0.9047619047619048,6,0.5789473684210527,1.6121053183111957,F:1;I:1;K:2;P:11;S:22;V:1
Sauropsida,PRANK,1,6,N_terminal,other,34,0.8095238095238095,3,0.6176470588235294,1.1965094976219794,I:11;L:2;V:21
Sauropsida,PRANK,2,20,N_terminal,other,34,0.8095238095238095,5,0.2647058823529412,2.125400062416079,G:1;I:7;L:9;T:8;V:9
Sauropsida,PRANK,3,21,N_terminal,other,36,0.8571428571428571,6,0.6388888888888888,1.6614086821144871,D:6;G:3;P:1;R:1;S:23;T:2
Sauropsida,PRANK,4,22,N_terminal,other,36,0.8571428571428571,2,0.9722222222222222,0.18312206830137276,P:1;S:35
Sauropsida,PRANK,5,23,N_terminal,other,34,0.8095238095238095,2,0.9705882352941176,0.19143325481419343,E:33;K:1
Sauropsida,PRANK,6,24,N_terminal,other,34,0.8095238095238095,2,0.9705882352941176,0.19143325481419343,E:33;G:1
Sauropsida,PRANK,7,26,N_terminal,other,35,0.8333333333333334,7,0.4,2.038895224179134,F:2;L:1;P:14;Q:1;S:13;T:3;V:1
Sauropsida,PRANK,8,27,N_terminal,other,35,0.8333333333333334,6,0.5428571428571428,1.759857196822059,C:1;G:2;K:19;M:1;R:2;S:10
Sauropsida,PRANK,9,28,N_terminal,other,35,0.8333333333333334,3,0.6285714285714286,1.2412354723433199,L:10;P:22;S:3
Sauropsida,PRANK,10,34,N_terminal,other,35,0.8333333333333334,3,0.4,1.5620874760752193,N:12;R:9;S:14
Sauropsida,PRANK,11,35,N_terminal,other,36,0.8571428571428571,4,0.6388888888888888,1.2228229793778245,A:1;K:11;R:23;T:1
Sauropsida,PRANK,12,51,ADD,other,42,1.0,2,0.7619047619047619,0.7918583525674836,D:10;E:32
Sauropsida,PRANK,13,52,ADD,other,42,1.0,2,0.9761904761904762,0.1623261801753929,I:41;S:1
Sauropsida,PRANK,14,53,ADD,other,42,1.0,1,1.0,0.0,C:42
Sauropsida,PRANK,15,54,ADD,other,42,1.0,2,0.9761904761904762,0.1623261801753929,I:41;L:1
Sauropsida,PRANK,16,55,ADD,other,42,1.0,1,1.0,0.0,C:42
Sauropsida,PRANK,17,56,ADD,other,42,1.0,1,1.0,0.0,C:42
Sauropsida,PRANK,18,57,ADD,other,42,1.0,1,1.0,0.0,G:42
Sauropsida,PRANK,19,58,ADD,other,42,1.0,5,0.6666666666666666,1.281372527002018,E:1;G:11;K:1;R:1;S:28
Sauropsida,PRANK,20,59,ADD,other,42,1.0,4,0.47619047619047616,1.2761954276479393,C:1;F:20;L:20;V:1
Sauropsida,PRANK,21,60,ADD,other,42,1.0,3,0.7380952380952381,1.0087600267079522,E:31;K:2;Q:9
Sauropsida,PRANK,22,61,ADD,other,42,1.0,2,0.9523809523809523,0.2761954276479391,I:40;V:2
Sauropsida,PRANK,23,62,ADD,other,42,1.0,3,0.8095238095238095,0.8060026357093609,H:34;R:7;Y:1
Sauropsida,PRANK,24,63,ADD,other,42,1.0,3,0.8809523809523809,0.6125608863913521,A:4;N:1;T:37
Sauropsida,PRANK,25,64,ADD,other,42,1.0,2,0.9761904761904762,0.1623261801753929,N:1;Q:41
Sauropsida,PRANK,26,65,ADD,other,42,1.0,1,1.0,0.0,H:42
Sauropsida,PRANK,27,66,ADD,other,42,1.0,1,1.0,0.0,P:42
Sauropsida,PRANK,28,67,ADD,other,42,1.0,1,1.0,0.0,L:42
Sauropsida,PRANK,29,68,ADD,other,42,1.0,1,1.0,0.0,F:42
Sauropsida,PRANK,30,69,ADD,other,42,1.0,2,0.7380952380952381,0.8296071030882031,H:31;Q:11
Sauropsida,PRANK,31,70,ADD,other,42,1.0,1,1.0,0.0,G:42
Sauropsida,PRANK,32,71,ADD,other,42,1.0,1,1.0,0.0,G:42
Sauropsida,PRANK,33,72,ADD,other,42,1.0,2,0.5238095238095238,0.998363672593813,I:20;M:22
Sauropsida,PRANK,34,73,ADD,other,42,1.0,1,1.0,0.0,C:42
Sauropsida,PRANK,35,74,ADD,other,42,1.0,3,0.7619047619047619,0.9637459942073316,A:32;S:2;T:8
Sauropsida,PRANK,36,75,ADD,other,42,1.0,3,0.9285714285714286,0.4368248862161963,L:2;P:39;S:1
Sauropsida,PRANK,37,76,ADD,other,42,1.0,1,1.0,0.0,C:42
Sauropsida,PRANK,38,77,ADD,other,42,1.0,2,0.7619047619047619,0.7918583525674836,S:10;T:32
Sauropsida,PRANK,39,78,ADD,other,42,1.0,1,1.0,0.0,E:42
Sauropsida,PRANK,40,79,ADD,other,42,1.0,6,0.38095238095238093,2.0583194166823944,H:10;K:3;M:1;N:11;Q:1;R:16
Sauropsida,PRANK,41,80,ADD,other,42,1.0,2,0.7142857142857143,0.863120568566631,F:30;L:12
Sauropsida,PRANK,42,81,ADD,other,42,1.0,1,1.0,0.0,L:42
Sauropsida,PRANK,43,82,ADD,other,42,1.0,1,1.0,0.0,E:42
Sauropsida,PRANK,44,83,ADD,other,42,1.0,3,0.7142857142857143,0.9813539543676691,K:1;R:30;T:11
Sauropsida,PRANK,45,84,ADD,other,42,1.0,1,1.0,0.0,F:42
Sauropsida,PRANK,46,85,ADD,other,42,1.0,1,1.0,0.0,F:42
Sauropsida,PRANK,47,86,ADD,other,42,1.0,1,1.0,0.0,L:42
Sauropsida,PRANK,48,87,ADD,other,42,1.0,2,0.7380952380952381,0.8296071030882031,C:31;Y:11
Sauropsida,PRANK,49,88,ADD,other,42,1.0,1,1.0,0.0,D:42
Sauropsida,PRANK,50,89,ADD,other,42,1.0,4,0.5476190476190477,1.5215733751051386,D:23;E:6;N:12;Q:1
Sauropsida,PRANK,51,90,ADD,other,42,1.0,1,1.0,0.0,D:42
Sauropsida,PRANK,52,91,ADD,other,42,1.0,1,1.0,0.0,G:42
Sauropsida,PRANK,53,92,ADD,other,42,1.0,5,0.6190476190476191,1.501109955622998,C:1;F:10;L:4;S:1;Y:26
Sauropsida,PRANK,54,93,ADD,other,42,1.0,6,0.6666666666666666,1.3964788807195572,A:1;E:1;H:1;K:10;P:1;Q:28
Sauropsida,PRANK,55,94,ADD,other,42,1.0,4,0.6428571428571429,1.3541925773671586,A:27;G:1;S:4;T:10
Sauropsida,PRANK,56,95,ADD,other,42,1.0,3,0.7142857142857143,1.1430830704669603,D:30;F:7;Y:5
Sauropsida,PRANK,57,96,ADD,other,42,1.0,1,1.0,0.0,C:42
Sauropsida,PRANK,58,97,ADD,other,42,1.0,2,0.5952380952380952,0.9736680645496201,A:17;T:25
Sauropsida,PRANK,59,98,ADD,other,42,1.0,2,0.9523809523809523,0.2761954276479391,I:40;V:2
Sauropsida,PRANK,60,99,ADD,other,42,1.0,1,1.0,0.0,C:42
Sauropsida,PRANK,61,100,ADD,other,42,1.0,1,1.0,0.0,C:42
Sauropsida,PRANK,62,101,ADD,other,42,1.0,5,0.6190476190476191,1.337147208314413,C:1;L:1;R:1;S:13;W:26
Sauropsida,PRANK,63,102,ADD,other,42,1.0,3,0.7380952380952381,0.9447134568057423,A:1;G:31;S:10
Sauropsida,PRANK,64,103,ADD,other,42,1.0,4,0.7380952380952381,1.1758921697711395,D:1;E:6;K:31;N:4
Sauropsida,PRANK,65,104,ADD,other,42,1.0,4,0.6904761904761905,1.1994429035508267,I:2;L:1;S:29;T:10
Sauropsida,PRANK,66,105,ADD,other,42,1.0,1,1.0,0.0,L:42
Sauropsida,PRANK,67,106,ADD,other,42,1.0,4,0.5714285714285714,1.4970168792872136,I:24;L:11;M:1;V:6
Sauropsida,PRANK,68,107,ADD,other,42,1.0,3,0.9285714285714286,0.4368248862161963,I:2;L:1;M:39
Sauropsida,PRANK,69,108,ADD,other,42,1.0,1,1.0,0.0,C:42
Sauropsida,PRANK,70,109,ADD,other,42,1.0,1,1.0,0.0,D:42
Sauropsida,PRANK,71,110,ADD,other,42,1.0,5,0.6904761904761905,1.311108521072084,D:29;E:2;H:9;N:1;S:1
Sauropsida,PRANK,72,111,ADD,other,42,1.0,6,0.6666666666666666,1.3964788807195574,A:1;E:1;L:1;P:28;S:10;T:1
Sauropsida,PRANK,73,112,ADD,other,42,1.0,6,0.5,1.624730139960809,A:16;G:1;K:2;Q:1;R:1;T:21
Sauropsida,PRANK,74,113,ADD,other,42,1.0,1,1.0,0.0,C:42
Sauropsida,PRANK,75,114,ADD,other,42,1.0,3,0.5238095238095238,1.4180260055608094,H:14;I:6;N:22
Sauropsida,PRANK,76,115,ADD,other,42,1.0,2,0.7857142857142857,0.74959525725948,K:9;R:33
Sauropsida,PRANK,77,116,ADD,other,42,1.0,4,0.8333333333333334,0.8798196705627167,C:35;G:2;S:4;V:1
Sauropsida,PRANK,78,117,ADD,other,42,1.0,4,0.6666666666666666,1.1631391412009797,F:28;I:1;M:1;Y:12
Sauropsida,PRANK,79,118,ADD,other,42,1.0,1,1.0,0.0,C:42
Sauropsida,PRANK,80,119,ADD,other,42,1.0,7,0.5476190476190477,1.911820030475691,D:1;E:23;F:2;L:9;P:1;S:1;T:5
Sauropsida,PRANK,81,120,ADD,other,42,1.0,6,0.7619047619047619,1.2135132560090713,D:1;E:32;K:6;Q:1;R:1;S:1
Sauropsida,PRANK,82,121,ADD,other,42,1.0,1,1.0,0.0,C:42
Sauropsida,PRANK,83,122,ADD,other,42,1.0,4,0.42857142857142855,1.668897248715202,I:1;L:18;M:10;V:13
Sauropsida,PRANK,84,123,ADD,other,42,1.0,2,0.9761904761904762,0.1623261801753929,D:41;N:1
Sauropsida,PRANK,85,124,ADD,other,42,1.0,5,0.40476190476190477,1.927679695223924,A:3;E:1;S:10;T:17;V:11
Sauropsida,PRANK,86,125,ADD,other,42,1.0,1,1.0,0.0,L:42
Sauropsida,PRANK,87,126,ADD,other,42,1.0,2,0.9761904761904762,0.1623261801753929,I:1;V:41
Sauropsida,PRANK,88,127,ADD,other,42,1.0,7,0.2857142857142857,2.46926609014761,C:9;E:1;G:4;H:2;R:4;S:12;Y:10
Sauropsida,PRANK,89,128,ADD,other,42,1.0,6,0.5952380952380952,1.6763513943167316,A:1;K:2;P:25;Q:3;R:1;S:10
Sauropsida,PRANK,90,129,ADD,other,42,1.0,2,0.9761904761904762,0.1623261801753929,G:41;R:1
Sauropsida,PRANK,91,130,ADD,other,42,1.0,10,0.3333333333333333,2.62627612963392,A:1;C:7;F:10;H:4;K:1;L:1;M:2;R:1;S:1;T:14
Sauropsida,PRANK,92,131,ADD,other,42,1.0,3,0.6428571428571429,1.0664857211782817,A:27;G:1;S:14
Sauropsida,PRANK,93,132,ADD,other,42,1.0,3,0.6666666666666666,1.2060026902433667,D:10;E:28;K:4
Sauropsida,PRANK,94,133,ADD,other,42,1.0,5,0.5,1.5771110923417613,E:21;G:2;K:16;N:2;Q:1
Sauropsida,PRANK,95,134,ADD,other,42,1.0,5,0.6190476190476191,1.4106273589615634,A:1;F:2;I:26;T:1;V:12
Sauropsida,PRANK,96,135,ADD,other,42,1.0,3,0.9047619047619048,0.530980922468767,E:1;K:38;R:3
Sauropsida,PRANK,97,136,ADD,other,42,1.0,6,0.35714285714285715,1.9455835400413264,A:11;E:15;G:1;K:13;N:1;Q:1
Sauropsida,PRANK,98,137,ADD,other,42,1.0,5,0.47619047619047616,1.8976207959838884,I:5;K:10;M:6;R:1;T:20
Sauropsida,PRANK,99,138,ADD,other,42,1.0,5,0.42857142857142855,1.8205768658937291,A:2;N:18;Q:1;S:14;T:7
Sauropsida,PRANK,100,139,ADD,other,42,1.0,5,0.47619047619047616,1.41257493103649,K:1;P:20;Q:1;S:1;T:19
Sauropsida,PRANK,101,140,ADD,other,42,1.0,1,1.0,0.0,W:42
Sauropsida,PRANK,102,141,ADD,other,42,1.0,5,0.6190476190476191,1.4106273589615634,I:26;K:1;L:12;T:1;V:2
Sauropsida,PRANK,103,142,ADD,other,42,1.0,1,1.0,0.0,C:42
Sauropsida,PRANK,104,143,ADD,other,42,1.0,2,0.9761904761904762,0.1623261801753929,F:41;L:1
Sauropsida,PRANK,105,144,ADD,other,42,1.0,3,0.5,1.2958363892911637,I:3;L:18;M:21
Sauropsida,PRANK,106,145,ADD,other,42,1.0,1,1.0,0.0,C:42
Sauropsida,PRANK,107,146,ADD,other,42,1.0,5,0.47619047619047616,1.5845690847072602,A:20;L:17;Q:1;T:2;V:2
Sauropsida,PRANK,108,147,ADD,other,42,1.0,3,0.9523809523809523,0.3238144752669867,A:1;P:40;S:1
Sauropsida,PRANK,109,148,ADD,other,42,1.0,7,0.47619047619047616,1.8257267481587967,F:1;H:1;L:15;Q:20;R:1;T:1;W:3
Sauropsida,PRANK,110,149,ADD,other,42,1.0,8,0.35714285714285715,2.4359630955534035,D:6;E:2;G:2;H:4;N:1;R:15;S:11;Y:1
Sauropsida,PRANK,111,150,ADD,other,42,1.0,6,0.35714285714285715,2.071704516914194,A:11;G:1;I:3;K:1;S:11;V:15
Sauropsida,PRANK,112,151,ADD,other,42,1.0,3,0.38095238095238093,1.575114591410657,H:16;N:14;Y:12
Sauropsida,PRANK,113,152,ADD,other,42,1.0,1,1.0,0.0,G:42
Sauropsida,PRANK,114,153,ADD,other,42,1.0,3,0.8095238095238095,0.8060026357093609,F:1;L:34;V:7
Sauropsida,PRANK,115,154,ADD,other,42,1.0,1,1.0,0.0,L:42
Sauropsida,PRANK,116,155,ADD,other,42,1.0,2,0.9523809523809523,0.2761954276479391,K:40;Q:2
Sauropsida,PRANK,117,156,ADD,other,42,1.0,2,0.7857142857142857,0.74959525725948,K:9;R:33
Sauropsida,PRANK,118,157,ADD,other,42,1.0,2,0.6904761904761905,0.8926230133850986,K:29;R:13
Sauropsida,PRANK,119,158,ADD,other,42,1.0,7,0.2619047619047619,2.3854530161738894,I:7;K:11;L:1;Q:2;R:11;T:9;V:1
Sauropsida,PRANK,120,159,ADD,other,42,1.0,4,0.5476190476190477,1.2606794872890683,K:17;N:1;R:23;T:1
Sauropsida,PRANK,121,160,ADD,other,42,1.0,1,1.0,0.0,W:42
Sauropsida,PRANK,122,161,ADD,other,42,1.0,3,0.9047619047619048,0.5489544344250401,H:2;Q:2;R:38
Sauropsida,PRANK,123,162,ADD,other,42,1.0,4,0.6428571428571429,1.4994274695126317,A:27;E:4;T:6;V:5
Sauropsida,PRANK,124,163,ADD,other,42,1.0,7,0.47619047619047616,2.0764249627535776,D:4;E:20;G:1;I:1;K:10;R:1;V:5
Sauropsida,PRANK,125,164,ADD,other,42,1.0,1,1.0,0.0,L:42
Sauropsida,PRANK,126,165,ADD,other,42,1.0,1,1.0,0.0,K:42
Sauropsida,PRANK,127,166,ADD,other,42,1.0,7,0.30952380952380953,2.2740293406830894,C:11;F:3;H:11;L:1;Q:2;R:13;Y:1
Sauropsida,PRANK,128,167,ADD,other,42,1.0,2,0.9761904761904762,0.1623261801753929,F:41;L:1
Sauropsida,PRANK,129,168,ADD,other,42,1.0,3,0.9523809523809523,0.3238144752669867,F:1;H:1;Y:40
Sauropsida,PRANK,130,169,ADD,other,42,1.0,1,1.0,0.0,D:42
Sauropsida,PRANK,131,170,ADD,other,42,1.0,4,0.9285714285714286,0.48444393383524387,C:1;N:1;Q:39;W:1
Sauropsida,PRANK,132,171,ADD,other,42,1.0,2,0.9761904761904762,0.1623261801753929,E:41;G:1
Sauropsida,PRANK,133,172,ADD,other,42,1.0,1,1.0,0.0,S:42
Sauropsida,PRANK,134,174,linker,other,42,1.0,4,0.8809523809523809,0.6898254696731744,D:1;N:37;S:3;Y:1
Sauropsida,PRANK,135,175,linker,other,38,0.9047619047619048,5,0.6052631578947368,1.4559361241193336,A:1;H:23;I:2;Q:1;S:11
Sauropsida,PRANK,136,176,linker,other,42,1.0,6,0.6428571428571429,1.5610962901265113,D:1;F:2;H:1;L:27;P:9;T:2
Sauropsida,PRANK,137,177,linker,other,42,1.0,6,0.6428571428571429,1.5431227781702384,E:9;K:3;N:1;Q:1;S:1;W:27
Sauropsida,PRANK,138,178,C_terminal_MTase_like,other,42,1.0,2,0.9761904761904762,0.1623261801753929,I:41;V:1
Sauropsida,PRANK,139,179,C_terminal_MTase_like,other,42,1.0,2,0.9761904761904762,0.1623261801753929,H:1;Y:41
Sauropsida,PRANK,140,180,C_terminal_MTase_like,other,42,1.0,5,0.8333333333333334,0.9570842538445389,H:1;K:2;P:1;Q:35;R:3
Sauropsida,PRANK,141,181,C_terminal_MTase_like,other,42,1.0,3,0.7142857142857143,0.9813539543676691,L:11;M:1;P:30
Sauropsida,PRANK,142,182,C_terminal_MTase_like,other,42,1.0,2,0.9523809523809523,0.2761954276479391,L:40;V:2
Sauropsida,PRANK,143,183,C_terminal_MTase_like,other,42,1.0,8,0.6190476190476191,1.7556327160013985,D:1;E:1;G:1;K:1;P:2;Q:9;S:26;Y:1
Sauropsida,PRANK,144,184,C_terminal_MTase_like,other,42,1.0,5,0.47619047619047616,1.7523859038384153,A:10;G:1;K:1;P:20;T:10
Sauropsida,PRANK,145,185,C_terminal_MTase_like,other,42,1.0,3,0.9285714285714286,0.4368248862161963,L:1;R:2;W:39
Sauropsida,PRANK,146,186,C_terminal_MTase_like,other,42,1.0,2,0.7380952380952381,0.8296071030882031,D:11;E:31
Sauropsida,PRANK,147,187,C_terminal_MTase_like,other,42,1.0,3,0.7142857142857143,0.9813539543676691,K:11;Q:1;R:30
Sauropsida,PRANK,148,188,C_terminal_MTase_like,other,42,1.0,2,0.9761904761904762,0.1623261801753929,K:41;T:1
Sauropsida,PRANK,149,189,C_terminal_MTase_like,other,42,1.0,3,0.6904761904761905,1.0137222116512967,P:29;S:12;T:1
Sauropsida,PRANK,150,190,C_terminal_MTase_like,other,42,1.0,2,0.8333333333333334,0.6500224216483541,I:35;V:7
Sauropsida,PRANK,151,191,C_terminal_MTase_like,other,42,1.0,5,0.35714285714285715,1.8893267372595255,H:15;K:1;N:14;R:10;S:2
Sauropsida,PRANK,152,192,C_terminal_MTase_like,other,42,1.0,2,0.9285714285714286,0.37123232664087563,I:3;V:39
Sauropsida,PRANK,153,193,C_terminal_MTase_like,other,42,1.0,2,0.9761904761904762,0.1623261801753929,I:1;L:41
Sauropsida,PRANK,154,194,C_terminal_MTase_like,other,42,1.0,2,0.9761904761904762,0.1623261801753929,S:41;T:1
Sauropsida,PRANK,155,195,C_terminal_MTase_like,other,42,1.0,2,0.9761904761904762,0.1623261801753929,I:1;L:41
Sauropsida,PRANK,156,196,C_terminal_MTase_like,other,42,1.0,1,1.0,0.0,F:42
Sauropsida,PRANK,157,197,C_terminal_MTase_like,other,42,1.0,2,0.9761904761904762,0.1623261801753929,D:41;E:1
Sauropsida,PRANK,158,198,C_terminal_MTase_like,other,42,1.0,2,0.9523809523809523,0.2761954276479391,D:2;N:40
Sauropsida,PRANK,159,199,C_terminal_MTase_like,other,42,1.0,1,1.0,0.0,I:42
Sauropsida,PRANK,160,200,C_terminal_MTase_like,other,42,1.0,4,0.9285714285714286,0.48444393383524387,A:1;I:1;S:1;T:39
Sauropsida,PRANK,161,201,C_terminal_MTase_like,other,42,1.0,5,0.42857142857142855,1.9770986029319648,E:10;K:1;P:7;Q:18;T:6
Sauropsida,PRANK,162,202,C_terminal_MTase_like,other,42,1.0,1,1.0,0.0,E:42
Sauropsida,PRANK,163,203,C_terminal_MTase_like,other,42,1.0,2,0.7380952380952381,0.8296071030882031,L:31;M:11
Sauropsida,PRANK,164,204,C_terminal_MTase_like,other,42,1.0,4,0.9047619047619048,0.5965734820440877,E:1;K:38;Q:2;R:1
Sauropsida,PRANK,165,205,C_terminal_MTase_like,other,42,1.0,6,0.5714285714285714,1.65282575549396,C:2;G:2;N:12;R:1;S:24;W:1
Sauropsida,PRANK,166,206,C_terminal_MTase_like,other,42,1.0,4,0.7380952380952381,1.1545446232892405,F:7;I:3;L:31;Y:1
Sauropsida,PRANK,167,207,C_terminal_MTase_like,other,42,1.0,1,1.0,0.0,G:42
Sauropsida,PRANK,168,208,C_terminal_MTase_like,other,42,1.0,1,1.0,0.0,F:42
Sauropsida,PRANK,169,209,C_terminal_MTase_like,other,42,1.0,1,1.0,0.0,L:42
Sauropsida,PRANK,170,210,C_terminal_MTase_like,other,42,1.0,3,0.9047619047619048,0.5489544344250401,D:2;E:2;G:38
Sauropsida,PRANK,171,211,C_terminal_MTase_like,other,42,1.0,4,0.5952380952380952,1.4456556841164936,E:25;K:5;Q:1;S:11
Sauropsida,PRANK,172,212,C_terminal_MTase_like,other,41,0.9761904761904762,5,0.6829268292682927,1.3298626672865295,G:1;K:1;N:2;R:9;S:28
Sauropsida,PRANK,173,213,C_terminal_MTase_like,other,41,0.9761904761904762,6,0.2682926829268293,2.227511058768193,G:1;K:11;L:9;M:10;R:9;T:1
Sauropsida,PRANK,174,214,C_terminal_MTase_like,other,41,0.9761904761904762,3,0.9512195121951219,0.3299742842369207,D:1;G:39;S:1
Sauropsida,PRANK,175,215,C_terminal_MTase_like,other,41,0.9761904761904762,3,0.7317073170731707,1.0225265684903675,D:9;N:30;S:2
Sauropsida,PRANK,176,216,C_terminal_MTase_like,other,41,0.9761904761904762,1,1.0,0.0,G:41
Sauropsida,PRANK,177,217,C_terminal_MTase_like,other,42,1.0,5,0.5,1.786175831654294,H:2;K:1;R:21;T:10;Y:8
Sauropsida,PRANK,178,218,C_terminal_MTase_like,other,42,1.0,2,0.9523809523809523,0.2761954276479391,L:40;V:2
Sauropsida,PRANK,179,219,C_terminal_MTase_like,other,42,1.0,3,0.8095238095238095,0.8842635042284789,I:3;K:34;T:5
Sauropsida,PRANK,180,220,C_terminal_MTase_like,other,42,1.0,2,0.9761904761904762,0.1623261801753929,F:1;Y:41
Sauropsida,PRANK,181,221,C_terminal_MTase_like,other,42,1.0,4,0.7619047619047619,1.0113650418263793,I:1;L:32;M:8;V:1
Sauropsida,PRANK,182,222,C_terminal_MTase_like,other,42,1.0,4,0.8095238095238095,0.9046147654730822,D:34;H:6;N:1;Y:1
Sauropsida,PRANK,183,223,C_terminal_MTase_like,other,42,1.0,1,1.0,0.0,D:42
Sauropsida,PRANK,184,224,C_terminal_MTase_like,other,42,1.0,2,0.9761904761904762,0.1623261801753929,L:1;V:41
Sauropsida,PRANK,185,225,C_terminal_MTase_like,other,42,1.0,1,1.0,0.0,T:42
Sauropsida,PRANK,186,226,C_terminal_MTase_like,other,42,1.0,2,0.7142857142857143,0.863120568566631,D:30;N:12
Sauropsida,PRANK,187,227,C_terminal_MTase_like,other,42,1.0,5,0.8571428571428571,0.8657150405901116,A:2;I:2;M:1;T:1;V:36
Sauropsida,PRANK,188,228,C_terminal_MTase_like,other,42,1.0,6,0.2857142857142857,2.16130579666555,I:11;K:1;L:12;M:1;T:12;V:5
Sauropsida,PRANK,189,229,C_terminal_MTase_like,other,42,1.0,1,1.0,0.0,R:42
Sauropsida,PRANK,190,230,C_terminal_MTase_like,other,42,1.0,6,0.5952380952380952,1.5562232619925225,I:12;K:1;M:2;N:1;T:25;V:1
Sauropsida,PRANK,191,231,C_terminal_MTase_like,other,42,1.0,4,0.5,1.610847453818164,D:9;H:21;N:11;Q:1
Sauropsida,PRANK,192,232,C_terminal_MTase_like,other,42,1.0,2,0.7142857142857143,0.863120568566631,I:30;V:12
Sauropsida,PRANK,193,233,C_terminal_MTase_like,other,42,1.0,4,0.6190476190476191,1.3450347993862426,D:3;E:26;K:12;Q:1
Sauropsida,PRANK,194,234,C_terminal_MTase_like,other,42,1.0,4,0.9047619047619048,0.5965734820440877,D:1;E:38;G:2;R:1
Sauropsida,PRANK,195,235,C_terminal_MTase_like,other,42,1.0,2,0.9523809523809523,0.2761954276479391,L:2;W:40
Sauropsida,PRANK,196,236,C_terminal_MTase_like,other,42,1.0,1,1.0,0.0,G:42
Sauropsida,PRANK,197,237,C_terminal_MTase_like,other,42,1.0,3,0.9523809523809523,0.3238144752669867,L:1;P:40;S:1
Sauropsida,PRANK,198,238,C_terminal_MTase_like,other,42,1.0,2,0.9523809523809523,0.2761954276479391,F:40;Y:2
Sauropsida,PRANK,199,239,C_terminal_MTase_like,other,42,1.0,1,1.0,0.0,D:42
Sauropsida,PRANK,200,240,C_terminal_MTase_like,other,42,1.0,3,0.8095238095238095,0.8842635042284789,F:34;L:3;V:5
Sauropsida,PRANK,201,241,C_terminal_MTase_like,other,42,1.0,3,0.9047619047619048,0.530980922468767,I:38;L:1;V:3
Sauropsida,PRANK,202,242,C_terminal_MTase_like,other,42,1.0,1,1.0,0.0,F:42
Sauropsida,PRANK,203,243,C_terminal_MTase_like,other,42,1.0,1,1.0,0.0,G:42
Sauropsida,PRANK,204,244,C_terminal_MTase_like,other,42,1.0,1,1.0,0.0,S:42
Sauropsida,PRANK,205,245,C_terminal_MTase_like,other,42,1.0,1,1.0,0.0,T:42
Sauropsida,PRANK,206,246,C_terminal_MTase_like,other,42,1.0,1,1.0,0.0,P:42
Sauropsida,PRANK,207,247,C_terminal_MTase_like,other,42,1.0,2,0.8571428571428571,0.5916727785823275,A:6;P:36
Sauropsida,PRANK,208,248,C_terminal_MTase_like,other,42,1.0,3,0.5952380952380952,1.3527953381667288,I:11;L:6;V:25
Sauropsida,PRANK,209,249,C_terminal_MTase_like,other,42,1.0,2,0.5714285714285714,0.9852281360342515,A:18;G:24
Sauropsida,PRANK,210,250,C_terminal_MTase_like,other,42,1.0,3,0.6666666666666666,1.0420399429347815,K:13;N:28;R:1
Sauropsida,PRANK,211,251,C_terminal_MTase_like,other,42,1.0,5,0.7380952380952381,1.1642201460646382,A:1;F:8;L:1;S:31;V:1
Sauropsida,PRANK,212,252,C_terminal_MTase_like,other,42,1.0,2,0.9761904761904762,0.1623261801753929,H:1;Y:41
Sauropsida,PRANK,213,253,C_terminal_MTase_like,other,42,1.0,6,0.35714285714285715,2.086550996786968,D:2;E:15;K:10;N:2;Q:12;R:1
Sauropsida,PRANK,214,254,C_terminal_MTase_like,other,42,1.0,3,0.7857142857142857,0.8574363289971182,H:33;Q:8;Y:1
Sauropsida,PRANK,215,255,C_terminal_MTase_like,other,42,1.0,2,0.9523809523809523,0.2761954276479391,P:40;S:2
Sauropsida,PRANK,216,256,C_terminal_MTase_like,other,42,1.0,3,0.6428571428571429,1.0664857211782817,P:14;S:27;T:1
Sauropsida,PRANK,217,257,C_terminal_MTase_like,other,42,1.0,2,0.9761904761904762,0.1623261801753929,A:41;G:1
Sauropsida,PRANK,218,258,C_terminal_MTase_like,other,42,1.0,2,0.9761904761904762,0.1623261801753929,C:1;W:41
Sauropsida,PRANK,219,259,C_terminal_MTase_like,other,42,1.0,1,1.0,0.0,Y:42
Sauropsida,PRANK,220,260,C_terminal_MTase_like,other,42,1.0,4,0.8571428571428571,0.7704769453520164,F:36;I:1;L:1;M:4
Sauropsida,PRANK,221,261,C_terminal_MTase_like,other,42,1.0,1,1.0,0.0,Y:42
Sauropsida,PRANK,222,262,C_terminal_MTase_like,other,42,1.0,1,1.0,0.0,Q:42
Sauropsida,PRANK,223,263,C_terminal_MTase_like,other,42,1.0,2,0.9523809523809523,0.2761954276479391,F:2;Y:40
Sauropsida,PRANK,224,264,C_terminal_MTase_like,other,42,1.0,7,0.5476190476190477,1.9923933158388851,D:1;F:23;H:8;I:3;M:1;V:2;Y:4
Sauropsida,PRANK,225,265,C_terminal_MTase_like,other,42,1.0,2,0.9761904761904762,0.1623261801753929,Q:1;R:41
Sauropsida,PRANK,226,266,C_terminal_MTase_like,other,42,1.0,2,0.9761904761904762,0.1623261801753929,I:41;V:1
Sauropsida,PRANK,227,267,C_terminal_MTase_like,other,42,1.0,1,1.0,0.0,L:42
Sauropsida,PRANK,228,268,C_terminal_MTase_like,other,42,1.0,3,0.9523809523809523,0.3238144752669867,E:1;Q:40;R:1
Sauropsida,PRANK,229,269,C_terminal_MTase_like,other,42,1.0,1,1.0,0.0,Y:42
Sauropsida,PRANK,230,270,C_terminal_MTase_like,other,42,1.0,6,0.5714285714285714,1.7237888505260104,A:1;E:1;G:24;S:6;T:1;V:9
Sauropsida,PRANK,231,271,C_terminal_MTase_like,other,42,1.0,6,0.2857142857142857,2.211302593572928,E:1;I:1;K:11;R:9;S:8;T:12
Sauropsida,PRANK,232,272,C_terminal_MTase_like,other,42,1.0,2,0.9761904761904762,0.1623261801753929,H:1;P:41
Sauropsida,PRANK,233,273,C_terminal_MTase_like,other,42,1.0,7,0.5714285714285714,1.9151959937952425,E:8;I:1;K:2;L:2;P:24;R:1;T:4
Sauropsida,PRANK,234,274,C_terminal_MTase_like,other,42,1.0,2,0.9761904761904762,0.1623261801753929,A:1;E:41
Sauropsida,PRANK,235,278,C_terminal_MTase_like,other,42,1.0,3,0.5952380952380952,1.104307786008091,K:16;M:1;R:25
Sauropsida,PRANK,236,279,C_terminal_MTase_like,other,42,1.0,2,0.7380952380952381,0.8296071030882031,M:11;P:31
Sauropsida,PRANK,237,280,C_terminal_MTase_like,other,42,1.0,1,1.0,0.0,F:42
Sauropsida,PRANK,238,281,C_terminal_MTase_like,other,42,1.0,1,1.0,0.0,F:42
Sauropsida,PRANK,239,282,C_terminal_MTase_like,other,42,1.0,1,1.0,0.0,W:42
Sauropsida,PRANK,240,283,C_terminal_MTase_like,other,42,1.0,3,0.5952380952380952,1.2457873952707117,I:3;L:14;M:25
Sauropsida,PRANK,241,284,C_terminal_MTase_like,other,42,1.0,1,1.0,0.0,F:42
Sauropsida,PRANK,242,285,C_terminal_MTase_like,other,42,1.0,3,0.8095238095238095,0.8569957178540346,I:2;L:6;V:34
Sauropsida,PRANK,243,286,C_terminal_MTase_like,other,42,1.0,1,1.0,0.0,D:42
Sauropsida,PRANK,244,287,C_terminal_MTase_like,other,42,1.0,1,1.0,0.0,N:42
Sauropsida,PRANK,245,288,C_terminal_MTase_like,other,42,1.0,2,0.7380952380952381,0.8296071030882031,I:11;L:31
Sauropsida,PRANK,246,289,C_terminal_MTase_like,other,42,1.0,1,1.0,0.0,V:42
Sauropsida,PRANK,247,290,C_terminal_MTase_like,other,42,1.0,1,1.0,0.0,L:42
Sauropsida,PRANK,248,291,C_terminal_MTase_like,other,42,1.0,3,0.6428571428571429,1.142610782439526,D:13;E:27;T:2
Sauropsida,PRANK,249,292,C_terminal_MTase_like,other,42,1.0,2,0.7619047619047619,0.7918583525674836,E:32;K:10
Sauropsida,PRANK,250,293,C_terminal_MTase_like,other,42,1.0,2,0.9761904761904762,0.1623261801753929,A:1;E:41
Sauropsida,PRANK,251,294,C_terminal_MTase_like,other,42,1.0,3,0.5714285714285714,1.3984047495234926,D:24;E:11;T:7
Sauropsida,PRANK,252,295,C_terminal_MTase_like,other,42,1.0,1,1.0,0.0,R:42
Sauropsida,PRANK,253,296,C_terminal_MTase_like,other,42,1.0,4,0.7380952380952381,1.0563790743269996,A:1;D:31;E:9;N:1
Sauropsida,PRANK,254,297,C_terminal_MTase_like,other,42,1.0,2,0.6190476190476191,0.9587118829771318,A:16;T:26
Sauropsida,PRANK,255,298,C_terminal_MTase_like,other,42,1.0,1,1.0,0.0,A:42
Sauropsida,PRANK,256,299,C_terminal_MTase_like,other,42,1.0,2,0.8571428571428571,0.5916727785823275,C:6;S:36
Sauropsida,PRANK,257,300,C_terminal_MTase_like,other,42,1.0,1,1.0,0.0,R:42
Sauropsida,PRANK,258,301,C_terminal_MTase_like,other,42,1.0,1,1.0,0.0,F:42
Sauropsida,PRANK,259,302,C_terminal_MTase_like,other,42,1.0,3,0.8571428571428571,0.6845331245320924,F:36;L:5;W:1
Sauropsida,PRANK,260,303,C_terminal_MTase_like,other,42,1.0,3,0.6428571428571429,1.0664857211782817,E:1;K:14;Q:27
Sauropsida,PRANK,261,304,C_terminal_MTase_like,other,41,0.9761904761904762,3,0.6097560975609756,1.1770794764918746,M:25;T:14;V:2
Sauropsida,PRANK,262,305,C_terminal_MTase_like,other,41,0.9761904761904762,2,0.975609756097561,0.1654270339962668,D:1;E:40
Sauropsida,PRANK,263,306,C_terminal_MTase_like,other,41,0.9761904761904762,2,0.975609756097561,0.1654270339962668,A:40;G:1
Sauropsida,PRANK,264,307,C_terminal_MTase_like,other,41,0.9761904761904762,3,0.9512195121951219,0.3299742842369207,L:1;T:1;V:39
Sauropsida,PRANK,265,308,C_terminal_MTase_like,other,41,0.9761904761904762,5,0.4878048780487805,1.8268941458559393,I:3;L:20;M:1;T:11;V:6
Sauropsida,PRANK,266,309,C_terminal_MTase_like,other,41,0.9761904761904762,6,0.6341463414634146,1.5177785016780345,I:10;K:1;L:1;R:26;T:1;V:2
Sauropsida,PRANK,267,310,C_terminal_MTase_like,other,41,0.9761904761904762,5,0.6097560975609756,1.4818193204341361,C:3;H:11;I:1;M:1;Y:25
Sauropsida,PRANK,268,311,C_terminal_MTase_like,other,41,0.9761904761904762,3,0.7073170731707317,0.9932789152593067,K:29;Q:1;R:11
Sauropsida,PRANK,269,312,C_terminal_MTase_like,other,41,0.9761904761904762,6,0.4878048780487805,2.0024793856787912,E:6;I:1;K:5;L:8;Q:20;R:1
Sauropsida,PRANK,270,313,C_terminal_MTase_like,other,41,0.9761904761904762,4,0.5853658536585366,1.4623693632338195,D:11;H:24;Q:5;S:1
Sauropsida,PRANK,271,314,C_terminal_MTase_like,other,42,1.0,5,0.5238095238095238,1.8626397776016612,A:9;D:22;G:4;K:2;N:5
Sauropsida,PRANK,272,315,C_terminal_MTase_like,other,42,1.0,7,0.38095238095238093,2.240399794026289,D:16;E:10;F:1;G:6;Q:1;S:7;T:1
Sauropsida,PRANK,273,316,C_terminal_MTase_like,other,42,1.0,6,0.6190476190476191,1.6127755731442552,I:4;L:1;N:9;S:1;T:26;V:1
Sauropsida,PRANK,274,317,C_terminal_MTase_like,other,42,1.0,3,0.5,1.1380977138239696,I:21;L:1;V:20
Sauropsida,PRANK,275,318,C_terminal_MTase_like,other,42,1.0,3,0.9523809523809523,0.3238144752669867,K:1;N:1;Q:40
Sauropsida,PRANK,276,319,C_terminal_MTase_like,other,42,1.0,2,0.9761904761904762,0.1623261801753929,H:1;N:41
Sauropsida,PRANK,277,320,C_terminal_MTase_like,other,42,1.0,3,0.8571428571428571,0.6845331245320924,A:36;Q:1;V:5
Sauropsida,PRANK,278,321,C_terminal_MTase_like,other,42,1.0,3,0.9523809523809523,0.3238144752669867,A:1;I:1;V:40
Sauropsida,PRANK,279,322,C_terminal_MTase_like,other,42,1.0,2,0.7380952380952381,0.8296071030882031,H:31;I:11
Sauropsida,PRANK,280,323,C_terminal_MTase_like,other,41,0.9761904761904762,3,0.7317073170731707,1.0225265684903675,I:30;L:9;V:2
Sauropsida,PRANK,281,324,C_terminal_MTase_like,other,41,0.9761904761904762,1,1.0,0.0,W:41
Sauropsida,PRANK,282,325,C_terminal_MTase_like,other,41,0.9761904761904762,1,1.0,0.0,S:41
Sauropsida,PRANK,283,326,C_terminal_MTase_like,other,41,0.9761904761904762,1,1.0,0.0,N:41
Sauropsida,PRANK,284,327,C_terminal_MTase_like,other,41,0.9761904761904762,1,1.0,0.0,I:41
Sauropsida,PRANK,285,328,C_terminal_MTase_like,other,41,0.9761904761904762,1,1.0,0.0,P:41
Sauropsida,PRANK,286,329,C_terminal_MTase_like,other,41,0.9761904761904762,1,1.0,0.0,S:41
Sauropsida,PRANK,287,330,C_terminal_MTase_like,other,41,0.9761904761904762,1,1.0,0.0,V:41
Sauropsida,PRANK,288,331,C_terminal_MTase_like,other,41,0.9761904761904762,3,0.6585365853658537,1.0529744706120385,K:13;N:27;Q:1
Sauropsida,PRANK,289,332,C_terminal_MTase_like,other,41,0.9761904761904762,1,1.0,0.0,S:41
Sauropsida,PRANK,290,333,C_terminal_MTase_like,other,41,0.9761904761904762,1,1.0,0.0,K:41
Sauropsida,PRANK,291,334,C_terminal_MTase_like,other,40,0.9523809523809523,3,0.875,0.6338054550605168,A:4;S:35;T:1
Sauropsida,PRANK,292,335,C_terminal_MTase_like,other,40,0.9523809523809523,5,0.45,1.9149798205164812,A:18;D:10;E:2;P:2;S:8
Sauropsida,PRANK,293,336,C_terminal_MTase_like,other,40,0.9523809523809523,4,0.9,0.6189955935892812,L:36;M:1;S:2;V:1
Sauropsida,PRANK,294,337,C_terminal_MTase_like,other,40,0.9523809523809523,4,0.5,1.6172488983973201,C:1;D:9;N:10;Y:20
Sauropsida,PRANK,295,338,C_terminal_MTase_like,other,40,0.9523809523809523,4,0.45,1.6567399686974547,L:9;M:12;T:1;V:18
Sauropsida,PRANK,296,343,C_terminal_MTase_like,switching_helix,40,0.9523809523809523,1,1.0,0.0,D:40
Sauropsida,PRANK,297,344,C_terminal_MTase_like,switching_helix,40,0.9523809523809523,2,0.975,0.16866093149667025,L:39;S:1
Sauropsida,PRANK,298,345,C_terminal_MTase_like,switching_helix,40,0.9523809523809523,6,0.55,1.8314963295286752,C:2;D:8;F:6;H:1;S:22;Y:1
Sauropsida,PRANK,299,346,C_terminal_MTase_like,switching_helix,40,0.9523809523809523,4,0.8,1.034183719779189,K:3;L:32;Q:2;R:3
Sauropsida,PRANK,300,347,C_terminal_MTase_like,switching_helix,40,0.9523809523809523,3,0.95,0.3363969571159562,I:1;L:38;M:1
Sauropsida,PRANK,301,348,C_terminal_MTase_like,switching_helix,41,0.9761904761904762,1,1.0,0.0,A:41
Sauropsida,PRANK,302,349,C_terminal_MTase_like,switching_helix,41,0.9761904761904762,4,0.7317073170731707,1.1937351052868035,D:4;E:6;K:30;S:1
Sauropsida,PRANK,303,350,C_terminal_MTase_like,switching_helix,41,0.9761904761904762,6,0.6097560975609756,1.4766750594224256,D:12;E:1;K:1;N:25;R:1;T:1
Sauropsida,PRANK,304,351,C_terminal_MTase_like,switching_helix,41,0.9761904761904762,1,1.0,0.0,I:41
Sauropsida,PRANK,305,353,C_terminal_MTase_like,switching_helix,41,0.9761904761904762,5,0.4878048780487805,1.7432308373107257,E:10;K:9;P:1;R:20;S:1
Sauropsida,PRANK,306,354,C_terminal_MTase_like,switching_helix,42,1.0,4,0.5714285714285714,1.4716438394359406,K:5;R:1;S:12;T:24
Sauropsida,PRANK,307,355,C_terminal_MTase_like,switching_helix,41,0.9761904761904762,1,1.0,0.0,R:41
Sauropsida,PRANK,308,356,C_terminal_MTase_like,switching_helix_adjacent_loop,40,0.9523809523809523,2,0.8,0.7219280948873623,I:32;L:8
Sauropsida,PRANK,309,357,C_terminal_MTase_like,switching_helix_adjacent_loop,40,0.9523809523809523,2,0.825,0.6690158350565576,F:33;L:7
Sauropsida,PRANK,310,358,C_terminal_MTase_like,switching_helix_adjacent_loop,40,0.9523809523809523,2,0.975,0.16866093149667025,E:1;S:39
Sauropsida,PRANK,311,359,C_terminal_MTase_like,switching_helix_adjacent_loop,40,0.9523809523809523,4,0.8,0.9341837197791889,E:6;Q:32;R:1;S:1
Sauropsida,PRANK,312,360,C_terminal_MTase_like,switching_helix_adjacent_loop,40,0.9523809523809523,3,0.9,0.5501234060351945,P:1;Q:3;R:36
Sauropsida,PRANK,313,361,C_terminal_MTase_like,other,40,0.9523809523809523,1,1.0,0.0,P:40
Sauropsida,PRANK,314,362,C_terminal_MTase_like,other,39,0.9285714285714286,2,0.9743589743589743,0.17203694935311378,A:38;V:1
Sauropsida,PRANK,315,363,C_terminal_MTase_like,other,39,0.9285714285714286,1,1.0,0.0,T:39
Sauropsida,PRANK,316,364,C_terminal_MTase_like,other,39,0.9285714285714286,2,0.9743589743589743,0.17203694935311378,I:1;L:38
Sauropsida,PRANK,317,365,C_terminal_MTase_like,other,39,0.9285714285714286,3,0.7435897435897436,0.9415362221524944,I:29;M:1;V:9
Sauropsida,PRANK,318,366,C_terminal_MTase_like,other,38,0.9047619047619048,4,0.5,1.2953619593203252,K:19;N:1;R:17;S:1
Sauropsida,PRANK,319,367,C_terminal_MTase_like,other,38,0.9047619047619048,3,0.47368421052631576,1.5205137543921987,D:11;E:18;K:9
Sauropsida,PRANK,320,368,C_terminal_MTase_like,other,38,0.9047619047619048,1,1.0,0.0,F:38
Sauropsida,PRANK,321,369,C_terminal_MTase_like,other,38,0.9047619047619048,2,0.9736842105263158,0.17556502585750278,F:37;W:1
Sauropsida,PRANK,322,370,C_terminal_MTase_like,other,38,0.9047619047619048,3,0.7368421052631579,0.95489428105954,G:1;L:9;V:28
Sauropsida,PRANK,323,371,C_terminal_MTase_like,other,38,0.9047619047619048,1,1.0,0.0,P:38
Sauropsida,PRANK,324,372,C_terminal_MTase_like,other,38,0.9047619047619048,1,1.0,0.0,L:38
Sauropsida,PRANK,325,373,C_terminal_MTase_like,other,38,0.9047619047619048,2,0.7894736842105263,0.7424875695421236,K:30;R:8
Sauropsida,PRANK,326,374,C_terminal_MTase_like,other,39,0.9285714285714286,2,0.6666666666666666,0.9182958340544896,D:13;E:26
Sauropsida,PRANK,327,375,C_terminal_MTase_like,other,40,0.9523809523809523,2,0.975,0.16866093149667025,F:1;Y:39
Sauropsida,PRANK,328,376,C_terminal_MTase_like,other,41,0.9761904761904762,3,0.9512195121951219,0.3299742842369207,F:39;I:1;S:1
Sauropsida,PRANK,329,377,C_terminal_MTase_like,other,40,0.9523809523809523,2,0.775,0.7691928290130138,K:9;R:31
Sauropsida,PRANK,330,378,C_terminal_MTase_like,other,40,0.9523809523809523,4,0.45,1.6567399686974547,A:12;C:9;T:18;V:1
Sauropsida,PRANK,331,379,C_terminal_MTase_like,other,41,0.9761904761904762,2,0.975609756097561,0.1654270339962668,A:1;F:40
Sauropsida,PRANK,332,380,C_terminal_MTase_like,other,37,0.8809523809523809,6,0.5405405405405406,1.7366882385273954,F:1;G:2;K:2;M:1;P:11;S:20
