Scope,Human_Position,Domain,Structural_Region,Aligners_Tested,Alignment_Stable,Three_Aligner_AA_Concordance,Three_Aligner_Joint_Resolved_Fraction,Jointly_Resolved_Taxa,FUBAR_Positive_Aligners,FEL_Positive_q10_Aligners,FEL_Positive_q05_Aligners,Joint_Pervasive_q10_Aligners,Joint_Pervasive_q05_Aligners,MEME_q10_Aligners,MEME_q05_Aligners,Joint_Purifying_q05_Aligners,Robust_Pervasive_q10,Robust_Pervasive_q05,Robust_Episodic_q10,Robust_Episodic_q05,Robust_Purifying_q05
Euarchontoglires,1,N_terminal,other,3,False,0.6216216216216216,0.8809523809523809,74,0,0,0,0,0,0,0,0,False,False,False,False,False
Euarchontoglires,2,N_terminal,other,2,False,0.9696969696969696,0.3928571428571428,33,0,0,0,0,0,0,0,2,False,False,False,False,False
Euarchontoglires,3,N_terminal,other,2,False,0.8787878787878788,0.3928571428571428,33,0,0,0,0,0,1,1,0,False,False,False,False,False
Euarchontoglires,4,N_terminal,other,2,False,0.5230769230769231,0.7738095238095238,65,0,0,0,0,0,1,1,0,False,False,False,False,False
Euarchontoglires,5,N_terminal,other,2,False,0.5606060606060606,0.7857142857142857,66,0,0,0,0,0,0,0,0,False,False,False,False,False
Euarchontoglires,6,N_terminal,other,3,False,0.6164383561643836,0.8690476190476191,73,0,0,0,0,0,0,0,0,False,False,False,False,False
Euarchontoglires,7,N_terminal,other,3,False,0.631578947368421,0.9047619047619048,76,0,0,0,0,0,0,0,0,False,False,False,False,False
Euarchontoglires,8,N_terminal,other,3,False,0.6410256410256411,0.9285714285714286,78,0,0,0,0,0,0,0,0,False,False,False,False,False
Euarchontoglires,9,N_terminal,other,3,True,0.9871794871794872,0.9285714285714286,78,0,0,0,0,0,0,0,0,False,False,False,False,False
Euarchontoglires,10,N_terminal,other,3,False,0.6538461538461539,0.9285714285714286,78,0,0,0,0,0,0,0,2,False,False,False,False,False
Euarchontoglires,11,N_terminal,other,3,False,0.6578947368421053,0.9047619047619048,76,0,0,0,0,0,0,0,2,False,False,False,False,False
Euarchontoglires,12,N_terminal,other,3,True,1.0,0.9047619047619048,76,0,0,0,0,0,0,0,3,False,False,False,False,True
Euarchontoglires,13,N_terminal,other,3,True,1.0,0.9285714285714286,78,0,0,0,0,0,0,0,0,False,False,False,False,False
Euarchontoglires,14,N_terminal,other,3,True,1.0,0.9285714285714286,78,0,0,0,0,0,0,0,3,False,False,False,False,True
Euarchontoglires,15,N_terminal,other,3,True,0.975,0.9523809523809524,80,0,0,0,0,0,0,0,0,False,False,False,False,False
Euarchontoglires,16,N_terminal,other,3,True,1.0,0.9404761904761904,79,0,0,0,0,0,0,0,3,False,False,False,False,True
Euarchontoglires,17,N_terminal,other,3,True,1.0,0.9404761904761904,79,0,0,0,0,0,0,0,0,False,False,False,False,False
Euarchontoglires,18,N_terminal,other,3,True,1.0,0.9404761904761904,79,0,0,0,0,0,0,0,0,False,False,False,False,False
Euarchontoglires,19,N_terminal,other,3,True,1.0,0.9404761904761904,79,0,0,0,0,0,0,0,0,False,False,False,False,False
Euarchontoglires,20,N_terminal,other,3,True,1.0,0.9523809523809524,80,0,0,0,0,0,0,0,0,False,False,False,False,False
Euarchontoglires,21,N_terminal,other,3,True,0.9876543209876544,0.9642857142857144,81,0,0,0,0,0,0,0,0,False,False,False,False,False
Euarchontoglires,22,N_terminal,other,3,True,0.9873417721518988,0.9404761904761904,79,0,0,0,0,0,0,0,0,False,False,False,False,False
Euarchontoglires,23,N_terminal,other,3,True,1.0,0.9047619047619048,76,0,0,0,0,0,0,0,3,False,False,False,False,True
Euarchontoglires,24,N_terminal,other,3,True,1.0,0.9047619047619048,76,0,0,0,0,0,0,0,0,False,False,False,False,False
Euarchontoglires,25,N_terminal,other,3,True,1.0,0.9285714285714286,78,0,0,0,0,0,0,0,0,False,False,False,False,False
Euarchontoglires,26,N_terminal,other,3,True,0.9871794871794872,0.9285714285714286,78,0,0,0,0,0,0,0,0,False,False,False,False,False
Euarchontoglires,27,N_terminal,other,3,True,0.9871794871794872,0.9285714285714286,78,0,0,0,0,0,0,0,0,False,False,False,False,False
Euarchontoglires,28,N_terminal,other,3,True,0.9875,0.9523809523809524,80,0,0,0,0,0,0,0,2,False,False,False,False,True
Euarchontoglires,29,N_terminal,other,3,True,1.0,0.9523809523809524,80,0,0,0,0,0,0,0,0,False,False,False,False,False
Euarchontoglires,30,N_terminal,other,3,True,0.9875,0.9523809523809524,80,0,0,0,0,0,0,0,0,False,False,False,False,False
Euarchontoglires,31,N_terminal,other,3,True,0.9873417721518988,0.9404761904761904,79,0,0,0,0,0,0,0,0,False,False,False,False,False
Euarchontoglires,32,N_terminal,other,3,True,1.0,0.9285714285714286,78,0,0,0,0,0,0,0,3,False,False,False,False,True
Euarchontoglires,33,N_terminal,other,3,True,1.0,0.9404761904761904,79,2,2,0,2,0,0,0,0,True,False,False,False,False
Euarchontoglires,34,N_terminal,other,3,True,1.0,0.9642857142857144,81,0,0,0,0,0,0,0,0,False,False,False,False,False
Euarchontoglires,35,N_terminal,other,3,True,1.0,0.9642857142857144,81,0,0,0,0,0,0,0,0,False,False,False,False,False
Euarchontoglires,36,N_terminal,other,3,True,1.0,0.9761904761904762,82,0,0,0,0,0,0,0,0,False,False,False,False,False
Euarchontoglires,37,N_terminal,other,3,True,1.0,0.9761904761904762,82,0,0,0,0,0,0,0,0,False,False,False,False,False
Euarchontoglires,38,N_terminal,other,3,True,1.0,0.9761904761904762,82,0,0,0,0,0,0,0,3,False,False,False,False,True
Euarchontoglires,39,N_terminal,other,3,True,1.0,0.9761904761904762,82,0,0,0,0,0,0,0,3,False,False,False,False,True
Euarchontoglires,40,N_terminal,other,3,True,1.0,0.9761904761904762,82,0,0,0,0,0,0,0,3,False,False,False,False,True
Euarchontoglires,41,ADD,other,3,True,1.0,0.9761904761904762,82,0,0,0,0,0,0,0,0,False,False,False,False,False
Euarchontoglires,42,ADD,other,3,True,1.0,0.9761904761904762,82,0,0,0,0,0,0,0,0,False,False,False,False,False
Euarchontoglires,43,ADD,other,3,True,1.0,0.9761904761904762,82,0,0,0,0,0,0,0,3,False,False,False,False,True
Euarchontoglires,44,ADD,other,3,True,1.0,0.9761904761904762,82,0,0,0,0,0,0,0,0,False,False,False,False,False
Euarchontoglires,45,ADD,other,3,True,1.0,0.9761904761904762,82,0,0,0,0,0,0,0,0,False,False,False,False,False
Euarchontoglires,46,ADD,other,3,True,1.0,0.9761904761904762,82,0,0,0,0,0,0,0,0,False,False,False,False,False
Euarchontoglires,47,ADD,other,3,True,1.0,0.9761904761904762,82,0,0,0,0,0,0,0,3,False,False,False,False,True
Euarchontoglires,48,ADD,other,3,True,1.0,0.9761904761904762,82,0,0,0,0,0,0,0,0,False,False,False,False,False
Euarchontoglires,49,ADD,other,3,True,1.0,0.988095238095238,83,0,0,0,0,0,0,0,3,False,False,False,False,True
Euarchontoglires,50,ADD,other,3,True,1.0,0.988095238095238,83,0,0,0,0,0,0,0,0,False,False,False,False,False
Euarchontoglires,51,ADD,other,3,True,1.0,0.988095238095238,83,0,0,0,0,0,0,0,0,False,False,False,False,False
Euarchontoglires,52,ADD,other,3,True,1.0,1.0,84,0,0,0,0,0,0,0,0,False,False,False,False,False
Euarchontoglires,53,ADD,other,3,True,1.0,1.0,84,0,0,0,0,0,0,0,3,False,False,False,False,True
Euarchontoglires,54,ADD,other,3,True,1.0,1.0,84,0,0,0,0,0,0,0,0,False,False,False,False,False
Euarchontoglires,55,ADD,other,3,True,1.0,1.0,84,0,0,0,0,0,0,0,0,False,False,False,False,False
Euarchontoglires,56,ADD,other,3,True,1.0,1.0,84,0,0,0,0,0,0,0,3,False,False,False,False,True
Euarchontoglires,57,ADD,other,3,True,1.0,1.0,84,0,0,0,0,0,0,0,3,False,False,False,False,True
Euarchontoglires,58,ADD,other,3,True,1.0,1.0,84,0,0,0,0,0,0,0,3,False,False,False,False,True
Euarchontoglires,59,ADD,other,3,True,1.0,1.0,84,0,0,0,0,0,0,0,0,False,False,False,False,False
Euarchontoglires,60,ADD,other,3,True,1.0,1.0,84,0,0,0,0,0,0,0,0,False,False,False,False,False
Euarchontoglires,61,ADD,other,3,True,1.0,1.0,84,0,0,0,0,0,0,0,1,False,False,False,False,False
Euarchontoglires,62,ADD,other,3,True,1.0,1.0,84,0,0,0,0,0,0,0,3,False,False,False,False,True
Euarchontoglires,63,ADD,other,3,True,1.0,1.0,84,0,0,0,0,0,0,0,3,False,False,False,False,True
Euarchontoglires,64,ADD,other,3,True,1.0,1.0,84,0,0,0,0,0,0,0,0,False,False,False,False,False
Euarchontoglires,65,ADD,other,3,True,1.0,1.0,84,0,0,0,0,0,0,0,3,False,False,False,False,True
Euarchontoglires,66,ADD,other,3,True,1.0,1.0,84,0,0,0,0,0,0,0,3,False,False,False,False,True
Euarchontoglires,67,ADD,other,3,True,1.0,1.0,84,0,0,0,0,0,0,0,3,False,False,False,False,True
Euarchontoglires,68,ADD,other,3,True,1.0,1.0,84,0,0,0,0,0,0,0,3,False,False,False,False,True
Euarchontoglires,69,ADD,other,3,True,1.0,1.0,84,0,0,0,0,0,0,0,3,False,False,False,False,True
Euarchontoglires,70,ADD,other,3,True,1.0,1.0,84,0,0,0,0,0,0,0,3,False,False,False,False,True
Euarchontoglires,71,ADD,other,3,True,1.0,1.0,84,0,0,0,0,0,0,0,3,False,False,False,False,True
Euarchontoglires,72,ADD,other,3,True,1.0,1.0,84,0,0,0,0,0,0,0,0,False,False,False,False,False
Euarchontoglires,73,ADD,other,3,True,1.0,1.0,84,0,0,0,0,0,0,0,3,False,False,False,False,True
Euarchontoglires,74,ADD,other,3,True,1.0,1.0,84,0,0,0,0,0,0,0,0,False,False,False,False,False
Euarchontoglires,75,ADD,other,3,True,1.0,1.0,84,0,0,0,0,0,0,0,3,False,False,False,False,True
Euarchontoglires,76,ADD,other,3,True,1.0,1.0,84,0,0,0,0,0,0,0,3,False,False,False,False,True
Euarchontoglires,77,ADD,other,3,True,1.0,1.0,84,0,0,0,0,0,0,0,0,False,False,False,False,False
Euarchontoglires,78,ADD,other,3,True,1.0,1.0,84,0,0,0,0,0,0,0,0,False,False,False,False,False
Euarchontoglires,79,ADD,other,3,True,1.0,1.0,84,0,0,0,0,0,0,0,0,False,False,False,False,False
Euarchontoglires,80,ADD,other,3,True,1.0,1.0,84,0,0,0,0,0,0,0,0,False,False,False,False,False
Euarchontoglires,81,ADD,other,3,True,1.0,1.0,84,0,0,0,0,0,0,0,2,False,False,False,False,True
Euarchontoglires,82,ADD,other,3,True,1.0,1.0,84,0,0,0,0,0,0,0,0,False,False,False,False,False
Euarchontoglires,83,ADD,other,3,True,1.0,1.0,84,0,0,0,0,0,0,0,0,False,False,False,False,False
Euarchontoglires,84,ADD,other,3,True,1.0,1.0,84,0,0,0,0,0,0,0,0,False,False,False,False,False
Euarchontoglires,85,ADD,other,3,True,1.0,1.0,84,0,0,0,0,0,0,0,3,False,False,False,False,True
Euarchontoglires,86,ADD,other,3,True,1.0,1.0,84,0,0,0,0,0,0,0,0,False,False,False,False,False
Euarchontoglires,87,ADD,other,3,True,1.0,1.0,84,0,0,0,0,0,0,0,3,False,False,False,False,True
Euarchontoglires,88,ADD,other,3,True,1.0,1.0,84,0,0,0,0,0,0,0,3,False,False,False,False,True
Euarchontoglires,89,ADD,other,3,True,1.0,1.0,84,0,0,0,0,0,0,0,0,False,False,False,False,False
Euarchontoglires,90,ADD,other,3,True,1.0,1.0,84,0,0,0,0,0,0,0,3,False,False,False,False,True
Euarchontoglires,91,ADD,other,3,True,1.0,1.0,84,0,0,0,0,0,0,0,3,False,False,False,False,True
Euarchontoglires,92,ADD,other,3,True,1.0,1.0,84,0,0,0,0,0,0,0,3,False,False,False,False,True
Euarchontoglires,93,ADD,other,3,True,1.0,1.0,84,0,0,0,0,0,0,0,3,False,False,False,False,True
Euarchontoglires,94,ADD,other,3,True,1.0,1.0,84,0,0,0,0,0,0,0,3,False,False,False,False,True
Euarchontoglires,95,ADD,other,3,True,1.0,1.0,84,0,0,0,0,0,0,0,0,False,False,False,False,False
Euarchontoglires,96,ADD,other,3,True,1.0,1.0,84,0,0,0,0,0,0,0,3,False,False,False,False,True
Euarchontoglires,97,ADD,other,3,True,1.0,1.0,84,0,0,0,0,0,0,0,0,False,False,False,False,False
Euarchontoglires,98,ADD,other,3,True,1.0,1.0,84,0,0,0,0,0,0,0,3,False,False,False,False,True
Euarchontoglires,99,ADD,other,3,True,1.0,1.0,84,0,0,0,0,0,0,0,0,False,False,False,False,False
Euarchontoglires,100,ADD,other,3,True,1.0,1.0,84,0,0,0,0,0,0,0,0,False,False,False,False,False
Euarchontoglires,101,ADD,other,3,True,1.0,1.0,84,0,0,0,0,0,0,0,3,False,False,False,False,True
Euarchontoglires,102,ADD,other,3,True,1.0,1.0,84,0,0,0,0,0,0,0,3,False,False,False,False,True
Euarchontoglires,103,ADD,other,3,True,1.0,1.0,84,0,0,0,0,0,0,0,0,False,False,False,False,False
Euarchontoglires,104,ADD,other,3,True,1.0,1.0,84,0,0,0,0,0,0,0,3,False,False,False,False,True
Euarchontoglires,105,ADD,other,3,True,1.0,1.0,84,0,0,0,0,0,0,0,0,False,False,False,False,False
Euarchontoglires,106,ADD,other,3,True,1.0,1.0,84,0,0,0,0,0,0,0,2,False,False,False,False,True
Euarchontoglires,107,ADD,other,3,True,1.0,1.0,84,0,0,0,0,0,0,0,0,False,False,False,False,False
Euarchontoglires,108,ADD,other,3,True,1.0,1.0,84,0,0,0,0,0,0,0,3,False,False,False,False,True
Euarchontoglires,109,ADD,other,3,True,1.0,1.0,84,0,0,0,0,0,0,0,2,False,False,False,False,True
Euarchontoglires,110,ADD,other,3,True,1.0,1.0,84,0,0,0,0,0,0,0,0,False,False,False,False,False
Euarchontoglires,111,ADD,other,3,True,1.0,1.0,84,0,0,0,0,0,0,0,3,False,False,False,False,True
Euarchontoglires,112,ADD,other,3,True,1.0,1.0,84,0,0,0,0,0,0,0,3,False,False,False,False,True
Euarchontoglires,113,ADD,other,3,True,1.0,1.0,84,0,0,0,0,0,0,0,3,False,False,False,False,True
Euarchontoglires,114,ADD,other,3,True,1.0,1.0,84,0,0,0,0,0,0,0,3,False,False,False,False,True
Euarchontoglires,115,ADD,other,3,True,1.0,1.0,84,0,0,0,0,0,0,0,3,False,False,False,False,True
Euarchontoglires,116,ADD,other,3,True,1.0,1.0,84,0,0,0,0,0,0,0,0,False,False,False,False,False
Euarchontoglires,117,ADD,other,3,True,1.0,1.0,84,0,0,0,0,0,0,0,3,False,False,False,False,True
Euarchontoglires,118,ADD,other,3,True,1.0,1.0,84,0,0,0,0,0,0,0,3,False,False,False,False,True
Euarchontoglires,119,ADD,other,3,True,1.0,1.0,84,0,0,0,0,0,0,0,3,False,False,False,False,True
Euarchontoglires,120,ADD,other,3,True,1.0,1.0,84,0,0,0,0,0,0,0,0,False,False,False,False,False
Euarchontoglires,121,ADD,other,3,True,1.0,1.0,84,0,0,0,0,0,0,0,3,False,False,False,False,True
Euarchontoglires,122,ADD,other,3,True,1.0,1.0,84,0,0,0,0,0,0,0,0,False,False,False,False,False
Euarchontoglires,123,ADD,other,3,True,1.0,1.0,84,0,0,0,0,0,0,0,3,False,False,False,False,True
Euarchontoglires,124,ADD,other,3,True,1.0,1.0,84,0,0,0,0,0,0,0,0,False,False,False,False,False
Euarchontoglires,125,ADD,other,3,True,1.0,1.0,84,0,0,0,0,0,0,0,0,False,False,False,False,False
Euarchontoglires,126,ADD,other,3,True,1.0,1.0,84,0,0,0,0,0,0,0,0,False,False,False,False,False
Euarchontoglires,127,ADD,other,3,True,1.0,1.0,84,0,0,0,0,0,0,0,0,False,False,False,False,False
Euarchontoglires,128,ADD,other,3,True,1.0,1.0,84,0,0,0,0,0,0,0,3,False,False,False,False,True
Euarchontoglires,129,ADD,other,3,True,1.0,1.0,84,0,0,0,0,0,0,0,3,False,False,False,False,True
Euarchontoglires,130,ADD,other,3,True,1.0,1.0,84,0,0,0,0,0,0,0,3,False,False,False,False,True
Euarchontoglires,131,ADD,other,3,True,1.0,1.0,84,0,0,0,0,0,0,0,3,False,False,False,False,True
Euarchontoglires,132,ADD,other,3,True,1.0,1.0,84,0,0,0,0,0,0,0,0,False,False,False,False,False
Euarchontoglires,133,ADD,other,3,True,1.0,1.0,84,0,0,0,0,0,0,0,3,False,False,False,False,True
Euarchontoglires,134,ADD,other,3,True,1.0,1.0,84,0,0,0,0,0,0,0,3,False,False,False,False,True
Euarchontoglires,135,ADD,other,3,True,1.0,1.0,84,0,0,0,0,0,0,0,3,False,False,False,False,True
Euarchontoglires,136,ADD,other,3,True,1.0,1.0,84,0,0,0,0,0,0,0,0,False,False,False,False,False
Euarchontoglires,137,ADD,other,3,True,1.0,1.0,84,0,0,0,0,0,0,0,0,False,False,False,False,False
Euarchontoglires,138,ADD,other,3,True,1.0,1.0,84,0,0,0,0,0,0,0,0,False,False,False,False,False
Euarchontoglires,139,ADD,other,3,True,1.0,1.0,84,0,0,0,0,0,0,0,0,False,False,False,False,False
Euarchontoglires,140,ADD,other,3,True,1.0,1.0,84,0,0,0,0,0,0,0,0,False,False,False,False,False
Euarchontoglires,141,ADD,other,3,True,1.0,1.0,84,0,0,0,0,0,0,0,0,False,False,False,False,False
Euarchontoglires,142,ADD,other,3,True,1.0,1.0,84,0,0,0,0,0,0,0,3,False,False,False,False,True
Euarchontoglires,143,ADD,other,3,True,1.0,1.0,84,0,0,0,0,0,0,0,0,False,False,False,False,False
Euarchontoglires,144,ADD,other,3,True,1.0,1.0,84,0,0,0,0,0,0,0,0,False,False,False,False,False
Euarchontoglires,145,ADD,other,3,True,1.0,1.0,84,0,0,0,0,0,0,0,0,False,False,False,False,False
Euarchontoglires,146,ADD,other,3,True,1.0,1.0,84,0,0,0,0,0,0,0,0,False,False,False,False,False
Euarchontoglires,147,ADD,other,3,True,1.0,1.0,84,0,0,0,0,0,0,0,3,False,False,False,False,True
Euarchontoglires,148,ADD,other,3,True,1.0,1.0,84,0,0,0,0,0,0,0,0,False,False,False,False,False
Euarchontoglires,149,ADD,other,3,True,1.0,1.0,84,0,0,0,0,0,0,0,3,False,False,False,False,True
Euarchontoglires,150,ADD,other,3,True,1.0,1.0,84,0,0,0,0,0,0,0,0,False,False,False,False,False
Euarchontoglires,151,ADD,other,3,True,1.0,1.0,84,0,0,0,0,0,0,0,3,False,False,False,False,True
Euarchontoglires,152,ADD,other,3,True,1.0,1.0,84,0,0,0,0,0,0,0,3,False,False,False,False,True
Euarchontoglires,153,ADD,other,3,True,1.0,1.0,84,0,0,0,0,0,0,0,3,False,False,False,False,True
Euarchontoglires,154,ADD,other,3,True,1.0,1.0,84,0,0,0,0,0,0,0,3,False,False,False,False,True
Euarchontoglires,155,ADD,other,3,True,1.0,1.0,84,0,0,0,0,0,0,0,0,False,False,False,False,False
Euarchontoglires,156,ADD,other,3,True,1.0,1.0,84,0,0,0,0,0,0,0,3,False,False,False,False,True
Euarchontoglires,157,ADD,other,3,True,1.0,1.0,84,0,0,0,0,0,0,0,3,False,False,False,False,True
Euarchontoglires,158,ADD,other,3,True,1.0,1.0,84,0,0,0,0,0,0,0,3,False,False,False,False,True
Euarchontoglires,159,ADD,other,3,True,1.0,1.0,84,0,0,0,0,0,0,0,0,False,False,False,False,False
Euarchontoglires,160,ADD,other,3,True,1.0,1.0,84,0,0,0,0,0,0,0,0,False,False,False,False,False
Euarchontoglires,161,ADD,other,3,True,1.0,1.0,84,0,0,0,0,0,0,0,3,False,False,False,False,True
Euarchontoglires,162,ADD,other,3,True,1.0,1.0,84,0,0,0,0,0,0,0,0,False,False,False,False,False
Euarchontoglires,163,ADD,other,3,True,1.0,1.0,84,0,0,0,0,0,0,0,0,False,False,False,False,False
Euarchontoglires,164,ADD,other,3,True,1.0,1.0,84,0,0,0,0,0,0,0,0,False,False,False,False,False
Euarchontoglires,165,ADD,other,3,True,1.0,1.0,84,0,0,0,0,0,0,0,0,False,False,False,False,False
Euarchontoglires,166,ADD,other,3,True,1.0,1.0,84,0,0,0,0,0,0,0,0,False,False,False,False,False
Euarchontoglires,167,ADD,other,3,True,1.0,1.0,84,0,0,0,0,0,0,0,3,False,False,False,False,True
Euarchontoglires,168,ADD,other,3,True,1.0,1.0,84,0,0,0,0,0,0,0,3,False,False,False,False,True
Euarchontoglires,169,ADD,other,3,True,1.0,1.0,84,0,0,0,0,0,0,0,3,False,False,False,False,True
Euarchontoglires,170,ADD,other,3,True,1.0,1.0,84,0,0,0,0,0,0,0,0,False,False,False,False,False
Euarchontoglires,171,ADD,other,3,True,1.0,1.0,84,0,0,0,0,0,0,0,0,False,False,False,False,False
Euarchontoglires,172,ADD,other,3,True,1.0,1.0,84,0,0,0,0,0,0,0,0,False,False,False,False,False
Euarchontoglires,173,ADD,other,3,True,1.0,1.0,84,0,0,0,0,0,0,0,0,False,False,False,False,False
Euarchontoglires,174,linker,other,3,True,1.0,1.0,84,0,0,0,0,0,0,0,0,False,False,False,False,False
Euarchontoglires,175,linker,other,3,True,1.0,1.0,84,0,0,0,0,0,0,0,3,False,False,False,False,True
Euarchontoglires,176,linker,other,3,True,1.0,1.0,84,0,0,0,0,0,0,0,0,False,False,False,False,False
Euarchontoglires,177,linker,other,3,True,1.0,1.0,84,0,0,0,0,0,0,0,3,False,False,False,False,True
Euarchontoglires,178,C_terminal_MTase_like,other,3,True,1.0,1.0,84,0,0,0,0,0,0,0,0,False,False,False,False,False
Euarchontoglires,179,C_terminal_MTase_like,other,3,True,1.0,1.0,84,0,0,0,0,0,0,0,3,False,False,False,False,True
Euarchontoglires,180,C_terminal_MTase_like,other,3,True,1.0,1.0,84,0,0,0,0,0,0,0,0,False,False,False,False,False
Euarchontoglires,181,C_terminal_MTase_like,other,3,True,1.0,1.0,84,0,0,0,0,0,0,0,3,False,False,False,False,True
Euarchontoglires,182,C_terminal_MTase_like,other,3,True,1.0,1.0,84,0,0,0,0,0,0,0,3,False,False,False,False,True
Euarchontoglires,183,C_terminal_MTase_like,other,3,True,1.0,1.0,84,0,0,0,0,0,0,0,3,False,False,False,False,True
Euarchontoglires,184,C_terminal_MTase_like,other,3,True,1.0,1.0,84,0,0,0,0,0,0,0,3,False,False,False,False,True
Euarchontoglires,185,C_terminal_MTase_like,other,3,True,1.0,1.0,84,0,0,0,0,0,0,0,0,False,False,False,False,False
Euarchontoglires,186,C_terminal_MTase_like,other,3,True,1.0,1.0,84,0,0,0,0,0,0,0,3,False,False,False,False,True
Euarchontoglires,187,C_terminal_MTase_like,other,3,True,1.0,1.0,84,0,0,0,0,0,0,0,0,False,False,False,False,False
Euarchontoglires,188,C_terminal_MTase_like,other,3,True,1.0,1.0,84,0,0,0,0,0,0,0,0,False,False,False,False,False
Euarchontoglires,189,C_terminal_MTase_like,other,3,True,1.0,1.0,84,0,0,0,0,0,0,0,3,False,False,False,False,True
Euarchontoglires,190,C_terminal_MTase_like,other,3,True,1.0,1.0,84,0,0,0,0,0,0,0,0,False,False,False,False,False
Euarchontoglires,191,C_terminal_MTase_like,other,3,True,1.0,1.0,84,0,0,0,0,0,0,0,3,False,False,False,False,True
Euarchontoglires,192,C_terminal_MTase_like,other,3,True,1.0,1.0,84,0,0,0,0,0,0,0,0,False,False,False,False,False
Euarchontoglires,193,C_terminal_MTase_like,other,3,True,1.0,1.0,84,0,0,0,0,0,0,0,3,False,False,False,False,True
Euarchontoglires,194,C_terminal_MTase_like,other,3,True,1.0,1.0,84,0,0,0,0,0,0,0,0,False,False,False,False,False
Euarchontoglires,195,C_terminal_MTase_like,other,3,True,1.0,1.0,84,0,0,0,0,0,0,0,3,False,False,False,False,True
Euarchontoglires,196,C_terminal_MTase_like,other,3,True,1.0,1.0,84,0,0,0,0,0,0,0,3,False,False,False,False,True
Euarchontoglires,197,C_terminal_MTase_like,other,3,True,1.0,1.0,84,0,0,0,0,0,0,0,0,False,False,False,False,False
Euarchontoglires,198,C_terminal_MTase_like,other,3,True,1.0,1.0,84,0,0,0,0,0,0,0,0,False,False,False,False,False
Euarchontoglires,199,C_terminal_MTase_like,other,3,True,1.0,1.0,84,0,0,0,0,0,0,0,3,False,False,False,False,True
Euarchontoglires,200,C_terminal_MTase_like,other,3,True,1.0,1.0,84,0,0,0,0,0,0,0,0,False,False,False,False,False
Euarchontoglires,201,C_terminal_MTase_like,other,3,True,1.0,1.0,84,0,0,0,0,0,0,0,0,False,False,False,False,False
Euarchontoglires,202,C_terminal_MTase_like,other,3,True,1.0,1.0,84,0,0,0,0,0,0,0,3,False,False,False,False,True
Euarchontoglires,203,C_terminal_MTase_like,other,3,True,1.0,1.0,84,0,0,0,0,0,0,0,3,False,False,False,False,True
Euarchontoglires,204,C_terminal_MTase_like,other,3,True,1.0,1.0,84,0,0,0,0,0,0,0,0,False,False,False,False,False
Euarchontoglires,205,C_terminal_MTase_like,other,3,True,1.0,1.0,84,0,0,0,0,0,0,0,3,False,False,False,False,True
Euarchontoglires,206,C_terminal_MTase_like,other,3,True,1.0,1.0,84,0,0,0,0,0,0,0,3,False,False,False,False,True
Euarchontoglires,207,C_terminal_MTase_like,other,3,True,1.0,1.0,84,0,0,0,0,0,0,0,3,False,False,False,False,True
Euarchontoglires,208,C_terminal_MTase_like,other,3,True,1.0,1.0,84,0,0,0,0,0,0,0,3,False,False,False,False,True
Euarchontoglires,209,C_terminal_MTase_like,other,3,True,1.0,1.0,84,0,0,0,0,0,0,0,3,False,False,False,False,True
Euarchontoglires,210,C_terminal_MTase_like,other,3,True,1.0,1.0,84,0,0,0,0,0,0,0,0,False,False,False,False,False
Euarchontoglires,211,C_terminal_MTase_like,other,3,True,1.0,0.988095238095238,83,0,0,0,0,0,0,0,2,False,False,False,False,True
Euarchontoglires,212,C_terminal_MTase_like,other,3,True,1.0,0.9761904761904762,82,0,0,0,0,0,0,0,3,False,False,False,False,True
Euarchontoglires,213,C_terminal_MTase_like,other,3,True,0.925925925925926,0.9642857142857144,81,0,0,0,0,0,0,0,3,False,False,False,False,True
Euarchontoglires,214,C_terminal_MTase_like,other,3,True,0.963855421686747,0.988095238095238,83,0,0,0,0,0,0,0,0,False,False,False,False,False
Euarchontoglires,215,C_terminal_MTase_like,other,3,True,0.9523809523809524,1.0,84,0,0,0,0,0,0,0,0,False,False,False,False,False
Euarchontoglires,216,C_terminal_MTase_like,other,3,True,1.0,1.0,84,0,0,0,0,0,0,0,3,False,False,False,False,True
Euarchontoglires,217,C_terminal_MTase_like,other,3,True,1.0,1.0,84,0,0,0,0,0,0,0,3,False,False,False,False,True
Euarchontoglires,218,C_terminal_MTase_like,other,3,True,1.0,1.0,84,0,0,0,0,0,0,0,0,False,False,False,False,False
Euarchontoglires,219,C_terminal_MTase_like,other,3,True,1.0,1.0,84,0,0,0,0,0,0,0,0,False,False,False,False,False
Euarchontoglires,220,C_terminal_MTase_like,other,3,True,1.0,1.0,84,0,0,0,0,0,0,0,3,False,False,False,False,True
Euarchontoglires,221,C_terminal_MTase_like,other,3,True,1.0,1.0,84,0,0,0,0,0,0,0,0,False,False,False,False,False
Euarchontoglires,222,C_terminal_MTase_like,other,3,True,1.0,1.0,84,0,0,0,0,0,0,0,0,False,False,False,False,False
Euarchontoglires,223,C_terminal_MTase_like,other,3,True,1.0,1.0,84,0,0,0,0,0,0,0,3,False,False,False,False,True
Euarchontoglires,224,C_terminal_MTase_like,other,3,True,1.0,1.0,84,0,0,0,0,0,0,0,0,False,False,False,False,False
Euarchontoglires,225,C_terminal_MTase_like,other,3,True,1.0,1.0,84,0,0,0,0,0,0,0,3,False,False,False,False,True
Euarchontoglires,226,C_terminal_MTase_like,other,3,True,1.0,1.0,84,0,0,0,0,0,0,0,3,False,False,False,False,True
Euarchontoglires,227,C_terminal_MTase_like,other,3,True,1.0,1.0,84,0,0,0,0,0,0,0,3,False,False,False,False,True
Euarchontoglires,228,C_terminal_MTase_like,other,3,True,1.0,1.0,84,0,0,0,0,0,0,0,0,False,False,False,False,False
Euarchontoglires,229,C_terminal_MTase_like,other,3,True,1.0,1.0,84,0,0,0,0,0,0,0,3,False,False,False,False,True
Euarchontoglires,230,C_terminal_MTase_like,other,3,True,1.0,1.0,84,0,0,0,0,0,0,0,0,False,False,False,False,False
Euarchontoglires,231,C_terminal_MTase_like,other,3,True,1.0,1.0,84,0,0,0,0,0,0,0,3,False,False,False,False,True
Euarchontoglires,232,C_terminal_MTase_like,other,3,True,1.0,1.0,84,0,0,0,0,0,0,0,0,False,False,False,False,False
Euarchontoglires,233,C_terminal_MTase_like,other,3,True,1.0,1.0,84,0,0,0,0,0,0,0,3,False,False,False,False,True
Euarchontoglires,234,C_terminal_MTase_like,other,3,True,1.0,1.0,84,0,0,0,0,0,0,0,0,False,False,False,False,False
Euarchontoglires,235,C_terminal_MTase_like,other,3,True,1.0,1.0,84,0,0,0,0,0,0,0,0,False,False,False,False,False
Euarchontoglires,236,C_terminal_MTase_like,other,3,True,1.0,1.0,84,0,0,0,0,0,0,0,3,False,False,False,False,True
Euarchontoglires,237,C_terminal_MTase_like,other,3,True,1.0,1.0,84,0,0,0,0,0,0,0,3,False,False,False,False,True
Euarchontoglires,238,C_terminal_MTase_like,other,3,True,1.0,1.0,84,0,0,0,0,0,0,0,3,False,False,False,False,True
Euarchontoglires,239,C_terminal_MTase_like,other,3,True,1.0,1.0,84,0,0,0,0,0,0,0,3,False,False,False,False,True
Euarchontoglires,240,C_terminal_MTase_like,other,3,True,1.0,1.0,84,0,0,0,0,0,0,0,3,False,False,False,False,True
Euarchontoglires,241,C_terminal_MTase_like,other,3,True,1.0,1.0,84,0,0,0,0,0,0,0,0,False,False,False,False,False
Euarchontoglires,242,C_terminal_MTase_like,other,3,True,1.0,1.0,84,0,0,0,0,0,0,0,3,False,False,False,False,True
Euarchontoglires,243,C_terminal_MTase_like,other,3,True,1.0,1.0,84,0,0,0,0,0,0,0,3,False,False,False,False,True
Euarchontoglires,244,C_terminal_MTase_like,other,3,True,1.0,1.0,84,0,0,0,0,0,0,0,3,False,False,False,False,True
Euarchontoglires,245,C_terminal_MTase_like,other,3,True,1.0,1.0,84,0,0,0,0,0,0,0,3,False,False,False,False,True
Euarchontoglires,246,C_terminal_MTase_like,other,3,True,1.0,1.0,84,0,0,0,0,0,0,0,3,False,False,False,False,True
Euarchontoglires,247,C_terminal_MTase_like,other,3,True,1.0,1.0,84,0,0,0,0,0,0,0,0,False,False,False,False,False
Euarchontoglires,248,C_terminal_MTase_like,other,3,True,1.0,1.0,84,0,0,0,0,0,0,0,0,False,False,False,False,False
Euarchontoglires,249,C_terminal_MTase_like,other,3,True,1.0,1.0,84,0,0,0,0,0,0,0,0,False,False,False,False,False
Euarchontoglires,250,C_terminal_MTase_like,other,3,True,1.0,0.9523809523809524,80,0,0,0,0,0,0,0,0,False,False,False,False,False
Euarchontoglires,251,C_terminal_MTase_like,other,3,True,1.0,0.9523809523809524,80,0,0,0,0,0,0,0,0,False,False,False,False,False
Euarchontoglires,252,C_terminal_MTase_like,other,3,True,0.963855421686747,0.988095238095238,83,0,0,0,0,0,0,0,0,False,False,False,False,False
Euarchontoglires,253,C_terminal_MTase_like,other,3,True,0.9642857142857144,1.0,84,0,0,0,0,0,0,0,0,False,False,False,False,False
Euarchontoglires,254,C_terminal_MTase_like,other,3,True,1.0,1.0,84,0,0,0,0,0,0,0,0,False,False,False,False,False
Euarchontoglires,255,C_terminal_MTase_like,other,3,True,1.0,1.0,84,0,0,0,0,0,0,0,3,False,False,False,False,True
Euarchontoglires,256,C_terminal_MTase_like,other,3,True,1.0,1.0,84,0,0,0,0,0,0,0,3,False,False,False,False,True
Euarchontoglires,257,C_terminal_MTase_like,other,3,True,1.0,1.0,84,0,0,0,0,0,0,0,1,False,False,False,False,False
Euarchontoglires,258,C_terminal_MTase_like,other,3,True,1.0,1.0,84,0,0,0,0,0,0,0,0,False,False,False,False,False
Euarchontoglires,259,C_terminal_MTase_like,other,3,True,1.0,1.0,84,0,0,0,0,0,0,0,0,False,False,False,False,False
Euarchontoglires,260,C_terminal_MTase_like,other,3,True,1.0,1.0,84,0,0,0,0,0,0,0,0,False,False,False,False,False
Euarchontoglires,261,C_terminal_MTase_like,other,3,True,1.0,1.0,84,0,0,0,0,0,0,0,0,False,False,False,False,False
Euarchontoglires,262,C_terminal_MTase_like,other,3,True,1.0,1.0,84,0,0,0,0,0,0,0,3,False,False,False,False,True
Euarchontoglires,263,C_terminal_MTase_like,other,3,True,1.0,1.0,84,0,0,0,0,0,0,0,3,False,False,False,False,True
Euarchontoglires,264,C_terminal_MTase_like,other,3,True,1.0,1.0,84,0,0,0,0,0,0,0,0,False,False,False,False,False
Euarchontoglires,265,C_terminal_MTase_like,other,3,True,1.0,1.0,84,0,0,0,0,0,0,0,3,False,False,False,False,True
Euarchontoglires,266,C_terminal_MTase_like,other,3,True,1.0,1.0,84,0,0,0,0,0,0,0,0,False,False,False,False,False
Euarchontoglires,267,C_terminal_MTase_like,other,3,True,1.0,1.0,84,0,0,0,0,0,0,0,0,False,False,False,False,False
Euarchontoglires,268,C_terminal_MTase_like,other,3,True,1.0,1.0,84,0,0,0,0,0,0,0,0,False,False,False,False,False
Euarchontoglires,269,C_terminal_MTase_like,other,3,True,1.0,1.0,84,0,0,0,0,0,0,0,3,False,False,False,False,True
Euarchontoglires,270,C_terminal_MTase_like,other,3,True,1.0,1.0,84,0,0,0,0,0,0,0,3,False,False,False,False,True
Euarchontoglires,271,C_terminal_MTase_like,other,3,True,1.0,1.0,84,0,0,0,0,0,0,0,3,False,False,False,False,True
Euarchontoglires,272,C_terminal_MTase_like,other,3,True,1.0,1.0,84,0,0,0,0,0,0,0,3,False,False,False,False,True
Euarchontoglires,273,C_terminal_MTase_like,other,3,True,1.0,1.0,84,0,0,0,0,0,0,0,0,False,False,False,False,False
Euarchontoglires,274,C_terminal_MTase_like,other,3,True,1.0,0.9404761904761904,79,0,0,0,0,0,0,0,0,False,False,False,False,False
Euarchontoglires,275,C_terminal_MTase_like,other,3,True,1.0,1.0,84,0,0,0,0,0,0,0,0,False,False,False,False,False
Euarchontoglires,276,C_terminal_MTase_like,other,3,True,1.0,1.0,84,0,0,0,0,0,0,0,0,False,False,False,False,False
Euarchontoglires,277,C_terminal_MTase_like,other,3,True,1.0,1.0,84,0,0,0,0,0,0,0,0,False,False,False,False,False
Euarchontoglires,278,C_terminal_MTase_like,other,3,True,1.0,0.988095238095238,83,0,0,0,0,0,0,0,0,False,False,False,False,False
Euarchontoglires,279,C_terminal_MTase_like,other,3,True,1.0,1.0,84,0,0,0,0,0,0,0,3,False,False,False,False,True
Euarchontoglires,280,C_terminal_MTase_like,other,3,True,1.0,1.0,84,0,0,0,0,0,0,0,3,False,False,False,False,True
Euarchontoglires,281,C_terminal_MTase_like,other,3,True,1.0,1.0,84,0,0,0,0,0,0,0,0,False,False,False,False,False
Euarchontoglires,282,C_terminal_MTase_like,other,3,True,1.0,1.0,84,0,0,0,0,0,0,0,0,False,False,False,False,False
Euarchontoglires,283,C_terminal_MTase_like,other,3,True,1.0,1.0,84,0,0,0,0,0,0,0,0,False,False,False,False,False
Euarchontoglires,284,C_terminal_MTase_like,other,3,True,1.0,1.0,84,0,0,0,0,0,0,0,3,False,False,False,False,True
Euarchontoglires,285,C_terminal_MTase_like,other,3,True,1.0,1.0,84,0,0,0,0,0,0,0,0,False,False,False,False,False
Euarchontoglires,286,C_terminal_MTase_like,other,3,True,1.0,1.0,84,0,0,0,0,0,0,0,3,False,False,False,False,True
Euarchontoglires,287,C_terminal_MTase_like,other,3,True,1.0,1.0,84,0,0,0,0,0,0,0,3,False,False,False,False,True
Euarchontoglires,288,C_terminal_MTase_like,other,3,True,1.0,1.0,84,0,0,0,0,0,0,0,3,False,False,False,False,True
Euarchontoglires,289,C_terminal_MTase_like,other,3,True,1.0,1.0,84,0,0,0,0,0,0,0,0,False,False,False,False,False
Euarchontoglires,290,C_terminal_MTase_like,other,3,True,1.0,1.0,84,0,0,0,0,0,0,0,0,False,False,False,False,False
Euarchontoglires,291,C_terminal_MTase_like,other,3,True,1.0,1.0,84,0,0,0,0,0,0,0,0,False,False,False,False,False
Euarchontoglires,292,C_terminal_MTase_like,other,3,True,1.0,1.0,84,0,0,0,0,0,0,0,0,False,False,False,False,False
Euarchontoglires,293,C_terminal_MTase_like,other,3,True,1.0,1.0,84,0,0,0,0,0,0,0,0,False,False,False,False,False
Euarchontoglires,294,C_terminal_MTase_like,other,3,True,1.0,1.0,84,0,0,0,0,0,0,0,0,False,False,False,False,False
Euarchontoglires,295,C_terminal_MTase_like,other,3,True,1.0,1.0,84,0,0,0,0,0,0,0,0,False,False,False,False,False
Euarchontoglires,296,C_terminal_MTase_like,other,3,True,1.0,1.0,84,0,0,0,0,0,0,0,0,False,False,False,False,False
Euarchontoglires,297,C_terminal_MTase_like,other,3,True,1.0,1.0,84,0,0,0,0,0,0,0,3,False,False,False,False,True
Euarchontoglires,298,C_terminal_MTase_like,other,3,True,1.0,1.0,84,0,0,0,0,0,0,0,3,False,False,False,False,True
Euarchontoglires,299,C_terminal_MTase_like,other,3,True,1.0,1.0,84,3,0,0,0,0,0,0,0,False,False,False,False,False
Euarchontoglires,300,C_terminal_MTase_like,other,3,True,1.0,1.0,84,0,0,0,0,0,0,0,3,False,False,False,False,True
Euarchontoglires,301,C_terminal_MTase_like,other,3,True,1.0,1.0,84,0,0,0,0,0,0,0,0,False,False,False,False,False
Euarchontoglires,302,C_terminal_MTase_like,other,3,True,1.0,1.0,84,0,0,0,0,0,0,0,0,False,False,False,False,False
Euarchontoglires,303,C_terminal_MTase_like,other,3,True,1.0,1.0,84,0,0,0,0,0,0,0,0,False,False,False,False,False
Euarchontoglires,304,C_terminal_MTase_like,other,3,True,0.988095238095238,1.0,84,0,0,0,0,0,0,0,0,False,False,False,False,False
Euarchontoglires,305,C_terminal_MTase_like,other,3,True,0.988095238095238,1.0,84,0,0,0,0,0,0,0,0,False,False,False,False,False
Euarchontoglires,306,C_terminal_MTase_like,other,3,True,1.0,1.0,84,0,0,0,0,0,0,0,3,False,False,False,False,True
Euarchontoglires,307,C_terminal_MTase_like,other,3,True,1.0,0.988095238095238,83,0,0,0,0,0,0,0,0,False,False,False,False,False
Euarchontoglires,308,C_terminal_MTase_like,other,3,True,1.0,0.988095238095238,83,0,0,0,0,0,0,0,0,False,False,False,False,False
Euarchontoglires,309,C_terminal_MTase_like,other,3,True,1.0,0.988095238095238,83,0,0,0,0,0,0,0,0,False,False,False,False,False
Euarchontoglires,310,C_terminal_MTase_like,other,3,True,1.0,0.988095238095238,83,0,0,0,0,0,0,0,0,False,False,False,False,False
Euarchontoglires,311,C_terminal_MTase_like,other,3,True,1.0,0.988095238095238,83,0,0,0,0,0,0,0,3,False,False,False,False,True
Euarchontoglires,312,C_terminal_MTase_like,other,3,True,1.0,0.988095238095238,83,0,0,0,0,0,0,0,0,False,False,False,False,False
Euarchontoglires,313,C_terminal_MTase_like,other,3,True,1.0,0.988095238095238,83,0,0,0,0,0,0,0,3,False,False,False,False,True
Euarchontoglires,314,C_terminal_MTase_like,other,3,True,1.0,0.988095238095238,83,0,0,0,0,0,0,0,0,False,False,False,False,False
Euarchontoglires,315,C_terminal_MTase_like,other,3,True,1.0,0.988095238095238,83,0,0,0,0,0,0,0,0,False,False,False,False,False
Euarchontoglires,316,C_terminal_MTase_like,other,3,True,1.0,0.988095238095238,83,0,0,0,0,0,0,0,0,False,False,False,False,False
Euarchontoglires,317,C_terminal_MTase_like,other,3,True,1.0,0.988095238095238,83,0,0,0,0,0,0,0,1,False,False,False,False,False
Euarchontoglires,318,C_terminal_MTase_like,other,3,True,1.0,0.988095238095238,83,0,0,0,0,0,0,0,0,False,False,False,False,False
Euarchontoglires,319,C_terminal_MTase_like,other,3,True,1.0,0.988095238095238,83,0,0,0,0,0,0,0,3,False,False,False,False,True
Euarchontoglires,320,C_terminal_MTase_like,other,3,True,1.0,0.988095238095238,83,0,0,0,0,0,0,0,3,False,False,False,False,True
Euarchontoglires,321,C_terminal_MTase_like,other,3,True,1.0,0.988095238095238,83,0,0,0,0,0,0,0,0,False,False,False,False,False
Euarchontoglires,322,C_terminal_MTase_like,other,3,True,1.0,0.988095238095238,83,0,0,0,0,0,0,0,3,False,False,False,False,True
Euarchontoglires,323,C_terminal_MTase_like,other,3,True,1.0,0.988095238095238,83,0,0,0,0,0,0,0,3,False,False,False,False,True
Euarchontoglires,324,C_terminal_MTase_like,other,3,True,1.0,0.988095238095238,83,0,0,0,0,0,0,0,0,False,False,False,False,False
Euarchontoglires,325,C_terminal_MTase_like,other,3,True,1.0,0.988095238095238,83,0,0,0,0,0,0,0,0,False,False,False,False,False
Euarchontoglires,326,C_terminal_MTase_like,other,3,True,1.0,0.988095238095238,83,0,0,0,0,0,0,0,2,False,False,False,False,True
Euarchontoglires,327,C_terminal_MTase_like,other,3,True,1.0,0.988095238095238,83,0,0,0,0,0,0,0,3,False,False,False,False,True
Euarchontoglires,328,C_terminal_MTase_like,other,3,True,1.0,0.988095238095238,83,0,0,0,0,0,0,0,3,False,False,False,False,True
Euarchontoglires,329,C_terminal_MTase_like,other,3,True,1.0,0.988095238095238,83,0,0,0,0,0,0,0,3,False,False,False,False,True
Euarchontoglires,330,C_terminal_MTase_like,other,3,True,1.0,0.988095238095238,83,0,0,0,0,0,0,0,0,False,False,False,False,False
Euarchontoglires,331,C_terminal_MTase_like,other,3,True,1.0,0.988095238095238,83,0,0,0,0,0,0,0,0,False,False,False,False,False
Euarchontoglires,332,C_terminal_MTase_like,other,1,False,1.0,0.2976190476190476,25,0,0,0,0,0,0,0,0,False,False,False,False,False
Euarchontoglires,333,C_terminal_MTase_like,other,2,False,1.0,0.3214285714285714,27,0,0,0,0,0,0,0,0,False,False,False,False,False
Euarchontoglires,334,C_terminal_MTase_like,other,3,True,1.0,0.9761904761904762,82,0,0,0,0,0,0,0,3,False,False,False,False,True
Euarchontoglires,335,C_terminal_MTase_like,other,3,True,1.0,0.9761904761904762,82,0,0,0,0,0,0,0,3,False,False,False,False,True
Euarchontoglires,336,C_terminal_MTase_like,other,3,True,1.0,0.9761904761904762,82,0,0,0,0,0,0,0,0,False,False,False,False,False
Euarchontoglires,337,C_terminal_MTase_like,other,3,True,1.0,0.9642857142857144,81,0,0,0,0,0,0,0,0,False,False,False,False,False
Euarchontoglires,338,C_terminal_MTase_like,other,3,True,1.0,0.9642857142857144,81,0,0,0,0,0,0,0,0,False,False,False,False,False
Euarchontoglires,339,C_terminal_MTase_like,other,3,True,1.0,0.9642857142857144,81,0,0,0,0,0,0,0,0,False,False,False,False,False
Euarchontoglires,340,C_terminal_MTase_like,other,3,True,1.0,0.9761904761904762,82,0,0,0,0,0,0,0,3,False,False,False,False,True
Euarchontoglires,341,C_terminal_MTase_like,switching_helix,3,True,1.0,0.9761904761904762,82,0,0,0,0,0,0,0,2,False,False,False,False,True
Euarchontoglires,342,C_terminal_MTase_like,switching_helix,3,True,1.0,0.9761904761904762,82,0,0,0,0,0,0,0,3,False,False,False,False,True
Euarchontoglires,343,C_terminal_MTase_like,switching_helix,3,True,1.0,0.9761904761904762,82,0,0,0,0,0,0,0,3,False,False,False,False,True
Euarchontoglires,344,C_terminal_MTase_like,switching_helix,3,True,1.0,0.9761904761904762,82,0,0,0,0,0,0,0,0,False,False,False,False,False
Euarchontoglires,345,C_terminal_MTase_like,switching_helix,3,True,1.0,0.9761904761904762,82,0,0,0,0,0,0,0,0,False,False,False,False,False
Euarchontoglires,346,C_terminal_MTase_like,switching_helix,3,True,1.0,0.9761904761904762,82,0,0,0,0,0,0,0,0,False,False,False,False,False
Euarchontoglires,347,C_terminal_MTase_like,switching_helix,3,True,1.0,0.9761904761904762,82,0,0,0,0,0,0,0,0,False,False,False,False,False
Euarchontoglires,348,C_terminal_MTase_like,switching_helix,3,True,1.0,0.9761904761904762,82,0,0,0,0,0,0,0,0,False,False,False,False,False
Euarchontoglires,349,C_terminal_MTase_like,switching_helix,3,True,1.0,0.9761904761904762,82,0,0,0,0,0,0,0,0,False,False,False,False,False
Euarchontoglires,350,C_terminal_MTase_like,switching_helix,3,True,0.9629629629629628,0.9642857142857144,81,0,0,0,0,0,0,0,0,False,False,False,False,False
Euarchontoglires,351,C_terminal_MTase_like,switching_helix,3,True,0.9629629629629628,0.9642857142857144,81,0,0,0,0,0,0,0,0,False,False,False,False,False
Euarchontoglires,352,C_terminal_MTase_like,switching_helix,3,True,1.0,0.9761904761904762,82,0,0,0,0,0,0,0,0,False,False,False,False,False
Euarchontoglires,353,C_terminal_MTase_like,switching_helix,3,True,0.951219512195122,0.9761904761904762,82,0,0,0,0,0,0,0,0,False,False,False,False,False
Euarchontoglires,354,C_terminal_MTase_like,switching_helix,3,True,0.95,0.9523809523809524,80,0,0,0,0,0,0,0,0,False,False,False,False,False
Euarchontoglires,355,C_terminal_MTase_like,switching_helix,3,True,0.9620253164556962,0.9404761904761904,79,0,0,0,0,0,0,0,0,False,False,False,False,False
Euarchontoglires,356,C_terminal_MTase_like,switching_helix_adjacent_loop,3,True,0.9620253164556962,0.9404761904761904,79,0,0,0,0,0,0,0,0,False,False,False,False,False
Euarchontoglires,357,C_terminal_MTase_like,switching_helix_adjacent_loop,3,True,0.9620253164556962,0.9404761904761904,79,0,0,0,0,0,0,0,0,False,False,False,False,False
Euarchontoglires,358,C_terminal_MTase_like,switching_helix_adjacent_loop,3,True,0.9620253164556962,0.9404761904761904,79,1,0,0,0,0,0,0,0,False,False,False,False,False
Euarchontoglires,359,C_terminal_MTase_like,switching_helix_adjacent_loop,3,True,1.0,0.9166666666666666,77,1,1,0,1,0,0,0,0,False,False,False,False,False
Euarchontoglires,360,C_terminal_MTase_like,switching_helix_adjacent_loop,3,True,0.975609756097561,0.9761904761904762,82,0,0,0,0,0,0,0,0,False,False,False,False,False
Euarchontoglires,361,C_terminal_MTase_like,other,3,True,1.0,0.9761904761904762,82,0,0,0,0,0,0,0,2,False,False,False,False,True
Euarchontoglires,362,C_terminal_MTase_like,other,3,True,1.0,0.9761904761904762,82,0,0,0,0,0,0,0,0,False,False,False,False,False
Euarchontoglires,363,C_terminal_MTase_like,other,3,True,1.0,0.9761904761904762,82,0,0,0,0,0,0,0,0,False,False,False,False,False
Euarchontoglires,364,C_terminal_MTase_like,other,3,True,1.0,0.9761904761904762,82,0,0,0,0,0,0,0,3,False,False,False,False,True
Euarchontoglires,365,C_terminal_MTase_like,other,3,True,1.0,0.9761904761904762,82,0,0,0,0,0,0,0,0,False,False,False,False,False
Euarchontoglires,366,C_terminal_MTase_like,other,3,True,1.0,0.9761904761904762,82,0,0,0,0,0,0,0,0,False,False,False,False,False
Euarchontoglires,367,C_terminal_MTase_like,other,3,True,1.0,0.9761904761904762,82,0,0,0,0,0,0,0,0,False,False,False,False,False
Euarchontoglires,368,C_terminal_MTase_like,other,3,True,1.0,0.9761904761904762,82,0,0,0,0,0,0,0,3,False,False,False,False,True
Euarchontoglires,369,C_terminal_MTase_like,other,3,True,1.0,0.9761904761904762,82,0,0,0,0,0,0,0,1,False,False,False,False,False
Euarchontoglires,370,C_terminal_MTase_like,other,3,True,1.0,0.9761904761904762,82,0,0,0,0,0,0,0,0,False,False,False,False,False
Euarchontoglires,371,C_terminal_MTase_like,other,3,True,1.0,0.9761904761904762,82,0,0,0,0,0,0,0,3,False,False,False,False,True
Euarchontoglires,372,C_terminal_MTase_like,other,3,True,1.0,0.9761904761904762,82,0,0,0,0,0,0,0,3,False,False,False,False,True
Euarchontoglires,373,C_terminal_MTase_like,other,3,True,1.0,0.9761904761904762,82,0,0,0,0,0,0,0,0,False,False,False,False,False
Euarchontoglires,374,C_terminal_MTase_like,other,3,True,1.0,0.9761904761904762,82,0,0,0,0,0,0,0,3,False,False,False,False,True
Euarchontoglires,375,C_terminal_MTase_like,other,3,True,1.0,0.9761904761904762,82,0,0,0,0,0,0,0,3,False,False,False,False,True
Euarchontoglires,376,C_terminal_MTase_like,other,3,True,1.0,0.9761904761904762,82,0,0,0,0,0,0,0,2,False,False,False,False,True
Euarchontoglires,377,C_terminal_MTase_like,other,3,True,1.0,0.9642857142857144,81,0,0,0,0,0,0,0,1,False,False,False,False,False
Euarchontoglires,378,C_terminal_MTase_like,other,3,True,1.0,0.9642857142857144,81,0,0,0,0,0,0,0,0,False,False,False,False,False
Euarchontoglires,379,C_terminal_MTase_like,other,3,True,1.0,0.9285714285714286,78,0,0,0,0,0,0,0,0,False,False,False,False,False
Euarchontoglires,380,C_terminal_MTase_like,other,3,True,1.0,0.9285714285714286,78,0,0,0,0,0,0,0,0,False,False,False,False,False
Euarchontoglires,381,C_terminal_tail,other,3,False,0.4375,0.9523809523809524,80,0,0,0,0,0,0,0,0,False,False,False,False,False
Euarchontoglires,382,C_terminal_tail,other,3,False,0.5,0.8333333333333334,70,0,0,0,0,0,0,0,0,False,False,False,False,False
Euarchontoglires,383,C_terminal_tail,other,2,False,1.0,0.4166666666666667,35,0,0,0,0,0,0,0,0,False,False,False,False,False
Euarchontoglires,384,C_terminal_tail,other,2,False,1.0,0.4166666666666667,35,0,0,0,0,0,0,0,0,False,False,False,False,False
Euarchontoglires,385,C_terminal_tail,other,2,False,1.0,0.4166666666666667,35,0,0,0,0,0,0,0,0,False,False,False,False,False
Euarchontoglires,386,C_terminal_tail,other,2,False,1.0,0.4166666666666667,35,0,0,0,0,0,0,0,0,False,False,False,False,False
Euarchontoglires,387,C_terminal_tail,other,2,False,0.9722222222222222,0.4285714285714285,36,0,0,0,0,0,0,0,0,False,False,False,False,False
Laurasiatheria,5,N_terminal,other,1,False,0.625,0.3361344537815126,40,0,0,0,0,0,1,1,0,False,False,False,False,False
Laurasiatheria,6,N_terminal,other,2,False,0.6966292134831461,0.7478991596638656,89,0,0,0,0,0,1,1,0,False,False,False,False,False
Laurasiatheria,7,N_terminal,other,2,False,0.9883720930232558,0.7226890756302521,86,1,2,0,1,0,0,0,0,False,False,False,False,False
Laurasiatheria,8,N_terminal,other,3,True,0.99,0.8403361344537815,100,0,0,0,0,0,0,0,0,False,False,False,False,False
Laurasiatheria,9,N_terminal,other,3,True,1.0,0.8487394957983193,101,0,0,0,0,0,0,0,3,False,False,False,False,True
Laurasiatheria,10,N_terminal,other,3,True,0.9801980198019802,0.8487394957983193,101,0,0,0,0,0,0,0,0,False,False,False,False,False
Laurasiatheria,11,N_terminal,other,3,True,0.9611650485436892,0.865546218487395,103,0,0,0,0,0,0,0,0,False,False,False,False,False
Laurasiatheria,12,N_terminal,other,3,True,1.0,0.8487394957983193,101,0,0,0,0,0,0,0,0,False,False,False,False,False
Laurasiatheria,13,N_terminal,other,3,True,1.0,0.8487394957983193,101,0,0,0,0,0,0,0,0,False,False,False,False,False
Laurasiatheria,14,N_terminal,other,3,True,1.0,0.865546218487395,103,0,0,0,0,0,0,0,0,False,False,False,False,False
Laurasiatheria,15,N_terminal,other,3,True,1.0,0.865546218487395,103,0,0,0,0,0,0,0,0,False,False,False,False,False
Laurasiatheria,16,N_terminal,other,3,True,1.0,0.8823529411764706,105,0,0,0,0,0,0,0,3,False,False,False,False,True
Laurasiatheria,17,N_terminal,other,3,True,1.0,0.8823529411764706,105,1,0,0,0,0,0,0,0,False,False,False,False,False
Laurasiatheria,18,N_terminal,other,3,True,1.0,0.8823529411764706,105,0,0,0,0,0,0,0,0,False,False,False,False,False
Laurasiatheria,19,N_terminal,other,3,True,1.0,0.8235294117647058,98,0,0,0,0,0,0,0,0,False,False,False,False,False
Laurasiatheria,20,N_terminal,other,3,True,1.0,0.8235294117647058,98,0,0,0,0,0,1,1,0,False,False,False,False,False
Laurasiatheria,21,N_terminal,other,3,True,1.0,0.8823529411764706,105,0,0,0,0,0,0,0,0,False,False,False,False,False
Laurasiatheria,22,N_terminal,other,3,True,1.0,0.8823529411764706,105,0,0,0,0,0,0,0,0,False,False,False,False,False
Laurasiatheria,23,N_terminal,other,3,True,1.0,0.8823529411764706,105,0,0,0,0,0,0,0,3,False,False,False,False,True
Laurasiatheria,24,N_terminal,other,3,True,1.0,0.8739495798319328,104,0,0,0,0,0,0,0,0,False,False,False,False,False
Laurasiatheria,25,N_terminal,other,3,True,1.0,0.8487394957983193,101,0,0,0,0,0,0,0,0,False,False,False,False,False
Laurasiatheria,26,N_terminal,other,3,True,1.0,0.865546218487395,103,0,0,0,0,0,0,0,3,False,False,False,False,True
Laurasiatheria,27,N_terminal,other,3,True,0.9803921568627452,0.8571428571428571,102,0,0,0,0,0,0,0,3,False,False,False,False,True
Laurasiatheria,28,N_terminal,other,3,True,0.9805825242718448,0.865546218487395,103,0,0,0,0,0,0,0,3,False,False,False,False,True
Laurasiatheria,29,N_terminal,other,3,True,0.970873786407767,0.865546218487395,103,0,0,0,0,0,0,0,3,False,False,False,False,True
Laurasiatheria,30,N_terminal,other,3,True,0.970873786407767,0.865546218487395,103,0,0,0,0,0,0,0,0,False,False,False,False,False
Laurasiatheria,31,N_terminal,other,3,True,0.970873786407767,0.865546218487395,103,0,0,0,0,0,0,0,3,False,False,False,False,True
Laurasiatheria,32,N_terminal,other,3,True,0.9901960784313726,0.8571428571428571,102,0,0,0,0,0,0,0,0,False,False,False,False,False
Laurasiatheria,33,N_terminal,other,3,True,0.970873786407767,0.865546218487395,103,0,0,0,0,0,0,0,0,False,False,False,False,False
Laurasiatheria,34,N_terminal,other,3,True,0.970873786407767,0.865546218487395,103,0,0,0,0,0,0,0,0,False,False,False,False,False
Laurasiatheria,35,N_terminal,other,3,True,1.0,0.865546218487395,103,0,0,0,0,0,0,0,0,False,False,False,False,False
Laurasiatheria,36,N_terminal,other,3,True,1.0,0.8403361344537815,100,0,0,0,0,0,0,0,0,False,False,False,False,False
Laurasiatheria,37,N_terminal,other,3,True,1.0,0.8487394957983193,101,0,0,0,0,0,0,0,0,False,False,False,False,False
Laurasiatheria,38,N_terminal,other,3,True,1.0,0.8319327731092437,99,0,0,0,0,0,1,0,0,False,False,False,False,False
Laurasiatheria,39,N_terminal,other,3,True,1.0,0.8487394957983193,101,0,0,0,0,0,0,0,3,False,False,False,False,True
Laurasiatheria,40,N_terminal,other,3,True,1.0,0.8487394957983193,101,0,0,0,0,0,0,0,0,False,False,False,False,False
Laurasiatheria,41,ADD,other,3,True,1.0,0.8487394957983193,101,0,0,0,0,0,0,0,0,False,False,False,False,False
Laurasiatheria,42,ADD,other,3,True,1.0,0.8487394957983193,101,0,0,0,0,0,0,0,0,False,False,False,False,False
Laurasiatheria,43,ADD,other,3,True,1.0,0.8487394957983193,101,0,0,0,0,0,0,0,0,False,False,False,False,False
Laurasiatheria,44,ADD,other,3,True,1.0,0.8487394957983193,101,0,0,0,0,0,0,0,3,False,False,False,False,True
Laurasiatheria,45,ADD,other,3,True,1.0,0.8487394957983193,101,0,0,0,0,0,0,0,0,False,False,False,False,False
Laurasiatheria,46,ADD,other,3,True,1.0,0.8487394957983193,101,0,0,0,0,0,0,0,0,False,False,False,False,False
Laurasiatheria,47,ADD,other,3,True,1.0,0.8487394957983193,101,0,0,0,0,0,0,0,1,False,False,False,False,False
Laurasiatheria,48,ADD,other,3,True,1.0,0.8487394957983193,101,0,0,0,0,0,1,1,0,False,False,False,False,False
Laurasiatheria,49,ADD,other,3,True,1.0,0.8487394957983193,101,0,0,0,0,0,0,0,0,False,False,False,False,False
Laurasiatheria,50,ADD,other,3,True,0.9901960784313726,0.8571428571428571,102,0,0,0,0,0,2,2,0,False,False,True,True,False
Laurasiatheria,51,ADD,other,3,True,1.0,0.865546218487395,103,0,0,0,0,0,0,0,3,False,False,False,False,True
Laurasiatheria,52,ADD,other,3,True,1.0,0.907563025210084,108,3,3,3,3,3,2,0,0,True,True,True,False,False
Laurasiatheria,53,ADD,other,3,True,1.0,0.907563025210084,108,0,0,0,0,0,0,0,3,False,False,False,False,True
Laurasiatheria,54,ADD,other,3,True,1.0,0.907563025210084,108,0,0,0,0,0,0,0,0,False,False,False,False,False
Laurasiatheria,55,ADD,other,3,True,1.0,0.907563025210084,108,0,0,0,0,0,2,2,0,False,False,True,True,False
Laurasiatheria,56,ADD,other,3,True,1.0,0.907563025210084,108,0,0,0,0,0,0,0,3,False,False,False,False,True
Laurasiatheria,57,ADD,other,3,True,1.0,0.907563025210084,108,0,0,0,0,0,0,0,3,False,False,False,False,True
Laurasiatheria,58,ADD,other,3,True,1.0,0.907563025210084,108,0,0,0,0,0,0,0,3,False,False,False,False,True
Laurasiatheria,59,ADD,other,3,True,1.0,0.907563025210084,108,0,0,0,0,0,0,0,0,False,False,False,False,False
Laurasiatheria,60,ADD,other,3,True,1.0,0.907563025210084,108,0,0,0,0,0,0,0,0,False,False,False,False,False
Laurasiatheria,61,ADD,other,3,True,1.0,0.907563025210084,108,0,0,0,0,0,0,0,0,False,False,False,False,False
Laurasiatheria,62,ADD,other,3,True,1.0,0.907563025210084,108,0,0,0,0,0,0,0,1,False,False,False,False,False
Laurasiatheria,63,ADD,other,3,True,1.0,0.907563025210084,108,0,0,0,0,0,0,0,3,False,False,False,False,True
Laurasiatheria,64,ADD,other,3,True,1.0,0.907563025210084,108,0,0,0,0,0,2,1,0,False,False,True,False,False
Laurasiatheria,65,ADD,other,3,True,1.0,0.907563025210084,108,0,0,0,0,0,2,0,0,False,False,True,False,False
Laurasiatheria,66,ADD,other,3,True,1.0,0.907563025210084,108,0,0,0,0,0,1,1,3,False,False,False,False,True
Laurasiatheria,67,ADD,other,3,True,1.0,0.907563025210084,108,0,0,0,0,0,0,0,1,False,False,False,False,False
Laurasiatheria,68,ADD,other,3,True,1.0,0.907563025210084,108,0,0,0,0,0,0,0,3,False,False,False,False,True
Laurasiatheria,69,ADD,other,3,True,1.0,0.907563025210084,108,0,0,0,0,0,0,0,3,False,False,False,False,True
Laurasiatheria,70,ADD,other,3,True,0.9908256880733946,0.9159663865546218,109,0,0,0,0,0,1,0,3,False,False,False,False,True
Laurasiatheria,71,ADD,other,3,True,1.0,0.907563025210084,108,0,0,0,0,0,0,0,3,False,False,False,False,True
Laurasiatheria,72,ADD,other,3,True,0.9914529914529916,0.9831932773109244,117,0,0,0,0,0,0,0,1,False,False,False,False,False
Laurasiatheria,73,ADD,other,3,True,1.0,0.9831932773109244,117,0,0,0,0,0,0,0,3,False,False,False,False,True
Laurasiatheria,74,ADD,other,3,True,0.9914529914529916,0.9831932773109244,117,0,0,0,0,0,0,0,0,False,False,False,False,False
Laurasiatheria,75,ADD,other,3,True,1.0,0.9831932773109244,117,0,0,0,0,0,0,0,3,False,False,False,False,True
Laurasiatheria,76,ADD,other,3,True,0.9914529914529916,0.9831932773109244,117,0,0,0,0,0,1,1,0,False,False,False,False,False
Laurasiatheria,77,ADD,other,2,False,0.9838709677419356,0.5210084033613446,62,0,0,0,0,0,0,0,0,False,False,False,False,False
Laurasiatheria,78,ADD,other,3,True,1.0,1.0,119,0,0,0,0,0,0,0,0,False,False,False,False,False
Laurasiatheria,79,ADD,other,3,True,1.0,1.0,119,0,0,0,0,0,0,0,0,False,False,False,False,False
Laurasiatheria,80,ADD,other,3,True,1.0,1.0,119,0,0,0,0,0,0,0,0,False,False,False,False,False
Laurasiatheria,81,ADD,other,3,True,1.0,1.0,119,0,0,0,0,0,0,0,0,False,False,False,False,False
Laurasiatheria,82,ADD,other,3,True,1.0,1.0,119,0,0,0,0,0,0,0,0,False,False,False,False,False
Laurasiatheria,83,ADD,other,3,True,1.0,1.0,119,0,0,0,0,0,0,0,0,False,False,False,False,False
Laurasiatheria,84,ADD,other,3,True,1.0,1.0,119,0,0,0,0,0,0,0,0,False,False,False,False,False
Laurasiatheria,85,ADD,other,3,True,1.0,1.0,119,0,0,0,0,0,0,0,0,False,False,False,False,False
Laurasiatheria,86,ADD,other,3,True,1.0,1.0,119,0,0,0,0,0,0,0,0,False,False,False,False,False
Laurasiatheria,87,ADD,other,3,True,1.0,1.0,119,0,0,0,0,0,0,0,3,False,False,False,False,True
Laurasiatheria,88,ADD,other,3,True,1.0,1.0,119,0,0,0,0,0,0,0,3,False,False,False,False,True
Laurasiatheria,89,ADD,other,3,True,1.0,1.0,119,0,0,0,0,0,0,0,3,False,False,False,False,True
Laurasiatheria,90,ADD,other,3,True,1.0,1.0,119,0,0,0,0,0,0,0,3,False,False,False,False,True
Laurasiatheria,91,ADD,other,3,True,1.0,1.0,119,0,0,0,0,0,0,0,0,False,False,False,False,False
Laurasiatheria,92,ADD,other,3,True,1.0,1.0,119,0,0,0,0,0,0,0,0,False,False,False,False,False
Laurasiatheria,93,ADD,other,3,True,1.0,1.0,119,0,0,0,0,0,0,0,0,False,False,False,False,False
Laurasiatheria,94,ADD,other,3,True,1.0,1.0,119,0,0,0,0,0,0,0,3,False,False,False,False,True
Laurasiatheria,95,ADD,other,3,True,1.0,1.0,119,0,0,0,0,0,0,0,0,False,False,False,False,False
Laurasiatheria,96,ADD,other,3,True,1.0,1.0,119,0,0,0,0,0,0,0,3,False,False,False,False,True
Laurasiatheria,97,ADD,other,3,True,1.0,1.0,119,0,0,0,0,0,0,0,3,False,False,False,False,True
Laurasiatheria,98,ADD,other,3,True,1.0,1.0,119,0,0,0,0,0,0,0,1,False,False,False,False,False
Laurasiatheria,99,ADD,other,3,True,1.0,1.0,119,0,0,0,0,0,0,0,0,False,False,False,False,False
Laurasiatheria,100,ADD,other,3,True,1.0,1.0,119,0,0,0,0,0,0,0,3,False,False,False,False,True
Laurasiatheria,101,ADD,other,3,True,1.0,1.0,119,0,0,0,0,0,0,0,3,False,False,False,False,True
Laurasiatheria,102,ADD,other,3,True,1.0,1.0,119,0,0,0,0,0,0,0,3,False,False,False,False,True
Laurasiatheria,103,ADD,other,3,True,1.0,1.0,119,0,0,0,0,0,0,0,0,False,False,False,False,False
Laurasiatheria,104,ADD,other,3,True,1.0,1.0,119,0,0,0,0,0,0,0,3,False,False,False,False,True
Laurasiatheria,105,ADD,other,3,True,1.0,1.0,119,0,0,0,0,0,0,0,3,False,False,False,False,True
Laurasiatheria,106,ADD,other,3,True,1.0,1.0,119,0,0,0,0,0,0,0,3,False,False,False,False,True
Laurasiatheria,107,ADD,other,3,True,1.0,1.0,119,0,0,0,0,0,0,0,0,False,False,False,False,False
Laurasiatheria,108,ADD,other,3,True,1.0,0.9915966386554622,118,0,0,0,0,0,0,0,3,False,False,False,False,True
Laurasiatheria,109,ADD,other,3,True,1.0,0.9915966386554622,118,0,0,0,0,0,0,0,3,False,False,False,False,True
Laurasiatheria,110,ADD,other,3,True,1.0,0.9915966386554622,118,0,0,0,0,0,0,0,0,False,False,False,False,False
Laurasiatheria,111,ADD,other,3,True,1.0,0.9915966386554622,118,0,0,0,0,0,0,0,3,False,False,False,False,True
Laurasiatheria,112,ADD,other,3,True,1.0,0.9915966386554622,118,0,0,0,0,0,0,0,0,False,False,False,False,False
Laurasiatheria,113,ADD,other,3,True,1.0,0.9915966386554622,118,0,0,0,0,0,0,0,3,False,False,False,False,True
Laurasiatheria,114,ADD,other,3,True,1.0,1.0,119,0,0,0,0,0,0,0,3,False,False,False,False,True
Laurasiatheria,115,ADD,other,3,True,1.0,0.9915966386554622,118,0,0,0,0,0,0,0,3,False,False,False,False,True
Laurasiatheria,116,ADD,other,3,True,1.0,0.9915966386554622,118,0,0,0,0,0,0,0,0,False,False,False,False,False
Laurasiatheria,117,ADD,other,3,True,1.0,0.9915966386554622,118,0,0,0,0,0,0,0,0,False,False,False,False,False
Laurasiatheria,118,ADD,other,3,True,1.0,0.9915966386554622,118,0,0,0,0,0,0,0,3,False,False,False,False,True
Laurasiatheria,119,ADD,other,3,True,1.0,0.9915966386554622,118,0,0,0,0,0,0,0,3,False,False,False,False,True
Laurasiatheria,120,ADD,other,3,True,1.0,0.9915966386554622,118,0,0,0,0,0,0,0,0,False,False,False,False,False
Laurasiatheria,121,ADD,other,3,True,1.0,0.9915966386554622,118,0,0,0,0,0,0,0,3,False,False,False,False,True
Laurasiatheria,122,ADD,other,3,True,1.0,0.9915966386554622,118,0,0,0,0,0,0,0,0,False,False,False,False,False
Laurasiatheria,123,ADD,other,3,True,1.0,0.9915966386554622,118,0,0,0,0,0,0,0,3,False,False,False,False,True
Laurasiatheria,124,ADD,other,3,True,1.0,0.9915966386554622,118,0,0,0,0,0,0,0,3,False,False,False,False,True
Laurasiatheria,125,ADD,other,3,True,1.0,0.9915966386554622,118,0,0,0,0,0,0,0,0,False,False,False,False,False
Laurasiatheria,126,ADD,other,3,True,1.0,0.9915966386554622,118,0,0,0,0,0,0,0,3,False,False,False,False,True
Laurasiatheria,127,ADD,other,3,True,1.0,0.9915966386554622,118,0,0,0,0,0,0,0,0,False,False,False,False,False
Laurasiatheria,128,ADD,other,3,True,1.0,0.9915966386554622,118,0,0,0,0,0,0,0,3,False,False,False,False,True
Laurasiatheria,129,ADD,other,3,True,1.0,0.9915966386554622,118,0,0,0,0,0,2,1,1,False,False,True,False,False
Laurasiatheria,130,ADD,other,3,True,1.0,0.9915966386554622,118,0,0,0,0,0,0,0,3,False,False,False,False,True
Laurasiatheria,131,ADD,other,3,True,1.0,0.9915966386554622,118,0,0,0,0,0,0,0,0,False,False,False,False,False
Laurasiatheria,132,ADD,other,3,True,1.0,0.9915966386554622,118,0,0,0,0,0,0,0,0,False,False,False,False,False
Laurasiatheria,133,ADD,other,3,True,1.0,0.9915966386554622,118,0,0,0,0,0,0,0,0,False,False,False,False,False
Laurasiatheria,134,ADD,other,3,True,1.0,0.9915966386554622,118,0,0,0,0,0,0,0,3,False,False,False,False,True
Laurasiatheria,135,ADD,other,3,True,1.0,0.9915966386554622,118,0,0,0,0,0,0,0,3,False,False,False,False,True
Laurasiatheria,136,ADD,other,3,True,1.0,0.9915966386554622,118,0,0,0,0,0,0,0,0,False,False,False,False,False
Laurasiatheria,137,ADD,other,3,True,1.0,0.9915966386554622,118,0,0,0,0,0,0,0,0,False,False,False,False,False
Laurasiatheria,138,ADD,other,3,True,1.0,0.9915966386554622,118,0,0,0,0,0,0,0,3,False,False,False,False,True
Laurasiatheria,139,ADD,other,3,True,1.0,0.9915966386554622,118,0,0,0,0,0,0,0,0,False,False,False,False,False
Laurasiatheria,140,ADD,other,3,True,1.0,0.9915966386554622,118,0,0,0,0,0,0,0,0,False,False,False,False,False
Laurasiatheria,141,ADD,other,3,True,1.0,0.9915966386554622,118,0,0,0,0,0,0,0,0,False,False,False,False,False
Laurasiatheria,142,ADD,other,3,True,1.0,0.9915966386554622,118,0,0,0,0,0,0,0,0,False,False,False,False,False
Laurasiatheria,143,ADD,other,3,True,1.0,0.9915966386554622,118,0,0,0,0,0,0,0,2,False,False,False,False,True
Laurasiatheria,144,ADD,other,3,True,1.0,0.9915966386554622,118,0,0,0,0,0,0,0,3,False,False,False,False,True
Laurasiatheria,145,ADD,other,3,True,1.0,0.9915966386554622,118,0,0,0,0,0,0,0,3,False,False,False,False,True
Laurasiatheria,146,ADD,other,3,True,1.0,0.9915966386554622,118,0,0,0,0,0,0,0,0,False,False,False,False,False
Laurasiatheria,147,ADD,other,3,True,1.0,0.9915966386554622,118,0,0,0,0,0,0,0,0,False,False,False,False,False
Laurasiatheria,148,ADD,other,3,True,1.0,0.9915966386554622,118,0,0,0,0,0,0,0,0,False,False,False,False,False
Laurasiatheria,149,ADD,other,3,True,1.0,0.9915966386554622,118,0,0,0,0,0,0,0,0,False,False,False,False,False
Laurasiatheria,150,ADD,other,3,True,1.0,0.9915966386554622,118,0,0,0,0,0,0,0,0,False,False,False,False,False
Laurasiatheria,151,ADD,other,3,True,1.0,0.9915966386554622,118,0,0,0,0,0,0,0,3,False,False,False,False,True
Laurasiatheria,152,ADD,other,3,True,1.0,0.9915966386554622,118,0,0,0,0,0,0,0,3,False,False,False,False,True
Laurasiatheria,153,ADD,other,3,True,1.0,0.9915966386554622,118,0,0,0,0,0,0,0,0,False,False,False,False,False
Laurasiatheria,154,ADD,other,3,True,1.0,0.9915966386554622,118,0,0,0,0,0,0,0,3,False,False,False,False,True
Laurasiatheria,155,ADD,other,3,True,1.0,0.9915966386554622,118,0,0,0,0,0,0,0,0,False,False,False,False,False
Laurasiatheria,156,ADD,other,3,True,1.0,0.9915966386554622,118,0,0,0,0,0,0,0,3,False,False,False,False,True
Laurasiatheria,157,ADD,other,3,True,1.0,0.9915966386554622,118,0,0,0,0,0,0,0,3,False,False,False,False,True
Laurasiatheria,158,ADD,other,3,True,1.0,0.9915966386554622,118,0,0,0,0,0,0,0,0,False,False,False,False,False
Laurasiatheria,159,ADD,other,3,True,1.0,0.9915966386554622,118,0,0,0,0,0,1,0,0,False,False,False,False,False
Laurasiatheria,160,ADD,other,3,True,1.0,0.9915966386554622,118,0,0,0,0,0,0,0,0,False,False,False,False,False
Laurasiatheria,161,ADD,other,3,True,1.0,0.9915966386554622,118,0,0,0,0,0,0,0,3,False,False,False,False,True
Laurasiatheria,162,ADD,other,3,True,1.0,0.9915966386554622,118,0,0,0,0,0,0,0,1,False,False,False,False,False
Laurasiatheria,163,ADD,other,3,True,1.0,0.9915966386554622,118,0,0,0,0,0,0,0,0,False,False,False,False,False
Laurasiatheria,164,ADD,other,3,True,1.0,0.9915966386554622,118,0,0,0,0,0,0,0,0,False,False,False,False,False
Laurasiatheria,165,ADD,other,3,True,1.0,0.9915966386554622,118,0,0,0,0,0,0,0,0,False,False,False,False,False
Laurasiatheria,166,ADD,other,3,True,1.0,0.9915966386554622,118,0,0,0,0,0,0,0,0,False,False,False,False,False
Laurasiatheria,167,ADD,other,3,True,1.0,0.9915966386554622,118,0,0,0,0,0,0,0,0,False,False,False,False,False
Laurasiatheria,168,ADD,other,3,True,1.0,0.9915966386554622,118,0,0,0,0,0,0,0,3,False,False,False,False,True
Laurasiatheria,169,ADD,other,3,True,1.0,0.9915966386554622,118,0,0,0,0,0,0,0,2,False,False,False,False,True
Laurasiatheria,170,ADD,other,3,True,0.9915966386554622,1.0,119,0,0,0,0,0,0,0,0,False,False,False,False,False
Laurasiatheria,171,ADD,other,3,True,1.0,1.0,119,0,0,0,0,0,0,0,0,False,False,False,False,False
Laurasiatheria,172,ADD,other,3,True,0.9915966386554622,1.0,119,0,0,0,0,0,2,1,0,False,False,True,False,False
Laurasiatheria,173,ADD,other,3,True,1.0,0.9495798319327732,113,0,0,0,0,0,0,0,0,False,False,False,False,False
Laurasiatheria,174,linker,other,3,True,0.957983193277311,1.0,119,0,0,0,0,0,0,0,0,False,False,False,False,False
Laurasiatheria,175,linker,other,3,True,1.0,0.957983193277311,114,0,0,0,0,0,0,0,2,False,False,False,False,True
Laurasiatheria,176,linker,other,3,True,1.0,1.0,119,0,0,0,0,0,0,0,1,False,False,False,False,False
Laurasiatheria,177,linker,other,3,True,1.0,1.0,119,0,0,0,0,0,0,0,0,False,False,False,False,False
Laurasiatheria,178,C_terminal_MTase_like,other,3,True,1.0,1.0,119,0,0,0,0,0,0,0,3,False,False,False,False,True
Laurasiatheria,179,C_terminal_MTase_like,other,3,True,1.0,1.0,119,0,0,0,0,0,0,0,3,False,False,False,False,True
Laurasiatheria,180,C_terminal_MTase_like,other,3,True,1.0,1.0,119,0,0,0,0,0,0,0,0,False,False,False,False,False
Laurasiatheria,181,C_terminal_MTase_like,other,3,True,1.0,1.0,119,0,0,0,0,0,0,0,3,False,False,False,False,True
Laurasiatheria,182,C_terminal_MTase_like,other,3,True,1.0,1.0,119,0,0,0,0,0,0,0,0,False,False,False,False,False
Laurasiatheria,183,C_terminal_MTase_like,other,3,True,1.0,1.0,119,0,0,0,0,0,0,0,3,False,False,False,False,True
Laurasiatheria,184,C_terminal_MTase_like,other,3,True,1.0,1.0,119,0,0,0,0,0,0,0,0,False,False,False,False,False
Laurasiatheria,185,C_terminal_MTase_like,other,3,True,1.0,1.0,119,0,0,0,0,0,0,0,0,False,False,False,False,False
Laurasiatheria,186,C_terminal_MTase_like,other,3,True,1.0,1.0,119,0,0,0,0,0,0,0,2,False,False,False,False,True
Laurasiatheria,187,C_terminal_MTase_like,other,3,True,1.0,1.0,119,0,0,0,0,0,0,0,3,False,False,False,False,True
Laurasiatheria,188,C_terminal_MTase_like,other,3,True,1.0,1.0,119,0,0,0,0,0,0,0,0,False,False,False,False,False
Laurasiatheria,189,C_terminal_MTase_like,other,3,True,1.0,1.0,119,0,0,0,0,0,0,0,3,False,False,False,False,True
Laurasiatheria,190,C_terminal_MTase_like,other,3,True,1.0,1.0,119,0,0,0,0,0,0,0,0,False,False,False,False,False
Laurasiatheria,191,C_terminal_MTase_like,other,3,True,1.0,1.0,119,0,0,0,0,0,0,0,3,False,False,False,False,True
Laurasiatheria,192,C_terminal_MTase_like,other,3,True,1.0,1.0,119,0,0,0,0,0,0,0,3,False,False,False,False,True
Laurasiatheria,193,C_terminal_MTase_like,other,3,True,1.0,1.0,119,0,0,0,0,0,0,0,0,False,False,False,False,False
Laurasiatheria,194,C_terminal_MTase_like,other,3,True,1.0,1.0,119,0,0,0,0,0,0,0,0,False,False,False,False,False
Laurasiatheria,195,C_terminal_MTase_like,other,3,True,1.0,1.0,119,0,0,0,0,0,0,0,3,False,False,False,False,True
Laurasiatheria,196,C_terminal_MTase_like,other,3,True,1.0,1.0,119,0,0,0,0,0,0,0,3,False,False,False,False,True
Laurasiatheria,197,C_terminal_MTase_like,other,3,True,1.0,1.0,119,0,0,0,0,0,0,0,3,False,False,False,False,True
Laurasiatheria,198,C_terminal_MTase_like,other,3,True,1.0,1.0,119,0,0,0,0,0,0,0,0,False,False,False,False,False
Laurasiatheria,199,C_terminal_MTase_like,other,3,True,1.0,1.0,119,0,0,0,0,0,0,0,3,False,False,False,False,True
Laurasiatheria,200,C_terminal_MTase_like,other,3,True,1.0,1.0,119,0,0,0,0,0,0,0,0,False,False,False,False,False
Laurasiatheria,201,C_terminal_MTase_like,other,3,True,1.0,1.0,119,0,0,0,0,0,0,0,0,False,False,False,False,False
Laurasiatheria,202,C_terminal_MTase_like,other,3,True,1.0,1.0,119,0,0,0,0,0,0,0,3,False,False,False,False,True
Laurasiatheria,203,C_terminal_MTase_like,other,3,True,1.0,1.0,119,0,0,0,0,0,0,0,3,False,False,False,False,True
Laurasiatheria,204,C_terminal_MTase_like,other,3,True,1.0,1.0,119,0,0,0,0,0,0,0,0,False,False,False,False,False
Laurasiatheria,205,C_terminal_MTase_like,other,3,True,1.0,1.0,119,0,0,0,0,0,0,0,3,False,False,False,False,True
Laurasiatheria,206,C_terminal_MTase_like,other,3,True,1.0,1.0,119,0,0,0,0,0,0,0,3,False,False,False,False,True
Laurasiatheria,207,C_terminal_MTase_like,other,3,True,1.0,1.0,119,0,0,0,0,0,0,0,0,False,False,False,False,False
Laurasiatheria,208,C_terminal_MTase_like,other,3,True,1.0,1.0,119,0,0,0,0,0,0,0,3,False,False,False,False,True
Laurasiatheria,209,C_terminal_MTase_like,other,3,True,1.0,1.0,119,0,0,0,0,0,0,0,3,False,False,False,False,True
Laurasiatheria,210,C_terminal_MTase_like,other,3,True,0.9830508474576272,0.9915966386554622,118,0,0,0,0,0,0,0,0,False,False,False,False,False
Laurasiatheria,211,C_terminal_MTase_like,other,3,True,1.0,0.9747899159663864,116,0,0,0,0,0,0,0,0,False,False,False,False,False
Laurasiatheria,212,C_terminal_MTase_like,other,3,True,1.0,1.0,119,0,0,0,0,0,0,0,0,False,False,False,False,False
Laurasiatheria,213,C_terminal_MTase_like,other,3,True,1.0,1.0,119,0,0,0,0,0,0,0,0,False,False,False,False,False
Laurasiatheria,214,C_terminal_MTase_like,other,3,True,1.0,1.0,119,0,0,0,0,0,0,0,0,False,False,False,False,False
Laurasiatheria,215,C_terminal_MTase_like,other,3,True,1.0,1.0,119,0,0,0,0,0,0,0,3,False,False,False,False,True
Laurasiatheria,216,C_terminal_MTase_like,other,3,True,1.0,1.0,119,0,0,0,0,0,0,0,0,False,False,False,False,False
Laurasiatheria,217,C_terminal_MTase_like,other,3,True,1.0,1.0,119,0,0,0,0,0,0,0,0,False,False,False,False,False
Laurasiatheria,218,C_terminal_MTase_like,other,3,True,1.0,1.0,119,0,0,0,0,0,0,0,0,False,False,False,False,False
Laurasiatheria,219,C_terminal_MTase_like,other,3,True,1.0,1.0,119,0,0,0,0,0,0,0,3,False,False,False,False,True
Laurasiatheria,220,C_terminal_MTase_like,other,3,True,1.0,1.0,119,0,0,0,0,0,0,0,3,False,False,False,False,True
Laurasiatheria,221,C_terminal_MTase_like,other,3,True,1.0,1.0,119,0,0,0,0,0,0,0,3,False,False,False,False,True
Laurasiatheria,222,C_terminal_MTase_like,other,3,True,1.0,1.0,119,0,0,0,0,0,0,0,3,False,False,False,False,True
Laurasiatheria,223,C_terminal_MTase_like,other,3,True,1.0,1.0,119,0,0,0,0,0,0,0,3,False,False,False,False,True
Laurasiatheria,224,C_terminal_MTase_like,other,3,True,1.0,1.0,119,0,0,0,0,0,0,0,0,False,False,False,False,False
Laurasiatheria,225,C_terminal_MTase_like,other,3,True,1.0,1.0,119,0,0,0,0,0,0,0,3,False,False,False,False,True
Laurasiatheria,226,C_terminal_MTase_like,other,3,True,1.0,1.0,119,0,0,0,0,0,0,0,1,False,False,False,False,False
Laurasiatheria,227,C_terminal_MTase_like,other,3,True,1.0,1.0,119,0,0,0,0,0,0,0,3,False,False,False,False,True
Laurasiatheria,228,C_terminal_MTase_like,other,3,True,1.0,1.0,119,0,0,0,0,0,0,0,0,False,False,False,False,False
Laurasiatheria,229,C_terminal_MTase_like,other,3,True,1.0,1.0,119,0,0,0,0,0,0,0,3,False,False,False,False,True
Laurasiatheria,230,C_terminal_MTase_like,other,3,True,1.0,1.0,119,0,0,0,0,0,0,0,0,False,False,False,False,False
Laurasiatheria,231,C_terminal_MTase_like,other,3,True,1.0,1.0,119,0,0,0,0,0,0,0,3,False,False,False,False,True
Laurasiatheria,232,C_terminal_MTase_like,other,3,True,1.0,1.0,119,0,0,0,0,0,0,0,0,False,False,False,False,False
Laurasiatheria,233,C_terminal_MTase_like,other,3,True,1.0,1.0,119,0,0,0,0,0,0,0,0,False,False,False,False,False
Laurasiatheria,234,C_terminal_MTase_like,other,3,True,1.0,1.0,119,0,0,0,0,0,0,0,0,False,False,False,False,False
Laurasiatheria,235,C_terminal_MTase_like,other,3,True,1.0,1.0,119,0,0,0,0,0,0,0,0,False,False,False,False,False
Laurasiatheria,236,C_terminal_MTase_like,other,3,True,1.0,1.0,119,0,0,0,0,0,0,0,0,False,False,False,False,False
Laurasiatheria,237,C_terminal_MTase_like,other,3,True,1.0,1.0,119,0,0,0,0,0,0,0,3,False,False,False,False,True
Laurasiatheria,238,C_terminal_MTase_like,other,3,True,1.0,1.0,119,0,0,0,0,0,0,0,3,False,False,False,False,True
Laurasiatheria,239,C_terminal_MTase_like,other,3,True,1.0,1.0,119,0,0,0,0,0,0,0,0,False,False,False,False,False
Laurasiatheria,240,C_terminal_MTase_like,other,3,True,1.0,1.0,119,0,0,0,0,0,0,0,3,False,False,False,False,True
Laurasiatheria,241,C_terminal_MTase_like,other,3,True,1.0,1.0,119,0,0,0,0,0,0,0,0,False,False,False,False,False
Laurasiatheria,242,C_terminal_MTase_like,other,3,True,1.0,1.0,119,0,0,0,0,0,0,0,3,False,False,False,False,True
Laurasiatheria,243,C_terminal_MTase_like,other,3,True,1.0,1.0,119,0,0,0,0,0,0,0,3,False,False,False,False,True
Laurasiatheria,244,C_terminal_MTase_like,other,3,True,1.0,1.0,119,0,0,0,0,0,0,0,3,False,False,False,False,True
Laurasiatheria,245,C_terminal_MTase_like,other,3,True,1.0,1.0,119,0,0,0,0,0,0,0,3,False,False,False,False,True
Laurasiatheria,246,C_terminal_MTase_like,other,3,True,1.0,1.0,119,0,0,0,0,0,0,0,3,False,False,False,False,True
Laurasiatheria,247,C_terminal_MTase_like,other,3,True,1.0,1.0,119,0,0,0,0,0,0,0,0,False,False,False,False,False
Laurasiatheria,248,C_terminal_MTase_like,other,3,True,1.0,1.0,119,0,0,0,0,0,0,0,0,False,False,False,False,False
Laurasiatheria,249,C_terminal_MTase_like,other,3,True,1.0,1.0,119,0,0,0,0,0,2,0,0,False,False,True,False,False
Laurasiatheria,250,C_terminal_MTase_like,other,3,True,1.0,1.0,119,0,0,0,0,0,0,0,3,False,False,False,False,True
Laurasiatheria,251,C_terminal_MTase_like,other,3,True,1.0,1.0,119,0,0,0,0,0,0,0,0,False,False,False,False,False
Laurasiatheria,252,C_terminal_MTase_like,other,3,True,1.0,1.0,119,0,0,0,0,0,0,0,3,False,False,False,False,True
Laurasiatheria,253,C_terminal_MTase_like,other,3,True,1.0,1.0,119,0,0,0,0,0,0,0,0,False,False,False,False,False
Laurasiatheria,254,C_terminal_MTase_like,other,3,True,1.0,1.0,119,0,0,0,0,0,0,0,3,False,False,False,False,True
Laurasiatheria,255,C_terminal_MTase_like,other,3,True,1.0,1.0,119,0,0,0,0,0,0,0,3,False,False,False,False,True
Laurasiatheria,256,C_terminal_MTase_like,other,3,True,1.0,1.0,119,0,0,0,0,0,0,0,3,False,False,False,False,True
Laurasiatheria,257,C_terminal_MTase_like,other,3,True,0.9915966386554622,1.0,119,0,0,0,0,0,0,0,0,False,False,False,False,False
Laurasiatheria,258,C_terminal_MTase_like,other,3,True,1.0,1.0,119,0,0,0,0,0,0,0,0,False,False,False,False,False
Laurasiatheria,259,C_terminal_MTase_like,other,3,True,1.0,1.0,119,0,0,0,0,0,0,0,0,False,False,False,False,False
Laurasiatheria,260,C_terminal_MTase_like,other,3,True,1.0,1.0,119,0,0,0,0,0,0,0,0,False,False,False,False,False
Laurasiatheria,261,C_terminal_MTase_like,other,3,True,1.0,1.0,119,0,0,0,0,0,0,0,0,False,False,False,False,False
Laurasiatheria,262,C_terminal_MTase_like,other,3,True,1.0,0.9915966386554622,118,0,0,0,0,0,0,0,0,False,False,False,False,False
Laurasiatheria,263,C_terminal_MTase_like,other,3,True,1.0,1.0,119,0,0,0,0,0,0,0,0,False,False,False,False,False
Laurasiatheria,264,C_terminal_MTase_like,other,3,True,1.0,1.0,119,0,0,0,0,0,0,0,0,False,False,False,False,False
Laurasiatheria,265,C_terminal_MTase_like,other,3,True,1.0,1.0,119,0,0,0,0,0,0,0,3,False,False,False,False,True
Laurasiatheria,266,C_terminal_MTase_like,other,3,True,1.0,1.0,119,0,0,0,0,0,0,0,0,False,False,False,False,False
Laurasiatheria,267,C_terminal_MTase_like,other,3,True,1.0,1.0,119,0,0,0,0,0,0,0,0,False,False,False,False,False
Laurasiatheria,268,C_terminal_MTase_like,other,3,True,1.0,1.0,119,0,0,0,0,0,0,0,3,False,False,False,False,True
Laurasiatheria,269,C_terminal_MTase_like,other,3,True,1.0,1.0,119,0,0,0,0,0,0,0,3,False,False,False,False,True
Laurasiatheria,270,C_terminal_MTase_like,other,3,True,1.0,1.0,119,0,0,0,0,0,0,0,3,False,False,False,False,True
Laurasiatheria,271,C_terminal_MTase_like,other,3,True,1.0,0.9831932773109244,117,0,0,0,0,0,0,0,3,False,False,False,False,True
Laurasiatheria,272,C_terminal_MTase_like,other,3,True,1.0,0.9831932773109244,117,0,0,0,0,0,0,0,3,False,False,False,False,True
Laurasiatheria,273,C_terminal_MTase_like,other,3,True,1.0,0.9831932773109244,117,0,0,0,0,0,0,0,0,False,False,False,False,False
Laurasiatheria,274,C_terminal_MTase_like,other,3,True,1.0,0.9831932773109244,117,0,0,0,0,0,0,0,0,False,False,False,False,False
Laurasiatheria,275,C_terminal_MTase_like,other,3,True,1.0,1.0,119,0,0,0,0,0,0,0,0,False,False,False,False,False
Laurasiatheria,276,C_terminal_MTase_like,other,3,True,1.0,1.0,119,0,0,0,0,0,0,0,0,False,False,False,False,False
Laurasiatheria,277,C_terminal_MTase_like,other,3,True,1.0,0.9915966386554622,118,0,0,0,0,0,0,0,0,False,False,False,False,False
Laurasiatheria,278,C_terminal_MTase_like,other,3,True,1.0,0.9915966386554622,118,0,0,0,0,0,0,0,0,False,False,False,False,False
Laurasiatheria,279,C_terminal_MTase_like,other,3,True,1.0,1.0,119,0,0,0,0,0,0,0,0,False,False,False,False,False
Laurasiatheria,280,C_terminal_MTase_like,other,3,True,1.0,1.0,119,0,0,0,0,0,0,0,0,False,False,False,False,False
Laurasiatheria,281,C_terminal_MTase_like,other,3,True,1.0,1.0,119,0,0,0,0,0,0,0,0,False,False,False,False,False
Laurasiatheria,282,C_terminal_MTase_like,other,3,True,1.0,1.0,119,0,0,0,0,0,0,0,0,False,False,False,False,False
Laurasiatheria,283,C_terminal_MTase_like,other,3,True,1.0,1.0,119,0,0,0,0,0,0,0,0,False,False,False,False,False
Laurasiatheria,284,C_terminal_MTase_like,other,3,True,1.0,1.0,119,0,0,0,0,0,0,0,3,False,False,False,False,True
Laurasiatheria,285,C_terminal_MTase_like,other,3,True,1.0,1.0,119,0,0,0,0,0,0,0,0,False,False,False,False,False
Laurasiatheria,286,C_terminal_MTase_like,other,3,True,1.0,1.0,119,0,0,0,0,0,0,0,0,False,False,False,False,False
Laurasiatheria,287,C_terminal_MTase_like,other,3,True,1.0,1.0,119,0,0,0,0,0,0,0,0,False,False,False,False,False
Laurasiatheria,288,C_terminal_MTase_like,other,3,True,1.0,1.0,119,0,0,0,0,0,0,0,3,False,False,False,False,True
Laurasiatheria,289,C_terminal_MTase_like,other,3,True,1.0,1.0,119,3,3,0,3,0,0,0,0,True,False,False,False,False
Laurasiatheria,290,C_terminal_MTase_like,other,3,True,1.0,1.0,119,0,0,0,0,0,0,0,0,False,False,False,False,False
Laurasiatheria,291,C_terminal_MTase_like,other,3,True,1.0,1.0,119,0,0,0,0,0,0,0,0,False,False,False,False,False
Laurasiatheria,292,C_terminal_MTase_like,other,3,True,1.0,1.0,119,0,0,0,0,0,0,0,0,False,False,False,False,False
Laurasiatheria,293,C_terminal_MTase_like,other,3,True,1.0,1.0,119,0,0,0,0,0,0,0,3,False,False,False,False,True
Laurasiatheria,294,C_terminal_MTase_like,other,3,True,1.0,1.0,119,0,0,0,0,0,0,0,0,False,False,False,False,False
Laurasiatheria,295,C_terminal_MTase_like,other,3,True,1.0,1.0,119,0,0,0,0,0,0,0,0,False,False,False,False,False
Laurasiatheria,296,C_terminal_MTase_like,other,3,True,1.0,1.0,119,0,0,0,0,0,0,0,0,False,False,False,False,False
Laurasiatheria,297,C_terminal_MTase_like,other,3,True,1.0,1.0,119,0,0,0,0,0,0,0,1,False,False,False,False,False
Laurasiatheria,298,C_terminal_MTase_like,other,3,True,1.0,1.0,119,0,0,0,0,0,0,0,0,False,False,False,False,False
Laurasiatheria,299,C_terminal_MTase_like,other,3,True,1.0,1.0,119,0,0,0,0,0,0,0,3,False,False,False,False,True
Laurasiatheria,300,C_terminal_MTase_like,other,3,True,1.0,1.0,119,0,0,0,0,0,0,0,3,False,False,False,False,True
Laurasiatheria,301,C_terminal_MTase_like,other,3,True,1.0,1.0,119,0,0,0,0,0,0,0,0,False,False,False,False,False
Laurasiatheria,302,C_terminal_MTase_like,other,3,True,1.0,1.0,119,0,0,0,0,0,0,0,0,False,False,False,False,False
Laurasiatheria,303,C_terminal_MTase_like,other,3,True,1.0,1.0,119,0,0,0,0,0,0,0,0,False,False,False,False,False
Laurasiatheria,304,C_terminal_MTase_like,other,3,True,1.0,0.9495798319327732,113,0,0,0,0,0,0,0,0,False,False,False,False,False
Laurasiatheria,305,C_terminal_MTase_like,other,3,True,1.0,0.9663865546218487,115,0,0,0,0,0,0,0,0,False,False,False,False,False
Laurasiatheria,306,C_terminal_MTase_like,other,3,True,1.0,0.9663865546218487,115,0,0,0,0,0,0,0,3,False,False,False,False,True
Laurasiatheria,307,C_terminal_MTase_like,other,3,True,1.0,0.9663865546218487,115,0,0,0,0,0,0,0,0,False,False,False,False,False
Laurasiatheria,308,C_terminal_MTase_like,other,3,True,1.0,0.9663865546218487,115,0,0,0,0,0,0,0,0,False,False,False,False,False
Laurasiatheria,309,C_terminal_MTase_like,other,3,True,1.0,0.9663865546218487,115,0,0,0,0,0,0,0,0,False,False,False,False,False
Laurasiatheria,310,C_terminal_MTase_like,other,3,True,0.9913793103448276,0.9747899159663864,116,0,0,0,0,0,0,0,0,False,False,False,False,False
Laurasiatheria,311,C_terminal_MTase_like,other,3,True,0.991150442477876,0.9495798319327732,113,0,0,0,0,0,0,0,2,False,False,False,False,True
Laurasiatheria,312,C_terminal_MTase_like,other,3,True,0.991150442477876,0.9495798319327732,113,0,0,0,0,0,0,0,0,False,False,False,False,False
Laurasiatheria,313,C_terminal_MTase_like,other,3,True,0.991150442477876,0.9495798319327732,113,0,0,0,0,0,0,0,3,False,False,False,False,True
Laurasiatheria,314,C_terminal_MTase_like,other,3,True,0.991150442477876,0.9495798319327732,113,0,0,0,0,0,0,0,0,False,False,False,False,False
Laurasiatheria,315,C_terminal_MTase_like,other,3,True,1.0,0.9327731092436976,111,0,0,0,0,0,0,0,3,False,False,False,False,True
Laurasiatheria,316,C_terminal_MTase_like,other,3,True,1.0,0.9327731092436976,111,0,0,0,0,0,0,0,0,False,False,False,False,False
Laurasiatheria,317,C_terminal_MTase_like,other,3,True,1.0,0.9327731092436976,111,0,0,0,0,0,0,0,0,False,False,False,False,False
Laurasiatheria,318,C_terminal_MTase_like,other,3,True,1.0,0.9327731092436976,111,0,0,0,0,0,0,0,0,False,False,False,False,False
Laurasiatheria,319,C_terminal_MTase_like,other,3,True,0.9910714285714286,0.9411764705882352,112,0,0,0,0,0,0,0,3,False,False,False,False,True
Laurasiatheria,320,C_terminal_MTase_like,other,3,True,1.0,0.9663865546218487,115,0,0,0,0,0,0,0,3,False,False,False,False,True
Laurasiatheria,321,C_terminal_MTase_like,other,3,True,1.0,0.9663865546218487,115,0,0,0,0,0,0,0,1,False,False,False,False,False
Laurasiatheria,322,C_terminal_MTase_like,other,3,True,1.0,0.9663865546218487,115,0,0,0,0,0,0,0,3,False,False,False,False,True
Laurasiatheria,323,C_terminal_MTase_like,other,3,True,0.982608695652174,0.9663865546218487,115,0,0,0,0,0,0,0,3,False,False,False,False,True
Laurasiatheria,324,C_terminal_MTase_like,other,3,True,0.991304347826087,0.9663865546218487,115,0,0,0,0,0,0,0,0,False,False,False,False,False
Laurasiatheria,325,C_terminal_MTase_like,other,3,True,0.9741379310344828,0.9747899159663864,116,0,0,0,0,0,2,1,0,False,False,True,False,False
Laurasiatheria,326,C_terminal_MTase_like,other,3,True,0.9741379310344828,0.9747899159663864,116,0,0,0,0,0,0,0,3,False,False,False,False,True
Laurasiatheria,327,C_terminal_MTase_like,other,3,True,0.9912280701754386,0.957983193277311,114,0,0,0,0,0,0,0,0,False,False,False,False,False
Laurasiatheria,328,C_terminal_MTase_like,other,3,True,1.0,0.957983193277311,114,0,0,0,0,0,0,0,3,False,False,False,False,True
Laurasiatheria,329,C_terminal_MTase_like,other,3,True,0.9912280701754386,0.957983193277311,114,0,0,0,0,0,0,0,3,False,False,False,False,True
Laurasiatheria,330,C_terminal_MTase_like,other,3,True,0.9910714285714286,0.9411764705882352,112,0,0,0,0,0,2,2,0,False,False,True,True,False
Laurasiatheria,331,C_terminal_MTase_like,other,3,True,1.0,0.9495798319327732,113,0,0,0,0,0,0,0,1,False,False,False,False,False
Laurasiatheria,332,C_terminal_MTase_like,other,1,False,1.0,0.0084033613445378,1,0,0,0,0,0,0,0,0,False,False,False,False,False
Laurasiatheria,333,C_terminal_MTase_like,other,2,False,0.3333333333333333,0.0756302521008403,9,0,0,0,0,0,1,1,1,False,False,False,False,False
Laurasiatheria,334,C_terminal_MTase_like,other,3,True,0.9734513274336284,0.9495798319327732,113,0,0,0,0,0,1,1,3,False,False,False,False,True
Laurasiatheria,335,C_terminal_MTase_like,other,3,True,1.0,0.9243697478991596,110,0,0,0,0,0,0,0,3,False,False,False,False,True
Laurasiatheria,336,C_terminal_MTase_like,other,3,True,0.990990990990991,0.9327731092436976,111,0,0,0,0,0,0,0,2,False,False,False,False,True
Laurasiatheria,337,C_terminal_MTase_like,other,3,True,1.0,0.9243697478991596,110,0,0,0,0,0,0,0,0,False,False,False,False,False
Laurasiatheria,338,C_terminal_MTase_like,other,3,True,1.0,0.9243697478991596,110,0,0,0,0,0,0,0,0,False,False,False,False,False
Laurasiatheria,339,C_terminal_MTase_like,other,3,True,1.0,0.9243697478991596,110,0,0,0,0,0,0,0,0,False,False,False,False,False
Laurasiatheria,340,C_terminal_MTase_like,other,3,True,1.0,0.9243697478991596,110,0,0,0,0,0,0,0,0,False,False,False,False,False
Laurasiatheria,341,C_terminal_MTase_like,switching_helix,3,True,1.0,0.9243697478991596,110,0,0,0,0,0,0,0,0,False,False,False,False,False
Laurasiatheria,342,C_terminal_MTase_like,switching_helix,3,True,1.0,0.9243697478991596,110,0,0,0,0,0,1,1,0,False,False,False,False,False
Laurasiatheria,343,C_terminal_MTase_like,switching_helix,3,True,1.0,0.9243697478991596,110,0,0,0,0,0,0,0,0,False,False,False,False,False
Laurasiatheria,344,C_terminal_MTase_like,switching_helix,3,True,1.0,0.9243697478991596,110,0,0,0,0,0,0,0,0,False,False,False,False,False
Laurasiatheria,345,C_terminal_MTase_like,switching_helix,3,True,1.0,0.9243697478991596,110,0,0,0,0,0,0,0,0,False,False,False,False,False
Laurasiatheria,346,C_terminal_MTase_like,switching_helix,3,True,1.0,0.9243697478991596,110,0,0,0,0,0,0,0,0,False,False,False,False,False
Laurasiatheria,347,C_terminal_MTase_like,switching_helix,3,True,0.990990990990991,0.9327731092436976,111,0,0,0,0,0,0,0,0,False,False,False,False,False
Laurasiatheria,348,C_terminal_MTase_like,switching_helix,3,True,0.9821428571428572,0.9411764705882352,112,0,0,0,0,0,0,0,3,False,False,False,False,True
Laurasiatheria,349,C_terminal_MTase_like,switching_helix,3,True,0.9732142857142856,0.9411764705882352,112,0,0,0,0,0,0,0,0,False,False,False,False,False
Laurasiatheria,350,C_terminal_MTase_like,switching_helix,3,True,0.9821428571428572,0.9411764705882352,112,0,0,0,0,0,0,0,0,False,False,False,False,False
Laurasiatheria,351,C_terminal_MTase_like,switching_helix,3,True,0.981981981981982,0.9327731092436976,111,0,0,0,0,0,0,0,1,False,False,False,False,False
Laurasiatheria,352,C_terminal_MTase_like,switching_helix,3,True,0.981981981981982,0.9327731092436976,111,0,0,0,0,0,0,0,0,False,False,False,False,False
Laurasiatheria,353,C_terminal_MTase_like,switching_helix,3,True,0.9732142857142856,0.9411764705882352,112,0,0,0,0,0,0,0,1,False,False,False,False,False
Laurasiatheria,354,C_terminal_MTase_like,switching_helix,3,True,0.9734513274336284,0.9495798319327732,113,0,0,0,0,0,0,0,0,False,False,False,False,False
Laurasiatheria,355,C_terminal_MTase_like,switching_helix,3,True,0.9732142857142856,0.9411764705882352,112,0,0,0,0,0,0,0,0,False,False,False,False,False
Laurasiatheria,356,C_terminal_MTase_like,switching_helix_adjacent_loop,3,True,0.9821428571428572,0.9411764705882352,112,0,0,0,0,0,1,0,0,False,False,False,False,False
Laurasiatheria,357,C_terminal_MTase_like,switching_helix_adjacent_loop,3,True,1.0,0.9327731092436976,111,0,0,0,0,0,0,0,2,False,False,False,False,True
Laurasiatheria,358,C_terminal_MTase_like,switching_helix_adjacent_loop,3,True,0.990909090909091,0.9243697478991596,110,2,2,0,2,0,0,0,0,True,False,False,False,False
Laurasiatheria,359,C_terminal_MTase_like,switching_helix_adjacent_loop,3,True,0.990909090909091,0.9243697478991596,110,0,0,0,0,0,0,0,3,False,False,False,False,True
Laurasiatheria,360,C_terminal_MTase_like,switching_helix_adjacent_loop,3,True,1.0,0.9243697478991596,110,0,0,0,0,0,0,0,1,False,False,False,False,False
Laurasiatheria,361,C_terminal_MTase_like,other,3,True,0.990909090909091,0.9243697478991596,110,0,0,0,0,0,0,0,3,False,False,False,False,True
Laurasiatheria,362,C_terminal_MTase_like,other,3,True,0.990909090909091,0.9243697478991596,110,0,0,0,0,0,0,0,0,False,False,False,False,False
Laurasiatheria,363,C_terminal_MTase_like,other,3,True,0.981981981981982,0.9327731092436976,111,0,0,0,0,0,0,0,0,False,False,False,False,False
Laurasiatheria,364,C_terminal_MTase_like,other,3,True,0.990990990990991,0.9327731092436976,111,0,0,0,0,0,1,1,0,False,False,False,False,False
Laurasiatheria,365,C_terminal_MTase_like,other,3,True,0.990990990990991,0.9327731092436976,111,0,0,0,0,0,0,0,2,False,False,False,False,True
Laurasiatheria,366,C_terminal_MTase_like,other,3,True,1.0,0.9243697478991596,110,0,0,0,0,0,0,0,3,False,False,False,False,True
Laurasiatheria,367,C_terminal_MTase_like,other,3,True,1.0,0.9243697478991596,110,0,0,0,0,0,0,0,1,False,False,False,False,False
Laurasiatheria,368,C_terminal_MTase_like,other,3,True,1.0,0.9243697478991596,110,0,0,0,0,0,0,0,2,False,False,False,False,True
Laurasiatheria,369,C_terminal_MTase_like,other,3,True,1.0,0.9243697478991596,110,0,0,0,0,0,0,0,3,False,False,False,False,True
Laurasiatheria,370,C_terminal_MTase_like,other,3,True,1.0,0.9243697478991596,110,0,0,0,0,0,0,0,2,False,False,False,False,True
Laurasiatheria,371,C_terminal_MTase_like,other,3,True,1.0,0.9243697478991596,110,0,0,0,0,0,0,0,3,False,False,False,False,True
Laurasiatheria,372,C_terminal_MTase_like,other,3,True,1.0,0.9243697478991596,110,0,0,0,0,0,0,0,1,False,False,False,False,False
Laurasiatheria,373,C_terminal_MTase_like,other,3,True,1.0,0.9243697478991596,110,0,0,0,0,0,0,0,1,False,False,False,False,False
Laurasiatheria,374,C_terminal_MTase_like,other,3,True,1.0,0.9243697478991596,110,0,0,0,0,0,1,0,0,False,False,False,False,False
Laurasiatheria,375,C_terminal_MTase_like,other,3,True,1.0,0.9243697478991596,110,0,0,0,0,0,1,1,0,False,False,False,False,False
Laurasiatheria,376,C_terminal_MTase_like,other,3,True,1.0,0.9243697478991596,110,0,0,0,0,0,0,0,1,False,False,False,False,False
Laurasiatheria,377,C_terminal_MTase_like,other,3,True,1.0,0.9243697478991596,110,0,0,0,0,0,0,0,1,False,False,False,False,False
Laurasiatheria,378,C_terminal_MTase_like,other,3,True,1.0,0.9159663865546218,109,1,0,0,0,0,1,1,0,False,False,False,False,False
Laurasiatheria,379,C_terminal_MTase_like,other,3,True,1.0,0.8487394957983193,101,0,0,0,0,0,0,0,0,False,False,False,False,False
Laurasiatheria,380,C_terminal_MTase_like,other,3,True,0.961904761904762,0.8823529411764706,105,0,0,0,0,0,2,2,0,False,False,True,True,False
Laurasiatheria,381,C_terminal_tail,other,3,True,0.99,0.8403361344537815,100,0,0,0,0,0,2,1,0,False,False,True,False,False
Laurasiatheria,382,C_terminal_tail,other,3,True,1.0,0.8319327731092437,99,0,0,0,0,0,2,1,0,False,False,True,False,False
Laurasiatheria,383,C_terminal_tail,other,3,True,1.0,0.8319327731092437,99,0,0,0,0,0,2,2,0,False,False,True,True,False
Laurasiatheria,384,C_terminal_tail,other,3,True,1.0,0.8487394957983193,101,0,0,0,0,0,0,0,0,False,False,False,False,False
Laurasiatheria,385,C_terminal_tail,other,3,True,0.9805825242718448,0.865546218487395,103,0,0,0,0,0,2,2,0,False,False,True,True,False
Laurasiatheria,386,C_terminal_tail,other,3,True,0.9902912621359224,0.865546218487395,103,0,0,0,0,0,0,0,0,False,False,False,False,False
Laurasiatheria,387,C_terminal_tail,other,3,True,0.9615384615384616,0.8739495798319328,104,0,0,0,0,0,0,0,0,False,False,False,False,False
Placentalia,1,N_terminal,other,2,False,0.7746478873239436,0.6666666666666666,142,0,0,0,0,0,0,0,2,False,False,False,False,False
Placentalia,2,N_terminal,other,2,False,0.7943262411347518,0.6619718309859155,141,0,0,0,0,0,2,2,2,False,False,False,False,False
Placentalia,6,N_terminal,other,2,False,0.9523809523809524,0.0985915492957746,21,0,0,0,0,0,0,0,0,False,False,False,False,False
Placentalia,7,N_terminal,other,2,False,0.9006622516556292,0.7089201877934272,151,0,0,0,0,0,1,1,0,False,False,False,False,False
Placentalia,8,N_terminal,other,3,False,0.8716577540106952,0.8779342723004695,187,0,0,0,0,0,0,0,0,False,False,False,False,False
Placentalia,9,N_terminal,other,3,False,0.8602150537634409,0.8732394366197183,186,0,0,0,0,0,0,0,0,False,False,False,False,False
Placentalia,10,N_terminal,other,3,False,0.851063829787234,0.8826291079812206,188,0,0,0,0,0,0,0,3,False,False,False,False,False
Placentalia,11,N_terminal,other,2,False,0.9813664596273292,0.755868544600939,161,0,0,0,0,0,0,0,2,False,False,False,False,False
Placentalia,12,N_terminal,other,3,True,0.9941520467836256,0.8028169014084507,171,0,0,0,0,0,0,0,3,False,False,False,False,True
Placentalia,13,N_terminal,other,3,True,0.9947643979057592,0.8967136150234741,191,0,0,0,0,0,0,0,0,False,False,False,False,False
Placentalia,14,N_terminal,other,3,True,0.9895287958115184,0.8967136150234741,191,0,0,0,0,0,0,0,3,False,False,False,False,True
Placentalia,15,N_terminal,other,3,True,0.9896373056994818,0.9061032863849764,193,0,0,0,0,0,0,0,0,False,False,False,False,False
Placentalia,16,N_terminal,other,3,True,1.0,0.9154929577464788,195,0,0,0,0,0,0,0,3,False,False,False,False,True
Placentalia,17,N_terminal,other,3,True,1.0,0.9154929577464788,195,0,0,0,0,0,0,0,0,False,False,False,False,False
Placentalia,18,N_terminal,other,3,True,1.0,0.9154929577464788,195,0,0,0,0,0,0,0,0,False,False,False,False,False
Placentalia,19,N_terminal,other,3,True,1.0,0.9154929577464788,195,0,0,0,0,0,0,0,0,False,False,False,False,False
Placentalia,20,N_terminal,other,3,True,1.0,0.8873239436619719,189,0,0,0,0,0,1,1,0,False,False,False,False,False
Placentalia,21,N_terminal,other,3,True,0.9947089947089948,0.8873239436619719,189,0,0,0,0,0,0,0,0,False,False,False,False,False
Placentalia,22,N_terminal,other,3,True,0.9948979591836736,0.92018779342723,196,0,0,0,0,0,0,0,0,False,False,False,False,False
Placentalia,23,N_terminal,other,3,True,1.0,0.8967136150234741,191,0,0,0,0,0,0,0,3,False,False,False,False,True
Placentalia,24,N_terminal,other,3,True,1.0,0.8779342723004695,187,0,0,0,0,0,0,0,0,False,False,False,False,False
Placentalia,25,N_terminal,other,3,True,0.9946808510638298,0.8826291079812206,188,0,0,0,0,0,0,0,0,False,False,False,False,False
Placentalia,26,N_terminal,other,3,True,1.0,0.8779342723004695,187,0,0,0,0,0,0,0,3,False,False,False,False,True
Placentalia,27,N_terminal,other,3,True,0.9891304347826086,0.863849765258216,184,0,0,0,0,0,0,0,3,False,False,False,False,True
Placentalia,28,N_terminal,other,3,True,0.9894179894179894,0.8873239436619719,189,0,0,0,0,0,0,0,3,False,False,False,False,True
Placentalia,29,N_terminal,other,3,True,0.9893617021276596,0.8826291079812206,188,0,0,0,0,0,0,0,3,False,False,False,False,True
Placentalia,30,N_terminal,other,3,True,0.9947368421052633,0.892018779342723,190,0,0,0,0,0,0,0,3,False,False,False,False,True
Placentalia,31,N_terminal,other,3,True,0.9738219895287958,0.8967136150234741,191,0,0,0,0,0,0,0,3,False,False,False,False,True
Placentalia,32,N_terminal,other,3,True,0.9947089947089948,0.8873239436619719,189,0,0,0,0,0,0,0,0,False,False,False,False,False
Placentalia,33,N_terminal,other,3,True,0.9846153846153848,0.9154929577464788,195,0,0,0,0,0,0,0,0,False,False,False,False,False
Placentalia,34,N_terminal,other,3,True,0.9794871794871794,0.9154929577464788,195,0,0,0,0,0,0,0,0,False,False,False,False,False
Placentalia,35,N_terminal,other,3,True,0.9897435897435898,0.9154929577464788,195,0,0,0,0,0,1,1,1,False,False,False,False,False
Placentalia,36,N_terminal,other,3,True,0.9896373056994818,0.9061032863849764,193,0,0,0,0,0,0,0,0,False,False,False,False,False
Placentalia,37,N_terminal,other,3,True,0.9845360824742267,0.9107981220657276,194,0,0,0,0,0,0,0,2,False,False,False,False,True
Placentalia,38,N_terminal,other,3,True,1.0,0.8967136150234741,191,0,0,0,0,0,0,0,3,False,False,False,False,True
Placentalia,39,N_terminal,other,3,True,1.0,0.9061032863849764,193,0,0,0,0,0,0,0,3,False,False,False,False,True
Placentalia,40,N_terminal,other,3,True,1.0,0.9061032863849764,193,0,0,0,0,0,0,0,3,False,False,False,False,True
Placentalia,41,ADD,other,3,True,1.0,0.9061032863849764,193,0,0,0,0,0,0,0,0,False,False,False,False,False
Placentalia,42,ADD,other,3,True,1.0,0.9061032863849764,193,0,0,0,0,0,0,0,0,False,False,False,False,False
Placentalia,43,ADD,other,3,True,1.0,0.9061032863849764,193,0,0,0,0,0,0,0,3,False,False,False,False,True
Placentalia,44,ADD,other,3,True,1.0,0.9061032863849764,193,0,0,0,0,0,0,0,3,False,False,False,False,True
Placentalia,45,ADD,other,3,True,1.0,0.9061032863849764,193,0,0,0,0,0,0,0,0,False,False,False,False,False
Placentalia,46,ADD,other,3,True,1.0,0.9061032863849764,193,0,0,0,0,0,0,0,0,False,False,False,False,False
Placentalia,47,ADD,other,3,True,1.0,0.9061032863849764,193,0,0,0,0,0,0,0,3,False,False,False,False,True
Placentalia,48,ADD,other,3,True,1.0,0.9061032863849764,193,0,0,0,0,0,0,0,0,False,False,False,False,False
Placentalia,49,ADD,other,3,True,1.0,0.9061032863849764,193,0,0,0,0,0,0,0,3,False,False,False,False,True
Placentalia,50,ADD,other,3,True,1.0,0.9061032863849764,193,0,0,0,0,0,1,1,0,False,False,False,False,False
Placentalia,51,ADD,other,3,True,1.0,0.9154929577464788,195,0,0,0,0,0,0,0,3,False,False,False,False,True
Placentalia,52,ADD,other,3,True,1.0,0.9483568075117372,202,0,3,1,0,0,0,0,0,False,False,False,False,False
Placentalia,53,ADD,other,3,True,1.0,0.9483568075117372,202,0,0,0,0,0,0,0,3,False,False,False,False,True
Placentalia,54,ADD,other,3,True,1.0,0.9483568075117372,202,0,0,0,0,0,0,0,0,False,False,False,False,False
Placentalia,55,ADD,other,3,True,1.0,0.9483568075117372,202,0,0,0,0,0,2,1,3,False,False,True,False,True
Placentalia,56,ADD,other,3,True,1.0,0.9483568075117372,202,0,0,0,0,0,1,0,3,False,False,False,False,True
Placentalia,57,ADD,other,3,True,1.0,0.9483568075117372,202,0,0,0,0,0,0,0,3,False,False,False,False,True
Placentalia,58,ADD,other,3,True,1.0,0.9483568075117372,202,0,0,0,0,0,0,0,3,False,False,False,False,True
Placentalia,59,ADD,other,3,True,1.0,0.9483568075117372,202,0,0,0,0,0,0,0,0,False,False,False,False,False
Placentalia,60,ADD,other,3,True,1.0,0.9483568075117372,202,0,2,1,0,0,2,0,0,False,False,True,False,False
Placentalia,61,ADD,other,3,True,1.0,0.9483568075117372,202,0,0,0,0,0,0,0,0,False,False,False,False,False
Placentalia,62,ADD,other,3,True,1.0,0.9483568075117372,202,0,0,0,0,0,0,0,3,False,False,False,False,True
Placentalia,63,ADD,other,3,True,1.0,0.9483568075117372,202,0,0,0,0,0,0,0,3,False,False,False,False,True
Placentalia,64,ADD,other,3,True,1.0,0.9483568075117372,202,0,0,0,0,0,1,0,0,False,False,False,False,False
Placentalia,65,ADD,other,3,True,1.0,0.9483568075117372,202,0,0,0,0,0,0,0,3,False,False,False,False,True
Placentalia,66,ADD,other,3,True,1.0,0.9483568075117372,202,0,0,0,0,0,1,0,3,False,False,False,False,True
Placentalia,67,ADD,other,3,True,1.0,0.9483568075117372,202,0,0,0,0,0,0,0,3,False,False,False,False,True
Placentalia,68,ADD,other,3,True,1.0,0.9483568075117372,202,0,0,0,0,0,0,0,3,False,False,False,False,True
Placentalia,69,ADD,other,3,True,1.0,0.9483568075117372,202,0,0,0,0,0,0,0,3,False,False,False,False,True
Placentalia,70,ADD,other,3,True,1.0,0.9530516431924884,203,0,0,0,0,0,0,0,3,False,False,False,False,True
Placentalia,71,ADD,other,3,True,1.0,0.9483568075117372,202,0,0,0,0,0,0,0,3,False,False,False,False,True
Placentalia,72,ADD,other,3,True,1.0,0.9859154929577464,210,0,0,0,0,0,0,0,0,False,False,False,False,False
Placentalia,73,ADD,other,3,True,1.0,0.9859154929577464,210,0,0,0,0,0,0,0,3,False,False,False,False,True
Placentalia,74,ADD,other,3,True,0.995260663507109,0.9906103286384976,211,0,0,0,0,0,0,0,3,False,False,False,False,True
Placentalia,75,ADD,other,3,True,0.995260663507109,0.9906103286384976,211,0,0,0,0,0,0,0,3,False,False,False,False,True
Placentalia,76,ADD,other,3,True,0.995260663507109,0.9906103286384976,211,0,0,0,0,0,1,0,3,False,False,False,False,True
Placentalia,77,ADD,other,3,True,0.9951923076923076,0.976525821596244,208,0,0,0,0,0,0,0,0,False,False,False,False,False
Placentalia,78,ADD,other,3,True,1.0,1.0,213,0,0,0,0,0,0,0,0,False,False,False,False,False
Placentalia,79,ADD,other,3,True,1.0,1.0,213,0,0,0,0,0,0,0,0,False,False,False,False,False
Placentalia,80,ADD,other,3,True,1.0,1.0,213,0,0,0,0,0,0,0,3,False,False,False,False,True
Placentalia,81,ADD,other,3,True,1.0,1.0,213,0,0,0,0,0,0,0,3,False,False,False,False,True
Placentalia,82,ADD,other,3,True,1.0,1.0,213,0,0,0,0,0,0,0,0,False,False,False,False,False
Placentalia,83,ADD,other,3,True,1.0,1.0,213,0,0,0,0,0,0,0,0,False,False,False,False,False
Placentalia,84,ADD,other,3,True,1.0,1.0,213,0,0,0,0,0,0,0,0,False,False,False,False,False
Placentalia,85,ADD,other,3,True,1.0,1.0,213,0,0,0,0,0,0,0,3,False,False,False,False,True
Placentalia,86,ADD,other,3,True,1.0,1.0,213,0,0,0,0,0,0,0,3,False,False,False,False,True
Placentalia,87,ADD,other,3,True,1.0,1.0,213,0,0,0,0,0,0,0,3,False,False,False,False,True
Placentalia,88,ADD,other,3,True,1.0,1.0,213,0,0,0,0,0,0,0,3,False,False,False,False,True
Placentalia,89,ADD,other,3,True,1.0,1.0,213,0,0,0,0,0,0,0,3,False,False,False,False,True
Placentalia,90,ADD,other,3,True,1.0,1.0,213,0,0,0,0,0,0,0,3,False,False,False,False,True
Placentalia,91,ADD,other,3,True,1.0,1.0,213,0,0,0,0,0,0,0,3,False,False,False,False,True
Placentalia,92,ADD,other,3,True,1.0,1.0,213,0,0,0,0,0,0,0,3,False,False,False,False,True
Placentalia,93,ADD,other,3,True,1.0,1.0,213,0,0,0,0,0,0,0,3,False,False,False,False,True
Placentalia,94,ADD,other,3,True,1.0,1.0,213,0,0,0,0,0,0,0,3,False,False,False,False,True
Placentalia,95,ADD,other,3,True,1.0,1.0,213,0,0,0,0,0,0,0,1,False,False,False,False,False
Placentalia,96,ADD,other,3,True,1.0,1.0,213,0,0,0,0,0,0,0,3,False,False,False,False,True
Placentalia,97,ADD,other,3,True,1.0,1.0,213,0,0,0,0,0,0,0,3,False,False,False,False,True
Placentalia,98,ADD,other,3,True,1.0,1.0,213,0,0,0,0,0,0,0,3,False,False,False,False,True
Placentalia,99,ADD,other,3,True,1.0,1.0,213,0,0,0,0,0,0,0,3,False,False,False,False,True
Placentalia,100,ADD,other,3,True,1.0,1.0,213,0,0,0,0,0,0,0,3,False,False,False,False,True
Placentalia,101,ADD,other,3,True,1.0,1.0,213,0,0,0,0,0,0,0,3,False,False,False,False,True
Placentalia,102,ADD,other,3,True,1.0,1.0,213,0,0,0,0,0,0,0,3,False,False,False,False,True
Placentalia,103,ADD,other,3,True,1.0,1.0,213,0,0,0,0,0,0,0,0,False,False,False,False,False
Placentalia,104,ADD,other,3,True,1.0,1.0,213,0,0,0,0,0,0,0,3,False,False,False,False,True
Placentalia,105,ADD,other,3,True,1.0,1.0,213,0,0,0,0,0,0,0,3,False,False,False,False,True
Placentalia,106,ADD,other,3,True,1.0,1.0,213,0,0,0,0,0,0,0,3,False,False,False,False,True
Placentalia,107,ADD,other,3,True,1.0,1.0,213,0,0,0,0,0,0,0,0,False,False,False,False,False
Placentalia,108,ADD,other,3,True,1.0,0.9953051643192488,212,0,0,0,0,0,0,0,3,False,False,False,False,True
Placentalia,109,ADD,other,3,True,1.0,0.9953051643192488,212,0,0,0,0,0,0,0,3,False,False,False,False,True
Placentalia,110,ADD,other,3,True,1.0,0.9953051643192488,212,0,0,0,0,0,0,0,0,False,False,False,False,False
Placentalia,111,ADD,other,3,True,1.0,0.9953051643192488,212,0,0,0,0,0,0,0,3,False,False,False,False,True
Placentalia,112,ADD,other,3,True,1.0,0.9953051643192488,212,0,0,0,0,0,0,0,3,False,False,False,False,True
Placentalia,113,ADD,other,3,True,1.0,0.9953051643192488,212,0,0,0,0,0,0,0,3,False,False,False,False,True
Placentalia,114,ADD,other,3,True,1.0,1.0,213,0,0,0,0,0,0,0,3,False,False,False,False,True
Placentalia,115,ADD,other,3,True,1.0,1.0,213,0,0,0,0,0,0,0,3,False,False,False,False,True
Placentalia,116,ADD,other,3,True,1.0,0.9953051643192488,212,0,0,0,0,0,0,0,3,False,False,False,False,True
Placentalia,117,ADD,other,3,True,1.0,0.9953051643192488,212,0,0,0,0,0,0,0,3,False,False,False,False,True
Placentalia,118,ADD,other,3,True,1.0,0.9953051643192488,212,0,0,0,0,0,0,0,3,False,False,False,False,True
Placentalia,119,ADD,other,3,True,1.0,0.9953051643192488,212,0,0,0,0,0,0,0,3,False,False,False,False,True
Placentalia,120,ADD,other,3,True,1.0,0.9953051643192488,212,0,0,0,0,0,0,0,0,False,False,False,False,False
Placentalia,121,ADD,other,3,True,1.0,0.9953051643192488,212,0,0,0,0,0,0,0,3,False,False,False,False,True
Placentalia,122,ADD,other,3,True,1.0,0.9953051643192488,212,0,0,0,0,0,0,0,2,False,False,False,False,True
Placentalia,123,ADD,other,3,True,1.0,0.9953051643192488,212,0,0,0,0,0,0,0,3,False,False,False,False,True
Placentalia,124,ADD,other,3,True,1.0,0.9953051643192488,212,0,0,0,0,0,0,0,1,False,False,False,False,False
Placentalia,125,ADD,other,3,True,1.0,0.9953051643192488,212,0,0,0,0,0,0,0,3,False,False,False,False,True
Placentalia,126,ADD,other,3,True,1.0,0.9953051643192488,212,0,0,0,0,0,0,0,3,False,False,False,False,True
Placentalia,127,ADD,other,3,True,1.0,0.9953051643192488,212,0,0,0,0,0,0,0,0,False,False,False,False,False
Placentalia,128,ADD,other,3,True,1.0,0.9953051643192488,212,0,0,0,0,0,0,0,3,False,False,False,False,True
Placentalia,129,ADD,other,3,True,1.0,0.9953051643192488,212,0,0,0,0,0,1,1,3,False,False,False,False,True
Placentalia,130,ADD,other,3,True,1.0,0.9953051643192488,212,0,0,0,0,0,0,0,3,False,False,False,False,True
Placentalia,131,ADD,other,3,True,1.0,0.9953051643192488,212,0,0,0,0,0,0,0,3,False,False,False,False,True
Placentalia,132,ADD,other,3,True,1.0,0.9953051643192488,212,0,0,0,0,0,0,0,0,False,False,False,False,False
Placentalia,133,ADD,other,3,True,1.0,0.9953051643192488,212,0,0,0,0,0,0,0,3,False,False,False,False,True
Placentalia,134,ADD,other,3,True,0.9953051643192488,1.0,213,0,0,0,0,0,0,0,3,False,False,False,False,True
Placentalia,135,ADD,other,3,True,1.0,0.9953051643192488,212,0,0,0,0,0,0,0,3,False,False,False,False,True
Placentalia,136,ADD,other,3,True,1.0,0.9953051643192488,212,0,0,0,0,0,0,0,0,False,False,False,False,False
Placentalia,137,ADD,other,3,True,1.0,0.9953051643192488,212,0,0,0,0,0,0,0,1,False,False,False,False,False
Placentalia,138,ADD,other,3,True,1.0,0.9953051643192488,212,0,0,0,0,0,0,0,3,False,False,False,False,True
Placentalia,139,ADD,other,3,True,1.0,0.9953051643192488,212,0,0,0,0,0,0,0,0,False,False,False,False,False
Placentalia,140,ADD,other,3,True,1.0,0.9953051643192488,212,0,0,0,0,0,0,0,0,False,False,False,False,False
Placentalia,141,ADD,other,3,True,1.0,0.9953051643192488,212,0,0,0,0,0,0,0,3,False,False,False,False,True
Placentalia,142,ADD,other,3,True,1.0,0.9953051643192488,212,0,0,0,0,0,0,0,3,False,False,False,False,True
Placentalia,143,ADD,other,3,True,1.0,0.9953051643192488,212,0,0,0,0,0,0,0,0,False,False,False,False,False
Placentalia,144,ADD,other,3,True,1.0,0.9953051643192488,212,0,0,0,0,0,0,0,3,False,False,False,False,True
Placentalia,145,ADD,other,3,True,1.0,1.0,213,0,0,0,0,0,0,0,3,False,False,False,False,True
Placentalia,146,ADD,other,3,True,1.0,1.0,213,0,0,0,0,0,0,0,0,False,False,False,False,False
Placentalia,147,ADD,other,3,True,1.0,1.0,213,0,0,0,0,0,0,0,3,False,False,False,False,True
Placentalia,148,ADD,other,3,True,1.0,1.0,213,0,0,0,0,0,0,0,0,False,False,False,False,False
Placentalia,149,ADD,other,3,True,1.0,1.0,213,0,0,0,0,0,0,0,3,False,False,False,False,True
Placentalia,150,ADD,other,3,True,1.0,1.0,213,0,0,0,0,0,0,0,0,False,False,False,False,False
Placentalia,151,ADD,other,3,True,1.0,1.0,213,0,0,0,0,0,0,0,3,False,False,False,False,True
Placentalia,152,ADD,other,3,True,1.0,1.0,213,0,0,0,0,0,0,0,3,False,False,False,False,True
Placentalia,153,ADD,other,3,True,0.9953051643192488,1.0,213,0,0,0,0,0,0,0,3,False,False,False,False,True
Placentalia,154,ADD,other,3,True,1.0,1.0,213,0,0,0,0,0,0,0,3,False,False,False,False,True
Placentalia,155,ADD,other,3,True,0.9953051643192488,1.0,213,0,0,0,0,0,0,0,0,False,False,False,False,False
Placentalia,156,ADD,other,3,True,1.0,0.9953051643192488,212,0,0,0,0,0,0,0,3,False,False,False,False,True
Placentalia,157,ADD,other,3,True,1.0,0.9953051643192488,212,0,0,0,0,0,0,0,3,False,False,False,False,True
Placentalia,158,ADD,other,3,True,1.0,0.9953051643192488,212,0,0,0,0,0,0,0,3,False,False,False,False,True
Placentalia,159,ADD,other,3,True,1.0,0.9953051643192488,212,0,0,0,0,0,0,0,0,False,False,False,False,False
Placentalia,160,ADD,other,3,True,1.0,0.9953051643192488,212,0,0,0,0,0,0,0,0,False,False,False,False,False
Placentalia,161,ADD,other,3,True,1.0,0.9953051643192488,212,0,0,0,0,0,0,0,3,False,False,False,False,True
Placentalia,162,ADD,other,3,True,1.0,0.9953051643192488,212,0,0,0,0,0,0,0,3,False,False,False,False,True
Placentalia,163,ADD,other,3,True,1.0,0.9953051643192488,212,0,0,0,0,0,0,0,0,False,False,False,False,False
Placentalia,164,ADD,other,3,True,1.0,0.9953051643192488,212,0,0,0,0,0,0,0,0,False,False,False,False,False
Placentalia,165,ADD,other,3,True,1.0,0.9953051643192488,212,0,0,0,0,0,0,0,2,False,False,False,False,True
Placentalia,166,ADD,other,3,True,1.0,0.9953051643192488,212,0,0,0,0,0,0,0,0,False,False,False,False,False
Placentalia,167,ADD,other,3,True,1.0,0.9953051643192488,212,0,0,0,0,0,0,0,1,False,False,False,False,False
Placentalia,168,ADD,other,3,True,1.0,0.9953051643192488,212,0,0,0,0,0,0,0,3,False,False,False,False,True
Placentalia,169,ADD,other,3,True,1.0,0.9953051643192488,212,0,0,0,0,0,0,0,3,False,False,False,False,True
Placentalia,170,ADD,other,3,True,1.0,0.9953051643192488,212,0,0,0,0,0,0,0,3,False,False,False,False,True
Placentalia,171,ADD,other,3,True,1.0,0.9953051643192488,212,0,0,0,0,0,2,1,0,False,False,True,False,False
Placentalia,172,ADD,other,3,True,1.0,0.9953051643192488,212,0,0,0,0,0,1,0,0,False,False,False,False,False
Placentalia,173,ADD,other,3,True,1.0,0.971830985915493,207,0,0,0,0,0,0,0,0,False,False,False,False,False
Placentalia,174,linker,other,3,True,0.976525821596244,1.0,213,0,0,0,0,0,0,0,0,False,False,False,False,False
Placentalia,175,linker,other,3,True,1.0,0.976525821596244,208,0,0,0,0,0,0,0,3,False,False,False,False,True
Placentalia,176,linker,other,3,True,1.0,1.0,213,0,0,0,0,0,0,0,0,False,False,False,False,False
Placentalia,177,linker,other,3,True,1.0,1.0,213,0,0,0,0,0,0,0,3,False,False,False,False,True
Placentalia,178,C_terminal_MTase_like,other,3,True,1.0,1.0,213,0,0,0,0,0,0,0,3,False,False,False,False,True
Placentalia,179,C_terminal_MTase_like,other,3,True,1.0,1.0,213,0,0,0,0,0,0,0,3,False,False,False,False,True
Placentalia,180,C_terminal_MTase_like,other,3,True,1.0,1.0,213,0,0,0,0,0,0,0,3,False,False,False,False,True
Placentalia,181,C_terminal_MTase_like,other,3,True,1.0,1.0,213,0,0,0,0,0,0,0,3,False,False,False,False,True
Placentalia,182,C_terminal_MTase_like,other,3,True,1.0,1.0,213,0,0,0,0,0,0,0,3,False,False,False,False,True
Placentalia,183,C_terminal_MTase_like,other,3,True,1.0,1.0,213,0,0,0,0,0,0,0,3,False,False,False,False,True
Placentalia,184,C_terminal_MTase_like,other,3,True,1.0,1.0,213,0,0,0,0,0,0,0,3,False,False,False,False,True
Placentalia,185,C_terminal_MTase_like,other,3,True,1.0,1.0,213,0,0,0,0,0,0,0,0,False,False,False,False,False
Placentalia,186,C_terminal_MTase_like,other,3,True,1.0,1.0,213,0,0,0,0,0,0,0,3,False,False,False,False,True
Placentalia,187,C_terminal_MTase_like,other,3,True,1.0,1.0,213,0,0,0,0,0,0,0,3,False,False,False,False,True
Placentalia,188,C_terminal_MTase_like,other,3,True,1.0,1.0,213,0,0,0,0,0,0,0,0,False,False,False,False,False
Placentalia,189,C_terminal_MTase_like,other,3,True,1.0,1.0,213,0,0,0,0,0,0,0,3,False,False,False,False,True
Placentalia,190,C_terminal_MTase_like,other,3,True,1.0,1.0,213,0,0,0,0,0,0,0,0,False,False,False,False,False
Placentalia,191,C_terminal_MTase_like,other,3,True,1.0,1.0,213,0,0,0,0,0,0,0,3,False,False,False,False,True
Placentalia,192,C_terminal_MTase_like,other,3,True,1.0,1.0,213,0,0,0,0,0,0,0,3,False,False,False,False,True
Placentalia,193,C_terminal_MTase_like,other,3,True,1.0,1.0,213,0,0,0,0,0,0,0,3,False,False,False,False,True
Placentalia,194,C_terminal_MTase_like,other,3,True,1.0,1.0,213,0,0,0,0,0,0,0,0,False,False,False,False,False
Placentalia,195,C_terminal_MTase_like,other,3,True,1.0,1.0,213,0,0,0,0,0,0,0,3,False,False,False,False,True
Placentalia,196,C_terminal_MTase_like,other,3,True,1.0,1.0,213,0,0,0,0,0,0,0,3,False,False,False,False,True
Placentalia,197,C_terminal_MTase_like,other,3,True,1.0,1.0,213,0,0,0,0,0,0,0,3,False,False,False,False,True
Placentalia,198,C_terminal_MTase_like,other,3,True,1.0,1.0,213,0,0,0,0,0,0,0,0,False,False,False,False,False
Placentalia,199,C_terminal_MTase_like,other,3,True,1.0,1.0,213,0,0,0,0,0,0,0,3,False,False,False,False,True
Placentalia,200,C_terminal_MTase_like,other,3,True,1.0,1.0,213,0,0,0,0,0,0,0,0,False,False,False,False,False
Placentalia,201,C_terminal_MTase_like,other,3,True,0.9906103286384976,1.0,213,0,0,0,0,0,1,0,0,False,False,False,False,False
Placentalia,202,C_terminal_MTase_like,other,3,True,1.0,1.0,213,0,0,0,0,0,0,0,3,False,False,False,False,True
Placentalia,203,C_terminal_MTase_like,other,3,True,1.0,1.0,213,0,0,0,0,0,0,0,3,False,False,False,False,True
Placentalia,204,C_terminal_MTase_like,other,3,True,1.0,1.0,213,0,0,0,0,0,0,0,0,False,False,False,False,False
Placentalia,205,C_terminal_MTase_like,other,3,True,1.0,1.0,213,0,0,0,0,0,0,0,3,False,False,False,False,True
Placentalia,206,C_terminal_MTase_like,other,3,True,1.0,1.0,213,0,0,0,0,0,0,0,3,False,False,False,False,True
Placentalia,207,C_terminal_MTase_like,other,3,True,1.0,1.0,213,0,0,0,0,0,0,0,3,False,False,False,False,True
Placentalia,208,C_terminal_MTase_like,other,3,True,1.0,1.0,213,0,0,0,0,0,0,0,3,False,False,False,False,True
Placentalia,209,C_terminal_MTase_like,other,3,True,1.0,1.0,213,0,0,0,0,0,0,0,3,False,False,False,False,True
Placentalia,210,C_terminal_MTase_like,other,3,True,0.9905660377358492,0.9953051643192488,212,0,0,0,0,0,0,0,3,False,False,False,False,True
Placentalia,211,C_terminal_MTase_like,other,3,True,1.0,0.9812206572769951,209,0,0,0,0,0,0,0,2,False,False,False,False,True
Placentalia,212,C_terminal_MTase_like,other,3,True,1.0,0.9906103286384976,211,0,0,0,0,0,0,0,3,False,False,False,False,True
Placentalia,213,C_terminal_MTase_like,other,3,True,0.9714285714285714,0.9859154929577464,210,0,0,0,0,0,0,0,3,False,False,False,False,True
Placentalia,214,C_terminal_MTase_like,other,3,True,1.0,0.976525821596244,208,0,0,0,0,0,0,0,0,False,False,False,False,False
Placentalia,215,C_terminal_MTase_like,other,3,True,1.0,0.9953051643192488,212,0,0,0,0,0,0,0,3,False,False,False,False,True
Placentalia,216,C_terminal_MTase_like,other,3,True,1.0,1.0,213,0,0,0,0,0,0,0,3,False,False,False,False,True
Placentalia,217,C_terminal_MTase_like,other,3,True,1.0,1.0,213,0,0,0,0,0,0,0,3,False,False,False,False,True
Placentalia,218,C_terminal_MTase_like,other,3,True,1.0,1.0,213,0,0,0,0,0,0,0,0,False,False,False,False,False
Placentalia,219,C_terminal_MTase_like,other,3,True,1.0,1.0,213,0,0,0,0,0,0,0,3,False,False,False,False,True
Placentalia,220,C_terminal_MTase_like,other,3,True,1.0,1.0,213,0,0,0,0,0,0,0,3,False,False,False,False,True
Placentalia,221,C_terminal_MTase_like,other,3,True,1.0,1.0,213,0,0,0,0,0,0,0,3,False,False,False,False,True
Placentalia,222,C_terminal_MTase_like,other,3,True,1.0,1.0,213,0,0,0,0,0,0,0,3,False,False,False,False,True
Placentalia,223,C_terminal_MTase_like,other,3,True,1.0,1.0,213,0,0,0,0,0,0,0,3,False,False,False,False,True
Placentalia,224,C_terminal_MTase_like,other,3,True,1.0,1.0,213,0,0,0,0,0,0,0,3,False,False,False,False,True
Placentalia,225,C_terminal_MTase_like,other,3,True,1.0,1.0,213,0,0,0,0,0,0,0,3,False,False,False,False,True
Placentalia,226,C_terminal_MTase_like,other,3,True,1.0,1.0,213,0,0,0,0,0,0,0,3,False,False,False,False,True
Placentalia,227,C_terminal_MTase_like,other,3,True,1.0,1.0,213,0,0,0,0,0,0,0,3,False,False,False,False,True
Placentalia,228,C_terminal_MTase_like,other,3,True,1.0,1.0,213,0,0,0,0,0,0,0,0,False,False,False,False,False
Placentalia,229,C_terminal_MTase_like,other,3,True,1.0,1.0,213,0,0,0,0,0,0,0,3,False,False,False,False,True
Placentalia,230,C_terminal_MTase_like,other,3,True,1.0,1.0,213,0,0,0,0,0,0,0,1,False,False,False,False,False
Placentalia,231,C_terminal_MTase_like,other,3,True,1.0,1.0,213,0,0,0,0,0,0,0,3,False,False,False,False,True
Placentalia,232,C_terminal_MTase_like,other,3,True,1.0,1.0,213,0,0,0,0,0,0,0,3,False,False,False,False,True
Placentalia,233,C_terminal_MTase_like,other,3,True,1.0,1.0,213,0,0,0,0,0,0,0,3,False,False,False,False,True
Placentalia,234,C_terminal_MTase_like,other,3,True,1.0,1.0,213,0,0,0,0,0,0,0,0,False,False,False,False,False
Placentalia,235,C_terminal_MTase_like,other,3,True,1.0,1.0,213,0,0,0,0,0,0,0,0,False,False,False,False,False
Placentalia,236,C_terminal_MTase_like,other,3,True,1.0,1.0,213,0,0,0,0,0,0,0,3,False,False,False,False,True
Placentalia,237,C_terminal_MTase_like,other,3,True,1.0,1.0,213,0,0,0,0,0,0,0,3,False,False,False,False,True
Placentalia,238,C_terminal_MTase_like,other,3,True,1.0,1.0,213,0,0,0,0,0,0,0,3,False,False,False,False,True
Placentalia,239,C_terminal_MTase_like,other,3,True,1.0,1.0,213,0,0,0,0,0,0,0,3,False,False,False,False,True
Placentalia,240,C_terminal_MTase_like,other,3,True,1.0,1.0,213,0,0,0,0,0,0,0,3,False,False,False,False,True
Placentalia,241,C_terminal_MTase_like,other,3,True,1.0,1.0,213,0,0,0,0,0,0,0,0,False,False,False,False,False
Placentalia,242,C_terminal_MTase_like,other,3,True,1.0,1.0,213,0,0,0,0,0,0,0,3,False,False,False,False,True
Placentalia,243,C_terminal_MTase_like,other,3,True,1.0,1.0,213,0,0,0,0,0,0,0,3,False,False,False,False,True
Placentalia,244,C_terminal_MTase_like,other,3,True,1.0,1.0,213,0,0,0,0,0,0,0,3,False,False,False,False,True
Placentalia,245,C_terminal_MTase_like,other,3,True,1.0,1.0,213,0,0,0,0,0,0,0,3,False,False,False,False,True
Placentalia,246,C_terminal_MTase_like,other,3,True,1.0,1.0,213,0,0,0,0,0,0,0,3,False,False,False,False,True
Placentalia,247,C_terminal_MTase_like,other,3,True,1.0,1.0,213,0,0,0,0,0,0,0,0,False,False,False,False,False
Placentalia,248,C_terminal_MTase_like,other,3,True,1.0,1.0,213,0,0,0,0,0,0,0,0,False,False,False,False,False
Placentalia,249,C_terminal_MTase_like,other,3,True,1.0,1.0,213,0,0,0,0,0,0,0,0,False,False,False,False,False
Placentalia,250,C_terminal_MTase_like,other,3,True,1.0,0.9812206572769951,209,0,0,0,0,0,0,0,3,False,False,False,False,True
Placentalia,251,C_terminal_MTase_like,other,3,True,1.0,0.9812206572769951,209,3,2,0,2,0,0,0,0,True,False,False,False,False
Placentalia,252,C_terminal_MTase_like,other,3,True,0.9858490566037736,0.9953051643192488,212,0,0,0,0,0,0,0,3,False,False,False,False,True
Placentalia,253,C_terminal_MTase_like,other,3,True,0.9859154929577464,1.0,213,0,0,0,0,0,0,0,0,False,False,False,False,False
Placentalia,254,C_terminal_MTase_like,other,3,True,1.0,1.0,213,0,0,0,0,0,0,0,3,False,False,False,False,True
Placentalia,255,C_terminal_MTase_like,other,3,True,1.0,1.0,213,0,0,0,0,0,0,0,3,False,False,False,False,True
Placentalia,256,C_terminal_MTase_like,other,3,True,1.0,1.0,213,0,0,0,0,0,0,0,3,False,False,False,False,True
Placentalia,257,C_terminal_MTase_like,other,3,True,0.9953051643192488,1.0,213,0,0,0,0,0,0,0,3,False,False,False,False,True
Placentalia,258,C_terminal_MTase_like,other,3,True,1.0,1.0,213,0,0,0,0,0,0,0,0,False,False,False,False,False
Placentalia,259,C_terminal_MTase_like,other,3,True,1.0,1.0,213,0,0,0,0,0,0,0,3,False,False,False,False,True
Placentalia,260,C_terminal_MTase_like,other,3,True,1.0,1.0,213,0,0,0,0,0,0,0,0,False,False,False,False,False
Placentalia,261,C_terminal_MTase_like,other,3,True,1.0,1.0,213,0,0,0,0,0,0,0,0,False,False,False,False,False
Placentalia,262,C_terminal_MTase_like,other,3,True,1.0,0.9953051643192488,212,0,0,0,0,0,0,0,3,False,False,False,False,True
Placentalia,263,C_terminal_MTase_like,other,3,True,1.0,1.0,213,0,0,0,0,0,0,0,3,False,False,False,False,True
Placentalia,264,C_terminal_MTase_like,other,3,True,1.0,1.0,213,0,0,0,0,0,0,0,3,False,False,False,False,True
Placentalia,265,C_terminal_MTase_like,other,3,True,1.0,1.0,213,0,0,0,0,0,0,0,3,False,False,False,False,True
Placentalia,266,C_terminal_MTase_like,other,3,True,1.0,1.0,213,0,0,0,0,0,0,0,0,False,False,False,False,False
Placentalia,267,C_terminal_MTase_like,other,3,True,1.0,1.0,213,0,0,0,0,0,0,0,0,False,False,False,False,False
Placentalia,268,C_terminal_MTase_like,other,3,True,1.0,1.0,213,0,0,0,0,0,0,0,3,False,False,False,False,True
Placentalia,269,C_terminal_MTase_like,other,3,True,1.0,1.0,213,0,0,0,0,0,0,0,3,False,False,False,False,True
Placentalia,270,C_terminal_MTase_like,other,3,True,1.0,1.0,213,0,0,0,0,0,0,0,3,False,False,False,False,True
Placentalia,271,C_terminal_MTase_like,other,3,True,1.0,0.9906103286384976,211,0,0,0,0,0,0,0,3,False,False,False,False,True
Placentalia,272,C_terminal_MTase_like,other,3,True,1.0,0.9906103286384976,211,0,0,0,0,0,1,0,2,False,False,False,False,True
Placentalia,273,C_terminal_MTase_like,other,3,True,1.0,0.9671361502347418,206,0,0,0,0,0,0,0,0,False,False,False,False,False
Placentalia,274,C_terminal_MTase_like,other,3,True,1.0,0.9624413145539906,205,0,0,0,0,0,0,0,3,False,False,False,False,True
Placentalia,275,C_terminal_MTase_like,other,3,True,1.0,0.9953051643192488,212,0,0,0,0,0,0,0,0,False,False,False,False,False
Placentalia,276,C_terminal_MTase_like,other,3,True,1.0,1.0,213,0,0,0,0,0,0,0,0,False,False,False,False,False
Placentalia,277,C_terminal_MTase_like,other,3,True,1.0,0.9953051643192488,212,0,0,0,0,0,0,0,2,False,False,False,False,True
Placentalia,278,C_terminal_MTase_like,other,3,True,1.0,0.9906103286384976,211,0,0,0,0,0,0,0,0,False,False,False,False,False
Placentalia,279,C_terminal_MTase_like,other,3,True,1.0,1.0,213,0,0,0,0,0,0,0,3,False,False,False,False,True
Placentalia,280,C_terminal_MTase_like,other,3,True,1.0,1.0,213,0,0,0,0,0,0,0,3,False,False,False,False,True
Placentalia,281,C_terminal_MTase_like,other,3,True,1.0,1.0,213,0,0,0,0,0,0,0,0,False,False,False,False,False
Placentalia,282,C_terminal_MTase_like,other,3,True,1.0,1.0,213,0,0,0,0,0,0,0,0,False,False,False,False,False
Placentalia,283,C_terminal_MTase_like,other,3,True,1.0,1.0,213,0,0,0,0,0,0,0,0,False,False,False,False,False
Placentalia,284,C_terminal_MTase_like,other,3,True,1.0,1.0,213,0,0,0,0,0,0,0,3,False,False,False,False,True
Placentalia,285,C_terminal_MTase_like,other,3,True,1.0,1.0,213,0,0,0,0,0,0,0,0,False,False,False,False,False
Placentalia,286,C_terminal_MTase_like,other,3,True,1.0,1.0,213,0,0,0,0,0,0,0,3,False,False,False,False,True
Placentalia,287,C_terminal_MTase_like,other,3,True,1.0,1.0,213,0,0,0,0,0,0,0,3,False,False,False,False,True
Placentalia,288,C_terminal_MTase_like,other,3,True,1.0,1.0,213,0,0,0,0,0,0,0,3,False,False,False,False,True
Placentalia,289,C_terminal_MTase_like,other,3,True,1.0,1.0,213,3,3,3,3,3,0,0,0,True,True,False,False,False
Placentalia,290,C_terminal_MTase_like,other,3,True,1.0,1.0,213,0,0,0,0,0,0,0,0,False,False,False,False,False
Placentalia,291,C_terminal_MTase_like,other,3,True,1.0,1.0,213,0,0,0,0,0,0,0,3,False,False,False,False,True
Placentalia,292,C_terminal_MTase_like,other,3,True,1.0,1.0,213,0,0,0,0,0,0,0,3,False,False,False,False,True
Placentalia,293,C_terminal_MTase_like,other,3,True,1.0,1.0,213,0,0,0,0,0,0,0,3,False,False,False,False,True
Placentalia,294,C_terminal_MTase_like,other,3,True,1.0,1.0,213,0,0,0,0,0,0,0,0,False,False,False,False,False
Placentalia,295,C_terminal_MTase_like,other,3,True,1.0,1.0,213,0,0,0,0,0,0,0,0,False,False,False,False,False
Placentalia,296,C_terminal_MTase_like,other,3,True,1.0,1.0,213,0,0,0,0,0,0,0,3,False,False,False,False,True
Placentalia,297,C_terminal_MTase_like,other,3,True,1.0,1.0,213,0,0,0,0,0,0,0,3,False,False,False,False,True
Placentalia,298,C_terminal_MTase_like,other,3,True,1.0,1.0,213,0,0,0,0,0,0,0,3,False,False,False,False,True
Placentalia,299,C_terminal_MTase_like,other,3,True,1.0,1.0,213,0,0,0,0,0,0,0,0,False,False,False,False,False
Placentalia,300,C_terminal_MTase_like,other,3,True,1.0,1.0,213,0,0,0,0,0,0,0,3,False,False,False,False,True
Placentalia,301,C_terminal_MTase_like,other,3,True,1.0,1.0,213,0,0,0,0,0,0,0,0,False,False,False,False,False
Placentalia,302,C_terminal_MTase_like,other,3,True,1.0,1.0,213,0,0,0,0,0,0,0,0,False,False,False,False,False
Placentalia,303,C_terminal_MTase_like,other,3,True,1.0,1.0,213,0,0,0,0,0,0,0,0,False,False,False,False,False
Placentalia,304,C_terminal_MTase_like,other,3,True,0.9904761904761904,0.9859154929577464,210,0,0,0,0,0,0,0,3,False,False,False,False,True
Placentalia,305,C_terminal_MTase_like,other,3,True,0.9858490566037736,0.9953051643192488,212,0,0,0,0,0,0,0,0,False,False,False,False,False
Placentalia,306,C_terminal_MTase_like,other,3,True,1.0,0.9906103286384976,211,0,0,0,0,0,0,0,3,False,False,False,False,True
Placentalia,307,C_terminal_MTase_like,other,3,True,1.0,0.9812206572769951,209,0,0,0,0,0,0,0,0,False,False,False,False,False
Placentalia,308,C_terminal_MTase_like,other,3,True,1.0,0.9812206572769951,209,0,0,0,0,0,0,0,0,False,False,False,False,False
Placentalia,309,C_terminal_MTase_like,other,3,True,1.0,0.976525821596244,208,0,0,0,0,0,0,0,1,False,False,False,False,False
Placentalia,310,C_terminal_MTase_like,other,3,True,1.0,0.976525821596244,208,0,0,0,0,0,0,0,1,False,False,False,False,False
Placentalia,311,C_terminal_MTase_like,other,3,True,1.0,0.9624413145539906,205,0,0,0,0,0,0,0,3,False,False,False,False,True
Placentalia,312,C_terminal_MTase_like,other,3,True,1.0,0.9624413145539906,205,0,0,0,0,0,0,0,0,False,False,False,False,False
Placentalia,313,C_terminal_MTase_like,other,3,True,1.0,0.9624413145539906,205,0,0,0,0,0,0,0,3,False,False,False,False,True
Placentalia,314,C_terminal_MTase_like,other,3,True,0.9951690821256038,0.971830985915493,207,0,0,0,0,0,0,0,1,False,False,False,False,False
Placentalia,315,C_terminal_MTase_like,other,3,True,0.9951456310679612,0.9671361502347418,206,0,0,0,0,0,0,0,3,False,False,False,False,True
Placentalia,316,C_terminal_MTase_like,other,3,True,0.9951219512195122,0.9624413145539906,205,0,0,0,0,0,0,0,0,False,False,False,False,False
Placentalia,317,C_terminal_MTase_like,other,3,True,0.9902912621359224,0.9671361502347418,206,0,0,0,0,0,0,0,0,False,False,False,False,False
Placentalia,318,C_terminal_MTase_like,other,3,True,0.9902912621359224,0.9671361502347418,206,0,0,0,0,0,0,0,0,False,False,False,False,False
Placentalia,319,C_terminal_MTase_like,other,3,True,1.0,0.9624413145539906,205,0,0,0,0,0,0,0,3,False,False,False,False,True
Placentalia,320,C_terminal_MTase_like,other,3,True,1.0,0.976525821596244,208,0,0,0,0,0,0,0,3,False,False,False,False,True
Placentalia,321,C_terminal_MTase_like,other,3,True,1.0,0.976525821596244,208,0,0,0,0,0,0,0,2,False,False,False,False,True
Placentalia,322,C_terminal_MTase_like,other,3,True,1.0,0.976525821596244,208,0,0,0,0,0,0,0,3,False,False,False,False,True
Placentalia,323,C_terminal_MTase_like,other,3,True,1.0,0.976525821596244,208,0,0,0,0,0,0,0,3,False,False,False,False,True
Placentalia,324,C_terminal_MTase_like,other,3,True,1.0,0.976525821596244,208,0,0,0,0,0,0,0,1,False,False,False,False,False
Placentalia,325,C_terminal_MTase_like,other,3,True,0.9952153110047848,0.9812206572769951,209,0,0,0,0,0,2,0,0,False,False,True,False,False
Placentalia,326,C_terminal_MTase_like,other,3,True,0.9952153110047848,0.9812206572769951,209,0,0,0,0,0,1,0,3,False,False,False,False,True
Placentalia,327,C_terminal_MTase_like,other,3,True,0.9952153110047848,0.9812206572769951,209,0,0,0,0,0,0,0,3,False,False,False,False,True
Placentalia,328,C_terminal_MTase_like,other,3,True,1.0,0.9859154929577464,210,0,0,0,0,0,0,0,3,False,False,False,False,True
Placentalia,329,C_terminal_MTase_like,other,3,True,0.9904306220095692,0.9812206572769951,209,0,0,0,0,0,0,0,3,False,False,False,False,True
Placentalia,330,C_terminal_MTase_like,other,3,True,0.9951690821256038,0.971830985915493,207,0,0,0,0,0,1,1,0,False,False,False,False,False
Placentalia,331,C_terminal_MTase_like,other,3,True,0.9951690821256038,0.971830985915493,207,0,0,0,0,0,0,0,2,False,False,False,False,True
Placentalia,332,C_terminal_MTase_like,other,1,False,1.0,0.1173708920187793,25,0,0,0,0,0,1,0,1,False,False,False,False,False
Placentalia,333,C_terminal_MTase_like,other,2,False,0.8333333333333334,0.1690140845070422,36,0,0,0,0,0,1,1,0,False,False,False,False,False
Placentalia,334,C_terminal_MTase_like,other,3,True,0.9805825242718448,0.9671361502347418,206,0,0,0,0,0,0,0,3,False,False,False,False,True
Placentalia,335,C_terminal_MTase_like,other,3,True,0.9901960784313726,0.9577464788732394,204,0,0,0,0,0,0,0,3,False,False,False,False,True
Placentalia,336,C_terminal_MTase_like,other,3,True,0.9901960784313726,0.9577464788732394,204,0,0,0,0,0,0,0,0,False,False,False,False,False
Placentalia,337,C_terminal_MTase_like,other,3,True,1.0,0.943661971830986,201,0,0,0,0,0,0,0,1,False,False,False,False,False
Placentalia,338,C_terminal_MTase_like,other,3,True,1.0,0.943661971830986,201,0,0,0,0,0,0,0,1,False,False,False,False,False
Placentalia,339,C_terminal_MTase_like,other,3,True,1.0,0.943661971830986,201,0,0,0,0,0,0,0,0,False,False,False,False,False
Placentalia,340,C_terminal_MTase_like,other,3,True,1.0,0.9483568075117372,202,0,0,0,0,0,0,0,3,False,False,False,False,True
Placentalia,341,C_terminal_MTase_like,switching_helix,3,True,1.0,0.9483568075117372,202,0,0,0,0,0,0,0,3,False,False,False,False,True
Placentalia,342,C_terminal_MTase_like,switching_helix,3,True,1.0,0.9483568075117372,202,0,0,0,0,0,0,0,0,False,False,False,False,False
Placentalia,343,C_terminal_MTase_like,switching_helix,3,True,1.0,0.9483568075117372,202,0,0,0,0,0,0,0,3,False,False,False,False,True
Placentalia,344,C_terminal_MTase_like,switching_helix,3,True,1.0,0.9483568075117372,202,0,0,0,0,0,0,0,2,False,False,False,False,True
Placentalia,345,C_terminal_MTase_like,switching_helix,3,True,1.0,0.9483568075117372,202,0,0,0,0,0,0,0,3,False,False,False,False,True
Placentalia,346,C_terminal_MTase_like,switching_helix,3,True,1.0,0.9483568075117372,202,0,0,0,0,0,1,1,0,False,False,False,False,False
Placentalia,347,C_terminal_MTase_like,switching_helix,3,True,1.0,0.9483568075117372,202,1,1,0,1,0,0,0,0,False,False,False,False,False
Placentalia,348,C_terminal_MTase_like,switching_helix,3,True,1.0,0.9342723004694836,199,0,0,0,0,0,1,0,1,False,False,False,False,False
Placentalia,349,C_terminal_MTase_like,switching_helix,3,True,0.9949748743718592,0.9342723004694836,199,0,0,0,0,0,0,0,0,False,False,False,False,False
Placentalia,350,C_terminal_MTase_like,switching_helix,3,True,0.9949494949494948,0.9295774647887324,198,0,0,0,0,0,0,0,0,False,False,False,False,False
Placentalia,351,C_terminal_MTase_like,switching_helix,3,True,0.9949494949494948,0.9295774647887324,198,0,0,0,0,0,0,0,1,False,False,False,False,False
Placentalia,352,C_terminal_MTase_like,switching_helix,3,True,0.9949748743718592,0.9342723004694836,199,0,0,0,0,0,0,0,0,False,False,False,False,False
Placentalia,353,C_terminal_MTase_like,switching_helix,3,True,0.9949748743718592,0.9342723004694836,199,0,0,0,0,0,0,0,2,False,False,False,False,True
Placentalia,354,C_terminal_MTase_like,switching_helix,3,True,0.9751243781094528,0.943661971830986,201,0,0,0,0,0,0,0,0,False,False,False,False,False
Placentalia,355,C_terminal_MTase_like,switching_helix,3,True,0.9798994974874372,0.9342723004694836,199,0,0,0,0,0,0,0,0,False,False,False,False,False
Placentalia,356,C_terminal_MTase_like,switching_helix_adjacent_loop,3,True,0.9848484848484848,0.9295774647887324,198,0,0,0,0,0,0,0,0,False,False,False,False,False
Placentalia,357,C_terminal_MTase_like,switching_helix_adjacent_loop,3,True,1.0,0.9248826291079812,197,0,0,0,0,0,0,0,3,False,False,False,False,True
Placentalia,358,C_terminal_MTase_like,switching_helix_adjacent_loop,3,True,0.9701492537313432,0.943661971830986,201,3,3,2,3,2,1,1,0,True,True,False,False,False
Placentalia,359,C_terminal_MTase_like,switching_helix_adjacent_loop,3,True,0.98,0.9389671361502347,200,0,0,0,0,0,0,0,1,False,False,False,False,False
Placentalia,360,C_terminal_MTase_like,switching_helix_adjacent_loop,3,True,0.9950738916256158,0.9530516431924884,203,0,0,0,0,0,1,0,0,False,False,False,False,False
Placentalia,361,C_terminal_MTase_like,other,3,True,0.9807692307692308,0.976525821596244,208,0,0,0,0,0,0,0,3,False,False,False,False,True
Placentalia,362,C_terminal_MTase_like,other,3,True,0.9710144927536232,0.971830985915493,207,0,0,0,0,0,0,0,0,False,False,False,False,False
Placentalia,363,C_terminal_MTase_like,other,3,True,0.9852941176470588,0.9577464788732394,204,0,0,0,0,0,0,0,0,False,False,False,False,False
Placentalia,364,C_terminal_MTase_like,other,3,True,0.9901960784313726,0.9577464788732394,204,0,0,0,0,0,1,1,0,False,False,False,False,False
Placentalia,365,C_terminal_MTase_like,other,3,True,0.9901960784313726,0.9577464788732394,204,0,0,0,0,0,0,0,1,False,False,False,False,False
Placentalia,366,C_terminal_MTase_like,other,3,True,0.9950738916256158,0.9530516431924884,203,0,0,0,0,0,0,0,3,False,False,False,False,True
Placentalia,367,C_terminal_MTase_like,other,3,True,0.9901960784313726,0.9577464788732394,204,0,0,0,0,0,0,0,3,False,False,False,False,True
Placentalia,368,C_terminal_MTase_like,other,3,True,0.9901960784313726,0.9577464788732394,204,0,0,0,0,0,0,0,3,False,False,False,False,True
Placentalia,369,C_terminal_MTase_like,other,3,True,0.9950980392156864,0.9577464788732394,204,0,0,0,0,0,0,0,3,False,False,False,False,True
Placentalia,370,C_terminal_MTase_like,other,3,True,0.9901960784313726,0.9577464788732394,204,0,0,0,0,0,0,0,1,False,False,False,False,False
Placentalia,371,C_terminal_MTase_like,other,3,True,1.0,0.9577464788732394,204,0,0,0,0,0,0,0,3,False,False,False,False,True
Placentalia,372,C_terminal_MTase_like,other,3,True,0.9901960784313726,0.9577464788732394,204,0,0,0,0,0,0,0,3,False,False,False,False,True
Placentalia,373,C_terminal_MTase_like,other,3,True,0.9901960784313726,0.9577464788732394,204,0,0,0,0,0,0,0,3,False,False,False,False,True
Placentalia,374,C_terminal_MTase_like,other,3,True,0.9901960784313726,0.9577464788732394,204,0,0,0,0,0,1,0,3,False,False,False,False,True
Placentalia,375,C_terminal_MTase_like,other,3,True,0.9901960784313726,0.9577464788732394,204,0,0,0,0,0,1,1,3,False,False,False,False,True
Placentalia,376,C_terminal_MTase_like,other,3,True,0.9950980392156864,0.9577464788732394,204,0,0,0,0,0,0,0,3,False,False,False,False,True
Placentalia,377,C_terminal_MTase_like,other,3,True,0.9852941176470588,0.9577464788732394,204,0,0,0,0,0,0,0,3,False,False,False,False,True
Placentalia,378,C_terminal_MTase_like,other,3,True,0.9852941176470588,0.9577464788732394,204,0,0,0,0,0,2,1,0,False,False,True,False,False
Placentalia,379,C_terminal_MTase_like,other,3,True,0.9894736842105264,0.892018779342723,190,0,0,0,0,0,1,1,0,False,False,False,False,False
Placentalia,380,C_terminal_MTase_like,other,2,False,0.9548387096774194,0.7276995305164319,155,0,0,0,0,0,2,2,0,False,False,False,False,False
Placentalia,381,C_terminal_tail,other,2,False,0.972972972972973,0.6948356807511737,148,0,0,0,0,0,1,1,0,False,False,False,False,False
Placentalia,382,C_terminal_tail,other,2,False,0.979591836734694,0.6901408450704225,147,0,0,0,0,0,2,2,0,False,False,False,False,False
Placentalia,383,C_terminal_tail,other,1,False,0.993103448275862,0.6807511737089202,145,0,0,0,0,0,0,0,0,False,False,False,False,False
Placentalia,384,C_terminal_tail,other,2,False,0.9865771812080536,0.6995305164319249,149,0,0,0,0,0,2,1,0,False,False,False,False,False
Placentalia,385,C_terminal_tail,other,2,False,0.9612903225806452,0.7276995305164319,155,0,0,0,0,0,2,2,0,False,False,False,False,False
Placentalia,386,C_terminal_tail,other,2,False,0.967741935483871,0.7276995305164319,155,0,0,0,0,0,0,0,0,False,False,False,False,False
Placentalia,387,C_terminal_tail,other,2,False,0.961038961038961,0.7230046948356808,154,0,0,0,0,0,0,0,0,False,False,False,False,False
Sauropsida,1,N_terminal,other,2,False,0.4,0.7142857142857143,30,0,0,0,0,0,0,0,0,False,False,False,False,False
Sauropsida,2,N_terminal,other,1,False,0.6875,0.7619047619047619,32,0,0,0,0,0,0,0,0,False,False,False,False,False
Sauropsida,3,N_terminal,other,1,False,0.0,0.5,21,0,0,0,0,0,1,1,0,False,False,False,False,False
Sauropsida,4,N_terminal,other,1,False,0.0833333333333333,0.5714285714285714,24,0,0,0,0,0,0,0,0,False,False,False,False,False
Sauropsida,5,N_terminal,other,2,False,0.0869565217391304,0.5476190476190477,23,0,0,0,0,0,0,0,0,False,False,False,False,False
Sauropsida,6,N_terminal,other,3,False,0.0,0.7857142857142857,33,0,0,0,0,0,0,0,1,False,False,False,False,False
Sauropsida,7,N_terminal,other,2,False,0.0,0.7619047619047619,32,0,0,0,0,0,0,0,0,False,False,False,False,False
Sauropsida,8,N_terminal,other,2,False,0.0,0.7619047619047619,32,0,0,0,0,0,1,1,0,False,False,False,False,False
Sauropsida,9,N_terminal,other,2,False,0.0,0.7380952380952381,31,0,0,0,0,0,0,0,0,False,False,False,False,False
Sauropsida,10,N_terminal,other,2,False,0.5454545454545454,0.5238095238095238,22,0,0,0,0,0,1,1,0,False,False,False,False,False
Sauropsida,11,N_terminal,other,2,False,0.0,0.7142857142857143,30,0,0,0,0,0,0,0,0,False,False,False,False,False
Sauropsida,12,N_terminal,other,2,False,0.0,0.1904761904761904,8,0,0,0,0,0,0,0,0,False,False,False,False,False
Sauropsida,13,N_terminal,other,2,False,0.0,0.7380952380952381,31,0,0,0,0,0,0,0,0,False,False,False,False,False
Sauropsida,14,N_terminal,other,2,False,0.2333333333333333,0.7142857142857143,30,0,0,0,0,0,0,0,0,False,False,False,False,False
Sauropsida,15,N_terminal,other,2,False,0.0,0.6904761904761905,29,0,0,0,0,0,1,1,0,False,False,False,False,False
Sauropsida,16,N_terminal,other,2,False,0.0,0.6904761904761905,29,1,0,0,0,0,0,0,1,False,False,False,False,False
Sauropsida,17,N_terminal,other,2,False,0.0,0.6904761904761905,29,0,0,0,0,0,0,0,0,False,False,False,False,False
Sauropsida,18,N_terminal,other,2,False,0.1724137931034483,0.6904761904761905,29,0,0,0,0,0,0,0,1,False,False,False,False,False
Sauropsida,19,N_terminal,other,1,False,0.3928571428571428,0.6666666666666666,28,0,0,0,0,0,0,0,0,False,False,False,False,False
Sauropsida,20,N_terminal,other,3,False,0.0,0.7619047619047619,32,0,0,0,0,0,0,0,0,False,False,False,False,False
Sauropsida,21,N_terminal,other,3,False,0.0606060606060606,0.7857142857142857,33,0,0,0,0,0,0,0,0,False,False,False,False,False
Sauropsida,22,N_terminal,other,3,False,0.0294117647058823,0.8095238095238095,34,0,0,0,0,0,0,0,2,False,False,False,False,False
Sauropsida,23,N_terminal,other,3,False,0.5882352941176471,0.8095238095238095,34,0,0,0,0,0,0,0,0,False,False,False,False,False
Sauropsida,24,N_terminal,other,3,False,0.0,0.8095238095238095,34,0,0,0,0,0,0,0,0,False,False,False,False,False
Sauropsida,25,N_terminal,other,2,False,0.0,0.5952380952380952,25,0,0,0,0,0,0,0,0,False,False,False,False,False
Sauropsida,26,N_terminal,other,3,False,0.1,0.7142857142857143,30,0,0,0,0,0,0,0,0,False,False,False,False,False
Sauropsida,27,N_terminal,other,2,False,0.0,0.6904761904761905,29,0,0,0,0,0,0,0,0,False,False,False,False,False
Sauropsida,28,N_terminal,other,2,False,0.0,0.6904761904761905,29,0,0,0,0,0,0,0,0,False,False,False,False,False
Sauropsida,30,N_terminal,other,1,False,,0.0,0,0,0,0,0,0,0,0,0,False,False,False,False,False
Sauropsida,31,N_terminal,other,1,False,,0.0,0,0,0,0,0,0,0,0,0,False,False,False,False,False
Sauropsida,32,N_terminal,other,1,False,,0.0,0,0,0,0,0,0,0,0,0,False,False,False,False,False
Sauropsida,34,N_terminal,other,3,True,1.0,0.8095238095238095,34,0,0,0,0,0,0,0,0,False,False,False,False,False
Sauropsida,35,N_terminal,other,3,False,0.9696969696969696,0.7857142857142857,33,0,0,0,0,0,1,1,0,False,False,False,False,False
Sauropsida,36,N_terminal,other,2,False,1.0,0.6428571428571429,27,0,0,0,0,0,0,0,0,False,False,False,False,False
Sauropsida,37,N_terminal,other,2,False,0.9629629629629628,0.6428571428571429,27,0,0,0,0,0,0,0,2,False,False,False,False,False
Sauropsida,38,N_terminal,other,2,False,0.9655172413793104,0.6904761904761905,29,0,0,0,0,0,0,0,0,False,False,False,False,False
Sauropsida,39,N_terminal,other,2,False,0.9655172413793104,0.6904761904761905,29,0,0,0,0,0,0,0,0,False,False,False,False,False
Sauropsida,40,N_terminal,other,2,False,0.9655172413793104,0.6904761904761905,29,0,0,0,0,0,0,0,0,False,False,False,False,False
Sauropsida,41,ADD,other,2,False,1.0,0.6904761904761905,29,0,0,0,0,0,0,0,0,False,False,False,False,False
Sauropsida,42,ADD,other,2,False,1.0,0.6666666666666666,28,0,0,0,0,0,0,0,0,False,False,False,False,False
Sauropsida,43,ADD,other,2,False,1.0,0.6666666666666666,28,0,0,0,0,0,0,0,0,False,False,False,False,False
Sauropsida,44,ADD,other,2,False,1.0,0.6666666666666666,28,0,0,0,0,0,0,0,0,False,False,False,False,False
Sauropsida,45,ADD,other,2,False,1.0,0.6666666666666666,28,0,0,0,0,0,0,0,0,False,False,False,False,False
Sauropsida,46,ADD,other,2,False,0.9666666666666668,0.7142857142857143,30,0,0,0,0,0,0,0,0,False,False,False,False,False
Sauropsida,47,ADD,other,2,False,0.9666666666666668,0.7142857142857143,30,0,0,0,0,0,0,0,2,False,False,False,False,False
Sauropsida,48,ADD,other,2,False,0.9666666666666668,0.7142857142857143,30,0,0,0,0,0,0,0,0,False,False,False,False,False
Sauropsida,49,ADD,other,2,False,0.9666666666666668,0.7142857142857143,30,0,0,0,0,0,0,0,0,False,False,False,False,False
Sauropsida,50,ADD,other,2,False,1.0,0.7142857142857143,30,0,0,0,0,0,0,0,0,False,False,False,False,False
Sauropsida,51,ADD,other,3,True,1.0,1.0,42,0,0,0,0,0,0,0,0,False,False,False,False,False
Sauropsida,52,ADD,other,3,True,1.0,1.0,42,0,0,0,0,0,0,0,0,False,False,False,False,False
Sauropsida,53,ADD,other,3,True,1.0,1.0,42,0,0,0,0,0,0,0,3,False,False,False,False,True
Sauropsida,54,ADD,other,3,True,1.0,1.0,42,0,0,0,0,0,0,0,0,False,False,False,False,False
Sauropsida,55,ADD,other,3,True,1.0,1.0,42,0,0,0,0,0,0,0,3,False,False,False,False,True
Sauropsida,56,ADD,other,3,True,1.0,1.0,42,0,0,0,0,0,0,0,0,False,False,False,False,False
Sauropsida,57,ADD,other,3,True,1.0,1.0,42,0,0,0,0,0,0,0,0,False,False,False,False,False
Sauropsida,58,ADD,other,3,True,1.0,1.0,42,0,0,0,0,0,0,0,0,False,False,False,False,False
Sauropsida,59,ADD,other,3,True,1.0,1.0,42,0,0,0,0,0,0,0,0,False,False,False,False,False
Sauropsida,60,ADD,other,3,True,1.0,1.0,42,0,0,0,0,0,0,0,0,False,False,False,False,False
Sauropsida,61,ADD,other,3,True,1.0,1.0,42,0,0,0,0,0,0,0,0,False,False,False,False,False
Sauropsida,62,ADD,other,3,True,1.0,1.0,42,0,0,0,0,0,0,0,3,False,False,False,False,True
Sauropsida,63,ADD,other,3,True,1.0,1.0,42,0,0,0,0,0,0,0,0,False,False,False,False,False
Sauropsida,64,ADD,other,3,True,1.0,1.0,42,0,0,0,0,0,0,0,0,False,False,False,False,False
Sauropsida,65,ADD,other,3,True,1.0,1.0,42,0,0,0,0,0,0,0,3,False,False,False,False,True
Sauropsida,66,ADD,other,3,True,1.0,1.0,42,0,0,0,0,0,0,0,3,False,False,False,False,True
Sauropsida,67,ADD,other,3,True,1.0,1.0,42,0,0,0,0,0,0,0,0,False,False,False,False,False
Sauropsida,68,ADD,other,3,True,1.0,1.0,42,0,0,0,0,0,0,0,3,False,False,False,False,True
Sauropsida,69,ADD,other,3,True,1.0,1.0,42,0,0,0,0,0,0,0,3,False,False,False,False,True
Sauropsida,70,ADD,other,3,True,1.0,1.0,42,0,0,0,0,0,0,0,0,False,False,False,False,False
Sauropsida,71,ADD,other,3,True,1.0,1.0,42,0,0,0,0,0,0,0,0,False,False,False,False,False
Sauropsida,72,ADD,other,3,True,1.0,1.0,42,0,0,0,0,0,0,0,3,False,False,False,False,True
Sauropsida,73,ADD,other,3,True,1.0,1.0,42,0,0,0,0,0,0,0,3,False,False,False,False,True
Sauropsida,74,ADD,other,3,True,1.0,1.0,42,0,0,0,0,0,0,0,0,False,False,False,False,False
Sauropsida,75,ADD,other,3,True,1.0,1.0,42,0,0,0,0,0,0,0,3,False,False,False,False,True
Sauropsida,76,ADD,other,3,True,1.0,1.0,42,0,0,0,0,0,0,0,3,False,False,False,False,True
Sauropsida,77,ADD,other,3,True,1.0,1.0,42,0,0,0,0,0,0,0,3,False,False,False,False,True
Sauropsida,78,ADD,other,3,True,1.0,1.0,42,0,0,0,0,0,0,0,3,False,False,False,False,True
Sauropsida,79,ADD,other,3,True,1.0,1.0,42,0,0,0,0,0,0,0,0,False,False,False,False,False
Sauropsida,80,ADD,other,3,True,1.0,1.0,42,0,0,0,0,0,0,0,0,False,False,False,False,False
Sauropsida,81,ADD,other,3,True,1.0,1.0,42,0,0,0,0,0,0,0,3,False,False,False,False,True
Sauropsida,82,ADD,other,3,True,1.0,1.0,42,0,0,0,0,0,0,0,3,False,False,False,False,True
Sauropsida,83,ADD,other,3,True,1.0,1.0,42,0,0,0,0,0,0,0,0,False,False,False,False,False
Sauropsida,84,ADD,other,3,True,1.0,1.0,42,0,0,0,0,0,0,0,3,False,False,False,False,True
Sauropsida,85,ADD,other,3,True,1.0,1.0,42,0,0,0,0,0,0,0,3,False,False,False,False,True
Sauropsida,86,ADD,other,3,True,1.0,1.0,42,0,0,0,0,0,0,0,3,False,False,False,False,True
Sauropsida,87,ADD,other,3,True,1.0,1.0,42,0,0,0,0,0,0,0,3,False,False,False,False,True
Sauropsida,88,ADD,other,3,True,1.0,1.0,42,0,0,0,0,0,0,0,3,False,False,False,False,True
Sauropsida,89,ADD,other,3,True,1.0,1.0,42,0,0,0,0,0,0,0,0,False,False,False,False,False
Sauropsida,90,ADD,other,3,True,1.0,1.0,42,0,0,0,0,0,0,0,3,False,False,False,False,True
Sauropsida,91,ADD,other,3,True,1.0,1.0,42,0,0,0,0,0,0,0,3,False,False,False,False,True
Sauropsida,92,ADD,other,3,True,1.0,1.0,42,0,0,0,0,0,0,0,0,False,False,False,False,False
Sauropsida,93,ADD,other,3,True,1.0,1.0,42,0,0,0,0,0,0,0,3,False,False,False,False,True
Sauropsida,94,ADD,other,3,True,1.0,1.0,42,0,0,0,0,0,0,0,0,False,False,False,False,False
Sauropsida,95,ADD,other,3,True,1.0,1.0,42,0,0,0,0,0,0,0,3,False,False,False,False,True
Sauropsida,96,ADD,other,3,True,1.0,1.0,42,0,0,0,0,0,0,0,0,False,False,False,False,False
Sauropsida,97,ADD,other,3,True,1.0,1.0,42,0,0,0,0,0,0,0,3,False,False,False,False,True
Sauropsida,98,ADD,other,3,True,1.0,1.0,42,0,0,0,0,0,0,0,0,False,False,False,False,False
Sauropsida,99,ADD,other,3,True,1.0,1.0,42,0,0,0,0,0,0,0,3,False,False,False,False,True
Sauropsida,100,ADD,other,3,True,1.0,1.0,42,0,0,0,0,0,0,0,3,False,False,False,False,True
Sauropsida,101,ADD,other,3,True,1.0,1.0,42,0,0,0,0,0,0,0,3,False,False,False,False,True
Sauropsida,102,ADD,other,3,True,1.0,1.0,42,0,0,0,0,0,0,0,3,False,False,False,False,True
Sauropsida,103,ADD,other,3,True,1.0,1.0,42,0,0,0,0,0,0,0,0,False,False,False,False,False
Sauropsida,104,ADD,other,3,True,1.0,1.0,42,0,0,0,0,0,0,0,0,False,False,False,False,False
Sauropsida,105,ADD,other,3,True,1.0,1.0,42,0,0,0,0,0,0,0,3,False,False,False,False,True
Sauropsida,106,ADD,other,3,True,1.0,1.0,42,0,0,0,0,0,0,0,0,False,False,False,False,False
Sauropsida,107,ADD,other,3,True,1.0,1.0,42,0,0,0,0,0,0,0,2,False,False,False,False,True
Sauropsida,108,ADD,other,3,True,1.0,1.0,42,0,0,0,0,0,0,0,3,False,False,False,False,True
Sauropsida,109,ADD,other,3,True,1.0,1.0,42,0,0,0,0,0,0,0,3,False,False,False,False,True
Sauropsida,110,ADD,other,3,True,1.0,1.0,42,0,0,0,0,0,0,0,0,False,False,False,False,False
Sauropsida,111,ADD,other,3,True,1.0,1.0,42,0,0,0,0,0,0,0,0,False,False,False,False,False
Sauropsida,112,ADD,other,3,True,1.0,1.0,42,0,0,0,0,0,0,0,0,False,False,False,False,False
Sauropsida,113,ADD,other,3,True,1.0,1.0,42,0,0,0,0,0,0,0,3,False,False,False,False,True
Sauropsida,114,ADD,other,3,True,1.0,1.0,42,0,0,0,0,0,0,0,0,False,False,False,False,False
Sauropsida,115,ADD,other,3,True,1.0,1.0,42,0,0,0,0,0,0,0,3,False,False,False,False,True
Sauropsida,116,ADD,other,3,True,1.0,1.0,42,0,0,0,0,0,0,0,0,False,False,False,False,False
Sauropsida,117,ADD,other,3,True,1.0,1.0,42,0,0,0,0,0,0,0,0,False,False,False,False,False
Sauropsida,118,ADD,other,3,True,1.0,1.0,42,0,0,0,0,0,0,0,3,False,False,False,False,True
Sauropsida,119,ADD,other,3,True,1.0,1.0,42,0,0,0,0,0,0,0,0,False,False,False,False,False
Sauropsida,120,ADD,other,3,True,1.0,1.0,42,0,0,0,0,0,0,0,0,False,False,False,False,False
Sauropsida,121,ADD,other,3,True,1.0,1.0,42,0,0,0,0,0,0,0,3,False,False,False,False,True
Sauropsida,122,ADD,other,3,True,1.0,1.0,42,0,0,0,0,0,0,0,0,False,False,False,False,False
Sauropsida,123,ADD,other,3,True,1.0,1.0,42,0,0,0,0,0,0,0,3,False,False,False,False,True
Sauropsida,124,ADD,other,3,True,1.0,1.0,42,0,0,0,0,0,0,0,0,False,False,False,False,False
Sauropsida,125,ADD,other,3,True,1.0,1.0,42,0,0,0,0,0,0,0,3,False,False,False,False,True
Sauropsida,126,ADD,other,3,True,1.0,1.0,42,0,0,0,0,0,0,0,3,False,False,False,False,True
Sauropsida,127,ADD,other,3,True,1.0,1.0,42,0,0,0,0,0,0,0,0,False,False,False,False,False
Sauropsida,128,ADD,other,3,True,1.0,1.0,42,0,0,0,0,0,0,0,0,False,False,False,False,False
Sauropsida,129,ADD,other,3,True,1.0,1.0,42,0,0,0,0,0,0,0,3,False,False,False,False,True
Sauropsida,130,ADD,other,3,True,1.0,1.0,42,0,0,0,0,0,0,0,0,False,False,False,False,False
Sauropsida,131,ADD,other,3,True,1.0,1.0,42,0,0,0,0,0,0,0,0,False,False,False,False,False
Sauropsida,132,ADD,other,3,True,1.0,1.0,42,0,0,0,0,0,0,0,0,False,False,False,False,False
Sauropsida,133,ADD,other,3,True,1.0,1.0,42,0,0,0,0,0,0,0,0,False,False,False,False,False
Sauropsida,134,ADD,other,3,True,1.0,1.0,42,0,0,0,0,0,0,0,0,False,False,False,False,False
Sauropsida,135,ADD,other,3,True,1.0,1.0,42,0,0,0,0,0,0,0,0,False,False,False,False,False
Sauropsida,136,ADD,other,3,True,1.0,1.0,42,0,0,0,0,0,0,0,0,False,False,False,False,False
Sauropsida,137,ADD,other,3,True,1.0,1.0,42,0,0,0,0,0,0,0,0,False,False,False,False,False
Sauropsida,138,ADD,other,3,True,1.0,1.0,42,0,0,0,0,0,0,0,0,False,False,False,False,False
Sauropsida,139,ADD,other,3,True,1.0,1.0,42,0,0,0,0,0,0,0,0,False,False,False,False,False
Sauropsida,140,ADD,other,3,True,1.0,1.0,42,0,0,0,0,0,0,0,0,False,False,False,False,False
Sauropsida,141,ADD,other,3,True,1.0,1.0,42,0,0,0,0,0,0,0,0,False,False,False,False,False
Sauropsida,142,ADD,other,3,True,1.0,1.0,42,0,0,0,0,0,0,0,3,False,False,False,False,True
Sauropsida,143,ADD,other,3,True,1.0,1.0,42,0,0,0,0,0,0,0,0,False,False,False,False,False
Sauropsida,144,ADD,other,3,True,1.0,1.0,42,0,0,0,0,0,0,0,0,False,False,False,False,False
Sauropsida,145,ADD,other,3,True,1.0,1.0,42,0,0,0,0,0,0,0,3,False,False,False,False,True
Sauropsida,146,ADD,other,3,True,1.0,1.0,42,0,0,0,0,0,0,0,0,False,False,False,False,False
Sauropsida,147,ADD,other,3,True,1.0,1.0,42,0,0,0,0,0,0,0,3,False,False,False,False,True
Sauropsida,148,ADD,other,3,True,1.0,1.0,42,0,0,0,0,0,0,0,0,False,False,False,False,False
Sauropsida,149,ADD,other,3,True,1.0,1.0,42,0,0,0,0,0,0,0,0,False,False,False,False,False
Sauropsida,150,ADD,other,3,True,1.0,1.0,42,0,0,0,0,0,0,0,0,False,False,False,False,False
Sauropsida,151,ADD,other,3,True,1.0,1.0,42,0,0,0,0,0,0,0,0,False,False,False,False,False
Sauropsida,152,ADD,other,3,True,1.0,1.0,42,0,0,0,0,0,0,0,3,False,False,False,False,True
Sauropsida,153,ADD,other,3,True,1.0,1.0,42,0,0,0,0,0,0,0,0,False,False,False,False,False
Sauropsida,154,ADD,other,3,True,1.0,1.0,42,0,0,0,0,0,0,0,3,False,False,False,False,True
Sauropsida,155,ADD,other,3,True,1.0,1.0,42,0,0,0,0,0,0,0,0,False,False,False,False,False
Sauropsida,156,ADD,other,3,True,1.0,1.0,42,0,0,0,0,0,0,0,0,False,False,False,False,False
Sauropsida,157,ADD,other,3,True,1.0,1.0,42,0,0,0,0,0,0,0,0,False,False,False,False,False
Sauropsida,158,ADD,other,3,True,1.0,1.0,42,0,0,0,0,0,0,0,0,False,False,False,False,False
Sauropsida,159,ADD,other,3,True,1.0,1.0,42,0,0,0,0,0,0,0,0,False,False,False,False,False
Sauropsida,160,ADD,other,3,True,1.0,1.0,42,0,0,0,0,0,0,0,0,False,False,False,False,False
Sauropsida,161,ADD,other,3,True,1.0,1.0,42,0,0,0,0,0,0,0,0,False,False,False,False,False
Sauropsida,162,ADD,other,3,True,1.0,1.0,42,0,0,0,0,0,0,0,0,False,False,False,False,False
Sauropsida,163,ADD,other,3,True,1.0,1.0,42,0,0,0,0,0,0,0,0,False,False,False,False,False
Sauropsida,164,ADD,other,3,True,1.0,1.0,42,0,0,0,0,0,0,0,0,False,False,False,False,False
Sauropsida,165,ADD,other,3,True,1.0,1.0,42,0,0,0,0,0,0,0,3,False,False,False,False,True
Sauropsida,166,ADD,other,3,True,1.0,1.0,42,0,0,0,0,0,0,0,0,False,False,False,False,False
Sauropsida,167,ADD,other,3,True,1.0,1.0,42,0,0,0,0,0,0,0,0,False,False,False,False,False
Sauropsida,168,ADD,other,3,True,1.0,1.0,42,0,0,0,0,0,0,0,3,False,False,False,False,True
Sauropsida,169,ADD,other,3,True,1.0,1.0,42,0,0,0,0,0,0,0,0,False,False,False,False,False
Sauropsida,170,ADD,other,3,True,1.0,1.0,42,0,0,0,0,0,0,0,0,False,False,False,False,False
Sauropsida,171,ADD,other,3,True,1.0,1.0,42,0,0,0,0,0,0,0,3,False,False,False,False,True
Sauropsida,172,ADD,other,3,True,1.0,1.0,42,0,0,0,0,0,0,0,3,False,False,False,False,True
Sauropsida,174,linker,other,3,False,0.7560975609756098,0.9761904761904762,41,0,0,0,0,0,0,0,0,False,False,False,False,False
Sauropsida,175,linker,other,3,False,0.7297297297297297,0.8809523809523809,37,0,0,0,0,0,0,0,0,False,False,False,False,False
Sauropsida,176,linker,other,3,False,0.7619047619047619,1.0,42,0,0,0,0,0,0,0,0,False,False,False,False,False
Sauropsida,177,linker,other,3,True,1.0,1.0,42,0,0,0,0,0,0,0,0,False,False,False,False,False
Sauropsida,178,C_terminal_MTase_like,other,3,True,1.0,1.0,42,0,0,0,0,0,0,0,0,False,False,False,False,False
Sauropsida,179,C_terminal_MTase_like,other,3,True,1.0,1.0,42,0,0,0,0,0,0,0,0,False,False,False,False,False
Sauropsida,180,C_terminal_MTase_like,other,3,True,1.0,1.0,42,0,0,0,0,0,0,0,0,False,False,False,False,False
Sauropsida,181,C_terminal_MTase_like,other,3,True,1.0,1.0,42,0,0,0,0,0,0,0,3,False,False,False,False,True
Sauropsida,182,C_terminal_MTase_like,other,3,True,1.0,1.0,42,0,0,0,0,0,0,0,3,False,False,False,False,True
Sauropsida,183,C_terminal_MTase_like,other,3,True,1.0,1.0,42,0,0,0,0,0,0,0,0,False,False,False,False,False
Sauropsida,184,C_terminal_MTase_like,other,3,True,1.0,1.0,42,0,0,0,0,0,0,0,0,False,False,False,False,False
Sauropsida,185,C_terminal_MTase_like,other,3,True,1.0,1.0,42,0,0,0,0,0,0,0,0,False,False,False,False,False
Sauropsida,186,C_terminal_MTase_like,other,3,True,1.0,1.0,42,0,0,0,0,0,0,0,0,False,False,False,False,False
Sauropsida,187,C_terminal_MTase_like,other,3,True,1.0,1.0,42,0,0,0,0,0,0,0,0,False,False,False,False,False
Sauropsida,188,C_terminal_MTase_like,other,3,True,1.0,1.0,42,0,0,0,0,0,0,0,3,False,False,False,False,True
Sauropsida,189,C_terminal_MTase_like,other,3,True,1.0,1.0,42,0,0,0,0,0,0,0,0,False,False,False,False,False
Sauropsida,190,C_terminal_MTase_like,other,3,True,1.0,1.0,42,0,0,0,0,0,0,0,0,False,False,False,False,False
Sauropsida,191,C_terminal_MTase_like,other,3,True,1.0,1.0,42,0,0,0,0,0,0,0,3,False,False,False,False,True
Sauropsida,192,C_terminal_MTase_like,other,3,True,1.0,1.0,42,0,0,0,0,0,0,0,0,False,False,False,False,False
Sauropsida,193,C_terminal_MTase_like,other,3,True,1.0,1.0,42,0,0,0,0,0,0,0,0,False,False,False,False,False
Sauropsida,194,C_terminal_MTase_like,other,3,True,1.0,1.0,42,0,0,0,0,0,0,0,0,False,False,False,False,False
Sauropsida,195,C_terminal_MTase_like,other,3,True,1.0,1.0,42,0,0,0,0,0,0,0,3,False,False,False,False,True
Sauropsida,196,C_terminal_MTase_like,other,3,True,1.0,1.0,42,0,0,0,0,0,0,0,0,False,False,False,False,False
Sauropsida,197,C_terminal_MTase_like,other,3,True,1.0,1.0,42,0,0,0,0,0,0,0,0,False,False,False,False,False
Sauropsida,198,C_terminal_MTase_like,other,3,True,1.0,1.0,42,0,0,0,0,0,0,0,3,False,False,False,False,True
Sauropsida,199,C_terminal_MTase_like,other,3,True,1.0,1.0,42,0,0,0,0,0,0,0,0,False,False,False,False,False
Sauropsida,200,C_terminal_MTase_like,other,3,True,1.0,1.0,42,0,0,0,0,0,0,0,0,False,False,False,False,False
Sauropsida,201,C_terminal_MTase_like,other,3,True,1.0,1.0,42,0,0,0,0,0,0,0,0,False,False,False,False,False
Sauropsida,202,C_terminal_MTase_like,other,3,True,1.0,1.0,42,0,0,0,0,0,0,0,3,False,False,False,False,True
Sauropsida,203,C_terminal_MTase_like,other,3,True,1.0,1.0,42,0,0,0,0,0,0,0,0,False,False,False,False,False
Sauropsida,204,C_terminal_MTase_like,other,3,True,1.0,1.0,42,0,0,0,0,0,0,0,0,False,False,False,False,False
Sauropsida,205,C_terminal_MTase_like,other,3,True,1.0,1.0,42,0,0,0,0,0,0,0,0,False,False,False,False,False
Sauropsida,206,C_terminal_MTase_like,other,3,True,1.0,1.0,42,0,0,0,0,0,0,0,0,False,False,False,False,False
Sauropsida,207,C_terminal_MTase_like,other,3,True,1.0,1.0,42,0,0,0,0,0,0,0,3,False,False,False,False,True
Sauropsida,208,C_terminal_MTase_like,other,3,True,1.0,1.0,42,0,0,0,0,0,0,0,3,False,False,False,False,True
Sauropsida,209,C_terminal_MTase_like,other,3,True,1.0,1.0,42,0,0,0,0,0,0,0,3,False,False,False,False,True
Sauropsida,210,C_terminal_MTase_like,other,3,True,1.0,1.0,42,0,0,0,0,0,0,0,0,False,False,False,False,False
Sauropsida,211,C_terminal_MTase_like,other,3,True,1.0,1.0,42,0,0,0,0,0,0,0,0,False,False,False,False,False
Sauropsida,212,C_terminal_MTase_like,other,3,True,1.0,0.9761904761904762,41,0,0,0,0,0,0,0,0,False,False,False,False,False
Sauropsida,213,C_terminal_MTase_like,other,3,True,1.0,0.9761904761904762,41,0,0,0,0,0,0,0,0,False,False,False,False,False
Sauropsida,214,C_terminal_MTase_like,other,3,True,1.0,0.9761904761904762,41,0,0,0,0,0,0,0,0,False,False,False,False,False
Sauropsida,215,C_terminal_MTase_like,other,3,True,1.0,0.9761904761904762,41,0,0,0,0,0,0,0,0,False,False,False,False,False
Sauropsida,216,C_terminal_MTase_like,other,3,True,1.0,0.9761904761904762,41,0,0,0,0,0,0,0,3,False,False,False,False,True
Sauropsida,217,C_terminal_MTase_like,other,3,True,1.0,1.0,42,0,0,0,0,0,0,0,0,False,False,False,False,False
Sauropsida,218,C_terminal_MTase_like,other,3,True,1.0,1.0,42,0,0,0,0,0,0,0,0,False,False,False,False,False
Sauropsida,219,C_terminal_MTase_like,other,3,True,1.0,1.0,42,0,0,0,0,0,0,0,0,False,False,False,False,False
Sauropsida,220,C_terminal_MTase_like,other,3,True,1.0,1.0,42,0,0,0,0,0,0,0,3,False,False,False,False,True
Sauropsida,221,C_terminal_MTase_like,other,3,True,1.0,1.0,42,0,0,0,0,0,0,0,0,False,False,False,False,False
Sauropsida,222,C_terminal_MTase_like,other,3,True,1.0,1.0,42,0,0,0,0,0,0,0,0,False,False,False,False,False
Sauropsida,223,C_terminal_MTase_like,other,3,True,1.0,1.0,42,0,0,0,0,0,0,0,0,False,False,False,False,False
Sauropsida,224,C_terminal_MTase_like,other,3,True,1.0,1.0,42,0,0,0,0,0,0,0,0,False,False,False,False,False
Sauropsida,225,C_terminal_MTase_like,other,3,True,1.0,1.0,42,0,0,0,0,0,0,0,3,False,False,False,False,True
Sauropsida,226,C_terminal_MTase_like,other,3,True,1.0,1.0,42,0,0,0,0,0,0,0,2,False,False,False,False,True
Sauropsida,227,C_terminal_MTase_like,other,3,True,1.0,1.0,42,0,0,0,0,0,0,0,0,False,False,False,False,False
Sauropsida,228,C_terminal_MTase_like,other,3,True,1.0,1.0,42,0,0,0,0,0,0,0,0,False,False,False,False,False
Sauropsida,229,C_terminal_MTase_like,other,3,True,1.0,1.0,42,0,0,0,0,0,0,0,3,False,False,False,False,True
Sauropsida,230,C_terminal_MTase_like,other,3,True,1.0,1.0,42,0,0,0,0,0,0,0,0,False,False,False,False,False
Sauropsida,231,C_terminal_MTase_like,other,3,True,1.0,1.0,42,0,0,0,0,0,0,0,0,False,False,False,False,False
Sauropsida,232,C_terminal_MTase_like,other,3,True,1.0,1.0,42,0,0,0,0,0,0,0,0,False,False,False,False,False
Sauropsida,233,C_terminal_MTase_like,other,3,True,1.0,1.0,42,0,0,0,0,0,0,0,0,False,False,False,False,False
Sauropsida,234,C_terminal_MTase_like,other,3,True,1.0,1.0,42,0,0,0,0,0,0,0,0,False,False,False,False,False
Sauropsida,235,C_terminal_MTase_like,other,3,True,1.0,1.0,42,0,0,0,0,0,0,0,0,False,False,False,False,False
Sauropsida,236,C_terminal_MTase_like,other,3,True,1.0,1.0,42,0,0,0,0,0,0,0,3,False,False,False,False,True
Sauropsida,237,C_terminal_MTase_like,other,3,True,1.0,1.0,42,0,0,0,0,0,0,0,3,False,False,False,False,True
Sauropsida,238,C_terminal_MTase_like,other,3,True,1.0,1.0,42,0,0,0,0,0,0,0,0,False,False,False,False,False
Sauropsida,239,C_terminal_MTase_like,other,3,True,1.0,1.0,42,0,0,0,0,0,0,0,0,False,False,False,False,False
Sauropsida,240,C_terminal_MTase_like,other,3,True,1.0,1.0,42,0,0,0,0,0,0,0,0,False,False,False,False,False
Sauropsida,241,C_terminal_MTase_like,other,3,True,1.0,1.0,42,0,0,0,0,0,0,0,0,False,False,False,False,False
Sauropsida,242,C_terminal_MTase_like,other,3,True,1.0,1.0,42,0,0,0,0,0,0,0,0,False,False,False,False,False
Sauropsida,243,C_terminal_MTase_like,other,3,True,1.0,1.0,42,0,0,0,0,0,0,0,3,False,False,False,False,True
Sauropsida,244,C_terminal_MTase_like,other,3,True,1.0,1.0,42,0,0,0,0,0,0,0,3,False,False,False,False,True
Sauropsida,245,C_terminal_MTase_like,other,3,True,1.0,1.0,42,0,0,0,0,0,0,0,3,False,False,False,False,True
Sauropsida,246,C_terminal_MTase_like,other,3,True,1.0,1.0,42,0,0,0,0,0,0,0,3,False,False,False,False,True
Sauropsida,247,C_terminal_MTase_like,other,3,True,1.0,1.0,42,0,0,0,0,0,0,0,3,False,False,False,False,True
Sauropsida,248,C_terminal_MTase_like,other,3,True,1.0,1.0,42,0,0,0,0,0,0,0,0,False,False,False,False,False
Sauropsida,249,C_terminal_MTase_like,other,3,True,1.0,1.0,42,0,0,0,0,0,0,0,0,False,False,False,False,False
Sauropsida,250,C_terminal_MTase_like,other,3,True,1.0,1.0,42,0,0,0,0,0,0,0,0,False,False,False,False,False
Sauropsida,251,C_terminal_MTase_like,other,3,True,1.0,1.0,42,0,0,0,0,0,0,0,3,False,False,False,False,True
Sauropsida,252,C_terminal_MTase_like,other,3,True,1.0,1.0,42,0,0,0,0,0,0,0,3,False,False,False,False,True
Sauropsida,253,C_terminal_MTase_like,other,3,True,1.0,1.0,42,0,0,0,0,0,0,0,0,False,False,False,False,False
Sauropsida,254,C_terminal_MTase_like,other,3,True,1.0,1.0,42,0,0,0,0,0,0,0,2,False,False,False,False,True
Sauropsida,255,C_terminal_MTase_like,other,3,True,1.0,1.0,42,0,0,0,0,0,0,0,3,False,False,False,False,True
Sauropsida,256,C_terminal_MTase_like,other,3,True,1.0,1.0,42,0,0,0,0,0,0,0,0,False,False,False,False,False
Sauropsida,257,C_terminal_MTase_like,other,3,True,1.0,1.0,42,0,0,0,0,0,0,0,3,False,False,False,False,True
Sauropsida,258,C_terminal_MTase_like,other,3,True,1.0,1.0,42,0,0,0,0,0,0,0,0,False,False,False,False,False
Sauropsida,259,C_terminal_MTase_like,other,3,True,1.0,1.0,42,0,0,0,0,0,0,0,3,False,False,False,False,True
Sauropsida,260,C_terminal_MTase_like,other,3,True,1.0,1.0,42,0,0,0,0,0,0,0,0,False,False,False,False,False
Sauropsida,261,C_terminal_MTase_like,other,3,True,1.0,1.0,42,0,0,0,0,0,0,0,3,False,False,False,False,True
Sauropsida,262,C_terminal_MTase_like,other,3,True,1.0,1.0,42,0,0,0,0,0,0,0,3,False,False,False,False,True
Sauropsida,263,C_terminal_MTase_like,other,3,True,1.0,1.0,42,0,0,0,0,0,0,0,3,False,False,False,False,True
Sauropsida,264,C_terminal_MTase_like,other,3,True,1.0,1.0,42,0,0,0,0,0,0,0,0,False,False,False,False,False
Sauropsida,265,C_terminal_MTase_like,other,3,True,1.0,1.0,42,0,0,0,0,0,0,0,3,False,False,False,False,True
Sauropsida,266,C_terminal_MTase_like,other,3,True,1.0,1.0,42,0,0,0,0,0,0,0,1,False,False,False,False,False
Sauropsida,267,C_terminal_MTase_like,other,3,True,1.0,1.0,42,0,0,0,0,0,0,0,0,False,False,False,False,False
Sauropsida,268,C_terminal_MTase_like,other,3,True,1.0,1.0,42,0,0,0,0,0,0,0,0,False,False,False,False,False
Sauropsida,269,C_terminal_MTase_like,other,3,True,1.0,1.0,42,0,0,0,0,0,0,0,3,False,False,False,False,True
Sauropsida,270,C_terminal_MTase_like,other,3,True,1.0,1.0,42,0,0,0,0,0,0,0,0,False,False,False,False,False
Sauropsida,271,C_terminal_MTase_like,other,3,True,1.0,1.0,42,0,1,0,0,0,0,0,0,False,False,False,False,False
Sauropsida,272,C_terminal_MTase_like,other,3,True,1.0,1.0,42,0,0,0,0,0,0,0,0,False,False,False,False,False
Sauropsida,273,C_terminal_MTase_like,other,3,True,1.0,1.0,42,0,0,0,0,0,0,0,0,False,False,False,False,False
Sauropsida,274,C_terminal_MTase_like,other,3,True,1.0,1.0,42,0,0,0,0,0,0,0,0,False,False,False,False,False
Sauropsida,275,C_terminal_MTase_like,other,1,False,1.0,0.7380952380952381,31,0,0,0,0,0,0,0,0,False,False,False,False,False
Sauropsida,276,C_terminal_MTase_like,other,1,False,1.0,0.7619047619047619,32,0,0,0,0,0,0,0,1,False,False,False,False,False
Sauropsida,278,C_terminal_MTase_like,other,2,False,1.0,0.7619047619047619,32,0,0,0,0,0,0,0,0,False,False,False,False,False
Sauropsida,279,C_terminal_MTase_like,other,2,False,1.0,0.7619047619047619,32,0,0,0,0,0,0,0,0,False,False,False,False,False
Sauropsida,280,C_terminal_MTase_like,other,3,True,1.0,1.0,42,0,0,0,0,0,0,0,3,False,False,False,False,True
Sauropsida,281,C_terminal_MTase_like,other,3,True,1.0,1.0,42,0,0,0,0,0,0,0,3,False,False,False,False,True
Sauropsida,282,C_terminal_MTase_like,other,3,True,1.0,1.0,42,0,0,0,0,0,0,0,0,False,False,False,False,False
Sauropsida,283,C_terminal_MTase_like,other,3,True,1.0,1.0,42,0,0,0,0,0,0,0,0,False,False,False,False,False
Sauropsida,284,C_terminal_MTase_like,other,3,True,1.0,1.0,42,0,0,0,0,0,0,0,0,False,False,False,False,False
Sauropsida,285,C_terminal_MTase_like,other,3,True,1.0,1.0,42,0,0,0,0,0,0,0,0,False,False,False,False,False
Sauropsida,286,C_terminal_MTase_like,other,3,True,1.0,1.0,42,0,0,0,0,0,0,0,3,False,False,False,False,True
Sauropsida,287,C_terminal_MTase_like,other,3,True,1.0,1.0,42,0,0,0,0,0,0,0,3,False,False,False,False,True
Sauropsida,288,C_terminal_MTase_like,other,3,True,1.0,1.0,42,0,0,0,0,0,0,0,2,False,False,False,False,True
Sauropsida,289,C_terminal_MTase_like,other,3,True,1.0,1.0,42,0,0,0,0,0,0,0,3,False,False,False,False,True
Sauropsida,290,C_terminal_MTase_like,other,3,True,1.0,1.0,42,0,0,0,0,0,0,0,3,False,False,False,False,True
Sauropsida,291,C_terminal_MTase_like,other,3,True,1.0,1.0,42,0,0,0,0,0,0,0,0,False,False,False,False,False
Sauropsida,292,C_terminal_MTase_like,other,3,True,1.0,1.0,42,0,0,0,0,0,0,0,0,False,False,False,False,False
Sauropsida,293,C_terminal_MTase_like,other,3,True,1.0,1.0,42,0,0,0,0,0,0,0,0,False,False,False,False,False
Sauropsida,294,C_terminal_MTase_like,other,3,True,1.0,1.0,42,0,0,0,0,0,0,0,0,False,False,False,False,False
Sauropsida,295,C_terminal_MTase_like,other,3,True,1.0,1.0,42,0,0,0,0,0,0,0,3,False,False,False,False,True
Sauropsida,296,C_terminal_MTase_like,other,3,True,1.0,1.0,42,0,0,0,0,0,0,0,0,False,False,False,False,False
Sauropsida,297,C_terminal_MTase_like,other,3,True,1.0,1.0,42,0,0,0,0,0,0,0,0,False,False,False,False,False
Sauropsida,298,C_terminal_MTase_like,other,3,True,1.0,1.0,42,0,0,0,0,0,0,0,2,False,False,False,False,True
Sauropsida,299,C_terminal_MTase_like,other,3,True,1.0,1.0,42,0,0,0,0,0,0,0,3,False,False,False,False,True
Sauropsida,300,C_terminal_MTase_like,other,3,True,1.0,1.0,42,0,0,0,0,0,0,0,3,False,False,False,False,True
Sauropsida,301,C_terminal_MTase_like,other,3,True,1.0,1.0,42,0,0,0,0,0,0,0,3,False,False,False,False,True
Sauropsida,302,C_terminal_MTase_like,other,3,True,1.0,1.0,42,0,0,0,0,0,0,0,0,False,False,False,False,False
Sauropsida,303,C_terminal_MTase_like,other,3,True,1.0,1.0,42,0,0,0,0,0,0,0,0,False,False,False,False,False
Sauropsida,304,C_terminal_MTase_like,other,3,True,1.0,0.9761904761904762,41,0,0,0,0,0,0,0,0,False,False,False,False,False
Sauropsida,305,C_terminal_MTase_like,other,3,True,1.0,0.9761904761904762,41,0,0,0,0,0,0,0,3,False,False,False,False,True
Sauropsida,306,C_terminal_MTase_like,other,3,True,1.0,0.9761904761904762,41,0,0,0,0,0,0,0,2,False,False,False,False,True
Sauropsida,307,C_terminal_MTase_like,other,3,True,1.0,0.9761904761904762,41,0,0,0,0,0,0,0,0,False,False,False,False,False
Sauropsida,308,C_terminal_MTase_like,other,3,True,1.0,0.9761904761904762,41,0,0,0,0,0,0,0,0,False,False,False,False,False
Sauropsida,309,C_terminal_MTase_like,other,3,True,1.0,0.9761904761904762,41,0,0,0,0,0,0,0,0,False,False,False,False,False
Sauropsida,310,C_terminal_MTase_like,other,3,True,1.0,0.9761904761904762,41,0,0,0,0,0,2,1,0,False,False,True,False,False
Sauropsida,311,C_terminal_MTase_like,other,3,True,1.0,0.9761904761904762,41,0,0,0,0,0,0,0,0,False,False,False,False,False
Sauropsida,312,C_terminal_MTase_like,other,3,True,1.0,0.9761904761904762,41,0,0,0,0,0,0,0,0,False,False,False,False,False
Sauropsida,313,C_terminal_MTase_like,other,3,True,1.0,0.9761904761904762,41,0,0,0,0,0,0,0,0,False,False,False,False,False
Sauropsida,314,C_terminal_MTase_like,other,3,True,1.0,0.9761904761904762,41,0,0,0,0,0,0,0,0,False,False,False,False,False
Sauropsida,315,C_terminal_MTase_like,other,3,True,1.0,0.9761904761904762,41,0,0,0,0,0,0,0,0,False,False,False,False,False
Sauropsida,316,C_terminal_MTase_like,other,3,True,1.0,0.9761904761904762,41,0,0,0,0,0,0,0,0,False,False,False,False,False
Sauropsida,317,C_terminal_MTase_like,other,3,True,1.0,0.9761904761904762,41,0,0,0,0,0,0,0,0,False,False,False,False,False
Sauropsida,318,C_terminal_MTase_like,other,3,True,1.0,0.9761904761904762,41,0,0,0,0,0,0,0,0,False,False,False,False,False
Sauropsida,319,C_terminal_MTase_like,other,3,True,1.0,0.9761904761904762,41,0,0,0,0,0,0,0,3,False,False,False,False,True
Sauropsida,320,C_terminal_MTase_like,other,3,True,1.0,0.9761904761904762,41,0,0,0,0,0,0,0,0,False,False,False,False,False
Sauropsida,321,C_terminal_MTase_like,other,3,True,1.0,0.9761904761904762,41,0,0,0,0,0,0,0,0,False,False,False,False,False
Sauropsida,322,C_terminal_MTase_like,other,3,True,1.0,0.9761904761904762,41,0,0,0,0,0,0,0,3,False,False,False,False,True
Sauropsida,323,C_terminal_MTase_like,other,3,True,1.0,0.9761904761904762,41,0,0,0,0,0,0,0,2,False,False,False,False,True
Sauropsida,324,C_terminal_MTase_like,other,3,True,1.0,0.9761904761904762,41,0,0,0,0,0,0,0,1,False,False,False,False,False
Sauropsida,325,C_terminal_MTase_like,other,3,True,1.0,0.9761904761904762,41,0,0,0,0,0,0,0,3,False,False,False,False,True
Sauropsida,326,C_terminal_MTase_like,other,3,True,1.0,0.9761904761904762,41,0,0,0,0,0,0,0,3,False,False,False,False,True
Sauropsida,327,C_terminal_MTase_like,other,3,True,1.0,0.9761904761904762,41,0,0,0,0,0,0,0,3,False,False,False,False,True
Sauropsida,328,C_terminal_MTase_like,other,3,True,1.0,0.9761904761904762,41,0,0,0,0,0,0,0,3,False,False,False,False,True
Sauropsida,329,C_terminal_MTase_like,other,3,True,1.0,0.9761904761904762,41,0,0,0,0,0,0,0,0,False,False,False,False,False
Sauropsida,330,C_terminal_MTase_like,other,3,True,1.0,0.9761904761904762,41,0,0,0,0,0,0,0,3,False,False,False,False,True
Sauropsida,331,C_terminal_MTase_like,other,2,False,,0.0,0,0,0,0,0,0,0,0,0,False,False,False,False,False
Sauropsida,332,C_terminal_MTase_like,other,3,False,0.0,0.9761904761904762,41,0,0,0,0,0,0,0,0,False,False,False,False,False
Sauropsida,333,C_terminal_MTase_like,other,2,False,,0.0,0,0,0,0,0,0,0,0,0,False,False,False,False,False
Sauropsida,334,C_terminal_MTase_like,other,3,False,0.0,0.9523809523809524,40,0,0,0,0,0,0,0,0,False,False,False,False,False
Sauropsida,335,C_terminal_MTase_like,other,3,False,0.0,0.9523809523809524,40,0,0,0,0,0,0,0,2,False,False,False,False,False
Sauropsida,336,C_terminal_MTase_like,other,3,False,0.05,0.9523809523809524,40,0,0,0,0,0,0,0,0,False,False,False,False,False
Sauropsida,337,C_terminal_MTase_like,other,3,False,0.0,0.9523809523809524,40,0,0,0,0,0,0,0,1,False,False,False,False,False
Sauropsida,338,C_terminal_MTase_like,other,3,False,0.025,0.9523809523809524,40,0,0,0,0,0,0,0,0,False,False,False,False,False
Sauropsida,339,C_terminal_MTase_like,other,2,False,,0.0,0,0,0,0,0,0,0,0,0,False,False,False,False,False
Sauropsida,340,C_terminal_MTase_like,other,2,False,,0.0,0,0,0,0,0,0,0,0,0,False,False,False,False,False
Sauropsida,341,C_terminal_MTase_like,switching_helix,2,False,,0.0,0,0,0,0,0,0,0,0,2,False,False,False,False,False
Sauropsida,342,C_terminal_MTase_like,switching_helix,2,False,,0.0,0,0,1,1,0,0,0,0,0,False,False,False,False,False
Sauropsida,343,C_terminal_MTase_like,switching_helix,3,True,1.0,0.9523809523809524,40,0,0,0,0,0,0,0,0,False,False,False,False,False
Sauropsida,344,C_terminal_MTase_like,switching_helix,3,True,1.0,0.9523809523809524,40,0,0,0,0,0,0,0,2,False,False,False,False,True
Sauropsida,345,C_terminal_MTase_like,switching_helix,3,True,1.0,0.9523809523809524,40,0,0,0,0,0,0,0,0,False,False,False,False,False
Sauropsida,346,C_terminal_MTase_like,switching_helix,3,True,1.0,0.9523809523809524,40,0,0,0,0,0,0,0,0,False,False,False,False,False
Sauropsida,347,C_terminal_MTase_like,switching_helix,3,True,1.0,0.9523809523809524,40,0,0,0,0,0,0,0,0,False,False,False,False,False
Sauropsida,348,C_terminal_MTase_like,switching_helix,3,True,0.975609756097561,0.9761904761904762,41,0,0,0,0,0,0,0,0,False,False,False,False,False
Sauropsida,349,C_terminal_MTase_like,switching_helix,3,True,0.975609756097561,0.9761904761904762,41,0,0,0,0,0,0,0,0,False,False,False,False,False
Sauropsida,350,C_terminal_MTase_like,switching_helix,3,True,1.0,0.9761904761904762,41,0,0,0,0,0,0,0,0,False,False,False,False,False
Sauropsida,351,C_terminal_MTase_like,switching_helix,3,True,0.975609756097561,0.9761904761904762,41,0,0,0,0,0,0,0,3,False,False,False,False,True
Sauropsida,352,C_terminal_MTase_like,switching_helix,2,False,0.9375,0.7619047619047619,32,0,0,0,0,0,0,0,0,False,False,False,False,False
Sauropsida,353,C_terminal_MTase_like,switching_helix,3,True,0.951219512195122,0.9761904761904762,41,0,0,0,0,0,0,0,0,False,False,False,False,False
Sauropsida,354,C_terminal_MTase_like,switching_helix,3,True,0.9285714285714286,1.0,42,0,0,0,0,0,0,0,0,False,False,False,False,False
Sauropsida,355,C_terminal_MTase_like,switching_helix,3,True,0.951219512195122,0.9761904761904762,41,0,0,0,0,0,0,0,0,False,False,False,False,False
Sauropsida,356,C_terminal_MTase_like,switching_helix_adjacent_loop,3,True,0.975,0.9523809523809524,40,0,0,0,0,0,0,0,2,False,False,False,False,True
Sauropsida,357,C_terminal_MTase_like,switching_helix_adjacent_loop,3,True,0.975,0.9523809523809524,40,0,0,0,0,0,0,0,0,False,False,False,False,False
Sauropsida,358,C_terminal_MTase_like,switching_helix_adjacent_loop,3,True,0.975,0.9523809523809524,40,0,0,0,0,0,0,0,0,False,False,False,False,False
Sauropsida,359,C_terminal_MTase_like,switching_helix_adjacent_loop,3,True,0.975,0.9523809523809524,40,0,0,0,0,0,0,0,0,False,False,False,False,False
Sauropsida,360,C_terminal_MTase_like,switching_helix_adjacent_loop,3,True,0.975,0.9523809523809524,40,0,0,0,0,0,0,0,1,False,False,False,False,False
Sauropsida,361,C_terminal_MTase_like,other,3,True,1.0,0.9523809523809524,40,0,0,0,0,0,0,0,3,False,False,False,False,True
Sauropsida,362,C_terminal_MTase_like,other,3,True,1.0,0.9285714285714286,39,0,0,0,0,0,0,0,0,False,False,False,False,False
Sauropsida,363,C_terminal_MTase_like,other,3,True,1.0,0.9285714285714286,39,0,0,0,0,0,0,0,1,False,False,False,False,False
Sauropsida,364,C_terminal_MTase_like,other,3,True,1.0,0.9285714285714286,39,0,0,0,0,0,0,0,0,False,False,False,False,False
Sauropsida,365,C_terminal_MTase_like,other,3,True,1.0,0.9285714285714286,39,0,0,0,0,0,0,0,0,False,False,False,False,False
Sauropsida,366,C_terminal_MTase_like,other,3,True,1.0,0.9047619047619048,38,0,0,0,0,0,0,0,1,False,False,False,False,False
Sauropsida,367,C_terminal_MTase_like,other,3,True,1.0,0.9047619047619048,38,0,0,0,0,0,0,0,0,False,False,False,False,False
Sauropsida,368,C_terminal_MTase_like,other,3,True,1.0,0.9047619047619048,38,0,0,0,0,0,0,0,0,False,False,False,False,False
Sauropsida,369,C_terminal_MTase_like,other,3,True,1.0,0.9047619047619048,38,0,0,0,0,0,3,1,0,False,False,True,False,False
Sauropsida,370,C_terminal_MTase_like,other,3,True,1.0,0.9047619047619048,38,0,0,0,0,0,0,0,0,False,False,False,False,False
Sauropsida,371,C_terminal_MTase_like,other,3,True,1.0,0.9047619047619048,38,0,0,0,0,0,0,0,3,False,False,False,False,True
Sauropsida,372,C_terminal_MTase_like,other,3,True,1.0,0.9047619047619048,38,0,0,0,0,0,0,0,0,False,False,False,False,False
Sauropsida,373,C_terminal_MTase_like,other,3,True,1.0,0.9047619047619048,38,0,0,0,0,0,0,0,0,False,False,False,False,False
Sauropsida,374,C_terminal_MTase_like,other,3,True,1.0,0.9047619047619048,38,0,0,0,0,0,0,0,0,False,False,False,False,False
Sauropsida,375,C_terminal_MTase_like,other,3,True,0.9743589743589745,0.9285714285714286,39,0,0,0,0,0,0,0,0,False,False,False,False,False
Sauropsida,376,C_terminal_MTase_like,other,3,True,0.95,0.9523809523809524,40,0,0,0,0,0,0,0,0,False,False,False,False,False
Sauropsida,377,C_terminal_MTase_like,other,3,True,1.0,0.9523809523809524,40,0,0,0,0,0,0,0,2,False,False,False,False,True
Sauropsida,378,C_terminal_MTase_like,other,3,True,0.95,0.9523809523809524,40,0,0,0,0,0,0,0,0,False,False,False,False,False
Sauropsida,379,C_terminal_MTase_like,other,3,True,0.951219512195122,0.9761904761904762,41,0,0,0,0,0,0,0,0,False,False,False,False,False
Sauropsida,380,C_terminal_MTase_like,other,3,True,0.918918918918919,0.8809523809523809,37,0,0,0,0,0,2,2,0,False,False,True,True,False
