Scope,Human_Position,Domain,Structural_Region,Resolved_Tips,Minimum_AA_Changes,Minimum_Changes_Per_100_Resolved,Aligners_Retaining_Site,All_Three_Resolved_N,All_Three_Resolved_Fraction,All_Three_Exact_Among_Resolved,Alignment_Stable
Placentalia,1,N_terminal,other,172,3,1.744186046511628,2,142,0.6666666666666666,0.7746478873239436,False
Placentalia,2,N_terminal,other,169,14,8.284023668639053,2,141,0.6619718309859155,0.7943262411347518,False
Placentalia,6,N_terminal,other,192,56,29.166666666666668,2,21,0.0985915492957746,0.9523809523809524,False
Placentalia,7,N_terminal,other,193,24,12.435233160621761,2,151,0.7089201877934272,0.9006622516556292,False
Placentalia,8,N_terminal,other,194,17,8.762886597938145,3,187,0.8779342723004695,0.8716577540106952,False
Placentalia,9,N_terminal,other,190,18,9.473684210526315,3,186,0.8732394366197183,0.8602150537634409,False
Placentalia,10,N_terminal,other,190,18,9.473684210526315,3,188,0.8826291079812206,0.851063829787234,False
Placentalia,11,N_terminal,other,192,26,13.541666666666666,2,161,0.755868544600939,0.9813664596273292,False
Placentalia,12,N_terminal,other,191,4,2.094240837696335,3,171,0.8028169014084507,0.9941520467836256,True
Placentalia,13,N_terminal,other,193,31,16.06217616580311,3,191,0.8967136150234741,0.9947643979057592,True
Placentalia,14,N_terminal,other,192,17,8.854166666666666,3,191,0.8967136150234741,0.9895287958115184,True
Placentalia,15,N_terminal,other,193,35,18.134715025906736,3,193,0.9061032863849764,0.9896373056994818,True
Placentalia,16,N_terminal,other,192,8,4.166666666666667,3,195,0.9154929577464788,1.0,True
Placentalia,17,N_terminal,other,192,25,13.020833333333334,3,195,0.9154929577464788,1.0,True
Placentalia,18,N_terminal,other,194,12,6.185567010309279,3,195,0.9154929577464788,1.0,True
Placentalia,19,N_terminal,other,194,11,5.670103092783505,3,195,0.9154929577464788,1.0,True
Placentalia,20,N_terminal,other,188,9,4.787234042553192,3,189,0.8873239436619719,1.0,True
Placentalia,21,N_terminal,other,195,11,5.641025641025641,3,189,0.8873239436619719,0.9947089947089948,True
Placentalia,22,N_terminal,other,194,9,4.639175257731959,3,196,0.92018779342723,0.9948979591836736,True
Placentalia,23,N_terminal,other,193,17,8.808290155440414,3,191,0.8967136150234741,1.0,True
Placentalia,24,N_terminal,other,191,16,8.37696335078534,3,187,0.8779342723004695,1.0,True
Placentalia,25,N_terminal,other,187,24,12.834224598930481,3,188,0.8826291079812206,0.9946808510638298,True
Placentalia,26,N_terminal,other,186,13,6.989247311827957,3,187,0.8779342723004695,1.0,True
Placentalia,27,N_terminal,other,188,23,12.23404255319149,3,184,0.863849765258216,0.9891304347826086,True
Placentalia,28,N_terminal,other,191,12,6.282722513089006,3,189,0.8873239436619719,0.9894179894179894,True
Placentalia,29,N_terminal,other,189,26,13.756613756613756,3,188,0.8826291079812206,0.9893617021276596,True
Placentalia,30,N_terminal,other,194,18,9.278350515463918,3,190,0.892018779342723,0.9947368421052633,True
Placentalia,31,N_terminal,other,194,16,8.24742268041237,3,191,0.8967136150234741,0.9738219895287958,True
Placentalia,32,N_terminal,other,190,36,18.94736842105263,3,189,0.8873239436619719,0.9947089947089948,True
Placentalia,33,N_terminal,other,193,28,14.507772020725389,3,195,0.9154929577464788,0.9846153846153848,True
Placentalia,34,N_terminal,other,193,23,11.917098445595855,3,195,0.9154929577464788,0.9794871794871794,True
Placentalia,35,N_terminal,other,193,1,0.5181347150259067,3,195,0.9154929577464788,0.9897435897435898,True
Placentalia,36,N_terminal,other,193,17,8.808290155440414,3,193,0.9061032863849764,0.9896373056994818,True
Placentalia,37,N_terminal,other,192,25,13.020833333333334,3,194,0.9107981220657276,0.9845360824742267,True
Placentalia,38,N_terminal,other,188,7,3.723404255319149,3,191,0.8967136150234741,1.0,True
Placentalia,39,N_terminal,other,190,14,7.368421052631579,3,193,0.9061032863849764,1.0,True
Placentalia,40,N_terminal,other,190,12,6.315789473684211,3,193,0.9061032863849764,1.0,True
Placentalia,41,ADD,other,191,5,2.6178010471204187,3,193,0.9061032863849764,1.0,True
Placentalia,42,ADD,other,191,5,2.6178010471204187,3,193,0.9061032863849764,1.0,True
Placentalia,43,ADD,other,191,25,13.089005235602095,3,193,0.9061032863849764,1.0,True
Placentalia,44,ADD,other,191,10,5.2356020942408374,3,193,0.9061032863849764,1.0,True
Placentalia,45,ADD,other,192,10,5.208333333333333,3,193,0.9061032863849764,1.0,True
Placentalia,46,ADD,other,192,21,10.9375,3,193,0.9061032863849764,1.0,True
Placentalia,47,ADD,other,192,4,2.0833333333333335,3,193,0.9061032863849764,1.0,True
Placentalia,48,ADD,other,193,22,11.398963730569948,3,193,0.9061032863849764,1.0,True
Placentalia,49,ADD,other,193,6,3.1088082901554404,3,193,0.9061032863849764,1.0,True
Placentalia,50,ADD,other,195,4,2.051282051282051,3,193,0.9061032863849764,1.0,True
Placentalia,51,ADD,other,196,8,4.081632653061225,3,195,0.9154929577464788,1.0,True
Placentalia,52,ADD,other,201,29,14.427860696517413,3,202,0.9483568075117372,1.0,True
Placentalia,53,ADD,other,201,1,0.4975124378109453,3,202,0.9483568075117372,1.0,True
Placentalia,54,ADD,other,200,6,3.0,3,202,0.9483568075117372,1.0,True
Placentalia,55,ADD,other,200,6,3.0,3,202,0.9483568075117372,1.0,True
Placentalia,56,ADD,other,201,2,0.9950248756218906,3,202,0.9483568075117372,1.0,True
Placentalia,57,ADD,other,201,1,0.4975124378109453,3,202,0.9483568075117372,1.0,True
Placentalia,58,ADD,other,201,8,3.9800995024875623,3,202,0.9483568075117372,1.0,True
Placentalia,59,ADD,other,201,21,10.447761194029852,3,202,0.9483568075117372,1.0,True
Placentalia,60,ADD,other,201,18,8.955223880597014,3,202,0.9483568075117372,1.0,True
Placentalia,61,ADD,other,201,7,3.482587064676617,3,202,0.9483568075117372,1.0,True
Placentalia,62,ADD,other,200,16,8.0,3,202,0.9483568075117372,1.0,True
Placentalia,63,ADD,other,200,12,6.0,3,202,0.9483568075117372,1.0,True
Placentalia,64,ADD,other,200,15,7.5,3,202,0.9483568075117372,1.0,True
Placentalia,65,ADD,other,200,1,0.5,3,202,0.9483568075117372,1.0,True
Placentalia,66,ADD,other,200,1,0.5,3,202,0.9483568075117372,1.0,True
Placentalia,67,ADD,other,200,1,0.5,3,202,0.9483568075117372,1.0,True
Placentalia,68,ADD,other,200,1,0.5,3,202,0.9483568075117372,1.0,True
Placentalia,69,ADD,other,201,10,4.975124378109452,3,202,0.9483568075117372,1.0,True
Placentalia,70,ADD,other,202,0,0.0,3,203,0.9530516431924884,1.0,True
Placentalia,71,ADD,other,201,1,0.4975124378109453,3,202,0.9483568075117372,1.0,True
Placentalia,72,ADD,other,209,20,9.569377990430622,3,210,0.9859154929577464,1.0,True
Placentalia,73,ADD,other,209,1,0.4784688995215311,3,210,0.9859154929577464,1.0,True
Placentalia,74,ADD,other,210,21,10.0,3,211,0.9906103286384976,0.995260663507109,True
Placentalia,75,ADD,other,210,17,8.095238095238095,3,211,0.9906103286384976,0.995260663507109,True
Placentalia,76,ADD,other,210,3,1.4285714285714286,3,211,0.9906103286384976,0.995260663507109,True
Placentalia,77,ADD,other,210,1,0.47619047619047616,3,208,0.976525821596244,0.9951923076923076,True
Placentalia,78,ADD,other,210,7,3.3333333333333335,3,213,1.0,1.0,True
Placentalia,79,ADD,other,210,14,6.666666666666667,3,213,1.0,1.0,True
Placentalia,80,ADD,other,210,4,1.9047619047619047,3,213,1.0,1.0,True
Placentalia,81,ADD,other,210,1,0.47619047619047616,3,213,1.0,1.0,True
Placentalia,82,ADD,other,210,18,8.571428571428571,3,213,1.0,1.0,True
Placentalia,83,ADD,other,210,22,10.476190476190476,3,213,1.0,1.0,True
Placentalia,84,ADD,other,210,8,3.8095238095238093,3,213,1.0,1.0,True
Placentalia,85,ADD,other,210,1,0.47619047619047616,3,213,1.0,1.0,True
Placentalia,86,ADD,other,210,5,2.380952380952381,3,213,1.0,1.0,True
Placentalia,87,ADD,other,210,0,0.0,3,213,1.0,1.0,True
Placentalia,88,ADD,other,210,0,0.0,3,213,1.0,1.0,True
Placentalia,89,ADD,other,210,22,10.476190476190476,3,213,1.0,1.0,True
Placentalia,90,ADD,other,210,0,0.0,3,213,1.0,1.0,True
Placentalia,91,ADD,other,210,1,0.47619047619047616,3,213,1.0,1.0,True
Placentalia,92,ADD,other,210,6,2.857142857142857,3,213,1.0,1.0,True
Placentalia,93,ADD,other,210,4,1.9047619047619047,3,213,1.0,1.0,True
Placentalia,94,ADD,other,210,4,1.9047619047619047,3,213,1.0,1.0,True
Placentalia,95,ADD,other,210,13,6.190476190476191,3,213,1.0,1.0,True
Placentalia,96,ADD,other,210,0,0.0,3,213,1.0,1.0,True
Placentalia,97,ADD,other,210,4,1.9047619047619047,3,213,1.0,1.0,True
Placentalia,98,ADD,other,210,3,1.4285714285714286,3,213,1.0,1.0,True
Placentalia,99,ADD,other,210,0,0.0,3,213,1.0,1.0,True
Placentalia,100,ADD,other,210,10,4.761904761904762,3,213,1.0,1.0,True
Placentalia,101,ADD,other,210,16,7.619047619047619,3,213,1.0,1.0,True
Placentalia,102,ADD,other,210,3,1.4285714285714286,3,213,1.0,1.0,True
Placentalia,103,ADD,other,210,24,11.428571428571429,3,213,1.0,1.0,True
Placentalia,104,ADD,other,210,6,2.857142857142857,3,213,1.0,1.0,True
Placentalia,105,ADD,other,210,0,0.0,3,213,1.0,1.0,True
Placentalia,106,ADD,other,210,1,0.47619047619047616,3,213,1.0,1.0,True
Placentalia,107,ADD,other,210,7,3.3333333333333335,3,213,1.0,1.0,True
Placentalia,108,ADD,other,210,0,0.0,3,212,0.9953051643192488,1.0,True
Placentalia,109,ADD,other,209,3,1.4354066985645932,3,212,0.9953051643192488,1.0,True
Placentalia,110,ADD,other,209,14,6.698564593301436,3,212,0.9953051643192488,1.0,True
Placentalia,111,ADD,other,209,2,0.9569377990430622,3,212,0.9953051643192488,1.0,True
Placentalia,112,ADD,other,209,2,0.9569377990430622,3,212,0.9953051643192488,1.0,True
Placentalia,113,ADD,other,209,0,0.0,3,212,0.9953051643192488,1.0,True
Placentalia,114,ADD,other,210,1,0.47619047619047616,3,213,1.0,1.0,True
Placentalia,115,ADD,other,210,0,0.0,3,213,1.0,1.0,True
Placentalia,116,ADD,other,209,1,0.4784688995215311,3,212,0.9953051643192488,1.0,True
Placentalia,117,ADD,other,209,1,0.4784688995215311,3,212,0.9953051643192488,1.0,True
Placentalia,118,ADD,other,209,0,0.0,3,212,0.9953051643192488,1.0,True
Placentalia,119,ADD,other,209,3,1.4354066985645932,3,212,0.9953051643192488,1.0,True
Placentalia,120,ADD,other,209,8,3.827751196172249,3,212,0.9953051643192488,1.0,True
Placentalia,121,ADD,other,209,0,0.0,3,212,0.9953051643192488,1.0,True
Placentalia,122,ADD,other,209,14,6.698564593301436,3,212,0.9953051643192488,1.0,True
Placentalia,123,ADD,other,209,0,0.0,3,212,0.9953051643192488,1.0,True
Placentalia,124,ADD,other,209,21,10.047846889952153,3,212,0.9953051643192488,1.0,True
Placentalia,125,ADD,other,209,0,0.0,3,212,0.9953051643192488,1.0,True
Placentalia,126,ADD,other,209,4,1.9138755980861244,3,212,0.9953051643192488,1.0,True
Placentalia,127,ADD,other,209,12,5.741626794258373,3,212,0.9953051643192488,1.0,True
Placentalia,128,ADD,other,210,1,0.47619047619047616,3,212,0.9953051643192488,1.0,True
Placentalia,129,ADD,other,210,4,1.9047619047619047,3,212,0.9953051643192488,1.0,True
Placentalia,130,ADD,other,210,5,2.380952380952381,3,212,0.9953051643192488,1.0,True
Placentalia,131,ADD,other,210,5,2.380952380952381,3,212,0.9953051643192488,1.0,True
Placentalia,132,ADD,other,210,16,7.619047619047619,3,212,0.9953051643192488,1.0,True
Placentalia,133,ADD,other,210,19,9.047619047619047,3,212,0.9953051643192488,1.0,True
Placentalia,134,ADD,other,210,11,5.238095238095238,3,213,1.0,0.9953051643192488,True
Placentalia,135,ADD,other,210,18,8.571428571428571,3,212,0.9953051643192488,1.0,True
Placentalia,136,ADD,other,210,11,5.238095238095238,3,212,0.9953051643192488,1.0,True
Placentalia,137,ADD,other,210,14,6.666666666666667,3,212,0.9953051643192488,1.0,True
Placentalia,138,ADD,other,210,13,6.190476190476191,3,212,0.9953051643192488,1.0,True
Placentalia,139,ADD,other,210,17,8.095238095238095,3,212,0.9953051643192488,1.0,True
Placentalia,140,ADD,other,209,0,0.0,3,212,0.9953051643192488,1.0,True
Placentalia,141,ADD,other,209,7,3.349282296650718,3,212,0.9953051643192488,1.0,True
Placentalia,142,ADD,other,210,0,0.0,3,212,0.9953051643192488,1.0,True
Placentalia,143,ADD,other,209,3,1.4354066985645932,3,212,0.9953051643192488,1.0,True
Placentalia,144,ADD,other,210,1,0.47619047619047616,3,212,0.9953051643192488,1.0,True
Placentalia,145,ADD,other,210,0,0.0,3,213,1.0,1.0,True
Placentalia,146,ADD,other,210,4,1.9047619047619047,3,213,1.0,1.0,True
Placentalia,147,ADD,other,210,3,1.4285714285714286,3,213,1.0,1.0,True
Placentalia,148,ADD,other,210,13,6.190476190476191,3,213,1.0,1.0,True
Placentalia,149,ADD,other,210,17,8.095238095238095,3,213,1.0,1.0,True
Placentalia,150,ADD,other,210,27,12.857142857142858,3,213,1.0,1.0,True
Placentalia,151,ADD,other,210,15,7.142857142857143,3,213,1.0,1.0,True
Placentalia,152,ADD,other,210,0,0.0,3,213,1.0,1.0,True
Placentalia,153,ADD,other,210,2,0.9523809523809523,3,213,1.0,0.9953051643192488,True
Placentalia,154,ADD,other,210,0,0.0,3,213,1.0,1.0,True
Placentalia,155,ADD,other,210,20,9.523809523809524,3,213,1.0,0.9953051643192488,True
Placentalia,156,ADD,other,210,2,0.9523809523809523,3,212,0.9953051643192488,1.0,True
Placentalia,157,ADD,other,210,1,0.47619047619047616,3,212,0.9953051643192488,1.0,True
Placentalia,158,ADD,other,210,20,9.523809523809524,3,212,0.9953051643192488,1.0,True
Placentalia,159,ADD,other,210,15,7.142857142857143,3,212,0.9953051643192488,1.0,True
Placentalia,160,ADD,other,210,0,0.0,3,212,0.9953051643192488,1.0,True
Placentalia,161,ADD,other,210,4,1.9047619047619047,3,212,0.9953051643192488,1.0,True
Placentalia,162,ADD,other,210,30,14.285714285714286,3,212,0.9953051643192488,1.0,True
Placentalia,163,ADD,other,210,20,9.523809523809524,3,212,0.9953051643192488,1.0,True
Placentalia,164,ADD,other,210,2,0.9523809523809523,3,212,0.9953051643192488,1.0,True
Placentalia,165,ADD,other,210,2,0.9523809523809523,3,212,0.9953051643192488,1.0,True
Placentalia,166,ADD,other,210,6,2.857142857142857,3,212,0.9953051643192488,1.0,True
Placentalia,167,ADD,other,210,4,1.9047619047619047,3,212,0.9953051643192488,1.0,True
Placentalia,168,ADD,other,210,21,10.0,3,212,0.9953051643192488,1.0,True
Placentalia,169,ADD,other,210,5,2.380952380952381,3,212,0.9953051643192488,1.0,True
Placentalia,170,ADD,other,210,20,9.523809523809524,3,212,0.9953051643192488,1.0,True
Placentalia,171,ADD,other,210,8,3.8095238095238093,3,212,0.9953051643192488,1.0,True
Placentalia,172,ADD,other,210,23,10.952380952380953,3,212,0.9953051643192488,1.0,True
Placentalia,173,ADD,other,205,30,14.634146341463415,3,207,0.971830985915493,1.0,True
Placentalia,174,linker,other,210,22,10.476190476190476,3,213,1.0,0.976525821596244,True
Placentalia,175,linker,other,209,11,5.2631578947368425,3,208,0.976525821596244,1.0,True
Placentalia,176,linker,other,210,16,7.619047619047619,3,213,1.0,1.0,True
Placentalia,177,linker,other,210,8,3.8095238095238093,3,213,1.0,1.0,True
Placentalia,178,C_terminal_MTase_like,other,210,15,7.142857142857143,3,213,1.0,1.0,True
Placentalia,179,C_terminal_MTase_like,other,210,6,2.857142857142857,3,213,1.0,1.0,True
Placentalia,180,C_terminal_MTase_like,other,210,9,4.285714285714286,3,213,1.0,1.0,True
Placentalia,181,C_terminal_MTase_like,other,210,4,1.9047619047619047,3,213,1.0,1.0,True
Placentalia,182,C_terminal_MTase_like,other,210,2,0.9523809523809523,3,213,1.0,1.0,True
Placentalia,183,C_terminal_MTase_like,other,210,5,2.380952380952381,3,213,1.0,1.0,True
Placentalia,184,C_terminal_MTase_like,other,210,13,6.190476190476191,3,213,1.0,1.0,True
Placentalia,185,C_terminal_MTase_like,other,210,4,1.9047619047619047,3,213,1.0,1.0,True
Placentalia,186,C_terminal_MTase_like,other,210,3,1.4285714285714286,3,213,1.0,1.0,True
Placentalia,187,C_terminal_MTase_like,other,210,2,0.9523809523809523,3,213,1.0,1.0,True
Placentalia,188,C_terminal_MTase_like,other,210,16,7.619047619047619,3,213,1.0,1.0,True
Placentalia,189,C_terminal_MTase_like,other,210,2,0.9523809523809523,3,213,1.0,1.0,True
Placentalia,190,C_terminal_MTase_like,other,210,24,11.428571428571429,3,213,1.0,1.0,True
Placentalia,191,C_terminal_MTase_like,other,210,4,1.9047619047619047,3,213,1.0,1.0,True
Placentalia,192,C_terminal_MTase_like,other,210,1,0.47619047619047616,3,213,1.0,1.0,True
Placentalia,193,C_terminal_MTase_like,other,210,0,0.0,3,213,1.0,1.0,True
Placentalia,194,C_terminal_MTase_like,other,210,9,4.285714285714286,3,213,1.0,1.0,True
Placentalia,195,C_terminal_MTase_like,other,210,1,0.47619047619047616,3,213,1.0,1.0,True
Placentalia,196,C_terminal_MTase_like,other,210,0,0.0,3,213,1.0,1.0,True
Placentalia,197,C_terminal_MTase_like,other,210,10,4.761904761904762,3,213,1.0,1.0,True
Placentalia,198,C_terminal_MTase_like,other,210,21,10.0,3,213,1.0,1.0,True
Placentalia,199,C_terminal_MTase_like,other,210,0,0.0,3,213,1.0,1.0,True
Placentalia,200,C_terminal_MTase_like,other,210,24,11.428571428571429,3,213,1.0,1.0,True
Placentalia,201,C_terminal_MTase_like,other,210,17,8.095238095238095,3,213,1.0,0.9906103286384976,True
Placentalia,202,C_terminal_MTase_like,other,210,1,0.47619047619047616,3,213,1.0,1.0,True
Placentalia,203,C_terminal_MTase_like,other,210,0,0.0,3,213,1.0,1.0,True
Placentalia,204,C_terminal_MTase_like,other,210,33,15.714285714285714,3,213,1.0,1.0,True
Placentalia,205,C_terminal_MTase_like,other,210,3,1.4285714285714286,3,213,1.0,1.0,True
Placentalia,206,C_terminal_MTase_like,other,210,0,0.0,3,213,1.0,1.0,True
Placentalia,207,C_terminal_MTase_like,other,210,0,0.0,3,213,1.0,1.0,True
Placentalia,208,C_terminal_MTase_like,other,210,1,0.47619047619047616,3,213,1.0,1.0,True
Placentalia,209,C_terminal_MTase_like,other,210,2,0.9523809523809523,3,213,1.0,1.0,True
Placentalia,210,C_terminal_MTase_like,other,209,5,2.3923444976076556,3,212,0.9953051643192488,0.9905660377358492,True
Placentalia,211,C_terminal_MTase_like,other,209,41,19.617224880382775,3,209,0.9812206572769951,1.0,True
Placentalia,212,C_terminal_MTase_like,other,209,11,5.2631578947368425,3,211,0.9906103286384976,1.0,True
Placentalia,213,C_terminal_MTase_like,other,209,11,5.2631578947368425,3,210,0.9859154929577464,0.9714285714285714,True
Placentalia,214,C_terminal_MTase_like,other,210,28,13.333333333333334,3,208,0.976525821596244,1.0,True
Placentalia,215,C_terminal_MTase_like,other,209,23,11.004784688995215,3,212,0.9953051643192488,1.0,True
Placentalia,216,C_terminal_MTase_like,other,210,10,4.761904761904762,3,213,1.0,1.0,True
Placentalia,217,C_terminal_MTase_like,other,210,25,11.904761904761905,3,213,1.0,1.0,True
Placentalia,218,C_terminal_MTase_like,other,210,5,2.380952380952381,3,213,1.0,1.0,True
Placentalia,219,C_terminal_MTase_like,other,210,17,8.095238095238095,3,213,1.0,1.0,True
Placentalia,220,C_terminal_MTase_like,other,210,10,4.761904761904762,3,213,1.0,1.0,True
Placentalia,221,C_terminal_MTase_like,other,210,7,3.3333333333333335,3,213,1.0,1.0,True
Placentalia,222,C_terminal_MTase_like,other,210,21,10.0,3,213,1.0,1.0,True
Placentalia,223,C_terminal_MTase_like,other,210,2,0.9523809523809523,3,213,1.0,1.0,True
Placentalia,224,C_terminal_MTase_like,other,210,3,1.4285714285714286,3,213,1.0,1.0,True
Placentalia,225,C_terminal_MTase_like,other,210,3,1.4285714285714286,3,213,1.0,1.0,True
Placentalia,226,C_terminal_MTase_like,other,210,21,10.0,3,213,1.0,1.0,True
Placentalia,227,C_terminal_MTase_like,other,210,16,7.619047619047619,3,213,1.0,1.0,True
Placentalia,228,C_terminal_MTase_like,other,210,2,0.9523809523809523,3,213,1.0,1.0,True
Placentalia,229,C_terminal_MTase_like,other,210,0,0.0,3,213,1.0,1.0,True
Placentalia,230,C_terminal_MTase_like,other,210,11,5.238095238095238,3,213,1.0,1.0,True
Placentalia,231,C_terminal_MTase_like,other,210,10,4.761904761904762,3,213,1.0,1.0,True
Placentalia,232,C_terminal_MTase_like,other,210,3,1.4285714285714286,3,213,1.0,1.0,True
Placentalia,233,C_terminal_MTase_like,other,210,8,3.8095238095238093,3,213,1.0,1.0,True
Placentalia,234,C_terminal_MTase_like,other,210,31,14.761904761904763,3,213,1.0,1.0,True
Placentalia,235,C_terminal_MTase_like,other,210,0,0.0,3,213,1.0,1.0,True
Placentalia,236,C_terminal_MTase_like,other,210,1,0.47619047619047616,3,213,1.0,1.0,True
Placentalia,237,C_terminal_MTase_like,other,210,1,0.47619047619047616,3,213,1.0,1.0,True
Placentalia,238,C_terminal_MTase_like,other,210,1,0.47619047619047616,3,213,1.0,1.0,True
Placentalia,239,C_terminal_MTase_like,other,210,6,2.857142857142857,3,213,1.0,1.0,True
Placentalia,240,C_terminal_MTase_like,other,210,2,0.9523809523809523,3,213,1.0,1.0,True
Placentalia,241,C_terminal_MTase_like,other,210,22,10.476190476190476,3,213,1.0,1.0,True
Placentalia,242,C_terminal_MTase_like,other,210,4,1.9047619047619047,3,213,1.0,1.0,True
Placentalia,243,C_terminal_MTase_like,other,210,1,0.47619047619047616,3,213,1.0,1.0,True
Placentalia,244,C_terminal_MTase_like,other,210,9,4.285714285714286,3,213,1.0,1.0,True
Placentalia,245,C_terminal_MTase_like,other,210,1,0.47619047619047616,3,213,1.0,1.0,True
Placentalia,246,C_terminal_MTase_like,other,210,6,2.857142857142857,3,213,1.0,1.0,True
Placentalia,247,C_terminal_MTase_like,other,210,26,12.380952380952381,3,213,1.0,1.0,True
Placentalia,248,C_terminal_MTase_like,other,210,28,13.333333333333334,3,213,1.0,1.0,True
Placentalia,249,C_terminal_MTase_like,other,210,6,2.857142857142857,3,213,1.0,1.0,True
Placentalia,250,C_terminal_MTase_like,other,209,22,10.526315789473685,3,209,0.9812206572769951,1.0,True
Placentalia,251,C_terminal_MTase_like,other,209,22,10.526315789473685,3,209,0.9812206572769951,1.0,True
Placentalia,252,C_terminal_MTase_like,other,209,22,10.526315789473685,3,212,0.9953051643192488,0.9858490566037736,True
Placentalia,253,C_terminal_MTase_like,other,210,25,11.904761904761905,3,213,1.0,0.9859154929577464,True
Placentalia,254,C_terminal_MTase_like,other,210,25,11.904761904761905,3,213,1.0,1.0,True
Placentalia,255,C_terminal_MTase_like,other,210,7,3.3333333333333335,3,213,1.0,1.0,True
Placentalia,256,C_terminal_MTase_like,other,210,0,0.0,3,213,1.0,1.0,True
Placentalia,257,C_terminal_MTase_like,other,210,16,7.619047619047619,3,213,1.0,0.9953051643192488,True
Placentalia,258,C_terminal_MTase_like,other,210,1,0.47619047619047616,3,213,1.0,1.0,True
Placentalia,259,C_terminal_MTase_like,other,210,7,3.3333333333333335,3,213,1.0,1.0,True
Placentalia,260,C_terminal_MTase_like,other,210,9,4.285714285714286,3,213,1.0,1.0,True
Placentalia,261,C_terminal_MTase_like,other,210,13,6.190476190476191,3,213,1.0,1.0,True
Placentalia,262,C_terminal_MTase_like,other,209,2,0.9569377990430622,3,212,0.9953051643192488,1.0,True
Placentalia,263,C_terminal_MTase_like,other,210,1,0.47619047619047616,3,213,1.0,1.0,True
Placentalia,264,C_terminal_MTase_like,other,210,2,0.9523809523809523,3,213,1.0,1.0,True
Placentalia,265,C_terminal_MTase_like,other,210,0,0.0,3,213,1.0,1.0,True
Placentalia,266,C_terminal_MTase_like,other,210,22,10.476190476190476,3,213,1.0,1.0,True
Placentalia,267,C_terminal_MTase_like,other,210,2,0.9523809523809523,3,213,1.0,1.0,True
Placentalia,268,C_terminal_MTase_like,other,210,4,1.9047619047619047,3,213,1.0,1.0,True
Placentalia,269,C_terminal_MTase_like,other,210,1,0.47619047619047616,3,213,1.0,1.0,True
Placentalia,270,C_terminal_MTase_like,other,210,7,3.3333333333333335,3,213,1.0,1.0,True
Placentalia,271,C_terminal_MTase_like,other,210,14,6.666666666666667,3,211,0.9906103286384976,1.0,True
Placentalia,272,C_terminal_MTase_like,other,210,4,1.9047619047619047,3,211,0.9906103286384976,1.0,True
Placentalia,273,C_terminal_MTase_like,other,208,35,16.826923076923077,3,206,0.9671361502347418,1.0,True
Placentalia,274,C_terminal_MTase_like,other,203,25,12.31527093596059,3,205,0.9624413145539906,1.0,True
Placentalia,275,C_terminal_MTase_like,other,209,17,8.133971291866029,3,212,0.9953051643192488,1.0,True
Placentalia,276,C_terminal_MTase_like,other,210,19,9.047619047619047,3,213,1.0,1.0,True
Placentalia,277,C_terminal_MTase_like,other,209,24,11.483253588516746,3,212,0.9953051643192488,1.0,True
Placentalia,278,C_terminal_MTase_like,other,209,25,11.961722488038278,3,211,0.9906103286384976,1.0,True
Placentalia,279,C_terminal_MTase_like,other,210,3,1.4285714285714286,3,213,1.0,1.0,True
Placentalia,280,C_terminal_MTase_like,other,210,1,0.47619047619047616,3,213,1.0,1.0,True
Placentalia,281,C_terminal_MTase_like,other,210,0,0.0,3,213,1.0,1.0,True
Placentalia,282,C_terminal_MTase_like,other,210,0,0.0,3,213,1.0,1.0,True
Placentalia,283,C_terminal_MTase_like,other,210,10,4.761904761904762,3,213,1.0,1.0,True
Placentalia,284,C_terminal_MTase_like,other,210,0,0.0,3,213,1.0,1.0,True
Placentalia,285,C_terminal_MTase_like,other,210,9,4.285714285714286,3,213,1.0,1.0,True
Placentalia,286,C_terminal_MTase_like,other,210,0,0.0,3,213,1.0,1.0,True
Placentalia,287,C_terminal_MTase_like,other,210,12,5.714285714285714,3,213,1.0,1.0,True
Placentalia,288,C_terminal_MTase_like,other,210,1,0.47619047619047616,3,213,1.0,1.0,True
Placentalia,289,C_terminal_MTase_like,other,210,16,7.619047619047619,3,213,1.0,1.0,True
Placentalia,290,C_terminal_MTase_like,other,210,6,2.857142857142857,3,213,1.0,1.0,True
Placentalia,291,C_terminal_MTase_like,other,210,19,9.047619047619047,3,213,1.0,1.0,True
Placentalia,292,C_terminal_MTase_like,other,210,29,13.80952380952381,3,213,1.0,1.0,True
Placentalia,293,C_terminal_MTase_like,other,210,19,9.047619047619047,3,213,1.0,1.0,True
Placentalia,294,C_terminal_MTase_like,other,210,5,2.380952380952381,3,213,1.0,1.0,True
Placentalia,295,C_terminal_MTase_like,other,210,23,10.952380952380953,3,213,1.0,1.0,True
Placentalia,296,C_terminal_MTase_like,other,210,32,15.238095238095237,3,213,1.0,1.0,True
Placentalia,297,C_terminal_MTase_like,other,210,16,7.619047619047619,3,213,1.0,1.0,True
Placentalia,298,C_terminal_MTase_like,other,210,3,1.4285714285714286,3,213,1.0,1.0,True
Placentalia,299,C_terminal_MTase_like,other,210,32,15.238095238095237,3,213,1.0,1.0,True
Placentalia,300,C_terminal_MTase_like,other,210,0,0.0,3,213,1.0,1.0,True
Placentalia,301,C_terminal_MTase_like,other,210,0,0.0,3,213,1.0,1.0,True
Placentalia,302,C_terminal_MTase_like,other,210,5,2.380952380952381,3,213,1.0,1.0,True
Placentalia,303,C_terminal_MTase_like,other,210,2,0.9523809523809523,3,213,1.0,1.0,True
Placentalia,304,C_terminal_MTase_like,other,208,37,17.78846153846154,3,210,0.9859154929577464,0.9904761904761904,True
Placentalia,305,C_terminal_MTase_like,other,210,20,9.523809523809524,3,212,0.9953051643192488,0.9858490566037736,True
Placentalia,306,C_terminal_MTase_like,other,210,10,4.761904761904762,3,211,0.9906103286384976,1.0,True
Placentalia,307,C_terminal_MTase_like,other,210,13,6.190476190476191,3,209,0.9812206572769951,1.0,True
Placentalia,308,C_terminal_MTase_like,other,210,5,2.380952380952381,3,209,0.9812206572769951,1.0,True
Placentalia,309,C_terminal_MTase_like,other,210,9,4.285714285714286,3,208,0.976525821596244,1.0,True
Placentalia,310,C_terminal_MTase_like,other,210,13,6.190476190476191,3,208,0.976525821596244,1.0,True
Placentalia,311,C_terminal_MTase_like,other,210,14,6.666666666666667,3,205,0.9624413145539906,1.0,True
Placentalia,312,C_terminal_MTase_like,other,207,19,9.178743961352657,3,205,0.9624413145539906,1.0,True
Placentalia,313,C_terminal_MTase_like,other,207,23,11.11111111111111,3,205,0.9624413145539906,1.0,True
Placentalia,314,C_terminal_MTase_like,other,207,11,5.314009661835748,3,207,0.971830985915493,0.9951690821256038,True
Placentalia,315,C_terminal_MTase_like,other,206,21,10.194174757281553,3,206,0.9671361502347418,0.9951456310679612,True
Placentalia,316,C_terminal_MTase_like,other,206,25,12.135922330097088,3,205,0.9624413145539906,0.9951219512195122,True
Placentalia,317,C_terminal_MTase_like,other,206,28,13.592233009708737,3,206,0.9671361502347418,0.9902912621359224,True
Placentalia,318,C_terminal_MTase_like,other,207,24,11.594202898550725,3,206,0.9671361502347418,0.9902912621359224,True
Placentalia,319,C_terminal_MTase_like,other,206,22,10.679611650485437,3,205,0.9624413145539906,1.0,True
Placentalia,320,C_terminal_MTase_like,other,209,3,1.4354066985645932,3,208,0.976525821596244,1.0,True
Placentalia,321,C_terminal_MTase_like,other,209,11,5.2631578947368425,3,208,0.976525821596244,1.0,True
Placentalia,322,C_terminal_MTase_like,other,208,19,9.134615384615385,3,208,0.976525821596244,1.0,True
Placentalia,323,C_terminal_MTase_like,other,209,5,2.3923444976076556,3,208,0.976525821596244,1.0,True
Placentalia,324,C_terminal_MTase_like,other,210,2,0.9523809523809523,3,208,0.976525821596244,1.0,True
Placentalia,325,C_terminal_MTase_like,other,210,6,2.857142857142857,3,209,0.9812206572769951,0.9952153110047848,True
Placentalia,326,C_terminal_MTase_like,other,210,4,1.9047619047619047,3,209,0.9812206572769951,0.9952153110047848,True
Placentalia,327,C_terminal_MTase_like,other,210,11,5.238095238095238,3,209,0.9812206572769951,0.9952153110047848,True
Placentalia,328,C_terminal_MTase_like,other,210,0,0.0,3,210,0.9859154929577464,1.0,True
Placentalia,329,C_terminal_MTase_like,other,210,4,1.9047619047619047,3,209,0.9812206572769951,0.9904306220095692,True
Placentalia,330,C_terminal_MTase_like,other,208,10,4.8076923076923075,3,207,0.971830985915493,0.9951690821256038,True
Placentalia,331,C_terminal_MTase_like,other,209,21,10.047846889952153,3,207,0.971830985915493,0.9951690821256038,True
Placentalia,332,C_terminal_MTase_like,other,207,8,3.864734299516908,1,25,0.1173708920187793,1.0,False
Placentalia,334,C_terminal_MTase_like,other,208,15,7.211538461538462,3,206,0.9671361502347418,0.9805825242718448,True
Placentalia,335,C_terminal_MTase_like,other,209,11,5.2631578947368425,3,204,0.9577464788732394,0.9901960784313726,True
Placentalia,336,C_terminal_MTase_like,other,210,39,18.571428571428573,3,204,0.9577464788732394,0.9901960784313726,True
Placentalia,337,C_terminal_MTase_like,other,210,17,8.095238095238095,3,201,0.943661971830986,1.0,True
Placentalia,338,C_terminal_MTase_like,other,209,9,4.30622009569378,3,201,0.943661971830986,1.0,True
Placentalia,339,C_terminal_MTase_like,other,209,33,15.789473684210526,3,201,0.943661971830986,1.0,True
Placentalia,340,C_terminal_MTase_like,other,210,21,10.0,3,202,0.9483568075117372,1.0,True
Placentalia,341,C_terminal_MTase_like,switching_helix,210,26,12.380952380952381,3,202,0.9483568075117372,1.0,True
Placentalia,342,C_terminal_MTase_like,switching_helix,210,16,7.619047619047619,3,202,0.9483568075117372,1.0,True
Placentalia,343,C_terminal_MTase_like,switching_helix,210,14,6.666666666666667,3,202,0.9483568075117372,1.0,True
Placentalia,344,C_terminal_MTase_like,switching_helix,210,26,12.380952380952381,3,202,0.9483568075117372,1.0,True
Placentalia,345,C_terminal_MTase_like,switching_helix,210,25,11.904761904761905,3,202,0.9483568075117372,1.0,True
Placentalia,346,C_terminal_MTase_like,switching_helix,210,9,4.285714285714286,3,202,0.9483568075117372,1.0,True
Placentalia,347,C_terminal_MTase_like,switching_helix,209,18,8.61244019138756,3,202,0.9483568075117372,1.0,True
Placentalia,348,C_terminal_MTase_like,switching_helix,209,22,10.526315789473685,3,199,0.9342723004694836,1.0,True
Placentalia,349,C_terminal_MTase_like,switching_helix,209,26,12.440191387559809,3,199,0.9342723004694836,0.9949748743718592,True
Placentalia,350,C_terminal_MTase_like,switching_helix,208,29,13.942307692307692,3,198,0.9295774647887324,0.9949494949494948,True
Placentalia,351,C_terminal_MTase_like,switching_helix,208,23,11.057692307692308,3,198,0.9295774647887324,0.9949494949494948,True
Placentalia,352,C_terminal_MTase_like,switching_helix,209,22,10.526315789473685,3,199,0.9342723004694836,0.9949748743718592,True
Placentalia,353,C_terminal_MTase_like,switching_helix,210,21,10.0,3,199,0.9342723004694836,0.9949748743718592,True
Placentalia,354,C_terminal_MTase_like,switching_helix,210,24,11.428571428571429,3,201,0.943661971830986,0.9751243781094528,True
Placentalia,355,C_terminal_MTase_like,switching_helix,210,26,12.380952380952381,3,199,0.9342723004694836,0.9798994974874372,True
Placentalia,356,C_terminal_MTase_like,switching_helix_adjacent_loop,210,30,14.285714285714286,3,198,0.9295774647887324,0.9848484848484848,True
Placentalia,357,C_terminal_MTase_like,switching_helix_adjacent_loop,208,21,10.096153846153847,3,197,0.9248826291079812,1.0,True
Placentalia,358,C_terminal_MTase_like,switching_helix_adjacent_loop,208,45,21.634615384615383,3,201,0.943661971830986,0.9701492537313432,True
Placentalia,359,C_terminal_MTase_like,switching_helix_adjacent_loop,206,36,17.475728155339805,3,200,0.9389671361502347,0.98,True
Placentalia,360,C_terminal_MTase_like,switching_helix_adjacent_loop,210,30,14.285714285714286,3,203,0.9530516431924884,0.9950738916256158,True
Placentalia,361,C_terminal_MTase_like,other,210,14,6.666666666666667,3,208,0.976525821596244,0.9807692307692308,True
Placentalia,362,C_terminal_MTase_like,other,210,20,9.523809523809524,3,207,0.971830985915493,0.9710144927536232,True
Placentalia,363,C_terminal_MTase_like,other,210,43,20.476190476190474,3,204,0.9577464788732394,0.9852941176470588,True
Placentalia,364,C_terminal_MTase_like,other,209,5,2.3923444976076556,3,204,0.9577464788732394,0.9901960784313726,True
Placentalia,365,C_terminal_MTase_like,other,209,10,4.784688995215311,3,204,0.9577464788732394,0.9901960784313726,True
Placentalia,366,C_terminal_MTase_like,other,208,10,4.8076923076923075,3,203,0.9530516431924884,0.9950738916256158,True
Placentalia,367,C_terminal_MTase_like,other,209,27,12.91866028708134,3,204,0.9577464788732394,0.9901960784313726,True
Placentalia,368,C_terminal_MTase_like,other,207,1,0.4830917874396135,3,204,0.9577464788732394,0.9901960784313726,True
Placentalia,369,C_terminal_MTase_like,other,209,8,3.827751196172249,3,204,0.9577464788732394,0.9950980392156864,True
Placentalia,370,C_terminal_MTase_like,other,209,6,2.8708133971291865,3,204,0.9577464788732394,0.9901960784313726,True
Placentalia,371,C_terminal_MTase_like,other,209,4,1.9138755980861244,3,204,0.9577464788732394,1.0,True
Placentalia,372,C_terminal_MTase_like,other,209,3,1.4354066985645932,3,204,0.9577464788732394,0.9901960784313726,True
Placentalia,373,C_terminal_MTase_like,other,208,6,2.8846153846153846,3,204,0.9577464788732394,0.9901960784313726,True
Placentalia,374,C_terminal_MTase_like,other,209,8,3.827751196172249,3,204,0.9577464788732394,0.9901960784313726,True
Placentalia,375,C_terminal_MTase_like,other,209,6,2.8708133971291865,3,204,0.9577464788732394,0.9901960784313726,True
Placentalia,376,C_terminal_MTase_like,other,208,3,1.4423076923076923,3,204,0.9577464788732394,0.9950980392156864,True
Placentalia,377,C_terminal_MTase_like,other,208,9,4.326923076923077,3,204,0.9577464788732394,0.9852941176470588,True
Placentalia,378,C_terminal_MTase_like,other,207,14,6.763285024154589,3,204,0.9577464788732394,0.9852941176470588,True
Placentalia,379,C_terminal_MTase_like,other,199,9,4.522613065326633,3,190,0.892018779342723,0.9894736842105264,True
Placentalia,380,C_terminal_MTase_like,other,209,10,4.784688995215311,2,155,0.7276995305164319,0.9548387096774194,False
Placentalia,381,C_terminal_tail,other,207,30,14.492753623188406,2,148,0.6948356807511737,0.972972972972973,False
Placentalia,382,C_terminal_tail,other,205,25,12.195121951219512,2,147,0.6901408450704225,0.979591836734694,False
Placentalia,384,C_terminal_tail,other,206,24,11.650485436893204,2,149,0.6995305164319249,0.9865771812080536,False
Placentalia,385,C_terminal_tail,other,206,15,7.281553398058253,2,155,0.7276995305164319,0.9612903225806452,False
Placentalia,386,C_terminal_tail,other,205,21,10.24390243902439,2,155,0.7276995305164319,0.967741935483871,False
Placentalia,387,C_terminal_tail,other,204,14,6.862745098039215,2,154,0.7230046948356808,0.961038961038961,False
Euarchontoglires,1,N_terminal,other,80,1,1.25,3,74,0.8809523809523809,0.6216216216216216,False
Euarchontoglires,2,N_terminal,other,78,5,6.410256410256411,2,33,0.3928571428571428,0.9696969696969696,False
Euarchontoglires,3,N_terminal,other,81,20,24.691358024691358,2,33,0.3928571428571428,0.8787878787878788,False
Euarchontoglires,4,N_terminal,other,81,23,28.395061728395063,2,65,0.7738095238095238,0.5230769230769231,False
Euarchontoglires,5,N_terminal,other,81,13,16.049382716049383,2,66,0.7857142857142857,0.5606060606060606,False
Euarchontoglires,6,N_terminal,other,82,15,18.29268292682927,3,73,0.8690476190476191,0.6164383561643836,False
Euarchontoglires,7,N_terminal,other,82,6,7.317073170731708,3,76,0.9047619047619048,0.631578947368421,False
Euarchontoglires,8,N_terminal,other,82,10,12.195121951219512,3,78,0.9285714285714286,0.6410256410256411,False
Euarchontoglires,9,N_terminal,other,78,5,6.410256410256411,3,78,0.9285714285714286,0.9871794871794872,True
Euarchontoglires,10,N_terminal,other,78,4,5.128205128205129,3,78,0.9285714285714286,0.6538461538461539,False
Euarchontoglires,11,N_terminal,other,81,7,8.641975308641975,3,76,0.9047619047619048,0.6578947368421053,False
Euarchontoglires,12,N_terminal,other,79,1,1.2658227848101267,3,76,0.9047619047619048,1.0,True
Euarchontoglires,13,N_terminal,other,81,17,20.987654320987655,3,78,0.9285714285714286,1.0,True
Euarchontoglires,14,N_terminal,other,81,10,12.345679012345679,3,78,0.9285714285714286,1.0,True
Euarchontoglires,15,N_terminal,other,80,17,21.25,3,80,0.9523809523809524,0.975,True
Euarchontoglires,16,N_terminal,other,79,5,6.329113924050633,3,79,0.9404761904761904,1.0,True
Euarchontoglires,17,N_terminal,other,79,11,13.924050632911392,3,79,0.9404761904761904,1.0,True
Euarchontoglires,18,N_terminal,other,79,6,7.594936708860759,3,79,0.9404761904761904,1.0,True
Euarchontoglires,19,N_terminal,other,79,1,1.2658227848101267,3,79,0.9404761904761904,1.0,True
Euarchontoglires,20,N_terminal,other,80,6,7.5,3,80,0.9523809523809524,1.0,True
Euarchontoglires,21,N_terminal,other,80,3,3.75,3,81,0.9642857142857144,0.9876543209876544,True
Euarchontoglires,22,N_terminal,other,80,6,7.5,3,79,0.9404761904761904,0.9873417721518988,True
Euarchontoglires,23,N_terminal,other,79,14,17.72151898734177,3,76,0.9047619047619048,1.0,True
Euarchontoglires,24,N_terminal,other,77,8,10.38961038961039,3,76,0.9047619047619048,1.0,True
Euarchontoglires,25,N_terminal,other,79,13,16.455696202531644,3,78,0.9285714285714286,1.0,True
Euarchontoglires,26,N_terminal,other,79,10,12.658227848101266,3,78,0.9285714285714286,0.9871794871794872,True
Euarchontoglires,27,N_terminal,other,79,11,13.924050632911392,3,78,0.9285714285714286,0.9871794871794872,True
Euarchontoglires,28,N_terminal,other,79,9,11.39240506329114,3,80,0.9523809523809524,0.9875,True
Euarchontoglires,29,N_terminal,other,79,16,20.253164556962027,3,80,0.9523809523809524,1.0,True
Euarchontoglires,30,N_terminal,other,79,9,11.39240506329114,3,80,0.9523809523809524,0.9875,True
Euarchontoglires,31,N_terminal,other,79,11,13.924050632911392,3,79,0.9404761904761904,0.9873417721518988,True
Euarchontoglires,32,N_terminal,other,77,12,15.584415584415584,3,78,0.9285714285714286,1.0,True
Euarchontoglires,33,N_terminal,other,78,17,21.794871794871796,3,79,0.9404761904761904,1.0,True
Euarchontoglires,34,N_terminal,other,80,1,1.25,3,81,0.9642857142857144,1.0,True
Euarchontoglires,35,N_terminal,other,80,0,0.0,3,81,0.9642857142857144,1.0,True
Euarchontoglires,36,N_terminal,other,81,7,8.641975308641975,3,82,0.9761904761904762,1.0,True
Euarchontoglires,37,N_terminal,other,81,12,14.814814814814815,3,82,0.9761904761904762,1.0,True
Euarchontoglires,38,N_terminal,other,81,3,3.7037037037037037,3,82,0.9761904761904762,1.0,True
Euarchontoglires,39,N_terminal,other,81,8,9.876543209876543,3,82,0.9761904761904762,1.0,True
Euarchontoglires,40,N_terminal,other,81,5,6.172839506172839,3,82,0.9761904761904762,1.0,True
Euarchontoglires,41,ADD,other,81,0,0.0,3,82,0.9761904761904762,1.0,True
Euarchontoglires,42,ADD,other,81,2,2.4691358024691357,3,82,0.9761904761904762,1.0,True
Euarchontoglires,43,ADD,other,81,12,14.814814814814815,3,82,0.9761904761904762,1.0,True
Euarchontoglires,44,ADD,other,81,4,4.938271604938271,3,82,0.9761904761904762,1.0,True
Euarchontoglires,45,ADD,other,81,2,2.4691358024691357,3,82,0.9761904761904762,1.0,True
Euarchontoglires,46,ADD,other,81,11,13.580246913580247,3,82,0.9761904761904762,1.0,True
Euarchontoglires,47,ADD,other,81,0,0.0,3,82,0.9761904761904762,1.0,True
Euarchontoglires,48,ADD,other,82,10,12.195121951219512,3,82,0.9761904761904762,1.0,True
Euarchontoglires,49,ADD,other,82,3,3.658536585365854,3,83,0.988095238095238,1.0,True
Euarchontoglires,50,ADD,other,82,1,1.2195121951219512,3,83,0.988095238095238,1.0,True
Euarchontoglires,51,ADD,other,82,4,4.878048780487805,3,83,0.988095238095238,1.0,True
Euarchontoglires,52,ADD,other,83,9,10.843373493975903,3,84,1.0,1.0,True
Euarchontoglires,53,ADD,other,83,0,0.0,3,84,1.0,1.0,True
Euarchontoglires,54,ADD,other,83,1,1.2048192771084338,3,84,1.0,1.0,True
Euarchontoglires,55,ADD,other,83,5,6.024096385542169,3,84,1.0,1.0,True
Euarchontoglires,56,ADD,other,83,0,0.0,3,84,1.0,1.0,True
Euarchontoglires,57,ADD,other,83,1,1.2048192771084338,3,84,1.0,1.0,True
Euarchontoglires,58,ADD,other,83,5,6.024096385542169,3,84,1.0,1.0,True
Euarchontoglires,59,ADD,other,83,9,10.843373493975903,3,84,1.0,1.0,True
Euarchontoglires,60,ADD,other,83,6,7.228915662650603,3,84,1.0,1.0,True
Euarchontoglires,61,ADD,other,83,2,2.4096385542168677,3,84,1.0,1.0,True
Euarchontoglires,62,ADD,other,83,7,8.433734939759036,3,84,1.0,1.0,True
Euarchontoglires,63,ADD,other,83,7,8.433734939759036,3,84,1.0,1.0,True
Euarchontoglires,64,ADD,other,83,8,9.63855421686747,3,84,1.0,1.0,True
Euarchontoglires,65,ADD,other,83,0,0.0,3,84,1.0,1.0,True
Euarchontoglires,66,ADD,other,83,0,0.0,3,84,1.0,1.0,True
Euarchontoglires,67,ADD,other,83,0,0.0,3,84,1.0,1.0,True
Euarchontoglires,68,ADD,other,83,0,0.0,3,84,1.0,1.0,True
Euarchontoglires,69,ADD,other,83,5,6.024096385542169,3,84,1.0,1.0,True
Euarchontoglires,70,ADD,other,83,0,0.0,3,84,1.0,1.0,True
Euarchontoglires,71,ADD,other,83,0,0.0,3,84,1.0,1.0,True
Euarchontoglires,72,ADD,other,83,17,20.481927710843372,3,84,1.0,1.0,True
Euarchontoglires,73,ADD,other,83,0,0.0,3,84,1.0,1.0,True
Euarchontoglires,74,ADD,other,83,10,12.048192771084338,3,84,1.0,1.0,True
Euarchontoglires,75,ADD,other,83,7,8.433734939759036,3,84,1.0,1.0,True
Euarchontoglires,76,ADD,other,83,0,0.0,3,84,1.0,1.0,True
Euarchontoglires,77,ADD,other,83,0,0.0,3,84,1.0,1.0,True
Euarchontoglires,78,ADD,other,83,1,1.2048192771084338,3,84,1.0,1.0,True
Euarchontoglires,79,ADD,other,83,9,10.843373493975903,3,84,1.0,1.0,True
Euarchontoglires,80,ADD,other,83,3,3.6144578313253013,3,84,1.0,1.0,True
Euarchontoglires,81,ADD,other,83,0,0.0,3,84,1.0,1.0,True
Euarchontoglires,82,ADD,other,83,7,8.433734939759036,3,84,1.0,1.0,True
Euarchontoglires,83,ADD,other,83,10,12.048192771084338,3,84,1.0,1.0,True
Euarchontoglires,84,ADD,other,83,4,4.819277108433735,3,84,1.0,1.0,True
Euarchontoglires,85,ADD,other,83,0,0.0,3,84,1.0,1.0,True
Euarchontoglires,86,ADD,other,83,4,4.819277108433735,3,84,1.0,1.0,True
Euarchontoglires,87,ADD,other,83,0,0.0,3,84,1.0,1.0,True
Euarchontoglires,88,ADD,other,83,0,0.0,3,84,1.0,1.0,True
Euarchontoglires,89,ADD,other,83,13,15.662650602409638,3,84,1.0,1.0,True
Euarchontoglires,90,ADD,other,83,0,0.0,3,84,1.0,1.0,True
Euarchontoglires,91,ADD,other,83,0,0.0,3,84,1.0,1.0,True
Euarchontoglires,92,ADD,other,83,2,2.4096385542168677,3,84,1.0,1.0,True
Euarchontoglires,93,ADD,other,83,1,1.2048192771084338,3,84,1.0,1.0,True
Euarchontoglires,94,ADD,other,83,4,4.819277108433735,3,84,1.0,1.0,True
Euarchontoglires,95,ADD,other,83,7,8.433734939759036,3,84,1.0,1.0,True
Euarchontoglires,96,ADD,other,83,0,0.0,3,84,1.0,1.0,True
Euarchontoglires,97,ADD,other,83,3,3.6144578313253013,3,84,1.0,1.0,True
Euarchontoglires,98,ADD,other,83,1,1.2048192771084338,3,84,1.0,1.0,True
Euarchontoglires,99,ADD,other,83,0,0.0,3,84,1.0,1.0,True
Euarchontoglires,100,ADD,other,83,8,9.63855421686747,3,84,1.0,1.0,True
Euarchontoglires,101,ADD,other,83,6,7.228915662650603,3,84,1.0,1.0,True
Euarchontoglires,102,ADD,other,83,0,0.0,3,84,1.0,1.0,True
Euarchontoglires,103,ADD,other,83,14,16.867469879518072,3,84,1.0,1.0,True
Euarchontoglires,104,ADD,other,83,3,3.6144578313253013,3,84,1.0,1.0,True
Euarchontoglires,105,ADD,other,83,0,0.0,3,84,1.0,1.0,True
Euarchontoglires,106,ADD,other,83,1,1.2048192771084338,3,84,1.0,1.0,True
Euarchontoglires,107,ADD,other,83,3,3.6144578313253013,3,84,1.0,1.0,True
Euarchontoglires,108,ADD,other,83,0,0.0,3,84,1.0,1.0,True
Euarchontoglires,109,ADD,other,83,1,1.2048192771084338,3,84,1.0,1.0,True
Euarchontoglires,110,ADD,other,83,7,8.433734939759036,3,84,1.0,1.0,True
Euarchontoglires,111,ADD,other,83,2,2.4096385542168677,3,84,1.0,1.0,True
Euarchontoglires,112,ADD,other,83,2,2.4096385542168677,3,84,1.0,1.0,True
Euarchontoglires,113,ADD,other,83,0,0.0,3,84,1.0,1.0,True
Euarchontoglires,114,ADD,other,83,1,1.2048192771084338,3,84,1.0,1.0,True
Euarchontoglires,115,ADD,other,83,0,0.0,3,84,1.0,1.0,True
Euarchontoglires,116,ADD,other,83,1,1.2048192771084338,3,84,1.0,1.0,True
Euarchontoglires,117,ADD,other,83,0,0.0,3,84,1.0,1.0,True
Euarchontoglires,118,ADD,other,83,0,0.0,3,84,1.0,1.0,True
Euarchontoglires,119,ADD,other,83,2,2.4096385542168677,3,84,1.0,1.0,True
Euarchontoglires,120,ADD,other,83,2,2.4096385542168677,3,84,1.0,1.0,True
Euarchontoglires,121,ADD,other,83,0,0.0,3,84,1.0,1.0,True
Euarchontoglires,122,ADD,other,83,5,6.024096385542169,3,84,1.0,1.0,True
Euarchontoglires,123,ADD,other,83,0,0.0,3,84,1.0,1.0,True
Euarchontoglires,124,ADD,other,83,13,15.662650602409638,3,84,1.0,1.0,True
Euarchontoglires,125,ADD,other,83,0,0.0,3,84,1.0,1.0,True
Euarchontoglires,126,ADD,other,83,2,2.4096385542168677,3,84,1.0,1.0,True
Euarchontoglires,127,ADD,other,83,6,7.228915662650603,3,84,1.0,1.0,True
Euarchontoglires,128,ADD,other,83,1,1.2048192771084338,3,84,1.0,1.0,True
Euarchontoglires,129,ADD,other,83,0,0.0,3,84,1.0,1.0,True
Euarchontoglires,130,ADD,other,83,2,2.4096385542168677,3,84,1.0,1.0,True
Euarchontoglires,131,ADD,other,83,2,2.4096385542168677,3,84,1.0,1.0,True
Euarchontoglires,132,ADD,other,83,6,7.228915662650603,3,84,1.0,1.0,True
Euarchontoglires,133,ADD,other,83,5,6.024096385542169,3,84,1.0,1.0,True
Euarchontoglires,134,ADD,other,83,4,4.819277108433735,3,84,1.0,1.0,True
Euarchontoglires,135,ADD,other,83,10,12.048192771084338,3,84,1.0,1.0,True
Euarchontoglires,136,ADD,other,83,7,8.433734939759036,3,84,1.0,1.0,True
Euarchontoglires,137,ADD,other,83,4,4.819277108433735,3,84,1.0,1.0,True
Euarchontoglires,138,ADD,other,83,9,10.843373493975903,3,84,1.0,1.0,True
Euarchontoglires,139,ADD,other,83,8,9.63855421686747,3,84,1.0,1.0,True
Euarchontoglires,140,ADD,other,83,0,0.0,3,84,1.0,1.0,True
Euarchontoglires,141,ADD,other,83,3,3.6144578313253013,3,84,1.0,1.0,True
Euarchontoglires,142,ADD,other,83,0,0.0,3,84,1.0,1.0,True
Euarchontoglires,143,ADD,other,83,3,3.6144578313253013,3,84,1.0,1.0,True
Euarchontoglires,144,ADD,other,83,0,0.0,3,84,1.0,1.0,True
Euarchontoglires,145,ADD,other,83,0,0.0,3,84,1.0,1.0,True
Euarchontoglires,146,ADD,other,83,2,2.4096385542168677,3,84,1.0,1.0,True
Euarchontoglires,147,ADD,other,83,0,0.0,3,84,1.0,1.0,True
Euarchontoglires,148,ADD,other,83,5,6.024096385542169,3,84,1.0,1.0,True
Euarchontoglires,149,ADD,other,83,11,13.25301204819277,3,84,1.0,1.0,True
Euarchontoglires,150,ADD,other,83,10,12.048192771084338,3,84,1.0,1.0,True
Euarchontoglires,151,ADD,other,83,5,6.024096385542169,3,84,1.0,1.0,True
Euarchontoglires,152,ADD,other,83,0,0.0,3,84,1.0,1.0,True
Euarchontoglires,153,ADD,other,83,0,0.0,3,84,1.0,1.0,True
Euarchontoglires,154,ADD,other,83,0,0.0,3,84,1.0,1.0,True
Euarchontoglires,155,ADD,other,83,8,9.63855421686747,3,84,1.0,1.0,True
Euarchontoglires,156,ADD,other,83,0,0.0,3,84,1.0,1.0,True
Euarchontoglires,157,ADD,other,83,0,0.0,3,84,1.0,1.0,True
Euarchontoglires,158,ADD,other,83,7,8.433734939759036,3,84,1.0,1.0,True
Euarchontoglires,159,ADD,other,83,9,10.843373493975903,3,84,1.0,1.0,True
Euarchontoglires,160,ADD,other,83,0,0.0,3,84,1.0,1.0,True
Euarchontoglires,161,ADD,other,83,1,1.2048192771084338,3,84,1.0,1.0,True
Euarchontoglires,162,ADD,other,83,16,19.27710843373494,3,84,1.0,1.0,True
Euarchontoglires,163,ADD,other,83,9,10.843373493975903,3,84,1.0,1.0,True
Euarchontoglires,164,ADD,other,83,0,0.0,3,84,1.0,1.0,True
Euarchontoglires,165,ADD,other,83,0,0.0,3,84,1.0,1.0,True
Euarchontoglires,166,ADD,other,83,4,4.819277108433735,3,84,1.0,1.0,True
Euarchontoglires,167,ADD,other,83,0,0.0,3,84,1.0,1.0,True
Euarchontoglires,168,ADD,other,83,12,14.457831325301205,3,84,1.0,1.0,True
Euarchontoglires,169,ADD,other,83,3,3.6144578313253013,3,84,1.0,1.0,True
Euarchontoglires,170,ADD,other,83,9,10.843373493975903,3,84,1.0,1.0,True
Euarchontoglires,171,ADD,other,83,4,4.819277108433735,3,84,1.0,1.0,True
Euarchontoglires,172,ADD,other,83,8,9.63855421686747,3,84,1.0,1.0,True
Euarchontoglires,173,ADD,other,83,14,16.867469879518072,3,84,1.0,1.0,True
Euarchontoglires,174,linker,other,83,10,12.048192771084338,3,84,1.0,1.0,True
Euarchontoglires,175,linker,other,83,6,7.228915662650603,3,84,1.0,1.0,True
Euarchontoglires,176,linker,other,83,9,10.843373493975903,3,84,1.0,1.0,True
Euarchontoglires,177,linker,other,83,5,6.024096385542169,3,84,1.0,1.0,True
Euarchontoglires,178,C_terminal_MTase_like,other,83,9,10.843373493975903,3,84,1.0,1.0,True
Euarchontoglires,179,C_terminal_MTase_like,other,83,2,2.4096385542168677,3,84,1.0,1.0,True
Euarchontoglires,180,C_terminal_MTase_like,other,83,6,7.228915662650603,3,84,1.0,1.0,True
Euarchontoglires,181,C_terminal_MTase_like,other,83,2,2.4096385542168677,3,84,1.0,1.0,True
Euarchontoglires,182,C_terminal_MTase_like,other,83,2,2.4096385542168677,3,84,1.0,1.0,True
Euarchontoglires,183,C_terminal_MTase_like,other,83,3,3.6144578313253013,3,84,1.0,1.0,True
Euarchontoglires,184,C_terminal_MTase_like,other,83,6,7.228915662650603,3,84,1.0,1.0,True
Euarchontoglires,185,C_terminal_MTase_like,other,83,2,2.4096385542168677,3,84,1.0,1.0,True
Euarchontoglires,186,C_terminal_MTase_like,other,83,2,2.4096385542168677,3,84,1.0,1.0,True
Euarchontoglires,187,C_terminal_MTase_like,other,83,2,2.4096385542168677,3,84,1.0,1.0,True
Euarchontoglires,188,C_terminal_MTase_like,other,83,10,12.048192771084338,3,84,1.0,1.0,True
Euarchontoglires,189,C_terminal_MTase_like,other,83,2,2.4096385542168677,3,84,1.0,1.0,True
Euarchontoglires,190,C_terminal_MTase_like,other,83,17,20.481927710843372,3,84,1.0,1.0,True
Euarchontoglires,191,C_terminal_MTase_like,other,83,4,4.819277108433735,3,84,1.0,1.0,True
Euarchontoglires,192,C_terminal_MTase_like,other,83,0,0.0,3,84,1.0,1.0,True
Euarchontoglires,193,C_terminal_MTase_like,other,83,0,0.0,3,84,1.0,1.0,True
Euarchontoglires,194,C_terminal_MTase_like,other,83,5,6.024096385542169,3,84,1.0,1.0,True
Euarchontoglires,195,C_terminal_MTase_like,other,83,0,0.0,3,84,1.0,1.0,True
Euarchontoglires,196,C_terminal_MTase_like,other,83,0,0.0,3,84,1.0,1.0,True
Euarchontoglires,197,C_terminal_MTase_like,other,83,9,10.843373493975903,3,84,1.0,1.0,True
Euarchontoglires,198,C_terminal_MTase_like,other,83,11,13.25301204819277,3,84,1.0,1.0,True
Euarchontoglires,199,C_terminal_MTase_like,other,83,0,0.0,3,84,1.0,1.0,True
Euarchontoglires,200,C_terminal_MTase_like,other,83,13,15.662650602409638,3,84,1.0,1.0,True
Euarchontoglires,201,C_terminal_MTase_like,other,83,4,4.819277108433735,3,84,1.0,1.0,True
Euarchontoglires,202,C_terminal_MTase_like,other,83,1,1.2048192771084338,3,84,1.0,1.0,True
Euarchontoglires,203,C_terminal_MTase_like,other,83,0,0.0,3,84,1.0,1.0,True
Euarchontoglires,204,C_terminal_MTase_like,other,83,13,15.662650602409638,3,84,1.0,1.0,True
Euarchontoglires,205,C_terminal_MTase_like,other,83,2,2.4096385542168677,3,84,1.0,1.0,True
Euarchontoglires,206,C_terminal_MTase_like,other,83,0,0.0,3,84,1.0,1.0,True
Euarchontoglires,207,C_terminal_MTase_like,other,83,0,0.0,3,84,1.0,1.0,True
Euarchontoglires,208,C_terminal_MTase_like,other,83,0,0.0,3,84,1.0,1.0,True
Euarchontoglires,209,C_terminal_MTase_like,other,83,2,2.4096385542168677,3,84,1.0,1.0,True
Euarchontoglires,210,C_terminal_MTase_like,other,83,3,3.6144578313253013,3,84,1.0,1.0,True
Euarchontoglires,211,C_terminal_MTase_like,other,82,16,19.51219512195122,3,83,0.988095238095238,1.0,True
Euarchontoglires,212,C_terminal_MTase_like,other,82,4,4.878048780487805,3,82,0.9761904761904762,1.0,True
Euarchontoglires,213,C_terminal_MTase_like,other,82,4,4.878048780487805,3,81,0.9642857142857144,0.925925925925926,True
Euarchontoglires,214,C_terminal_MTase_like,other,83,13,15.662650602409638,3,83,0.988095238095238,0.963855421686747,True
Euarchontoglires,215,C_terminal_MTase_like,other,83,14,16.867469879518072,3,84,1.0,0.9523809523809524,True
Euarchontoglires,216,C_terminal_MTase_like,other,83,4,4.819277108433735,3,84,1.0,1.0,True
Euarchontoglires,217,C_terminal_MTase_like,other,83,9,10.843373493975903,3,84,1.0,1.0,True
Euarchontoglires,218,C_terminal_MTase_like,other,83,3,3.6144578313253013,3,84,1.0,1.0,True
Euarchontoglires,219,C_terminal_MTase_like,other,83,9,10.843373493975903,3,84,1.0,1.0,True
Euarchontoglires,220,C_terminal_MTase_like,other,83,5,6.024096385542169,3,84,1.0,1.0,True
Euarchontoglires,221,C_terminal_MTase_like,other,83,6,7.228915662650603,3,84,1.0,1.0,True
Euarchontoglires,222,C_terminal_MTase_like,other,83,10,12.048192771084338,3,84,1.0,1.0,True
Euarchontoglires,223,C_terminal_MTase_like,other,83,1,1.2048192771084338,3,84,1.0,1.0,True
Euarchontoglires,224,C_terminal_MTase_like,other,83,1,1.2048192771084338,3,84,1.0,1.0,True
Euarchontoglires,225,C_terminal_MTase_like,other,83,2,2.4096385542168677,3,84,1.0,1.0,True
Euarchontoglires,226,C_terminal_MTase_like,other,83,7,8.433734939759036,3,84,1.0,1.0,True
Euarchontoglires,227,C_terminal_MTase_like,other,83,6,7.228915662650603,3,84,1.0,1.0,True
Euarchontoglires,228,C_terminal_MTase_like,other,83,0,0.0,3,84,1.0,1.0,True
Euarchontoglires,229,C_terminal_MTase_like,other,83,0,0.0,3,84,1.0,1.0,True
Euarchontoglires,230,C_terminal_MTase_like,other,83,1,1.2048192771084338,3,84,1.0,1.0,True
Euarchontoglires,231,C_terminal_MTase_like,other,83,3,3.6144578313253013,3,84,1.0,1.0,True
Euarchontoglires,232,C_terminal_MTase_like,other,83,1,1.2048192771084338,3,84,1.0,1.0,True
Euarchontoglires,233,C_terminal_MTase_like,other,83,2,2.4096385542168677,3,84,1.0,1.0,True
Euarchontoglires,234,C_terminal_MTase_like,other,83,15,18.072289156626507,3,84,1.0,1.0,True
Euarchontoglires,235,C_terminal_MTase_like,other,83,0,0.0,3,84,1.0,1.0,True
Euarchontoglires,236,C_terminal_MTase_like,other,83,0,0.0,3,84,1.0,1.0,True
Euarchontoglires,237,C_terminal_MTase_like,other,83,0,0.0,3,84,1.0,1.0,True
Euarchontoglires,238,C_terminal_MTase_like,other,83,1,1.2048192771084338,3,84,1.0,1.0,True
Euarchontoglires,239,C_terminal_MTase_like,other,83,2,2.4096385542168677,3,84,1.0,1.0,True
Euarchontoglires,240,C_terminal_MTase_like,other,83,1,1.2048192771084338,3,84,1.0,1.0,True
Euarchontoglires,241,C_terminal_MTase_like,other,83,8,9.63855421686747,3,84,1.0,1.0,True
Euarchontoglires,242,C_terminal_MTase_like,other,83,2,2.4096385542168677,3,84,1.0,1.0,True
Euarchontoglires,243,C_terminal_MTase_like,other,83,0,0.0,3,84,1.0,1.0,True
Euarchontoglires,244,C_terminal_MTase_like,other,83,2,2.4096385542168677,3,84,1.0,1.0,True
Euarchontoglires,245,C_terminal_MTase_like,other,83,0,0.0,3,84,1.0,1.0,True
Euarchontoglires,246,C_terminal_MTase_like,other,83,4,4.819277108433735,3,84,1.0,1.0,True
Euarchontoglires,247,C_terminal_MTase_like,other,83,8,9.63855421686747,3,84,1.0,1.0,True
Euarchontoglires,248,C_terminal_MTase_like,other,83,9,10.843373493975903,3,84,1.0,1.0,True
Euarchontoglires,249,C_terminal_MTase_like,other,83,4,4.819277108433735,3,84,1.0,1.0,True
Euarchontoglires,250,C_terminal_MTase_like,other,82,14,17.073170731707318,3,80,0.9523809523809524,1.0,True
Euarchontoglires,251,C_terminal_MTase_like,other,82,11,13.414634146341463,3,80,0.9523809523809524,1.0,True
Euarchontoglires,252,C_terminal_MTase_like,other,82,10,12.195121951219512,3,83,0.988095238095238,0.963855421686747,True
Euarchontoglires,253,C_terminal_MTase_like,other,83,13,15.662650602409638,3,84,1.0,0.9642857142857144,True
Euarchontoglires,254,C_terminal_MTase_like,other,83,16,19.27710843373494,3,84,1.0,1.0,True
Euarchontoglires,255,C_terminal_MTase_like,other,83,4,4.819277108433735,3,84,1.0,1.0,True
Euarchontoglires,256,C_terminal_MTase_like,other,83,0,0.0,3,84,1.0,1.0,True
Euarchontoglires,257,C_terminal_MTase_like,other,83,7,8.433734939759036,3,84,1.0,1.0,True
Euarchontoglires,258,C_terminal_MTase_like,other,83,0,0.0,3,84,1.0,1.0,True
Euarchontoglires,259,C_terminal_MTase_like,other,83,3,3.6144578313253013,3,84,1.0,1.0,True
Euarchontoglires,260,C_terminal_MTase_like,other,83,4,4.819277108433735,3,84,1.0,1.0,True
Euarchontoglires,261,C_terminal_MTase_like,other,83,2,2.4096385542168677,3,84,1.0,1.0,True
Euarchontoglires,262,C_terminal_MTase_like,other,83,1,1.2048192771084338,3,84,1.0,1.0,True
Euarchontoglires,263,C_terminal_MTase_like,other,83,0,0.0,3,84,1.0,1.0,True
Euarchontoglires,264,C_terminal_MTase_like,other,83,1,1.2048192771084338,3,84,1.0,1.0,True
Euarchontoglires,265,C_terminal_MTase_like,other,83,0,0.0,3,84,1.0,1.0,True
Euarchontoglires,266,C_terminal_MTase_like,other,83,6,7.228915662650603,3,84,1.0,1.0,True
Euarchontoglires,267,C_terminal_MTase_like,other,83,1,1.2048192771084338,3,84,1.0,1.0,True
Euarchontoglires,268,C_terminal_MTase_like,other,83,2,2.4096385542168677,3,84,1.0,1.0,True
Euarchontoglires,269,C_terminal_MTase_like,other,83,0,0.0,3,84,1.0,1.0,True
Euarchontoglires,270,C_terminal_MTase_like,other,83,4,4.819277108433735,3,84,1.0,1.0,True
Euarchontoglires,271,C_terminal_MTase_like,other,83,5,6.024096385542169,3,84,1.0,1.0,True
Euarchontoglires,272,C_terminal_MTase_like,other,83,2,2.4096385542168677,3,84,1.0,1.0,True
Euarchontoglires,273,C_terminal_MTase_like,other,83,19,22.89156626506024,3,84,1.0,1.0,True
Euarchontoglires,274,C_terminal_MTase_like,other,78,15,19.23076923076923,3,79,0.9404761904761904,1.0,True
Euarchontoglires,275,C_terminal_MTase_like,other,83,7,8.433734939759036,3,84,1.0,1.0,True
Euarchontoglires,276,C_terminal_MTase_like,other,83,6,7.228915662650603,3,84,1.0,1.0,True
Euarchontoglires,277,C_terminal_MTase_like,other,83,8,9.63855421686747,3,84,1.0,1.0,True
Euarchontoglires,278,C_terminal_MTase_like,other,82,13,15.853658536585366,3,83,0.988095238095238,1.0,True
Euarchontoglires,279,C_terminal_MTase_like,other,83,2,2.4096385542168677,3,84,1.0,1.0,True
Euarchontoglires,280,C_terminal_MTase_like,other,83,0,0.0,3,84,1.0,1.0,True
Euarchontoglires,281,C_terminal_MTase_like,other,83,0,0.0,3,84,1.0,1.0,True
Euarchontoglires,282,C_terminal_MTase_like,other,83,0,0.0,3,84,1.0,1.0,True
Euarchontoglires,283,C_terminal_MTase_like,other,83,6,7.228915662650603,3,84,1.0,1.0,True
Euarchontoglires,284,C_terminal_MTase_like,other,83,0,0.0,3,84,1.0,1.0,True
Euarchontoglires,285,C_terminal_MTase_like,other,83,6,7.228915662650603,3,84,1.0,1.0,True
Euarchontoglires,286,C_terminal_MTase_like,other,83,0,0.0,3,84,1.0,1.0,True
Euarchontoglires,287,C_terminal_MTase_like,other,83,7,8.433734939759036,3,84,1.0,1.0,True
Euarchontoglires,288,C_terminal_MTase_like,other,83,1,1.2048192771084338,3,84,1.0,1.0,True
Euarchontoglires,289,C_terminal_MTase_like,other,83,8,9.63855421686747,3,84,1.0,1.0,True
Euarchontoglires,290,C_terminal_MTase_like,other,83,3,3.6144578313253013,3,84,1.0,1.0,True
Euarchontoglires,291,C_terminal_MTase_like,other,83,8,9.63855421686747,3,84,1.0,1.0,True
Euarchontoglires,292,C_terminal_MTase_like,other,83,13,15.662650602409638,3,84,1.0,1.0,True
Euarchontoglires,293,C_terminal_MTase_like,other,83,12,14.457831325301205,3,84,1.0,1.0,True
Euarchontoglires,294,C_terminal_MTase_like,other,83,1,1.2048192771084338,3,84,1.0,1.0,True
Euarchontoglires,295,C_terminal_MTase_like,other,83,7,8.433734939759036,3,84,1.0,1.0,True
Euarchontoglires,296,C_terminal_MTase_like,other,83,13,15.662650602409638,3,84,1.0,1.0,True
Euarchontoglires,297,C_terminal_MTase_like,other,83,10,12.048192771084338,3,84,1.0,1.0,True
Euarchontoglires,298,C_terminal_MTase_like,other,83,3,3.6144578313253013,3,84,1.0,1.0,True
Euarchontoglires,299,C_terminal_MTase_like,other,83,25,30.120481927710845,3,84,1.0,1.0,True
Euarchontoglires,300,C_terminal_MTase_like,other,83,0,0.0,3,84,1.0,1.0,True
Euarchontoglires,301,C_terminal_MTase_like,other,83,0,0.0,3,84,1.0,1.0,True
Euarchontoglires,302,C_terminal_MTase_like,other,83,5,6.024096385542169,3,84,1.0,1.0,True
Euarchontoglires,303,C_terminal_MTase_like,other,83,2,2.4096385542168677,3,84,1.0,1.0,True
Euarchontoglires,304,C_terminal_MTase_like,other,83,18,21.686746987951807,3,84,1.0,0.988095238095238,True
Euarchontoglires,305,C_terminal_MTase_like,other,83,4,4.819277108433735,3,84,1.0,0.988095238095238,True
Euarchontoglires,306,C_terminal_MTase_like,other,83,6,7.228915662650603,3,84,1.0,1.0,True
Euarchontoglires,307,C_terminal_MTase_like,other,83,9,10.843373493975903,3,83,0.988095238095238,1.0,True
Euarchontoglires,308,C_terminal_MTase_like,other,83,2,2.4096385542168677,3,83,0.988095238095238,1.0,True
Euarchontoglires,309,C_terminal_MTase_like,other,83,4,4.819277108433735,3,83,0.988095238095238,1.0,True
Euarchontoglires,310,C_terminal_MTase_like,other,83,6,7.228915662650603,3,83,0.988095238095238,1.0,True
Euarchontoglires,311,C_terminal_MTase_like,other,83,5,6.024096385542169,3,83,0.988095238095238,1.0,True
Euarchontoglires,312,C_terminal_MTase_like,other,83,7,8.433734939759036,3,83,0.988095238095238,1.0,True
Euarchontoglires,313,C_terminal_MTase_like,other,83,10,12.048192771084338,3,83,0.988095238095238,1.0,True
Euarchontoglires,314,C_terminal_MTase_like,other,83,7,8.433734939759036,3,83,0.988095238095238,1.0,True
Euarchontoglires,315,C_terminal_MTase_like,other,83,7,8.433734939759036,3,83,0.988095238095238,1.0,True
Euarchontoglires,316,C_terminal_MTase_like,other,83,11,13.25301204819277,3,83,0.988095238095238,1.0,True
Euarchontoglires,317,C_terminal_MTase_like,other,83,6,7.228915662650603,3,83,0.988095238095238,1.0,True
Euarchontoglires,318,C_terminal_MTase_like,other,83,5,6.024096385542169,3,83,0.988095238095238,1.0,True
Euarchontoglires,319,C_terminal_MTase_like,other,82,9,10.975609756097562,3,83,0.988095238095238,1.0,True
Euarchontoglires,320,C_terminal_MTase_like,other,82,1,1.2195121951219512,3,83,0.988095238095238,1.0,True
Euarchontoglires,321,C_terminal_MTase_like,other,82,7,8.536585365853659,3,83,0.988095238095238,1.0,True
Euarchontoglires,322,C_terminal_MTase_like,other,82,6,7.317073170731708,3,83,0.988095238095238,1.0,True
Euarchontoglires,323,C_terminal_MTase_like,other,82,1,1.2195121951219512,3,83,0.988095238095238,1.0,True
Euarchontoglires,324,C_terminal_MTase_like,other,83,0,0.0,3,83,0.988095238095238,1.0,True
Euarchontoglires,325,C_terminal_MTase_like,other,83,2,2.4096385542168677,3,83,0.988095238095238,1.0,True
Euarchontoglires,326,C_terminal_MTase_like,other,83,1,1.2048192771084338,3,83,0.988095238095238,1.0,True
Euarchontoglires,327,C_terminal_MTase_like,other,83,3,3.6144578313253013,3,83,0.988095238095238,1.0,True
Euarchontoglires,328,C_terminal_MTase_like,other,83,0,0.0,3,83,0.988095238095238,1.0,True
Euarchontoglires,329,C_terminal_MTase_like,other,83,2,2.4096385542168677,3,83,0.988095238095238,1.0,True
Euarchontoglires,330,C_terminal_MTase_like,other,83,5,6.024096385542169,3,83,0.988095238095238,1.0,True
Euarchontoglires,331,C_terminal_MTase_like,other,83,8,9.63855421686747,3,83,0.988095238095238,1.0,True
Euarchontoglires,332,C_terminal_MTase_like,other,83,2,2.4096385542168677,1,25,0.2976190476190476,1.0,False
Euarchontoglires,334,C_terminal_MTase_like,other,83,5,6.024096385542169,3,82,0.9761904761904762,1.0,True
Euarchontoglires,335,C_terminal_MTase_like,other,83,3,3.6144578313253013,3,82,0.9761904761904762,1.0,True
Euarchontoglires,336,C_terminal_MTase_like,other,83,25,30.120481927710845,3,82,0.9761904761904762,1.0,True
Euarchontoglires,337,C_terminal_MTase_like,other,83,8,9.63855421686747,3,81,0.9642857142857144,1.0,True
Euarchontoglires,338,C_terminal_MTase_like,other,82,3,3.658536585365854,3,81,0.9642857142857144,1.0,True
Euarchontoglires,339,C_terminal_MTase_like,other,82,12,14.634146341463415,3,81,0.9642857142857144,1.0,True
Euarchontoglires,340,C_terminal_MTase_like,other,83,8,9.63855421686747,3,82,0.9761904761904762,1.0,True
Euarchontoglires,341,C_terminal_MTase_like,switching_helix,83,8,9.63855421686747,3,82,0.9761904761904762,1.0,True
Euarchontoglires,342,C_terminal_MTase_like,switching_helix,83,3,3.6144578313253013,3,82,0.9761904761904762,1.0,True
Euarchontoglires,343,C_terminal_MTase_like,switching_helix,83,7,8.433734939759036,3,82,0.9761904761904762,1.0,True
Euarchontoglires,344,C_terminal_MTase_like,switching_helix,83,11,13.25301204819277,3,82,0.9761904761904762,1.0,True
Euarchontoglires,345,C_terminal_MTase_like,switching_helix,83,11,13.25301204819277,3,82,0.9761904761904762,1.0,True
Euarchontoglires,346,C_terminal_MTase_like,switching_helix,83,5,6.024096385542169,3,82,0.9761904761904762,1.0,True
Euarchontoglires,347,C_terminal_MTase_like,switching_helix,83,5,6.024096385542169,3,82,0.9761904761904762,1.0,True
Euarchontoglires,348,C_terminal_MTase_like,switching_helix,83,15,18.072289156626507,3,82,0.9761904761904762,1.0,True
Euarchontoglires,349,C_terminal_MTase_like,switching_helix,83,9,10.843373493975903,3,82,0.9761904761904762,1.0,True
Euarchontoglires,350,C_terminal_MTase_like,switching_helix,82,18,21.951219512195124,3,81,0.9642857142857144,0.9629629629629628,True
Euarchontoglires,351,C_terminal_MTase_like,switching_helix,82,14,17.073170731707318,3,81,0.9642857142857144,0.9629629629629628,True
Euarchontoglires,352,C_terminal_MTase_like,switching_helix,83,11,13.25301204819277,3,82,0.9761904761904762,1.0,True
Euarchontoglires,353,C_terminal_MTase_like,switching_helix,83,13,15.662650602409638,3,82,0.9761904761904762,0.951219512195122,True
Euarchontoglires,354,C_terminal_MTase_like,switching_helix,83,14,16.867469879518072,3,80,0.9523809523809524,0.95,True
Euarchontoglires,355,C_terminal_MTase_like,switching_helix,83,11,13.25301204819277,3,79,0.9404761904761904,0.9620253164556962,True
Euarchontoglires,356,C_terminal_MTase_like,switching_helix_adjacent_loop,83,9,10.843373493975903,3,79,0.9404761904761904,0.9620253164556962,True
Euarchontoglires,357,C_terminal_MTase_like,switching_helix_adjacent_loop,82,14,17.073170731707318,3,79,0.9404761904761904,0.9620253164556962,True
Euarchontoglires,358,C_terminal_MTase_like,switching_helix_adjacent_loop,83,21,25.301204819277107,3,79,0.9404761904761904,0.9620253164556962,True
Euarchontoglires,359,C_terminal_MTase_like,switching_helix_adjacent_loop,80,17,21.25,3,77,0.9166666666666666,1.0,True
Euarchontoglires,360,C_terminal_MTase_like,switching_helix_adjacent_loop,83,16,19.27710843373494,3,82,0.9761904761904762,0.975609756097561,True
Euarchontoglires,361,C_terminal_MTase_like,other,83,11,13.25301204819277,3,82,0.9761904761904762,1.0,True
Euarchontoglires,362,C_terminal_MTase_like,other,83,11,13.25301204819277,3,82,0.9761904761904762,1.0,True
Euarchontoglires,363,C_terminal_MTase_like,other,83,18,21.686746987951807,3,82,0.9761904761904762,1.0,True
Euarchontoglires,364,C_terminal_MTase_like,other,83,2,2.4096385542168677,3,82,0.9761904761904762,1.0,True
Euarchontoglires,365,C_terminal_MTase_like,other,83,5,6.024096385542169,3,82,0.9761904761904762,1.0,True
Euarchontoglires,366,C_terminal_MTase_like,other,83,4,4.819277108433735,3,82,0.9761904761904762,1.0,True
Euarchontoglires,367,C_terminal_MTase_like,other,83,14,16.867469879518072,3,82,0.9761904761904762,1.0,True
Euarchontoglires,368,C_terminal_MTase_like,other,83,0,0.0,3,82,0.9761904761904762,1.0,True
Euarchontoglires,369,C_terminal_MTase_like,other,83,4,4.819277108433735,3,82,0.9761904761904762,1.0,True
Euarchontoglires,370,C_terminal_MTase_like,other,83,3,3.6144578313253013,3,82,0.9761904761904762,1.0,True
Euarchontoglires,371,C_terminal_MTase_like,other,83,2,2.4096385542168677,3,82,0.9761904761904762,1.0,True
Euarchontoglires,372,C_terminal_MTase_like,other,83,1,1.2048192771084338,3,82,0.9761904761904762,1.0,True
Euarchontoglires,373,C_terminal_MTase_like,other,83,4,4.819277108433735,3,82,0.9761904761904762,1.0,True
Euarchontoglires,374,C_terminal_MTase_like,other,83,2,2.4096385542168677,3,82,0.9761904761904762,1.0,True
Euarchontoglires,375,C_terminal_MTase_like,other,83,2,2.4096385542168677,3,82,0.9761904761904762,1.0,True
Euarchontoglires,376,C_terminal_MTase_like,other,83,2,2.4096385542168677,3,82,0.9761904761904762,1.0,True
Euarchontoglires,377,C_terminal_MTase_like,other,83,4,4.819277108433735,3,81,0.9642857142857144,1.0,True
Euarchontoglires,378,C_terminal_MTase_like,other,82,5,6.097560975609756,3,81,0.9642857142857144,1.0,True
Euarchontoglires,379,C_terminal_MTase_like,other,83,4,4.819277108433735,3,78,0.9285714285714286,1.0,True
Euarchontoglires,380,C_terminal_MTase_like,other,83,2,2.4096385542168677,3,78,0.9285714285714286,1.0,True
Euarchontoglires,381,C_terminal_tail,other,82,10,12.195121951219512,3,80,0.9523809523809524,0.4375,False
Euarchontoglires,382,C_terminal_tail,other,82,9,10.975609756097562,3,70,0.8333333333333334,0.5,False
Euarchontoglires,383,C_terminal_tail,other,82,6,7.317073170731708,2,35,0.4166666666666667,1.0,False
Euarchontoglires,384,C_terminal_tail,other,82,8,9.75609756097561,2,35,0.4166666666666667,1.0,False
Euarchontoglires,385,C_terminal_tail,other,82,5,6.097560975609756,2,35,0.4166666666666667,1.0,False
Euarchontoglires,386,C_terminal_tail,other,72,13,18.055555555555557,2,35,0.4166666666666667,1.0,False
Euarchontoglires,387,C_terminal_tail,other,72,8,11.11111111111111,2,36,0.4285714285714285,0.9722222222222222,False
Laurasiatheria,5,N_terminal,other,97,29,29.896907216494846,1,40,0.3361344537815126,0.625,False
Laurasiatheria,6,N_terminal,other,103,33,32.03883495145631,2,89,0.7478991596638656,0.6966292134831461,False
Laurasiatheria,8,N_terminal,other,103,4,3.883495145631068,3,100,0.8403361344537815,0.99,True
Laurasiatheria,9,N_terminal,other,103,9,8.737864077669903,3,101,0.8487394957983193,1.0,True
Laurasiatheria,10,N_terminal,other,103,9,8.737864077669903,3,101,0.8487394957983193,0.9801980198019802,True
Laurasiatheria,11,N_terminal,other,103,13,12.62135922330097,3,103,0.865546218487395,0.9611650485436892,True
Laurasiatheria,12,N_terminal,other,99,1,1.0101010101010102,3,101,0.8487394957983193,1.0,True
Laurasiatheria,13,N_terminal,other,99,8,8.080808080808081,3,101,0.8487394957983193,1.0,True
Laurasiatheria,14,N_terminal,other,101,6,5.9405940594059405,3,103,0.865546218487395,1.0,True
Laurasiatheria,15,N_terminal,other,101,17,16.831683168316832,3,103,0.865546218487395,1.0,True
Laurasiatheria,16,N_terminal,other,103,2,1.941747572815534,3,105,0.8823529411764706,1.0,True
Laurasiatheria,17,N_terminal,other,103,14,13.592233009708737,3,105,0.8823529411764706,1.0,True
Laurasiatheria,18,N_terminal,other,105,6,5.714285714285714,3,105,0.8823529411764706,1.0,True
Laurasiatheria,19,N_terminal,other,105,9,8.571428571428571,3,98,0.8235294117647058,1.0,True
Laurasiatheria,20,N_terminal,other,98,3,3.061224489795918,3,98,0.8235294117647058,1.0,True
Laurasiatheria,21,N_terminal,other,105,6,5.714285714285714,3,105,0.8823529411764706,1.0,True
Laurasiatheria,22,N_terminal,other,105,3,2.857142857142857,3,105,0.8823529411764706,1.0,True
Laurasiatheria,23,N_terminal,other,105,2,1.9047619047619047,3,105,0.8823529411764706,1.0,True
Laurasiatheria,24,N_terminal,other,105,7,6.666666666666667,3,104,0.8739495798319328,1.0,True
Laurasiatheria,25,N_terminal,other,100,10,10.0,3,101,0.8487394957983193,1.0,True
Laurasiatheria,26,N_terminal,other,103,5,4.854368932038835,3,103,0.865546218487395,1.0,True
Laurasiatheria,27,N_terminal,other,102,8,7.8431372549019605,3,102,0.8571428571428571,0.9803921568627452,True
Laurasiatheria,28,N_terminal,other,102,3,2.9411764705882355,3,103,0.865546218487395,0.9805825242718448,True
Laurasiatheria,29,N_terminal,other,102,6,5.882352941176471,3,103,0.865546218487395,0.970873786407767,True
Laurasiatheria,30,N_terminal,other,102,7,6.862745098039215,3,103,0.865546218487395,0.970873786407767,True
Laurasiatheria,31,N_terminal,other,102,3,2.9411764705882355,3,103,0.865546218487395,0.970873786407767,True
Laurasiatheria,32,N_terminal,other,101,18,17.821782178217823,3,102,0.8571428571428571,0.9901960784313726,True
Laurasiatheria,33,N_terminal,other,102,8,7.8431372549019605,3,103,0.865546218487395,0.970873786407767,True
Laurasiatheria,34,N_terminal,other,102,16,15.686274509803921,3,103,0.865546218487395,0.970873786407767,True
Laurasiatheria,35,N_terminal,other,102,1,0.9803921568627451,3,103,0.865546218487395,1.0,True
Laurasiatheria,36,N_terminal,other,102,8,7.8431372549019605,3,100,0.8403361344537815,1.0,True
Laurasiatheria,37,N_terminal,other,100,9,9.0,3,101,0.8487394957983193,1.0,True
Laurasiatheria,38,N_terminal,other,98,5,5.1020408163265305,3,99,0.8319327731092437,1.0,True
Laurasiatheria,39,N_terminal,other,100,6,6.0,3,101,0.8487394957983193,1.0,True
Laurasiatheria,40,N_terminal,other,100,6,6.0,3,101,0.8487394957983193,1.0,True
Laurasiatheria,41,ADD,other,100,5,5.0,3,101,0.8487394957983193,1.0,True
Laurasiatheria,42,ADD,other,100,3,3.0,3,101,0.8487394957983193,1.0,True
Laurasiatheria,43,ADD,other,100,10,10.0,3,101,0.8487394957983193,1.0,True
Laurasiatheria,44,ADD,other,100,6,6.0,3,101,0.8487394957983193,1.0,True
Laurasiatheria,45,ADD,other,101,7,6.930693069306931,3,101,0.8487394957983193,1.0,True
Laurasiatheria,46,ADD,other,101,9,8.910891089108912,3,101,0.8487394957983193,1.0,True
Laurasiatheria,47,ADD,other,101,2,1.9801980198019802,3,101,0.8487394957983193,1.0,True
Laurasiatheria,48,ADD,other,101,6,5.9405940594059405,3,101,0.8487394957983193,1.0,True
Laurasiatheria,49,ADD,other,101,3,2.9702970297029703,3,101,0.8487394957983193,1.0,True
Laurasiatheria,50,ADD,other,103,3,2.912621359223301,3,102,0.8571428571428571,0.9901960784313726,True
Laurasiatheria,51,ADD,other,103,3,2.912621359223301,3,103,0.865546218487395,1.0,True
Laurasiatheria,52,ADD,other,108,18,16.666666666666668,3,108,0.907563025210084,1.0,True
Laurasiatheria,53,ADD,other,108,1,0.9259259259259259,3,108,0.907563025210084,1.0,True
Laurasiatheria,54,ADD,other,107,3,2.803738317757009,3,108,0.907563025210084,1.0,True
Laurasiatheria,55,ADD,other,107,1,0.9345794392523364,3,108,0.907563025210084,1.0,True
Laurasiatheria,56,ADD,other,108,2,1.8518518518518519,3,108,0.907563025210084,1.0,True
Laurasiatheria,57,ADD,other,108,0,0.0,3,108,0.907563025210084,1.0,True
Laurasiatheria,58,ADD,other,108,3,2.7777777777777777,3,108,0.907563025210084,1.0,True
Laurasiatheria,59,ADD,other,108,11,10.185185185185185,3,108,0.907563025210084,1.0,True
Laurasiatheria,60,ADD,other,108,12,11.11111111111111,3,108,0.907563025210084,1.0,True
Laurasiatheria,61,ADD,other,108,5,4.62962962962963,3,108,0.907563025210084,1.0,True
Laurasiatheria,62,ADD,other,107,6,5.607476635514018,3,108,0.907563025210084,1.0,True
Laurasiatheria,63,ADD,other,107,5,4.672897196261682,3,108,0.907563025210084,1.0,True
Laurasiatheria,64,ADD,other,107,6,5.607476635514018,3,108,0.907563025210084,1.0,True
Laurasiatheria,65,ADD,other,107,1,0.9345794392523364,3,108,0.907563025210084,1.0,True
Laurasiatheria,66,ADD,other,107,1,0.9345794392523364,3,108,0.907563025210084,1.0,True
Laurasiatheria,67,ADD,other,107,1,0.9345794392523364,3,108,0.907563025210084,1.0,True
Laurasiatheria,68,ADD,other,107,1,0.9345794392523364,3,108,0.907563025210084,1.0,True
Laurasiatheria,69,ADD,other,108,5,4.62962962962963,3,108,0.907563025210084,1.0,True
Laurasiatheria,70,ADD,other,108,0,0.0,3,109,0.9159663865546218,0.9908256880733946,True
Laurasiatheria,71,ADD,other,108,0,0.0,3,108,0.907563025210084,1.0,True
Laurasiatheria,72,ADD,other,117,4,3.4188034188034186,3,117,0.9831932773109244,0.9914529914529916,True
Laurasiatheria,73,ADD,other,117,1,0.8547008547008547,3,117,0.9831932773109244,1.0,True
Laurasiatheria,74,ADD,other,117,9,7.6923076923076925,3,117,0.9831932773109244,0.9914529914529916,True
Laurasiatheria,75,ADD,other,117,8,6.837606837606837,3,117,0.9831932773109244,1.0,True
Laurasiatheria,76,ADD,other,117,3,2.5641025641025643,3,117,0.9831932773109244,0.9914529914529916,True
Laurasiatheria,77,ADD,other,117,1,0.8547008547008547,2,62,0.5210084033613446,0.9838709677419356,False
Laurasiatheria,78,ADD,other,117,3,2.5641025641025643,3,119,1.0,1.0,True
Laurasiatheria,79,ADD,other,117,5,4.273504273504273,3,119,1.0,1.0,True
Laurasiatheria,80,ADD,other,117,1,0.8547008547008547,3,119,1.0,1.0,True
Laurasiatheria,81,ADD,other,117,1,0.8547008547008547,3,119,1.0,1.0,True
Laurasiatheria,82,ADD,other,117,6,5.128205128205129,3,119,1.0,1.0,True
Laurasiatheria,83,ADD,other,117,8,6.837606837606837,3,119,1.0,1.0,True
Laurasiatheria,84,ADD,other,117,3,2.5641025641025643,3,119,1.0,1.0,True
Laurasiatheria,85,ADD,other,117,1,0.8547008547008547,3,119,1.0,1.0,True
Laurasiatheria,86,ADD,other,117,1,0.8547008547008547,3,119,1.0,1.0,True
Laurasiatheria,87,ADD,other,117,0,0.0,3,119,1.0,1.0,True
Laurasiatheria,88,ADD,other,117,0,0.0,3,119,1.0,1.0,True
Laurasiatheria,89,ADD,other,117,7,5.982905982905983,3,119,1.0,1.0,True
Laurasiatheria,90,ADD,other,117,0,0.0,3,119,1.0,1.0,True
Laurasiatheria,91,ADD,other,117,1,0.8547008547008547,3,119,1.0,1.0,True
Laurasiatheria,92,ADD,other,117,4,3.4188034188034186,3,119,1.0,1.0,True
Laurasiatheria,93,ADD,other,117,3,2.5641025641025643,3,119,1.0,1.0,True
Laurasiatheria,94,ADD,other,117,0,0.0,3,119,1.0,1.0,True
Laurasiatheria,95,ADD,other,117,5,4.273504273504273,3,119,1.0,1.0,True
Laurasiatheria,96,ADD,other,117,0,0.0,3,119,1.0,1.0,True
Laurasiatheria,97,ADD,other,117,1,0.8547008547008547,3,119,1.0,1.0,True
Laurasiatheria,98,ADD,other,117,2,1.7094017094017093,3,119,1.0,1.0,True
Laurasiatheria,99,ADD,other,117,0,0.0,3,119,1.0,1.0,True
Laurasiatheria,100,ADD,other,117,2,1.7094017094017093,3,119,1.0,1.0,True
Laurasiatheria,101,ADD,other,117,10,8.547008547008547,3,119,1.0,1.0,True
Laurasiatheria,102,ADD,other,117,2,1.7094017094017093,3,119,1.0,1.0,True
Laurasiatheria,103,ADD,other,117,8,6.837606837606837,3,119,1.0,1.0,True
Laurasiatheria,104,ADD,other,117,1,0.8547008547008547,3,119,1.0,1.0,True
Laurasiatheria,105,ADD,other,117,0,0.0,3,119,1.0,1.0,True
Laurasiatheria,106,ADD,other,117,0,0.0,3,119,1.0,1.0,True
Laurasiatheria,107,ADD,other,117,4,3.4188034188034186,3,119,1.0,1.0,True
Laurasiatheria,108,ADD,other,117,0,0.0,3,118,0.9915966386554622,1.0,True
Laurasiatheria,109,ADD,other,116,2,1.7241379310344827,3,118,0.9915966386554622,1.0,True
Laurasiatheria,110,ADD,other,116,5,4.310344827586207,3,118,0.9915966386554622,1.0,True
Laurasiatheria,111,ADD,other,116,0,0.0,3,118,0.9915966386554622,1.0,True
Laurasiatheria,112,ADD,other,116,0,0.0,3,118,0.9915966386554622,1.0,True
Laurasiatheria,113,ADD,other,116,0,0.0,3,118,0.9915966386554622,1.0,True
Laurasiatheria,114,ADD,other,117,0,0.0,3,119,1.0,1.0,True
Laurasiatheria,115,ADD,other,117,0,0.0,3,118,0.9915966386554622,1.0,True
Laurasiatheria,116,ADD,other,116,0,0.0,3,118,0.9915966386554622,1.0,True
Laurasiatheria,117,ADD,other,116,1,0.8620689655172413,3,118,0.9915966386554622,1.0,True
Laurasiatheria,118,ADD,other,116,0,0.0,3,118,0.9915966386554622,1.0,True
Laurasiatheria,119,ADD,other,116,0,0.0,3,118,0.9915966386554622,1.0,True
Laurasiatheria,120,ADD,other,116,5,4.310344827586207,3,118,0.9915966386554622,1.0,True
Laurasiatheria,121,ADD,other,116,0,0.0,3,118,0.9915966386554622,1.0,True
Laurasiatheria,122,ADD,other,116,8,6.896551724137931,3,118,0.9915966386554622,1.0,True
Laurasiatheria,123,ADD,other,116,0,0.0,3,118,0.9915966386554622,1.0,True
Laurasiatheria,124,ADD,other,116,7,6.0344827586206895,3,118,0.9915966386554622,1.0,True
Laurasiatheria,125,ADD,other,116,0,0.0,3,118,0.9915966386554622,1.0,True
Laurasiatheria,126,ADD,other,116,2,1.7241379310344827,3,118,0.9915966386554622,1.0,True
Laurasiatheria,127,ADD,other,116,4,3.4482758620689653,3,118,0.9915966386554622,1.0,True
Laurasiatheria,128,ADD,other,117,0,0.0,3,118,0.9915966386554622,1.0,True
Laurasiatheria,129,ADD,other,117,4,3.4188034188034186,3,118,0.9915966386554622,1.0,True
Laurasiatheria,130,ADD,other,117,3,2.5641025641025643,3,118,0.9915966386554622,1.0,True
Laurasiatheria,131,ADD,other,117,3,2.5641025641025643,3,118,0.9915966386554622,1.0,True
Laurasiatheria,132,ADD,other,117,8,6.837606837606837,3,118,0.9915966386554622,1.0,True
Laurasiatheria,133,ADD,other,117,11,9.401709401709402,3,118,0.9915966386554622,1.0,True
Laurasiatheria,134,ADD,other,117,5,4.273504273504273,3,118,0.9915966386554622,1.0,True
Laurasiatheria,135,ADD,other,117,5,4.273504273504273,3,118,0.9915966386554622,1.0,True
Laurasiatheria,136,ADD,other,117,2,1.7094017094017093,3,118,0.9915966386554622,1.0,True
Laurasiatheria,137,ADD,other,117,9,7.6923076923076925,3,118,0.9915966386554622,1.0,True
Laurasiatheria,138,ADD,other,117,2,1.7094017094017093,3,118,0.9915966386554622,1.0,True
Laurasiatheria,139,ADD,other,117,8,6.837606837606837,3,118,0.9915966386554622,1.0,True
Laurasiatheria,140,ADD,other,116,0,0.0,3,118,0.9915966386554622,1.0,True
Laurasiatheria,141,ADD,other,116,3,2.586206896551724,3,118,0.9915966386554622,1.0,True
Laurasiatheria,142,ADD,other,117,0,0.0,3,118,0.9915966386554622,1.0,True
Laurasiatheria,143,ADD,other,116,0,0.0,3,118,0.9915966386554622,1.0,True
Laurasiatheria,144,ADD,other,117,1,0.8547008547008547,3,118,0.9915966386554622,1.0,True
Laurasiatheria,145,ADD,other,117,0,0.0,3,118,0.9915966386554622,1.0,True
Laurasiatheria,146,ADD,other,117,2,1.7094017094017093,3,118,0.9915966386554622,1.0,True
Laurasiatheria,147,ADD,other,117,3,2.5641025641025643,3,118,0.9915966386554622,1.0,True
Laurasiatheria,148,ADD,other,117,6,5.128205128205129,3,118,0.9915966386554622,1.0,True
Laurasiatheria,149,ADD,other,117,5,4.273504273504273,3,118,0.9915966386554622,1.0,True
Laurasiatheria,150,ADD,other,117,13,11.11111111111111,3,118,0.9915966386554622,1.0,True
Laurasiatheria,151,ADD,other,117,8,6.837606837606837,3,118,0.9915966386554622,1.0,True
Laurasiatheria,152,ADD,other,117,0,0.0,3,118,0.9915966386554622,1.0,True
Laurasiatheria,153,ADD,other,117,2,1.7094017094017093,3,118,0.9915966386554622,1.0,True
Laurasiatheria,154,ADD,other,117,0,0.0,3,118,0.9915966386554622,1.0,True
Laurasiatheria,155,ADD,other,117,9,7.6923076923076925,3,118,0.9915966386554622,1.0,True
Laurasiatheria,156,ADD,other,117,2,1.7094017094017093,3,118,0.9915966386554622,1.0,True
Laurasiatheria,157,ADD,other,117,1,0.8547008547008547,3,118,0.9915966386554622,1.0,True
Laurasiatheria,158,ADD,other,117,10,8.547008547008547,3,118,0.9915966386554622,1.0,True
Laurasiatheria,159,ADD,other,117,5,4.273504273504273,3,118,0.9915966386554622,1.0,True
Laurasiatheria,160,ADD,other,117,0,0.0,3,118,0.9915966386554622,1.0,True
Laurasiatheria,161,ADD,other,117,3,2.5641025641025643,3,118,0.9915966386554622,1.0,True
Laurasiatheria,162,ADD,other,117,10,8.547008547008547,3,118,0.9915966386554622,1.0,True
Laurasiatheria,163,ADD,other,117,9,7.6923076923076925,3,118,0.9915966386554622,1.0,True
Laurasiatheria,164,ADD,other,117,1,0.8547008547008547,3,118,0.9915966386554622,1.0,True
Laurasiatheria,165,ADD,other,117,1,0.8547008547008547,3,118,0.9915966386554622,1.0,True
Laurasiatheria,166,ADD,other,117,2,1.7094017094017093,3,118,0.9915966386554622,1.0,True
Laurasiatheria,167,ADD,other,117,2,1.7094017094017093,3,118,0.9915966386554622,1.0,True
Laurasiatheria,168,ADD,other,117,5,4.273504273504273,3,118,0.9915966386554622,1.0,True
Laurasiatheria,169,ADD,other,117,1,0.8547008547008547,3,118,0.9915966386554622,1.0,True
Laurasiatheria,170,ADD,other,117,8,6.837606837606837,3,119,1.0,0.9915966386554622,True
Laurasiatheria,171,ADD,other,117,4,3.4188034188034186,3,119,1.0,1.0,True
Laurasiatheria,172,ADD,other,117,11,9.401709401709402,3,119,1.0,0.9915966386554622,True
Laurasiatheria,173,ADD,other,112,15,13.392857142857142,3,113,0.9495798319327732,1.0,True
Laurasiatheria,174,linker,other,117,11,9.401709401709402,3,119,1.0,0.957983193277311,True
Laurasiatheria,175,linker,other,116,5,4.310344827586207,3,114,0.957983193277311,1.0,True
Laurasiatheria,176,linker,other,117,4,3.4188034188034186,3,119,1.0,1.0,True
Laurasiatheria,177,linker,other,117,3,2.5641025641025643,3,119,1.0,1.0,True
Laurasiatheria,178,C_terminal_MTase_like,other,117,2,1.7094017094017093,3,119,1.0,1.0,True
Laurasiatheria,179,C_terminal_MTase_like,other,117,3,2.5641025641025643,3,119,1.0,1.0,True
Laurasiatheria,180,C_terminal_MTase_like,other,117,3,2.5641025641025643,3,119,1.0,1.0,True
Laurasiatheria,181,C_terminal_MTase_like,other,117,2,1.7094017094017093,3,119,1.0,1.0,True
Laurasiatheria,182,C_terminal_MTase_like,other,117,0,0.0,3,119,1.0,1.0,True
Laurasiatheria,183,C_terminal_MTase_like,other,117,2,1.7094017094017093,3,119,1.0,1.0,True
Laurasiatheria,184,C_terminal_MTase_like,other,117,6,5.128205128205129,3,119,1.0,1.0,True
Laurasiatheria,185,C_terminal_MTase_like,other,117,2,1.7094017094017093,3,119,1.0,1.0,True
Laurasiatheria,186,C_terminal_MTase_like,other,117,1,0.8547008547008547,3,119,1.0,1.0,True
Laurasiatheria,187,C_terminal_MTase_like,other,117,0,0.0,3,119,1.0,1.0,True
Laurasiatheria,188,C_terminal_MTase_like,other,117,5,4.273504273504273,3,119,1.0,1.0,True
Laurasiatheria,189,C_terminal_MTase_like,other,117,0,0.0,3,119,1.0,1.0,True
Laurasiatheria,190,C_terminal_MTase_like,other,117,6,5.128205128205129,3,119,1.0,1.0,True
Laurasiatheria,191,C_terminal_MTase_like,other,117,0,0.0,3,119,1.0,1.0,True
Laurasiatheria,192,C_terminal_MTase_like,other,117,1,0.8547008547008547,3,119,1.0,1.0,True
Laurasiatheria,193,C_terminal_MTase_like,other,117,0,0.0,3,119,1.0,1.0,True
Laurasiatheria,194,C_terminal_MTase_like,other,117,4,3.4188034188034186,3,119,1.0,1.0,True
Laurasiatheria,195,C_terminal_MTase_like,other,117,1,0.8547008547008547,3,119,1.0,1.0,True
Laurasiatheria,196,C_terminal_MTase_like,other,117,0,0.0,3,119,1.0,1.0,True
Laurasiatheria,197,C_terminal_MTase_like,other,117,1,0.8547008547008547,3,119,1.0,1.0,True
Laurasiatheria,198,C_terminal_MTase_like,other,117,8,6.837606837606837,3,119,1.0,1.0,True
Laurasiatheria,199,C_terminal_MTase_like,other,117,0,0.0,3,119,1.0,1.0,True
Laurasiatheria,200,C_terminal_MTase_like,other,117,8,6.837606837606837,3,119,1.0,1.0,True
Laurasiatheria,201,C_terminal_MTase_like,other,117,9,7.6923076923076925,3,119,1.0,1.0,True
Laurasiatheria,202,C_terminal_MTase_like,other,117,0,0.0,3,119,1.0,1.0,True
Laurasiatheria,203,C_terminal_MTase_like,other,117,0,0.0,3,119,1.0,1.0,True
Laurasiatheria,204,C_terminal_MTase_like,other,117,15,12.820512820512821,3,119,1.0,1.0,True
Laurasiatheria,205,C_terminal_MTase_like,other,117,1,0.8547008547008547,3,119,1.0,1.0,True
Laurasiatheria,206,C_terminal_MTase_like,other,117,0,0.0,3,119,1.0,1.0,True
Laurasiatheria,207,C_terminal_MTase_like,other,117,0,0.0,3,119,1.0,1.0,True
Laurasiatheria,208,C_terminal_MTase_like,other,117,1,0.8547008547008547,3,119,1.0,1.0,True
Laurasiatheria,209,C_terminal_MTase_like,other,117,0,0.0,3,119,1.0,1.0,True
Laurasiatheria,210,C_terminal_MTase_like,other,116,2,1.7241379310344827,3,118,0.9915966386554622,0.9830508474576272,True
Laurasiatheria,211,C_terminal_MTase_like,other,117,21,17.94871794871795,3,116,0.9747899159663864,1.0,True
Laurasiatheria,212,C_terminal_MTase_like,other,117,7,5.982905982905983,3,119,1.0,1.0,True
Laurasiatheria,213,C_terminal_MTase_like,other,117,7,5.982905982905983,3,119,1.0,1.0,True
Laurasiatheria,214,C_terminal_MTase_like,other,117,11,9.401709401709402,3,119,1.0,1.0,True
Laurasiatheria,215,C_terminal_MTase_like,other,117,8,6.837606837606837,3,119,1.0,1.0,True
Laurasiatheria,216,C_terminal_MTase_like,other,117,3,2.5641025641025643,3,119,1.0,1.0,True
Laurasiatheria,217,C_terminal_MTase_like,other,117,12,10.256410256410257,3,119,1.0,1.0,True
Laurasiatheria,218,C_terminal_MTase_like,other,117,2,1.7094017094017093,3,119,1.0,1.0,True
Laurasiatheria,219,C_terminal_MTase_like,other,117,6,5.128205128205129,3,119,1.0,1.0,True
Laurasiatheria,220,C_terminal_MTase_like,other,117,3,2.5641025641025643,3,119,1.0,1.0,True
Laurasiatheria,221,C_terminal_MTase_like,other,117,1,0.8547008547008547,3,119,1.0,1.0,True
Laurasiatheria,222,C_terminal_MTase_like,other,117,10,8.547008547008547,3,119,1.0,1.0,True
Laurasiatheria,223,C_terminal_MTase_like,other,117,1,0.8547008547008547,3,119,1.0,1.0,True
Laurasiatheria,224,C_terminal_MTase_like,other,117,2,1.7094017094017093,3,119,1.0,1.0,True
Laurasiatheria,225,C_terminal_MTase_like,other,117,0,0.0,3,119,1.0,1.0,True
Laurasiatheria,226,C_terminal_MTase_like,other,117,11,9.401709401709402,3,119,1.0,1.0,True
Laurasiatheria,227,C_terminal_MTase_like,other,117,7,5.982905982905983,3,119,1.0,1.0,True
Laurasiatheria,228,C_terminal_MTase_like,other,117,2,1.7094017094017093,3,119,1.0,1.0,True
Laurasiatheria,229,C_terminal_MTase_like,other,117,0,0.0,3,119,1.0,1.0,True
Laurasiatheria,230,C_terminal_MTase_like,other,117,8,6.837606837606837,3,119,1.0,1.0,True
Laurasiatheria,231,C_terminal_MTase_like,other,117,7,5.982905982905983,3,119,1.0,1.0,True
Laurasiatheria,232,C_terminal_MTase_like,other,117,2,1.7094017094017093,3,119,1.0,1.0,True
Laurasiatheria,233,C_terminal_MTase_like,other,117,6,5.128205128205129,3,119,1.0,1.0,True
Laurasiatheria,234,C_terminal_MTase_like,other,117,15,12.820512820512821,3,119,1.0,1.0,True
Laurasiatheria,235,C_terminal_MTase_like,other,117,0,0.0,3,119,1.0,1.0,True
Laurasiatheria,236,C_terminal_MTase_like,other,117,1,0.8547008547008547,3,119,1.0,1.0,True
Laurasiatheria,237,C_terminal_MTase_like,other,117,1,0.8547008547008547,3,119,1.0,1.0,True
Laurasiatheria,238,C_terminal_MTase_like,other,117,0,0.0,3,119,1.0,1.0,True
Laurasiatheria,239,C_terminal_MTase_like,other,117,2,1.7094017094017093,3,119,1.0,1.0,True
Laurasiatheria,240,C_terminal_MTase_like,other,117,0,0.0,3,119,1.0,1.0,True
Laurasiatheria,241,C_terminal_MTase_like,other,117,9,7.6923076923076925,3,119,1.0,1.0,True
Laurasiatheria,242,C_terminal_MTase_like,other,117,2,1.7094017094017093,3,119,1.0,1.0,True
Laurasiatheria,243,C_terminal_MTase_like,other,117,1,0.8547008547008547,3,119,1.0,1.0,True
Laurasiatheria,244,C_terminal_MTase_like,other,117,6,5.128205128205129,3,119,1.0,1.0,True
Laurasiatheria,245,C_terminal_MTase_like,other,117,1,0.8547008547008547,3,119,1.0,1.0,True
Laurasiatheria,246,C_terminal_MTase_like,other,117,2,1.7094017094017093,3,119,1.0,1.0,True
Laurasiatheria,247,C_terminal_MTase_like,other,117,17,14.52991452991453,3,119,1.0,1.0,True
Laurasiatheria,248,C_terminal_MTase_like,other,117,16,13.675213675213675,3,119,1.0,1.0,True
Laurasiatheria,249,C_terminal_MTase_like,other,117,2,1.7094017094017093,3,119,1.0,1.0,True
Laurasiatheria,250,C_terminal_MTase_like,other,117,6,5.128205128205129,3,119,1.0,1.0,True
Laurasiatheria,251,C_terminal_MTase_like,other,117,7,5.982905982905983,3,119,1.0,1.0,True
Laurasiatheria,252,C_terminal_MTase_like,other,117,8,6.837606837606837,3,119,1.0,1.0,True
Laurasiatheria,253,C_terminal_MTase_like,other,117,10,8.547008547008547,3,119,1.0,1.0,True
Laurasiatheria,254,C_terminal_MTase_like,other,117,8,6.837606837606837,3,119,1.0,1.0,True
Laurasiatheria,255,C_terminal_MTase_like,other,117,3,2.5641025641025643,3,119,1.0,1.0,True
Laurasiatheria,256,C_terminal_MTase_like,other,117,0,0.0,3,119,1.0,1.0,True
Laurasiatheria,257,C_terminal_MTase_like,other,117,9,7.6923076923076925,3,119,1.0,0.9915966386554622,True
Laurasiatheria,258,C_terminal_MTase_like,other,117,1,0.8547008547008547,3,119,1.0,1.0,True
Laurasiatheria,259,C_terminal_MTase_like,other,117,4,3.4188034188034186,3,119,1.0,1.0,True
Laurasiatheria,260,C_terminal_MTase_like,other,117,4,3.4188034188034186,3,119,1.0,1.0,True
Laurasiatheria,261,C_terminal_MTase_like,other,117,10,8.547008547008547,3,119,1.0,1.0,True
Laurasiatheria,262,C_terminal_MTase_like,other,116,1,0.8620689655172413,3,118,0.9915966386554622,1.0,True
Laurasiatheria,263,C_terminal_MTase_like,other,117,1,0.8547008547008547,3,119,1.0,1.0,True
Laurasiatheria,264,C_terminal_MTase_like,other,117,1,0.8547008547008547,3,119,1.0,1.0,True
Laurasiatheria,265,C_terminal_MTase_like,other,117,0,0.0,3,119,1.0,1.0,True
Laurasiatheria,266,C_terminal_MTase_like,other,117,12,10.256410256410257,3,119,1.0,1.0,True
Laurasiatheria,267,C_terminal_MTase_like,other,117,0,0.0,3,119,1.0,1.0,True
Laurasiatheria,268,C_terminal_MTase_like,other,117,2,1.7094017094017093,3,119,1.0,1.0,True
Laurasiatheria,269,C_terminal_MTase_like,other,117,1,0.8547008547008547,3,119,1.0,1.0,True
Laurasiatheria,270,C_terminal_MTase_like,other,117,3,2.5641025641025643,3,119,1.0,1.0,True
Laurasiatheria,271,C_terminal_MTase_like,other,117,6,5.128205128205129,3,117,0.9831932773109244,1.0,True
Laurasiatheria,272,C_terminal_MTase_like,other,117,0,0.0,3,117,0.9831932773109244,1.0,True
Laurasiatheria,273,C_terminal_MTase_like,other,115,14,12.173913043478262,3,117,0.9831932773109244,1.0,True
Laurasiatheria,274,C_terminal_MTase_like,other,115,8,6.956521739130435,3,117,0.9831932773109244,1.0,True
Laurasiatheria,275,C_terminal_MTase_like,other,117,8,6.837606837606837,3,119,1.0,1.0,True
Laurasiatheria,276,C_terminal_MTase_like,other,117,11,9.401709401709402,3,119,1.0,1.0,True
Laurasiatheria,277,C_terminal_MTase_like,other,116,11,9.482758620689655,3,118,0.9915966386554622,1.0,True
Laurasiatheria,278,C_terminal_MTase_like,other,117,10,8.547008547008547,3,118,0.9915966386554622,1.0,True
Laurasiatheria,279,C_terminal_MTase_like,other,117,1,0.8547008547008547,3,119,1.0,1.0,True
Laurasiatheria,280,C_terminal_MTase_like,other,117,1,0.8547008547008547,3,119,1.0,1.0,True
Laurasiatheria,281,C_terminal_MTase_like,other,117,0,0.0,3,119,1.0,1.0,True
Laurasiatheria,282,C_terminal_MTase_like,other,117,0,0.0,3,119,1.0,1.0,True
Laurasiatheria,283,C_terminal_MTase_like,other,117,4,3.4188034188034186,3,119,1.0,1.0,True
Laurasiatheria,284,C_terminal_MTase_like,other,117,0,0.0,3,119,1.0,1.0,True
Laurasiatheria,285,C_terminal_MTase_like,other,117,2,1.7094017094017093,3,119,1.0,1.0,True
Laurasiatheria,286,C_terminal_MTase_like,other,117,0,0.0,3,119,1.0,1.0,True
Laurasiatheria,287,C_terminal_MTase_like,other,117,4,3.4188034188034186,3,119,1.0,1.0,True
Laurasiatheria,288,C_terminal_MTase_like,other,117,0,0.0,3,119,1.0,1.0,True
Laurasiatheria,289,C_terminal_MTase_like,other,117,7,5.982905982905983,3,119,1.0,1.0,True
Laurasiatheria,290,C_terminal_MTase_like,other,117,3,2.5641025641025643,3,119,1.0,1.0,True
Laurasiatheria,291,C_terminal_MTase_like,other,117,10,8.547008547008547,3,119,1.0,1.0,True
Laurasiatheria,292,C_terminal_MTase_like,other,117,12,10.256410256410257,3,119,1.0,1.0,True
Laurasiatheria,293,C_terminal_MTase_like,other,117,5,4.273504273504273,3,119,1.0,1.0,True
Laurasiatheria,294,C_terminal_MTase_like,other,117,4,3.4188034188034186,3,119,1.0,1.0,True
Laurasiatheria,295,C_terminal_MTase_like,other,117,12,10.256410256410257,3,119,1.0,1.0,True
Laurasiatheria,296,C_terminal_MTase_like,other,117,15,12.820512820512821,3,119,1.0,1.0,True
Laurasiatheria,297,C_terminal_MTase_like,other,117,6,5.128205128205129,3,119,1.0,1.0,True
Laurasiatheria,298,C_terminal_MTase_like,other,117,0,0.0,3,119,1.0,1.0,True
Laurasiatheria,299,C_terminal_MTase_like,other,117,1,0.8547008547008547,3,119,1.0,1.0,True
Laurasiatheria,300,C_terminal_MTase_like,other,117,0,0.0,3,119,1.0,1.0,True
Laurasiatheria,301,C_terminal_MTase_like,other,117,0,0.0,3,119,1.0,1.0,True
Laurasiatheria,302,C_terminal_MTase_like,other,117,0,0.0,3,119,1.0,1.0,True
Laurasiatheria,303,C_terminal_MTase_like,other,117,0,0.0,3,119,1.0,1.0,True
Laurasiatheria,304,C_terminal_MTase_like,other,115,17,14.782608695652174,3,113,0.9495798319327732,1.0,True
Laurasiatheria,305,C_terminal_MTase_like,other,117,11,9.401709401709402,3,115,0.9663865546218487,1.0,True
Laurasiatheria,306,C_terminal_MTase_like,other,117,3,2.5641025641025643,3,115,0.9663865546218487,1.0,True
Laurasiatheria,307,C_terminal_MTase_like,other,117,4,3.4188034188034186,3,115,0.9663865546218487,1.0,True
Laurasiatheria,308,C_terminal_MTase_like,other,117,3,2.5641025641025643,3,115,0.9663865546218487,1.0,True
Laurasiatheria,309,C_terminal_MTase_like,other,117,5,4.273504273504273,3,115,0.9663865546218487,1.0,True
Laurasiatheria,310,C_terminal_MTase_like,other,117,6,5.128205128205129,3,116,0.9747899159663864,0.9913793103448276,True
Laurasiatheria,311,C_terminal_MTase_like,other,117,7,5.982905982905983,3,113,0.9495798319327732,0.991150442477876,True
Laurasiatheria,312,C_terminal_MTase_like,other,114,11,9.649122807017545,3,113,0.9495798319327732,0.991150442477876,True
Laurasiatheria,313,C_terminal_MTase_like,other,114,12,10.526315789473685,3,113,0.9495798319327732,0.991150442477876,True
Laurasiatheria,314,C_terminal_MTase_like,other,114,3,2.6315789473684212,3,113,0.9495798319327732,0.991150442477876,True
Laurasiatheria,315,C_terminal_MTase_like,other,113,11,9.734513274336283,3,111,0.9327731092436976,1.0,True
Laurasiatheria,316,C_terminal_MTase_like,other,113,12,10.619469026548673,3,111,0.9327731092436976,1.0,True
Laurasiatheria,317,C_terminal_MTase_like,other,113,17,15.044247787610619,3,111,0.9327731092436976,1.0,True
Laurasiatheria,318,C_terminal_MTase_like,other,114,15,13.157894736842104,3,111,0.9327731092436976,1.0,True
Laurasiatheria,319,C_terminal_MTase_like,other,114,11,9.649122807017545,3,112,0.9411764705882352,0.9910714285714286,True
Laurasiatheria,320,C_terminal_MTase_like,other,117,2,1.7094017094017093,3,115,0.9663865546218487,1.0,True
Laurasiatheria,321,C_terminal_MTase_like,other,117,4,3.4188034188034186,3,115,0.9663865546218487,1.0,True
Laurasiatheria,322,C_terminal_MTase_like,other,116,9,7.758620689655173,3,115,0.9663865546218487,1.0,True
Laurasiatheria,323,C_terminal_MTase_like,other,117,4,3.4188034188034186,3,115,0.9663865546218487,0.982608695652174,True
Laurasiatheria,324,C_terminal_MTase_like,other,117,2,1.7094017094017093,3,115,0.9663865546218487,0.991304347826087,True
Laurasiatheria,325,C_terminal_MTase_like,other,117,4,3.4188034188034186,3,116,0.9747899159663864,0.9741379310344828,True
Laurasiatheria,326,C_terminal_MTase_like,other,117,3,2.5641025641025643,3,116,0.9747899159663864,0.9741379310344828,True
Laurasiatheria,327,C_terminal_MTase_like,other,117,6,5.128205128205129,3,114,0.957983193277311,0.9912280701754386,True
Laurasiatheria,328,C_terminal_MTase_like,other,117,0,0.0,3,114,0.957983193277311,1.0,True
Laurasiatheria,329,C_terminal_MTase_like,other,117,2,1.7094017094017093,3,114,0.957983193277311,0.9912280701754386,True
Laurasiatheria,330,C_terminal_MTase_like,other,115,5,4.3478260869565215,3,112,0.9411764705882352,0.9910714285714286,True
Laurasiatheria,331,C_terminal_MTase_like,other,116,10,8.620689655172415,3,113,0.9495798319327732,1.0,True
Laurasiatheria,332,C_terminal_MTase_like,other,114,6,5.2631578947368425,1,1,0.0084033613445378,1.0,False
Laurasiatheria,334,C_terminal_MTase_like,other,115,8,6.956521739130435,3,113,0.9495798319327732,0.9734513274336284,True
Laurasiatheria,335,C_terminal_MTase_like,other,116,5,4.310344827586207,3,110,0.9243697478991596,1.0,True
Laurasiatheria,336,C_terminal_MTase_like,other,117,12,10.256410256410257,3,111,0.9327731092436976,0.990990990990991,True
Laurasiatheria,337,C_terminal_MTase_like,other,117,7,5.982905982905983,3,110,0.9243697478991596,1.0,True
Laurasiatheria,338,C_terminal_MTase_like,other,117,6,5.128205128205129,3,110,0.9243697478991596,1.0,True
Laurasiatheria,339,C_terminal_MTase_like,other,117,18,15.384615384615385,3,110,0.9243697478991596,1.0,True
Laurasiatheria,340,C_terminal_MTase_like,other,117,11,9.401709401709402,3,110,0.9243697478991596,1.0,True
Laurasiatheria,341,C_terminal_MTase_like,switching_helix,117,17,14.52991452991453,3,110,0.9243697478991596,1.0,True
Laurasiatheria,342,C_terminal_MTase_like,switching_helix,117,10,8.547008547008547,3,110,0.9243697478991596,1.0,True
Laurasiatheria,343,C_terminal_MTase_like,switching_helix,117,6,5.128205128205129,3,110,0.9243697478991596,1.0,True
Laurasiatheria,344,C_terminal_MTase_like,switching_helix,117,15,12.820512820512821,3,110,0.9243697478991596,1.0,True
Laurasiatheria,345,C_terminal_MTase_like,switching_helix,117,13,11.11111111111111,3,110,0.9243697478991596,1.0,True
Laurasiatheria,346,C_terminal_MTase_like,switching_helix,117,4,3.4188034188034186,3,110,0.9243697478991596,1.0,True
Laurasiatheria,347,C_terminal_MTase_like,switching_helix,116,11,9.482758620689655,3,111,0.9327731092436976,0.990990990990991,True
Laurasiatheria,348,C_terminal_MTase_like,switching_helix,116,5,4.310344827586207,3,112,0.9411764705882352,0.9821428571428572,True
Laurasiatheria,349,C_terminal_MTase_like,switching_helix,116,16,13.793103448275861,3,112,0.9411764705882352,0.9732142857142856,True
Laurasiatheria,350,C_terminal_MTase_like,switching_helix,116,9,7.758620689655173,3,112,0.9411764705882352,0.9821428571428572,True
Laurasiatheria,351,C_terminal_MTase_like,switching_helix,116,7,6.0344827586206895,3,111,0.9327731092436976,0.981981981981982,True
Laurasiatheria,352,C_terminal_MTase_like,switching_helix,116,7,6.0344827586206895,3,111,0.9327731092436976,0.981981981981982,True
Laurasiatheria,353,C_terminal_MTase_like,switching_helix,117,7,5.982905982905983,3,112,0.9411764705882352,0.9732142857142856,True
Laurasiatheria,354,C_terminal_MTase_like,switching_helix,117,9,7.6923076923076925,3,113,0.9495798319327732,0.9734513274336284,True
Laurasiatheria,355,C_terminal_MTase_like,switching_helix,117,11,9.401709401709402,3,112,0.9411764705882352,0.9732142857142856,True
Laurasiatheria,356,C_terminal_MTase_like,switching_helix_adjacent_loop,117,16,13.675213675213675,3,112,0.9411764705882352,0.9821428571428572,True
Laurasiatheria,357,C_terminal_MTase_like,switching_helix_adjacent_loop,116,6,5.172413793103448,3,111,0.9327731092436976,1.0,True
Laurasiatheria,358,C_terminal_MTase_like,switching_helix_adjacent_loop,115,22,19.130434782608695,3,110,0.9243697478991596,0.990909090909091,True
Laurasiatheria,359,C_terminal_MTase_like,switching_helix_adjacent_loop,116,13,11.206896551724139,3,110,0.9243697478991596,0.990909090909091,True
Laurasiatheria,360,C_terminal_MTase_like,switching_helix_adjacent_loop,117,11,9.401709401709402,3,110,0.9243697478991596,1.0,True
Laurasiatheria,361,C_terminal_MTase_like,other,117,3,2.5641025641025643,3,110,0.9243697478991596,0.990909090909091,True
Laurasiatheria,362,C_terminal_MTase_like,other,117,9,7.6923076923076925,3,110,0.9243697478991596,0.990909090909091,True
Laurasiatheria,363,C_terminal_MTase_like,other,117,20,17.094017094017094,3,111,0.9327731092436976,0.981981981981982,True
Laurasiatheria,364,C_terminal_MTase_like,other,116,3,2.586206896551724,3,111,0.9327731092436976,0.990990990990991,True
Laurasiatheria,365,C_terminal_MTase_like,other,116,5,4.310344827586207,3,111,0.9327731092436976,0.990990990990991,True
Laurasiatheria,366,C_terminal_MTase_like,other,115,6,5.217391304347826,3,110,0.9243697478991596,1.0,True
Laurasiatheria,367,C_terminal_MTase_like,other,116,12,10.344827586206897,3,110,0.9243697478991596,1.0,True
Laurasiatheria,368,C_terminal_MTase_like,other,114,1,0.8771929824561403,3,110,0.9243697478991596,1.0,True
Laurasiatheria,369,C_terminal_MTase_like,other,116,4,3.4482758620689653,3,110,0.9243697478991596,1.0,True
Laurasiatheria,370,C_terminal_MTase_like,other,116,1,0.8620689655172413,3,110,0.9243697478991596,1.0,True
Laurasiatheria,371,C_terminal_MTase_like,other,116,2,1.7241379310344827,3,110,0.9243697478991596,1.0,True
Laurasiatheria,372,C_terminal_MTase_like,other,116,2,1.7241379310344827,3,110,0.9243697478991596,1.0,True
Laurasiatheria,373,C_terminal_MTase_like,other,115,2,1.7391304347826086,3,110,0.9243697478991596,1.0,True
Laurasiatheria,374,C_terminal_MTase_like,other,116,6,5.172413793103448,3,110,0.9243697478991596,1.0,True
Laurasiatheria,375,C_terminal_MTase_like,other,116,4,3.4482758620689653,3,110,0.9243697478991596,1.0,True
Laurasiatheria,376,C_terminal_MTase_like,other,115,1,0.8695652173913043,3,110,0.9243697478991596,1.0,True
Laurasiatheria,377,C_terminal_MTase_like,other,115,5,4.3478260869565215,3,110,0.9243697478991596,1.0,True
Laurasiatheria,378,C_terminal_MTase_like,other,114,8,7.017543859649122,3,109,0.9159663865546218,1.0,True
Laurasiatheria,379,C_terminal_MTase_like,other,106,4,3.7735849056603774,3,101,0.8487394957983193,1.0,True
Laurasiatheria,380,C_terminal_MTase_like,other,116,9,7.758620689655173,3,105,0.8823529411764706,0.961904761904762,True
Laurasiatheria,381,C_terminal_tail,other,116,17,14.655172413793103,3,100,0.8403361344537815,0.99,True
Laurasiatheria,382,C_terminal_tail,other,114,15,13.157894736842104,3,99,0.8319327731092437,1.0,True
Laurasiatheria,383,C_terminal_tail,other,114,11,9.649122807017545,3,99,0.8319327731092437,1.0,True
Laurasiatheria,384,C_terminal_tail,other,114,11,9.649122807017545,3,101,0.8487394957983193,1.0,True
Laurasiatheria,385,C_terminal_tail,other,114,7,6.140350877192983,3,103,0.865546218487395,0.9805825242718448,True
Laurasiatheria,386,C_terminal_tail,other,113,9,7.964601769911504,3,103,0.865546218487395,0.9902912621359224,True
Laurasiatheria,387,C_terminal_tail,other,112,7,6.25,3,104,0.8739495798319328,0.9615384615384616,True
Sauropsida,1,N_terminal,other,34,6,17.647058823529413,2,30,0.7142857142857143,0.4,False
Sauropsida,2,N_terminal,other,36,11,30.555555555555557,1,32,0.7619047619047619,0.6875,False
Sauropsida,3,N_terminal,other,35,7,20.0,1,21,0.5,0.0,False
Sauropsida,4,N_terminal,other,34,8,23.529411764705884,1,24,0.5714285714285714,0.0833333333333333,False
Sauropsida,5,N_terminal,other,34,6,17.647058823529413,2,23,0.5476190476190477,0.0869565217391304,False
Sauropsida,6,N_terminal,other,36,5,13.88888888888889,3,33,0.7857142857142857,0.0,False
Sauropsida,7,N_terminal,other,37,9,24.324324324324323,2,32,0.7619047619047619,0.0,False
Sauropsida,8,N_terminal,other,38,9,23.68421052631579,2,32,0.7619047619047619,0.0,False
Sauropsida,9,N_terminal,other,38,7,18.42105263157895,2,31,0.7380952380952381,0.0,False
Sauropsida,10,N_terminal,other,38,8,21.05263157894737,2,22,0.5238095238095238,0.5454545454545454,False
Sauropsida,11,N_terminal,other,37,9,24.324324324324323,2,30,0.7142857142857143,0.0,False
Sauropsida,12,N_terminal,other,37,9,24.324324324324323,2,8,0.1904761904761904,0.0,False
Sauropsida,13,N_terminal,other,37,11,29.72972972972973,2,31,0.7380952380952381,0.0,False
Sauropsida,14,N_terminal,other,36,7,19.444444444444443,2,30,0.7142857142857143,0.2333333333333333,False
Sauropsida,15,N_terminal,other,35,10,28.571428571428573,2,29,0.6904761904761905,0.0,False
Sauropsida,16,N_terminal,other,36,10,27.77777777777778,2,29,0.6904761904761905,0.0,False
Sauropsida,17,N_terminal,other,36,8,22.22222222222222,2,29,0.6904761904761905,0.0,False
Sauropsida,18,N_terminal,other,36,9,25.0,2,29,0.6904761904761905,0.1724137931034483,False
Sauropsida,20,N_terminal,other,36,12,33.333333333333336,3,32,0.7619047619047619,0.0,False
Sauropsida,21,N_terminal,other,34,5,14.705882352941176,3,33,0.7857142857142857,0.0606060606060606,False
Sauropsida,22,N_terminal,other,37,12,32.432432432432435,3,34,0.8095238095238095,0.0294117647058823,False
Sauropsida,23,N_terminal,other,34,10,29.41176470588235,3,34,0.8095238095238095,0.5882352941176471,False
Sauropsida,24,N_terminal,other,34,10,29.41176470588235,3,34,0.8095238095238095,0.0,False
Sauropsida,25,N_terminal,other,34,8,23.529411764705884,2,25,0.5952380952380952,0.0,False
Sauropsida,26,N_terminal,other,34,5,14.705882352941176,3,30,0.7142857142857143,0.1,False
Sauropsida,27,N_terminal,other,34,5,14.705882352941176,2,29,0.6904761904761905,0.0,False
Sauropsida,28,N_terminal,other,34,9,26.470588235294116,2,29,0.6904761904761905,0.0,False
Sauropsida,30,N_terminal,other,35,3,8.571428571428571,1,0,0.0,,False
Sauropsida,31,N_terminal,other,35,7,20.0,1,0,0.0,,False
Sauropsida,32,N_terminal,other,34,5,14.705882352941176,1,0,0.0,,False
Sauropsida,34,N_terminal,other,37,6,16.216216216216218,3,34,0.8095238095238095,1.0,True
Sauropsida,35,N_terminal,other,37,7,18.91891891891892,3,33,0.7857142857142857,0.9696969696969696,False
Sauropsida,36,N_terminal,other,37,6,16.216216216216218,2,27,0.6428571428571429,1.0,False
Sauropsida,37,N_terminal,other,37,5,13.513513513513514,2,27,0.6428571428571429,0.9629629629629628,False
Sauropsida,38,N_terminal,other,39,4,10.256410256410257,2,29,0.6904761904761905,0.9655172413793104,False
Sauropsida,39,N_terminal,other,39,4,10.256410256410257,2,29,0.6904761904761905,0.9655172413793104,False
Sauropsida,40,N_terminal,other,39,5,12.820512820512821,2,29,0.6904761904761905,0.9655172413793104,False
Sauropsida,41,ADD,other,39,3,7.6923076923076925,2,29,0.6904761904761905,1.0,False
Sauropsida,42,ADD,other,39,4,10.256410256410257,2,28,0.6666666666666666,1.0,False
Sauropsida,43,ADD,other,39,9,23.076923076923077,2,28,0.6666666666666666,1.0,False
Sauropsida,44,ADD,other,39,8,20.512820512820515,2,28,0.6666666666666666,1.0,False
Sauropsida,45,ADD,other,39,7,17.94871794871795,2,28,0.6666666666666666,1.0,False
Sauropsida,46,ADD,other,39,6,15.384615384615385,2,30,0.7142857142857143,0.9666666666666668,False
Sauropsida,47,ADD,other,40,4,10.0,2,30,0.7142857142857143,0.9666666666666668,False
Sauropsida,48,ADD,other,39,11,28.205128205128204,2,30,0.7142857142857143,0.9666666666666668,False
Sauropsida,49,ADD,other,39,2,5.128205128205129,2,30,0.7142857142857143,0.9666666666666668,False
Sauropsida,50,ADD,other,41,3,7.317073170731708,2,30,0.7142857142857143,1.0,False
Sauropsida,51,ADD,other,42,1,2.380952380952381,3,42,1.0,1.0,True
Sauropsida,52,ADD,other,42,1,2.380952380952381,3,42,1.0,1.0,True
Sauropsida,53,ADD,other,42,0,0.0,3,42,1.0,1.0,True
Sauropsida,54,ADD,other,42,1,2.380952380952381,3,42,1.0,1.0,True
Sauropsida,55,ADD,other,42,0,0.0,3,42,1.0,1.0,True
Sauropsida,56,ADD,other,42,0,0.0,3,42,1.0,1.0,True
Sauropsida,57,ADD,other,42,0,0.0,3,42,1.0,1.0,True
Sauropsida,58,ADD,other,42,4,9.523809523809524,3,42,1.0,1.0,True
Sauropsida,59,ADD,other,42,5,11.904761904761905,3,42,1.0,1.0,True
Sauropsida,60,ADD,other,42,2,4.761904761904762,3,42,1.0,1.0,True
Sauropsida,61,ADD,other,42,1,2.380952380952381,3,42,1.0,1.0,True
Sauropsida,62,ADD,other,42,3,7.142857142857143,3,42,1.0,1.0,True
Sauropsida,63,ADD,other,42,4,9.523809523809524,3,42,1.0,1.0,True
Sauropsida,64,ADD,other,42,1,2.380952380952381,3,42,1.0,1.0,True
Sauropsida,65,ADD,other,42,0,0.0,3,42,1.0,1.0,True
Sauropsida,66,ADD,other,42,0,0.0,3,42,1.0,1.0,True
Sauropsida,67,ADD,other,42,0,0.0,3,42,1.0,1.0,True
Sauropsida,68,ADD,other,42,0,0.0,3,42,1.0,1.0,True
Sauropsida,69,ADD,other,42,1,2.380952380952381,3,42,1.0,1.0,True
Sauropsida,70,ADD,other,42,0,0.0,3,42,1.0,1.0,True
Sauropsida,71,ADD,other,42,0,0.0,3,42,1.0,1.0,True
Sauropsida,72,ADD,other,42,3,7.142857142857143,3,42,1.0,1.0,True
Sauropsida,73,ADD,other,42,0,0.0,3,42,1.0,1.0,True
Sauropsida,74,ADD,other,42,3,7.142857142857143,3,42,1.0,1.0,True
Sauropsida,75,ADD,other,42,2,4.761904761904762,3,42,1.0,1.0,True
Sauropsida,76,ADD,other,42,0,0.0,3,42,1.0,1.0,True
Sauropsida,77,ADD,other,42,1,2.380952380952381,3,42,1.0,1.0,True
Sauropsida,78,ADD,other,42,0,0.0,3,42,1.0,1.0,True
Sauropsida,79,ADD,other,42,7,16.666666666666668,3,42,1.0,1.0,True
Sauropsida,80,ADD,other,42,2,4.761904761904762,3,42,1.0,1.0,True
Sauropsida,81,ADD,other,42,0,0.0,3,42,1.0,1.0,True
Sauropsida,82,ADD,other,42,0,0.0,3,42,1.0,1.0,True
Sauropsida,83,ADD,other,42,2,4.761904761904762,3,42,1.0,1.0,True
Sauropsida,84,ADD,other,42,0,0.0,3,42,1.0,1.0,True
Sauropsida,85,ADD,other,42,0,0.0,3,42,1.0,1.0,True
Sauropsida,86,ADD,other,42,0,0.0,3,42,1.0,1.0,True
Sauropsida,87,ADD,other,42,1,2.380952380952381,3,42,1.0,1.0,True
Sauropsida,88,ADD,other,42,0,0.0,3,42,1.0,1.0,True
Sauropsida,89,ADD,other,42,6,14.285714285714286,3,42,1.0,1.0,True
Sauropsida,90,ADD,other,42,0,0.0,3,42,1.0,1.0,True
Sauropsida,91,ADD,other,42,0,0.0,3,42,1.0,1.0,True
Sauropsida,92,ADD,other,42,6,14.285714285714286,3,42,1.0,1.0,True
Sauropsida,93,ADD,other,42,5,11.904761904761905,3,42,1.0,1.0,True
Sauropsida,94,ADD,other,42,5,11.904761904761905,3,42,1.0,1.0,True
Sauropsida,95,ADD,other,42,4,9.523809523809524,3,42,1.0,1.0,True
Sauropsida,96,ADD,other,42,0,0.0,3,42,1.0,1.0,True
Sauropsida,97,ADD,other,42,5,11.904761904761905,3,42,1.0,1.0,True
Sauropsida,98,ADD,other,42,2,4.761904761904762,3,42,1.0,1.0,True
Sauropsida,99,ADD,other,42,0,0.0,3,42,1.0,1.0,True
Sauropsida,100,ADD,other,42,0,0.0,3,42,1.0,1.0,True
Sauropsida,101,ADD,other,42,6,14.285714285714286,3,42,1.0,1.0,True
Sauropsida,102,ADD,other,42,2,4.761904761904762,3,42,1.0,1.0,True
Sauropsida,103,ADD,other,42,6,14.285714285714286,3,42,1.0,1.0,True
Sauropsida,104,ADD,other,42,4,9.523809523809524,3,42,1.0,1.0,True
Sauropsida,105,ADD,other,42,0,0.0,3,42,1.0,1.0,True
Sauropsida,106,ADD,other,42,3,7.142857142857143,3,42,1.0,1.0,True
Sauropsida,107,ADD,other,42,3,7.142857142857143,3,42,1.0,1.0,True
Sauropsida,108,ADD,other,42,0,0.0,3,42,1.0,1.0,True
Sauropsida,109,ADD,other,42,0,0.0,3,42,1.0,1.0,True
Sauropsida,110,ADD,other,42,5,11.904761904761905,3,42,1.0,1.0,True
Sauropsida,111,ADD,other,42,6,14.285714285714286,3,42,1.0,1.0,True
Sauropsida,112,ADD,other,42,7,16.666666666666668,3,42,1.0,1.0,True
Sauropsida,113,ADD,other,42,0,0.0,3,42,1.0,1.0,True
Sauropsida,114,ADD,other,42,3,7.142857142857143,3,42,1.0,1.0,True
Sauropsida,115,ADD,other,42,2,4.761904761904762,3,42,1.0,1.0,True
Sauropsida,116,ADD,other,42,4,9.523809523809524,3,42,1.0,1.0,True
Sauropsida,117,ADD,other,42,4,9.523809523809524,3,42,1.0,1.0,True
Sauropsida,118,ADD,other,42,0,0.0,3,42,1.0,1.0,True
Sauropsida,119,ADD,other,42,6,14.285714285714286,3,42,1.0,1.0,True
Sauropsida,120,ADD,other,42,7,16.666666666666668,3,42,1.0,1.0,True
Sauropsida,121,ADD,other,42,0,0.0,3,42,1.0,1.0,True
Sauropsida,122,ADD,other,42,3,7.142857142857143,3,42,1.0,1.0,True
Sauropsida,123,ADD,other,42,1,2.380952380952381,3,42,1.0,1.0,True
Sauropsida,124,ADD,other,42,5,11.904761904761905,3,42,1.0,1.0,True
Sauropsida,125,ADD,other,42,0,0.0,3,42,1.0,1.0,True
Sauropsida,126,ADD,other,42,1,2.380952380952381,3,42,1.0,1.0,True
Sauropsida,127,ADD,other,42,9,21.428571428571427,3,42,1.0,1.0,True
Sauropsida,128,ADD,other,42,6,14.285714285714286,3,42,1.0,1.0,True
Sauropsida,129,ADD,other,42,1,2.380952380952381,3,42,1.0,1.0,True
Sauropsida,130,ADD,other,42,11,26.19047619047619,3,42,1.0,1.0,True
Sauropsida,131,ADD,other,42,3,7.142857142857143,3,42,1.0,1.0,True
Sauropsida,132,ADD,other,42,5,11.904761904761905,3,42,1.0,1.0,True
Sauropsida,133,ADD,other,42,9,21.428571428571427,3,42,1.0,1.0,True
Sauropsida,134,ADD,other,42,8,19.047619047619047,3,42,1.0,1.0,True
Sauropsida,135,ADD,other,42,3,7.142857142857143,3,42,1.0,1.0,True
Sauropsida,136,ADD,other,42,7,16.666666666666668,3,42,1.0,1.0,True
Sauropsida,137,ADD,other,42,7,16.666666666666668,3,42,1.0,1.0,True
Sauropsida,138,ADD,other,42,9,21.428571428571427,3,42,1.0,1.0,True
Sauropsida,139,ADD,other,42,7,16.666666666666668,3,42,1.0,1.0,True
Sauropsida,140,ADD,other,42,0,0.0,3,42,1.0,1.0,True
Sauropsida,141,ADD,other,42,6,14.285714285714286,3,42,1.0,1.0,True
Sauropsida,142,ADD,other,42,0,0.0,3,42,1.0,1.0,True
Sauropsida,143,ADD,other,42,1,2.380952380952381,3,42,1.0,1.0,True
Sauropsida,144,ADD,other,42,5,11.904761904761905,3,42,1.0,1.0,True
Sauropsida,145,ADD,other,42,0,0.0,3,42,1.0,1.0,True
Sauropsida,146,ADD,other,42,6,14.285714285714286,3,42,1.0,1.0,True
Sauropsida,147,ADD,other,42,2,4.761904761904762,3,42,1.0,1.0,True
Sauropsida,148,ADD,other,42,8,19.047619047619047,3,42,1.0,1.0,True
Sauropsida,149,ADD,other,42,12,28.571428571428573,3,42,1.0,1.0,True
Sauropsida,150,ADD,other,42,8,19.047619047619047,3,42,1.0,1.0,True
Sauropsida,151,ADD,other,42,8,19.047619047619047,3,42,1.0,1.0,True
Sauropsida,152,ADD,other,42,0,0.0,3,42,1.0,1.0,True
Sauropsida,153,ADD,other,42,3,7.142857142857143,3,42,1.0,1.0,True
Sauropsida,154,ADD,other,42,0,0.0,3,42,1.0,1.0,True
Sauropsida,155,ADD,other,42,1,2.380952380952381,3,42,1.0,1.0,True
Sauropsida,156,ADD,other,42,3,7.142857142857143,3,42,1.0,1.0,True
Sauropsida,157,ADD,other,42,4,9.523809523809524,3,42,1.0,1.0,True
Sauropsida,158,ADD,other,42,10,23.80952380952381,3,42,1.0,1.0,True
Sauropsida,159,ADD,other,42,6,14.285714285714286,3,42,1.0,1.0,True
Sauropsida,160,ADD,other,42,0,0.0,3,42,1.0,1.0,True
Sauropsida,161,ADD,other,42,4,9.523809523809524,3,42,1.0,1.0,True
Sauropsida,162,ADD,other,42,7,16.666666666666668,3,42,1.0,1.0,True
Sauropsida,163,ADD,other,42,7,16.666666666666668,3,42,1.0,1.0,True
Sauropsida,164,ADD,other,42,0,0.0,3,42,1.0,1.0,True
Sauropsida,165,ADD,other,42,0,0.0,3,42,1.0,1.0,True
Sauropsida,166,ADD,other,42,9,21.428571428571427,3,42,1.0,1.0,True
Sauropsida,167,ADD,other,42,1,2.380952380952381,3,42,1.0,1.0,True
Sauropsida,168,ADD,other,42,2,4.761904761904762,3,42,1.0,1.0,True
Sauropsida,169,ADD,other,42,0,0.0,3,42,1.0,1.0,True
Sauropsida,170,ADD,other,42,3,7.142857142857143,3,42,1.0,1.0,True
Sauropsida,171,ADD,other,42,1,2.380952380952381,3,42,1.0,1.0,True
Sauropsida,172,ADD,other,42,0,0.0,3,42,1.0,1.0,True
Sauropsida,174,linker,other,42,5,11.904761904761905,3,41,0.9761904761904762,0.7560975609756098,False
Sauropsida,175,linker,other,37,5,13.513513513513514,3,37,0.8809523809523809,0.7297297297297297,False
Sauropsida,176,linker,other,42,7,16.666666666666668,3,42,1.0,0.7619047619047619,False
Sauropsida,177,linker,other,42,6,14.285714285714286,3,42,1.0,1.0,True
Sauropsida,178,C_terminal_MTase_like,other,42,1,2.380952380952381,3,42,1.0,1.0,True
Sauropsida,179,C_terminal_MTase_like,other,42,1,2.380952380952381,3,42,1.0,1.0,True
Sauropsida,180,C_terminal_MTase_like,other,42,6,14.285714285714286,3,42,1.0,1.0,True
Sauropsida,181,C_terminal_MTase_like,other,42,4,9.523809523809524,3,42,1.0,1.0,True
Sauropsida,182,C_terminal_MTase_like,other,42,1,2.380952380952381,3,42,1.0,1.0,True
Sauropsida,183,C_terminal_MTase_like,other,42,7,16.666666666666668,3,42,1.0,1.0,True
Sauropsida,184,C_terminal_MTase_like,other,42,6,14.285714285714286,3,42,1.0,1.0,True
Sauropsida,185,C_terminal_MTase_like,other,42,3,7.142857142857143,3,42,1.0,1.0,True
Sauropsida,186,C_terminal_MTase_like,other,42,2,4.761904761904762,3,42,1.0,1.0,True
Sauropsida,187,C_terminal_MTase_like,other,42,2,4.761904761904762,3,42,1.0,1.0,True
Sauropsida,188,C_terminal_MTase_like,other,42,1,2.380952380952381,3,42,1.0,1.0,True
Sauropsida,189,C_terminal_MTase_like,other,42,4,9.523809523809524,3,42,1.0,1.0,True
Sauropsida,190,C_terminal_MTase_like,other,42,2,4.761904761904762,3,42,1.0,1.0,True
Sauropsida,191,C_terminal_MTase_like,other,42,4,9.523809523809524,3,42,1.0,1.0,True
Sauropsida,192,C_terminal_MTase_like,other,42,2,4.761904761904762,3,42,1.0,1.0,True
Sauropsida,193,C_terminal_MTase_like,other,42,1,2.380952380952381,3,42,1.0,1.0,True
Sauropsida,194,C_terminal_MTase_like,other,42,1,2.380952380952381,3,42,1.0,1.0,True
Sauropsida,195,C_terminal_MTase_like,other,42,1,2.380952380952381,3,42,1.0,1.0,True
Sauropsida,196,C_terminal_MTase_like,other,42,0,0.0,3,42,1.0,1.0,True
Sauropsida,197,C_terminal_MTase_like,other,42,1,2.380952380952381,3,42,1.0,1.0,True
Sauropsida,198,C_terminal_MTase_like,other,42,2,4.761904761904762,3,42,1.0,1.0,True
Sauropsida,199,C_terminal_MTase_like,other,42,0,0.0,3,42,1.0,1.0,True
Sauropsida,200,C_terminal_MTase_like,other,42,3,7.142857142857143,3,42,1.0,1.0,True
Sauropsida,201,C_terminal_MTase_like,other,42,9,21.428571428571427,3,42,1.0,1.0,True
Sauropsida,202,C_terminal_MTase_like,other,42,0,0.0,3,42,1.0,1.0,True
Sauropsida,203,C_terminal_MTase_like,other,42,1,2.380952380952381,3,42,1.0,1.0,True
Sauropsida,204,C_terminal_MTase_like,other,42,4,9.523809523809524,3,42,1.0,1.0,True
Sauropsida,205,C_terminal_MTase_like,other,42,9,21.428571428571427,3,42,1.0,1.0,True
Sauropsida,206,C_terminal_MTase_like,other,42,8,19.047619047619047,3,42,1.0,1.0,True
Sauropsida,207,C_terminal_MTase_like,other,42,0,0.0,3,42,1.0,1.0,True
Sauropsida,208,C_terminal_MTase_like,other,42,0,0.0,3,42,1.0,1.0,True
Sauropsida,209,C_terminal_MTase_like,other,42,0,0.0,3,42,1.0,1.0,True
Sauropsida,210,C_terminal_MTase_like,other,42,2,4.761904761904762,3,42,1.0,1.0,True
Sauropsida,211,C_terminal_MTase_like,other,42,6,14.285714285714286,3,42,1.0,1.0,True
Sauropsida,212,C_terminal_MTase_like,other,41,5,12.195121951219512,3,41,0.9761904761904762,1.0,True
Sauropsida,213,C_terminal_MTase_like,other,41,7,17.073170731707318,3,41,0.9761904761904762,1.0,True
Sauropsida,214,C_terminal_MTase_like,other,41,2,4.878048780487805,3,41,0.9761904761904762,1.0,True
Sauropsida,215,C_terminal_MTase_like,other,41,3,7.317073170731708,3,41,0.9761904761904762,1.0,True
Sauropsida,216,C_terminal_MTase_like,other,41,0,0.0,3,41,0.9761904761904762,1.0,True
Sauropsida,217,C_terminal_MTase_like,other,42,4,9.523809523809524,3,42,1.0,1.0,True
Sauropsida,218,C_terminal_MTase_like,other,42,2,4.761904761904762,3,42,1.0,1.0,True
Sauropsida,219,C_terminal_MTase_like,other,42,2,4.761904761904762,3,42,1.0,1.0,True
Sauropsida,220,C_terminal_MTase_like,other,42,1,2.380952380952381,3,42,1.0,1.0,True
Sauropsida,221,C_terminal_MTase_like,other,42,4,9.523809523809524,3,42,1.0,1.0,True
Sauropsida,222,C_terminal_MTase_like,other,42,4,9.523809523809524,3,42,1.0,1.0,True
Sauropsida,223,C_terminal_MTase_like,other,42,0,0.0,3,42,1.0,1.0,True
Sauropsida,224,C_terminal_MTase_like,other,42,1,2.380952380952381,3,42,1.0,1.0,True
Sauropsida,225,C_terminal_MTase_like,other,42,0,0.0,3,42,1.0,1.0,True
Sauropsida,226,C_terminal_MTase_like,other,42,5,11.904761904761905,3,42,1.0,1.0,True
Sauropsida,227,C_terminal_MTase_like,other,42,5,11.904761904761905,3,42,1.0,1.0,True
Sauropsida,228,C_terminal_MTase_like,other,42,7,16.666666666666668,3,42,1.0,1.0,True
Sauropsida,229,C_terminal_MTase_like,other,42,0,0.0,3,42,1.0,1.0,True
Sauropsida,230,C_terminal_MTase_like,other,42,7,16.666666666666668,3,42,1.0,1.0,True
Sauropsida,231,C_terminal_MTase_like,other,42,5,11.904761904761905,3,42,1.0,1.0,True
Sauropsida,232,C_terminal_MTase_like,other,42,2,4.761904761904762,3,42,1.0,1.0,True
Sauropsida,233,C_terminal_MTase_like,other,42,6,14.285714285714286,3,42,1.0,1.0,True
Sauropsida,234,C_terminal_MTase_like,other,42,3,7.142857142857143,3,42,1.0,1.0,True
Sauropsida,235,C_terminal_MTase_like,other,42,2,4.761904761904762,3,42,1.0,1.0,True
Sauropsida,236,C_terminal_MTase_like,other,42,0,0.0,3,42,1.0,1.0,True
Sauropsida,237,C_terminal_MTase_like,other,42,2,4.761904761904762,3,42,1.0,1.0,True
Sauropsida,238,C_terminal_MTase_like,other,42,2,4.761904761904762,3,42,1.0,1.0,True
Sauropsida,239,C_terminal_MTase_like,other,42,0,0.0,3,42,1.0,1.0,True
Sauropsida,240,C_terminal_MTase_like,other,42,5,11.904761904761905,3,42,1.0,1.0,True
Sauropsida,241,C_terminal_MTase_like,other,42,4,9.523809523809524,3,42,1.0,1.0,True
Sauropsida,242,C_terminal_MTase_like,other,42,0,0.0,3,42,1.0,1.0,True
Sauropsida,243,C_terminal_MTase_like,other,42,0,0.0,3,42,1.0,1.0,True
Sauropsida,244,C_terminal_MTase_like,other,42,0,0.0,3,42,1.0,1.0,True
Sauropsida,245,C_terminal_MTase_like,other,42,0,0.0,3,42,1.0,1.0,True
Sauropsida,246,C_terminal_MTase_like,other,42,0,0.0,3,42,1.0,1.0,True
Sauropsida,247,C_terminal_MTase_like,other,42,3,7.142857142857143,3,42,1.0,1.0,True
Sauropsida,248,C_terminal_MTase_like,other,42,2,4.761904761904762,3,42,1.0,1.0,True
Sauropsida,249,C_terminal_MTase_like,other,42,5,11.904761904761905,3,42,1.0,1.0,True
Sauropsida,250,C_terminal_MTase_like,other,42,3,7.142857142857143,3,42,1.0,1.0,True
Sauropsida,251,C_terminal_MTase_like,other,42,4,9.523809523809524,3,42,1.0,1.0,True
Sauropsida,252,C_terminal_MTase_like,other,42,1,2.380952380952381,3,42,1.0,1.0,True
Sauropsida,253,C_terminal_MTase_like,other,42,7,16.666666666666668,3,42,1.0,1.0,True
Sauropsida,254,C_terminal_MTase_like,other,42,5,11.904761904761905,3,42,1.0,1.0,True
Sauropsida,255,C_terminal_MTase_like,other,42,1,2.380952380952381,3,42,1.0,1.0,True
Sauropsida,256,C_terminal_MTase_like,other,42,4,9.523809523809524,3,42,1.0,1.0,True
Sauropsida,257,C_terminal_MTase_like,other,42,1,2.380952380952381,3,42,1.0,1.0,True
Sauropsida,258,C_terminal_MTase_like,other,42,1,2.380952380952381,3,42,1.0,1.0,True
Sauropsida,259,C_terminal_MTase_like,other,42,0,0.0,3,42,1.0,1.0,True
Sauropsida,260,C_terminal_MTase_like,other,42,3,7.142857142857143,3,42,1.0,1.0,True
Sauropsida,261,C_terminal_MTase_like,other,42,0,0.0,3,42,1.0,1.0,True
Sauropsida,262,C_terminal_MTase_like,other,42,0,0.0,3,42,1.0,1.0,True
Sauropsida,263,C_terminal_MTase_like,other,42,2,4.761904761904762,3,42,1.0,1.0,True
Sauropsida,264,C_terminal_MTase_like,other,42,8,19.047619047619047,3,42,1.0,1.0,True
Sauropsida,265,C_terminal_MTase_like,other,42,1,2.380952380952381,3,42,1.0,1.0,True
Sauropsida,266,C_terminal_MTase_like,other,42,1,2.380952380952381,3,42,1.0,1.0,True
Sauropsida,267,C_terminal_MTase_like,other,42,0,0.0,3,42,1.0,1.0,True
Sauropsida,268,C_terminal_MTase_like,other,42,2,4.761904761904762,3,42,1.0,1.0,True
Sauropsida,269,C_terminal_MTase_like,other,42,0,0.0,3,42,1.0,1.0,True
Sauropsida,270,C_terminal_MTase_like,other,42,5,11.904761904761905,3,42,1.0,1.0,True
Sauropsida,271,C_terminal_MTase_like,other,42,8,19.047619047619047,3,42,1.0,1.0,True
Sauropsida,272,C_terminal_MTase_like,other,42,1,2.380952380952381,3,42,1.0,1.0,True
Sauropsida,273,C_terminal_MTase_like,other,42,9,21.428571428571427,3,42,1.0,1.0,True
Sauropsida,274,C_terminal_MTase_like,other,42,1,2.380952380952381,3,42,1.0,1.0,True
Sauropsida,278,C_terminal_MTase_like,other,42,4,9.523809523809524,2,32,0.7619047619047619,1.0,False
Sauropsida,279,C_terminal_MTase_like,other,42,1,2.380952380952381,2,32,0.7619047619047619,1.0,False
Sauropsida,280,C_terminal_MTase_like,other,42,0,0.0,3,42,1.0,1.0,True
Sauropsida,281,C_terminal_MTase_like,other,42,0,0.0,3,42,1.0,1.0,True
Sauropsida,282,C_terminal_MTase_like,other,42,0,0.0,3,42,1.0,1.0,True
Sauropsida,283,C_terminal_MTase_like,other,42,3,7.142857142857143,3,42,1.0,1.0,True
Sauropsida,284,C_terminal_MTase_like,other,42,0,0.0,3,42,1.0,1.0,True
Sauropsida,285,C_terminal_MTase_like,other,42,4,9.523809523809524,3,42,1.0,1.0,True
Sauropsida,286,C_terminal_MTase_like,other,42,0,0.0,3,42,1.0,1.0,True
Sauropsida,287,C_terminal_MTase_like,other,42,0,0.0,3,42,1.0,1.0,True
Sauropsida,288,C_terminal_MTase_like,other,42,2,4.761904761904762,3,42,1.0,1.0,True
Sauropsida,289,C_terminal_MTase_like,other,42,0,0.0,3,42,1.0,1.0,True
Sauropsida,290,C_terminal_MTase_like,other,42,0,0.0,3,42,1.0,1.0,True
Sauropsida,291,C_terminal_MTase_like,other,42,2,4.761904761904762,3,42,1.0,1.0,True
Sauropsida,292,C_terminal_MTase_like,other,42,2,4.761904761904762,3,42,1.0,1.0,True
Sauropsida,293,C_terminal_MTase_like,other,42,1,2.380952380952381,3,42,1.0,1.0,True
Sauropsida,294,C_terminal_MTase_like,other,42,4,9.523809523809524,3,42,1.0,1.0,True
Sauropsida,295,C_terminal_MTase_like,other,42,0,0.0,3,42,1.0,1.0,True
Sauropsida,296,C_terminal_MTase_like,other,42,4,9.523809523809524,3,42,1.0,1.0,True
Sauropsida,297,C_terminal_MTase_like,other,42,2,4.761904761904762,3,42,1.0,1.0,True
Sauropsida,298,C_terminal_MTase_like,other,42,0,0.0,3,42,1.0,1.0,True
Sauropsida,299,C_terminal_MTase_like,other,42,1,2.380952380952381,3,42,1.0,1.0,True
Sauropsida,300,C_terminal_MTase_like,other,42,0,0.0,3,42,1.0,1.0,True
Sauropsida,301,C_terminal_MTase_like,other,42,0,0.0,3,42,1.0,1.0,True
Sauropsida,302,C_terminal_MTase_like,other,42,2,4.761904761904762,3,42,1.0,1.0,True
Sauropsida,303,C_terminal_MTase_like,other,42,6,14.285714285714286,3,42,1.0,1.0,True
Sauropsida,304,C_terminal_MTase_like,other,42,5,11.904761904761905,3,41,0.9761904761904762,1.0,True
Sauropsida,305,C_terminal_MTase_like,other,42,2,4.761904761904762,3,41,0.9761904761904762,1.0,True
Sauropsida,306,C_terminal_MTase_like,other,42,2,4.761904761904762,3,41,0.9761904761904762,1.0,True
Sauropsida,307,C_terminal_MTase_like,other,42,3,7.142857142857143,3,41,0.9761904761904762,1.0,True
Sauropsida,308,C_terminal_MTase_like,other,42,8,19.047619047619047,3,41,0.9761904761904762,1.0,True
Sauropsida,309,C_terminal_MTase_like,other,42,6,14.285714285714286,3,41,0.9761904761904762,1.0,True
Sauropsida,310,C_terminal_MTase_like,other,42,5,11.904761904761905,3,41,0.9761904761904762,1.0,True
Sauropsida,311,C_terminal_MTase_like,other,42,3,7.142857142857143,3,41,0.9761904761904762,1.0,True
Sauropsida,312,C_terminal_MTase_like,other,42,7,16.666666666666668,3,41,0.9761904761904762,1.0,True
Sauropsida,313,C_terminal_MTase_like,other,42,7,16.666666666666668,3,41,0.9761904761904762,1.0,True
Sauropsida,314,C_terminal_MTase_like,other,42,8,19.047619047619047,3,41,0.9761904761904762,1.0,True
Sauropsida,315,C_terminal_MTase_like,other,42,9,21.428571428571427,3,41,0.9761904761904762,1.0,True
Sauropsida,316,C_terminal_MTase_like,other,42,7,16.666666666666668,3,41,0.9761904761904762,1.0,True
Sauropsida,317,C_terminal_MTase_like,other,41,4,9.75609756097561,3,41,0.9761904761904762,1.0,True
Sauropsida,318,C_terminal_MTase_like,other,42,3,7.142857142857143,3,41,0.9761904761904762,1.0,True
Sauropsida,319,C_terminal_MTase_like,other,42,1,2.380952380952381,3,41,0.9761904761904762,1.0,True
Sauropsida,320,C_terminal_MTase_like,other,42,2,4.761904761904762,3,41,0.9761904761904762,1.0,True
Sauropsida,321,C_terminal_MTase_like,other,42,3,7.142857142857143,3,41,0.9761904761904762,1.0,True
Sauropsida,322,C_terminal_MTase_like,other,42,2,4.761904761904762,3,41,0.9761904761904762,1.0,True
Sauropsida,323,C_terminal_MTase_like,other,42,3,7.142857142857143,3,41,0.9761904761904762,1.0,True
Sauropsida,324,C_terminal_MTase_like,other,42,1,2.380952380952381,3,41,0.9761904761904762,1.0,True
Sauropsida,325,C_terminal_MTase_like,other,41,0,0.0,3,41,0.9761904761904762,1.0,True
Sauropsida,326,C_terminal_MTase_like,other,41,0,0.0,3,41,0.9761904761904762,1.0,True
Sauropsida,327,C_terminal_MTase_like,other,42,1,2.380952380952381,3,41,0.9761904761904762,1.0,True
Sauropsida,328,C_terminal_MTase_like,other,42,0,0.0,3,41,0.9761904761904762,1.0,True
Sauropsida,329,C_terminal_MTase_like,other,42,1,2.380952380952381,3,41,0.9761904761904762,1.0,True
Sauropsida,330,C_terminal_MTase_like,other,42,1,2.380952380952381,3,41,0.9761904761904762,1.0,True
Sauropsida,331,C_terminal_MTase_like,other,42,4,9.523809523809524,2,0,0.0,,False
Sauropsida,332,C_terminal_MTase_like,other,42,0,0.0,3,41,0.9761904761904762,0.0,False
Sauropsida,334,C_terminal_MTase_like,other,42,2,4.761904761904762,3,40,0.9523809523809524,0.0,False
Sauropsida,335,C_terminal_MTase_like,other,42,2,4.761904761904762,3,40,0.9523809523809524,0.0,False
Sauropsida,336,C_terminal_MTase_like,other,42,1,2.380952380952381,3,40,0.9523809523809524,0.05,False
Sauropsida,337,C_terminal_MTase_like,other,42,6,14.285714285714286,3,40,0.9523809523809524,0.0,False
Sauropsida,338,C_terminal_MTase_like,other,42,3,7.142857142857143,3,40,0.9523809523809524,0.025,False
Sauropsida,339,C_terminal_MTase_like,other,42,9,21.428571428571427,2,0,0.0,,False
Sauropsida,340,C_terminal_MTase_like,other,42,5,11.904761904761905,2,0,0.0,,False
Sauropsida,341,C_terminal_MTase_like,switching_helix,42,5,11.904761904761905,2,0,0.0,,False
Sauropsida,342,C_terminal_MTase_like,switching_helix,42,8,19.047619047619047,2,0,0.0,,False
Sauropsida,343,C_terminal_MTase_like,switching_helix,42,2,4.761904761904762,3,40,0.9523809523809524,1.0,True
Sauropsida,344,C_terminal_MTase_like,switching_helix,42,3,7.142857142857143,3,40,0.9523809523809524,1.0,True
Sauropsida,345,C_terminal_MTase_like,switching_helix,42,8,19.047619047619047,3,40,0.9523809523809524,1.0,True
Sauropsida,346,C_terminal_MTase_like,switching_helix,42,4,9.523809523809524,3,40,0.9523809523809524,1.0,True
Sauropsida,347,C_terminal_MTase_like,switching_helix,41,3,7.317073170731708,3,40,0.9523809523809524,1.0,True
Sauropsida,348,C_terminal_MTase_like,switching_helix,41,1,2.4390243902439024,3,41,0.9761904761904762,0.975609756097561,True
Sauropsida,349,C_terminal_MTase_like,switching_helix,42,6,14.285714285714286,3,41,0.9761904761904762,0.975609756097561,True
Sauropsida,350,C_terminal_MTase_like,switching_helix,42,11,26.19047619047619,3,41,0.9761904761904762,1.0,True
Sauropsida,351,C_terminal_MTase_like,switching_helix,42,2,4.761904761904762,3,41,0.9761904761904762,0.975609756097561,True
Sauropsida,352,C_terminal_MTase_like,switching_helix,42,10,23.80952380952381,2,32,0.7619047619047619,0.9375,False
Sauropsida,353,C_terminal_MTase_like,switching_helix,42,8,19.047619047619047,3,41,0.9761904761904762,0.951219512195122,True
Sauropsida,354,C_terminal_MTase_like,switching_helix,42,9,21.428571428571427,3,42,1.0,0.9285714285714286,True
Sauropsida,355,C_terminal_MTase_like,switching_helix,42,2,4.761904761904762,3,41,0.9761904761904762,0.951219512195122,True
Sauropsida,356,C_terminal_MTase_like,switching_helix_adjacent_loop,42,4,9.523809523809524,3,40,0.9523809523809524,0.975,True
Sauropsida,357,C_terminal_MTase_like,switching_helix_adjacent_loop,42,5,11.904761904761905,3,40,0.9523809523809524,0.975,True
Sauropsida,358,C_terminal_MTase_like,switching_helix_adjacent_loop,42,2,4.761904761904762,3,40,0.9523809523809524,0.975,True
Sauropsida,359,C_terminal_MTase_like,switching_helix_adjacent_loop,42,6,14.285714285714286,3,40,0.9523809523809524,0.975,True
Sauropsida,360,C_terminal_MTase_like,switching_helix_adjacent_loop,42,6,14.285714285714286,3,40,0.9523809523809524,0.975,True
Sauropsida,361,C_terminal_MTase_like,other,42,0,0.0,3,40,0.9523809523809524,1.0,True
Sauropsida,362,C_terminal_MTase_like,other,42,3,7.142857142857143,3,39,0.9285714285714286,1.0,True
Sauropsida,363,C_terminal_MTase_like,other,42,3,7.142857142857143,3,39,0.9285714285714286,1.0,True
Sauropsida,364,C_terminal_MTase_like,other,41,3,7.317073170731708,3,39,0.9285714285714286,1.0,True
Sauropsida,365,C_terminal_MTase_like,other,41,4,9.75609756097561,3,39,0.9285714285714286,1.0,True
Sauropsida,366,C_terminal_MTase_like,other,41,5,12.195121951219512,3,38,0.9047619047619048,1.0,True
Sauropsida,367,C_terminal_MTase_like,other,41,5,12.195121951219512,3,38,0.9047619047619048,1.0,True
Sauropsida,368,C_terminal_MTase_like,other,41,2,4.878048780487805,3,38,0.9047619047619048,1.0,True
Sauropsida,369,C_terminal_MTase_like,other,41,3,7.317073170731708,3,38,0.9047619047619048,1.0,True
Sauropsida,370,C_terminal_MTase_like,other,40,3,7.5,3,38,0.9047619047619048,1.0,True
Sauropsida,371,C_terminal_MTase_like,other,40,2,5.0,3,38,0.9047619047619048,1.0,True
Sauropsida,372,C_terminal_MTase_like,other,40,2,5.0,3,38,0.9047619047619048,1.0,True
Sauropsida,373,C_terminal_MTase_like,other,41,3,7.317073170731708,3,38,0.9047619047619048,1.0,True
Sauropsida,374,C_terminal_MTase_like,other,41,5,12.195121951219512,3,38,0.9047619047619048,1.0,True
Sauropsida,375,C_terminal_MTase_like,other,42,2,4.761904761904762,3,39,0.9285714285714286,0.9743589743589745,True
Sauropsida,376,C_terminal_MTase_like,other,42,3,7.142857142857143,3,40,0.9523809523809524,0.95,True
Sauropsida,377,C_terminal_MTase_like,other,41,2,4.878048780487805,3,40,0.9523809523809524,1.0,True
Sauropsida,378,C_terminal_MTase_like,other,41,4,9.75609756097561,3,40,0.9523809523809524,0.95,True
Sauropsida,379,C_terminal_MTase_like,other,41,2,4.878048780487805,3,41,0.9761904761904762,0.951219512195122,True
Sauropsida,380,C_terminal_MTase_like,other,37,6,16.216216216216218,3,37,0.8809523809523809,0.918918918918919,True
